0 verbose cli C:\Program Files\nodejs\node.exe C:\Program Files\nodejs\node_modules\npm\bin\npm-cli.js
1 info using npm@11.12.1
2 info using node@v24.14.1
3 silly config load:file:C:\Users\Kawinpat\AppData\Roaming\nvm\v24.14.1\node_modules\npm\npmrc
4 silly config load:file:C:\Users\Kawinpat\Documents\Codex\2026-09-04\new-chat\.npmrc
5 silly config load:file:C:\Users\Kawinpat\.npmrc
6 silly config load:file:C:\Program Files\nodejs\etc\npmrc
7 verbose title npm install
8 verbose argv "install" "--cache" ".npm-cache"
9 verbose logfile logs-max:10 dir:C:\Users\Kawinpat\Documents\Codex\2026-09-04\new-chat\.npm-cache\_logs\2026-09-04T10_31_04_522Z-
10 verbose logfile C:\Users\Kawinpat\Documents\Codex\2026-09-04\new-chat\.npm-cache\_logs\2026-09-04T10_31_04_522Z-debug-0.log
11 silly logfile done cleaning log files
12 silly packumentCache heap:4496293888 maxSize:1124073472 maxEntrySize:562036736
13 silly idealTree buildDeps
14 silly fetch manifest nuxt@^4.1.0
15 silly packumentCache full:https://registry.npmjs.org/nuxt cache-miss
16 http fetch GET 200 https://registry.npmjs.org/npm 167ms
17 http fetch GET 200 https://registry.npmjs.org/nuxt 192ms (cache miss)
18 silly packumentCache full:https://registry.npmjs.org/nuxt set size:undefined disposed:false
19 silly fetch manifest @parcel/watcher@^2.1.0
20 silly packumentCache full:https://registry.npmjs.org/@parcel%2fwatcher cache-miss
21 http fetch GET 200 https://registry.npmjs.org/@parcel%2fwatcher 49ms (cache miss)
22 silly packumentCache full:https://registry.npmjs.org/@parcel%2fwatcher set size:undefined disposed:false
23 silly fetch manifest @types/node@>=18.12.0
24 silly packumentCache full:https://registry.npmjs.org/@types%2fnode cache-miss
25 http fetch GET 200 https://registry.npmjs.org/@types%2fnode 298ms (cache miss)
26 silly packumentCache full:https://registry.npmjs.org/@types%2fnode set size:undefined disposed:false
27 silly fetch manifest rolldown@~1.2.1
28 silly packumentCache full:https://registry.npmjs.org/rolldown cache-miss
29 http fetch GET 200 https://registry.npmjs.org/rolldown 114ms (cache miss)
30 silly packumentCache full:https://registry.npmjs.org/rolldown set size:undefined disposed:false
31 silly placeDep ROOT nuxt@4.5.2 OK for:  want: ^4.1.0
32 silly placeDep ROOT rolldown@1.2.7 OK for: nuxt@4.5.2 want: ~1.2.1
33 silly fetch manifest ufo@^1.6.4
34 silly packumentCache full:https://registry.npmjs.org/ufo cache-miss
35 silly fetch manifest vue@^3.5.40
36 silly packumentCache full:https://registry.npmjs.org/vue cache-miss
37 silly fetch manifest defu@^6.1.7
38 silly packumentCache full:https://registry.npmjs.org/defu cache-miss
39 silly fetch manifest errx@^0.1.2
40 silly packumentCache full:https://registry.npmjs.org/errx cache-miss
41 silly fetch manifest jiti@^2.7.0
42 silly packumentCache full:https://registry.npmjs.org/jiti cache-miss
43 http fetch GET 200 https://registry.npmjs.org/defu 84ms (cache miss)
44 silly packumentCache full:https://registry.npmjs.org/defu set size:undefined disposed:false
45 silly fetch manifest mlly@^1.8.2
46 silly packumentCache full:https://registry.npmjs.org/mlly cache-miss
47 http fetch GET 200 https://registry.npmjs.org/jiti 91ms (cache miss)
48 silly packumentCache full:https://registry.npmjs.org/jiti set size:undefined disposed:false
49 silly fetch manifest nypm@^0.6.9
50 silly packumentCache full:https://registry.npmjs.org/nypm cache-miss
51 http fetch GET 200 https://registry.npmjs.org/ufo 274ms (cache miss)
52 silly packumentCache full:https://registry.npmjs.org/ufo set size:undefined disposed:false
53 silly fetch manifest rou3@^0.9.1
54 silly packumentCache full:https://registry.npmjs.org/rou3 cache-miss
55 http fetch GET 200 https://registry.npmjs.org/vue 322ms (cache miss)
56 silly packumentCache full:https://registry.npmjs.org/vue set size:undefined disposed:false
57 silly fetch manifest klona@^2.0.6
58 silly packumentCache full:https://registry.npmjs.org/klona cache-miss
59 http fetch GET 200 https://registry.npmjs.org/mlly 266ms (cache miss)
60 silly packumentCache full:https://registry.npmjs.org/mlly set size:undefined disposed:false
61 silly fetch manifest ohash@^2.0.11
62 silly packumentCache full:https://registry.npmjs.org/ohash cache-miss
63 http fetch GET 200 https://registry.npmjs.org/nypm 265ms (cache miss)
64 silly packumentCache full:https://registry.npmjs.org/nypm set size:undefined disposed:false
65 silly fetch manifest pathe@^2.0.3
66 silly packumentCache full:https://registry.npmjs.org/pathe cache-miss
67 http fetch GET 200 https://registry.npmjs.org/pathe 33ms (cache miss)
68 silly packumentCache full:https://registry.npmjs.org/pathe set size:undefined disposed:false
69 silly fetch manifest scule@^1.3.0
70 silly packumentCache full:https://registry.npmjs.org/scule cache-miss
71 http fetch GET 200 https://registry.npmjs.org/rou3 262ms (cache miss)
72 silly packumentCache full:https://registry.npmjs.org/rou3 set size:undefined disposed:false
73 silly fetch manifest unctx@^3.0.0
74 silly packumentCache full:https://registry.npmjs.org/unctx cache-miss
75 http fetch GET 200 https://registry.npmjs.org/klona 261ms (cache miss)
76 silly packumentCache full:https://registry.npmjs.org/klona set size:undefined disposed:false
77 silly fetch manifest ignore@^7.0.6
78 silly packumentCache full:https://registry.npmjs.org/ignore cache-miss
79 http fetch GET 200 https://registry.npmjs.org/errx 604ms (cache miss)
80 silly packumentCache full:https://registry.npmjs.org/errx set size:undefined disposed:false
81 silly fetch manifest ofetch@^1.5.1
82 silly packumentCache full:https://registry.npmjs.org/ofetch cache-miss
83 http fetch GET 200 https://registry.npmjs.org/ohash 268ms (cache miss)
84 silly packumentCache full:https://registry.npmjs.org/ohash set size:undefined disposed:false
85 silly fetch manifest undici@^8.10.0
86 silly packumentCache full:https://registry.npmjs.org/undici cache-miss
87 http fetch GET 200 https://registry.npmjs.org/ignore 47ms (cache miss)
88 silly packumentCache full:https://registry.npmjs.org/ignore set size:undefined disposed:false
89 silly fetch manifest unhead@^3.3.1
90 silly packumentCache full:https://registry.npmjs.org/unhead cache-miss
91 http fetch GET 200 https://registry.npmjs.org/scule 256ms (cache miss)
92 silly packumentCache full:https://registry.npmjs.org/scule set size:undefined disposed:false
93 silly fetch manifest verkit@^0.3.1
94 silly packumentCache full:https://registry.npmjs.org/verkit cache-miss
95 http fetch GET 200 https://registry.npmjs.org/undici 82ms (cache miss)
96 silly packumentCache full:https://registry.npmjs.org/undici set size:undefined disposed:false
97 silly fetch manifest compatx@^0.2.0
98 silly packumentCache full:https://registry.npmjs.org/compatx cache-miss
99 http fetch GET 200 https://registry.npmjs.org/ofetch 277ms (cache miss)
100 silly packumentCache full:https://registry.npmjs.org/ofetch set size:undefined disposed:false
101 silly fetch manifest consola@^3.4.2
102 silly packumentCache full:https://registry.npmjs.org/consola cache-miss
103 http fetch GET 200 https://registry.npmjs.org/verkit 269ms (cache miss)
104 silly packumentCache full:https://registry.npmjs.org/verkit set size:undefined disposed:false
105 silly fetch manifest devalue@^5.9.0
106 silly packumentCache full:https://registry.npmjs.org/devalue cache-miss
107 http fetch GET 200 https://registry.npmjs.org/unhead 288ms (cache miss)
108 silly packumentCache full:https://registry.npmjs.org/unhead set size:undefined disposed:false
109 silly fetch manifest exsolve@^1.1.1
110 silly packumentCache full:https://registry.npmjs.org/exsolve cache-miss
111 http fetch GET 200 https://registry.npmjs.org/consola 66ms (cache miss)
112 silly packumentCache full:https://registry.npmjs.org/consola set size:undefined disposed:false
113 silly fetch manifest impound@^1.1.6
114 silly packumentCache full:https://registry.npmjs.org/impound cache-miss
115 http fetch GET 200 https://registry.npmjs.org/compatx 257ms (cache miss)
116 silly packumentCache full:https://registry.npmjs.org/compatx set size:undefined disposed:false
117 silly fetch manifest nanotar@^0.3.0
118 silly packumentCache full:https://registry.npmjs.org/nanotar cache-miss
119 http fetch GET 200 https://registry.npmjs.org/exsolve 35ms (cache miss)
120 silly packumentCache full:https://registry.npmjs.org/exsolve set size:undefined disposed:false
121 silly fetch manifest nostics@^1.2.0
122 silly packumentCache full:https://registry.npmjs.org/nostics cache-miss
123 http fetch GET 200 https://registry.npmjs.org/unctx 567ms (cache miss)
124 silly packumentCache full:https://registry.npmjs.org/unctx set size:undefined disposed:false
125 silly fetch manifest std-env@^4.2.0
126 silly packumentCache full:https://registry.npmjs.org/std-env cache-miss
127 http fetch GET 200 https://registry.npmjs.org/std-env 37ms (cache miss)
128 silly packumentCache full:https://registry.npmjs.org/std-env set size:undefined disposed:false
129 silly fetch manifest untyped@^2.0.0
130 silly packumentCache full:https://registry.npmjs.org/untyped cache-miss
131 http fetch GET 200 https://registry.npmjs.org/devalue 255ms (cache miss)
132 silly packumentCache full:https://registry.npmjs.org/devalue set size:undefined disposed:false
133 silly fetch manifest chokidar@^5.0.0
134 silly packumentCache full:https://registry.npmjs.org/chokidar cache-miss
135 http fetch GET 200 https://registry.npmjs.org/impound 260ms (cache miss)
136 silly packumentCache full:https://registry.npmjs.org/impound set size:undefined disposed:false
137 silly fetch manifest fnv1a-64@^0.1.2
138 silly packumentCache full:https://registry.npmjs.org/fnv1a-64 cache-miss
139 http fetch GET 200 https://registry.npmjs.org/chokidar 43ms (cache miss)
140 silly packumentCache full:https://registry.npmjs.org/chokidar set size:undefined disposed:false
141 silly fetch manifest hookable@^6.1.1
142 silly packumentCache full:https://registry.npmjs.org/hookable cache-miss
143 http fetch GET 200 https://registry.npmjs.org/nanotar 401ms (cache miss)
144 silly packumentCache full:https://registry.npmjs.org/nanotar set size:undefined disposed:false
145 silly fetch manifest knitwork@^1.3.0
146 silly packumentCache full:https://registry.npmjs.org/knitwork cache-miss
147 http fetch GET 200 https://registry.npmjs.org/untyped 261ms (cache miss)
148 silly packumentCache full:https://registry.npmjs.org/untyped set size:undefined disposed:false
149 silly fetch manifest uncrypto@^0.1.3
150 silly packumentCache full:https://registry.npmjs.org/uncrypto cache-miss
151 http fetch GET 200 https://registry.npmjs.org/fnv1a-64 255ms (cache miss)
152 silly packumentCache full:https://registry.npmjs.org/fnv1a-64 set size:undefined disposed:false
153 silly fetch manifest unimport@^6.4.0
154 silly packumentCache full:https://registry.npmjs.org/unimport cache-miss
155 http fetch GET 200 https://registry.npmjs.org/hookable 267ms (cache miss)
156 silly packumentCache full:https://registry.npmjs.org/hookable set size:undefined disposed:false
157 silly fetch manifest unplugin@^3.3.0
158 silly packumentCache full:https://registry.npmjs.org/unplugin cache-miss
159 http fetch GET 200 https://registry.npmjs.org/nostics 660ms (cache miss)
160 silly packumentCache full:https://registry.npmjs.org/nostics set size:undefined disposed:false
161 silly fetch manifest @nuxt/cli@^3.37.0
162 silly packumentCache full:https://registry.npmjs.org/@nuxt%2fcli cache-miss
163 http fetch GET 200 https://registry.npmjs.org/knitwork 268ms (cache miss)
164 silly packumentCache full:https://registry.npmjs.org/knitwork set size:undefined disposed:false
165 silly fetch manifest @nuxt/kit@4.5.2
166 silly packumentCache full:https://registry.npmjs.org/@nuxt%2fkit cache-miss
167 http fetch GET 200 https://registry.npmjs.org/uncrypto 257ms (cache miss)
168 silly packumentCache full:https://registry.npmjs.org/uncrypto set size:undefined disposed:false
169 silly fetch manifest cookie-es@^3.1.1
170 silly packumentCache full:https://registry.npmjs.org/cookie-es cache-miss
171 http fetch GET 200 https://registry.npmjs.org/unplugin 269ms (cache miss)
172 silly packumentCache full:https://registry.npmjs.org/unplugin set size:undefined disposed:false
173 silly fetch manifest on-change@^6.0.2
174 silly packumentCache full:https://registry.npmjs.org/on-change cache-miss
175 http fetch GET 200 https://registry.npmjs.org/cookie-es 298ms (cache miss)
176 silly packumentCache full:https://registry.npmjs.org/cookie-es set size:undefined disposed:false
177 silly fetch manifest picomatch@^4.0.5
178 silly packumentCache full:https://registry.npmjs.org/picomatch cache-miss
179 http fetch GET 200 https://registry.npmjs.org/picomatch 43ms (cache miss)
180 silly packumentCache full:https://registry.npmjs.org/picomatch set size:undefined disposed:false
181 silly fetch manifest pkg-types@^2.3.1
182 silly packumentCache full:https://registry.npmjs.org/pkg-types cache-miss
183 http fetch GET 200 https://registry.npmjs.org/on-change 256ms (cache miss)
184 silly packumentCache full:https://registry.npmjs.org/on-change set size:undefined disposed:false
185 silly fetch manifest ultrahtml@^1.7.0
186 silly packumentCache full:https://registry.npmjs.org/ultrahtml cache-miss
187 http fetch GET 200 https://registry.npmjs.org/pkg-types 37ms (cache miss)
188 silly packumentCache full:https://registry.npmjs.org/pkg-types set size:undefined disposed:false
189 silly fetch manifest unrouting@^0.2.2
190 silly packumentCache full:https://registry.npmjs.org/unrouting cache-miss
191 http fetch GET 200 https://registry.npmjs.org/unimport 596ms (cache miss)
192 silly packumentCache full:https://registry.npmjs.org/unimport set size:undefined disposed:false
193 silly fetch manifest @dxup/nuxt@^0.5.6
194 silly packumentCache full:https://registry.npmjs.org/@dxup%2fnuxt cache-miss
195 http fetch GET 200 https://registry.npmjs.org/ultrahtml 264ms (cache miss)
196 silly packumentCache full:https://registry.npmjs.org/ultrahtml set size:undefined disposed:false
197 silly fetch manifest oxc-walker@^1.1.1
198 silly packumentCache full:https://registry.npmjs.org/oxc-walker cache-miss
199 http fetch GET 200 https://registry.npmjs.org/@nuxt%2fkit 704ms (cache miss)
200 silly packumentCache full:https://registry.npmjs.org/@nuxt%2fkit set size:undefined disposed:false
201 silly fetch manifest tinyglobby@^0.2.17
202 silly packumentCache full:https://registry.npmjs.org/tinyglobby cache-miss
203 http fetch GET 200 https://registry.npmjs.org/tinyglobby 34ms (cache miss)
204 silly packumentCache full:https://registry.npmjs.org/tinyglobby set size:undefined disposed:false
205 silly fetch manifest vue-router@^5.2.0
206 silly packumentCache full:https://registry.npmjs.org/vue-router cache-miss
207 http fetch GET 200 https://registry.npmjs.org/unrouting 479ms (cache miss)
208 silly packumentCache full:https://registry.npmjs.org/unrouting set size:undefined disposed:false
209 silly fetch manifest @unhead/vue@^3.3.1
210 silly packumentCache full:https://registry.npmjs.org/@unhead%2fvue cache-miss
211 http fetch GET 200 https://registry.npmjs.org/oxc-walker 282ms (cache miss)
212 silly packumentCache full:https://registry.npmjs.org/oxc-walker set size:undefined disposed:false
213 silly fetch manifest @vue/shared@^3.5.40
214 silly packumentCache full:https://registry.npmjs.org/@vue%2fshared cache-miss
215 http fetch GET 200 https://registry.npmjs.org/@nuxt%2fcli 962ms (cache miss)
216 silly packumentCache full:https://registry.npmjs.org/@nuxt%2fcli set size:undefined disposed:false
217 silly fetch manifest @nuxt/schema@4.5.2
218 silly packumentCache full:https://registry.npmjs.org/@nuxt%2fschema cache-miss
219 http fetch GET 200 https://registry.npmjs.org/vue-router 291ms (cache miss)
220 silly packumentCache full:https://registry.npmjs.org/vue-router set size:undefined disposed:false
221 silly fetch manifest magic-string@^1.1.0
222 silly packumentCache full:https://registry.npmjs.org/magic-string cache-miss
223 http fetch GET 200 https://registry.npmjs.org/magic-string 44ms (cache miss)
224 silly packumentCache full:https://registry.npmjs.org/magic-string set size:undefined disposed:false
225 silly fetch manifest @nuxt/devtools@^3.4.1
226 silly packumentCache full:https://registry.npmjs.org/@nuxt%2fdevtools cache-miss
227 http fetch GET 200 https://registry.npmjs.org/@dxup%2fnuxt 882ms (cache miss)
228 silly packumentCache full:https://registry.npmjs.org/@dxup%2fnuxt set size:undefined disposed:false
229 silly fetch manifest @nuxt/telemetry@^2.8.0
230 silly packumentCache full:https://registry.npmjs.org/@nuxt%2ftelemetry cache-miss
231 http fetch GET 200 https://registry.npmjs.org/@unhead%2fvue 722ms (cache miss)
232 silly packumentCache full:https://registry.npmjs.org/@unhead%2fvue set size:undefined disposed:false
233 silly fetch manifest object-identity@^0.2.3
234 silly packumentCache full:https://registry.npmjs.org/object-identity cache-miss
235 http fetch GET 200 https://registry.npmjs.org/@nuxt%2fschema 706ms (cache miss)
236 silly packumentCache full:https://registry.npmjs.org/@nuxt%2fschema set size:undefined disposed:false
237 silly fetch manifest rolldown-string@^0.3.1
238 silly packumentCache full:https://registry.npmjs.org/rolldown-string cache-miss
239 http fetch GET 200 https://registry.npmjs.org/@nuxt%2fdevtools 730ms (cache miss)
240 silly packumentCache full:https://registry.npmjs.org/@nuxt%2fdevtools set size:undefined disposed:false
241 silly fetch manifest perfect-debounce@^2.1.0
242 silly packumentCache full:https://registry.npmjs.org/perfect-debounce cache-miss
243 http fetch GET 200 https://registry.npmjs.org/perfect-debounce 38ms (cache miss)
244 silly packumentCache full:https://registry.npmjs.org/perfect-debounce set size:undefined disposed:false
245 silly fetch manifest @nuxt/nitro-server@4.5.2
246 silly packumentCache full:https://registry.npmjs.org/@nuxt%2fnitro-server cache-miss
247 http fetch GET 200 https://registry.npmjs.org/object-identity 260ms (cache miss)
248 silly packumentCache full:https://registry.npmjs.org/object-identity set size:undefined disposed:false
249 silly fetch manifest @nuxt/vite-builder@4.5.2
250 silly packumentCache full:https://registry.npmjs.org/@nuxt%2fvite-builder cache-miss
251 http fetch GET 200 https://registry.npmjs.org/rolldown-string 256ms (cache miss)
252 silly packumentCache full:https://registry.npmjs.org/rolldown-string set size:undefined disposed:false
253 silly fetch manifest escape-string-regexp@^5.0.0
254 silly packumentCache full:https://registry.npmjs.org/escape-string-regexp cache-miss
255 http fetch GET 200 https://registry.npmjs.org/escape-string-regexp 43ms (cache miss)
256 silly packumentCache full:https://registry.npmjs.org/escape-string-regexp set size:undefined disposed:false
257 silly fetch manifest vue-component-type-helpers@^3.3.9
258 silly packumentCache full:https://registry.npmjs.org/vue-component-type-helpers cache-miss
259 http fetch GET 200 https://registry.npmjs.org/@vue%2fshared 1104ms (cache miss)
260 silly packumentCache full:https://registry.npmjs.org/@vue%2fshared set size:undefined disposed:false
261 silly fetch manifest @oxc-project/types@=0.148.0
262 silly packumentCache full:https://registry.npmjs.org/@oxc-project%2ftypes cache-miss
263 http fetch GET 200 https://registry.npmjs.org/vue-component-type-helpers 278ms (cache miss)
264 silly packumentCache full:https://registry.npmjs.org/vue-component-type-helpers set size:undefined disposed:false
265 silly fetch manifest @rolldown/pluginutils@^1.0.0
266 silly packumentCache full:https://registry.npmjs.org/@rolldown%2fpluginutils cache-miss
267 http fetch GET 200 https://registry.npmjs.org/@oxc-project%2ftypes 271ms (cache miss)
268 silly packumentCache full:https://registry.npmjs.org/@oxc-project%2ftypes set size:undefined disposed:false
269 silly fetch manifest @rolldown/binding-darwin-x64@1.2.7
270 silly packumentCache full:https://registry.npmjs.org/@rolldown%2fbinding-darwin-x64 cache-miss
271 http fetch GET 200 https://registry.npmjs.org/@rolldown%2fpluginutils 87ms (cache miss)
272 silly packumentCache full:https://registry.npmjs.org/@rolldown%2fpluginutils set size:undefined disposed:false
273 silly fetch manifest @rolldown/binding-freebsd-x64@1.2.7
274 silly packumentCache full:https://registry.npmjs.org/@rolldown%2fbinding-freebsd-x64 cache-miss
275 http fetch GET 200 https://registry.npmjs.org/@nuxt%2ftelemetry 1115ms (cache miss)
276 silly packumentCache full:https://registry.npmjs.org/@nuxt%2ftelemetry set size:undefined disposed:false
277 silly fetch manifest @rolldown/binding-darwin-arm64@1.2.7
278 silly packumentCache full:https://registry.npmjs.org/@rolldown%2fbinding-darwin-arm64 cache-miss
279 http fetch GET 200 https://registry.npmjs.org/@nuxt%2fnitro-server 699ms (cache miss)
280 silly packumentCache full:https://registry.npmjs.org/@nuxt%2fnitro-server set size:undefined disposed:false
281 silly fetch manifest @rolldown/binding-android-arm64@1.2.7
282 silly packumentCache full:https://registry.npmjs.org/@rolldown%2fbinding-android-arm64 cache-miss
283 http fetch GET 200 https://registry.npmjs.org/@rolldown%2fbinding-darwin-arm64 341ms (cache miss)
284 silly packumentCache full:https://registry.npmjs.org/@rolldown%2fbinding-darwin-arm64 set size:undefined disposed:false
285 silly fetch manifest @rolldown/binding-linux-x64-gnu@1.2.7
286 silly packumentCache full:https://registry.npmjs.org/@rolldown%2fbinding-linux-x64-gnu cache-miss
287 http fetch GET 200 https://registry.npmjs.org/@rolldown%2fbinding-android-arm64 243ms (cache miss)
288 silly packumentCache full:https://registry.npmjs.org/@rolldown%2fbinding-android-arm64 set size:undefined disposed:false
289 silly fetch manifest @rolldown/binding-linux-x64-musl@1.2.7
290 silly packumentCache full:https://registry.npmjs.org/@rolldown%2fbinding-linux-x64-musl cache-miss
291 http fetch GET 200 https://registry.npmjs.org/@rolldown%2fbinding-freebsd-x64 519ms (cache miss)
292 silly packumentCache full:https://registry.npmjs.org/@rolldown%2fbinding-freebsd-x64 set size:undefined disposed:false
293 silly fetch manifest @rolldown/binding-win32-x64-msvc@1.2.7
294 silly packumentCache full:https://registry.npmjs.org/@rolldown%2fbinding-win32-x64-msvc cache-miss
295 http fetch GET 200 https://registry.npmjs.org/@nuxt%2fvite-builder 1009ms (cache miss)
296 silly packumentCache full:https://registry.npmjs.org/@nuxt%2fvite-builder set size:undefined disposed:false
297 silly fetch manifest @rolldown/binding-linux-arm64-gnu@1.2.7
298 silly packumentCache full:https://registry.npmjs.org/@rolldown%2fbinding-linux-arm64-gnu cache-miss
299 http fetch GET 200 https://registry.npmjs.org/@rolldown%2fbinding-darwin-x64 631ms (cache miss)
300 silly packumentCache full:https://registry.npmjs.org/@rolldown%2fbinding-darwin-x64 set size:undefined disposed:false
301 silly fetch manifest @rolldown/binding-linux-ppc64-gnu@1.2.7
302 silly packumentCache full:https://registry.npmjs.org/@rolldown%2fbinding-linux-ppc64-gnu cache-miss
303 http fetch GET 200 https://registry.npmjs.org/@rolldown%2fbinding-win32-x64-msvc 120ms (cache miss)
304 silly packumentCache full:https://registry.npmjs.org/@rolldown%2fbinding-win32-x64-msvc set size:undefined disposed:false
305 silly fetch manifest @rolldown/binding-linux-s390x-gnu@1.2.7
306 silly packumentCache full:https://registry.npmjs.org/@rolldown%2fbinding-linux-s390x-gnu cache-miss
307 http fetch GET 200 https://registry.npmjs.org/@rolldown%2fbinding-linux-x64-gnu 283ms (cache miss)
308 silly packumentCache full:https://registry.npmjs.org/@rolldown%2fbinding-linux-x64-gnu set size:undefined disposed:false
309 silly fetch manifest @rolldown/binding-android-arm-eabi@1.2.7
310 silly packumentCache full:https://registry.npmjs.org/@rolldown%2fbinding-android-arm-eabi cache-miss
311 http fetch GET 200 https://registry.npmjs.org/@rolldown%2fbinding-linux-x64-musl 303ms (cache miss)
312 silly packumentCache full:https://registry.npmjs.org/@rolldown%2fbinding-linux-x64-musl set size:undefined disposed:false
313 silly fetch manifest @rolldown/binding-linux-arm64-musl@1.2.7
314 silly packumentCache full:https://registry.npmjs.org/@rolldown%2fbinding-linux-arm64-musl cache-miss
315 http fetch GET 200 https://registry.npmjs.org/@rolldown%2fbinding-linux-arm64-gnu 309ms (cache miss)
316 silly packumentCache full:https://registry.npmjs.org/@rolldown%2fbinding-linux-arm64-gnu set size:undefined disposed:false
317 silly fetch manifest @rolldown/binding-win32-arm64-msvc@1.2.7
318 silly packumentCache full:https://registry.npmjs.org/@rolldown%2fbinding-win32-arm64-msvc cache-miss
319 http fetch GET 200 https://registry.npmjs.org/@rolldown%2fbinding-linux-ppc64-gnu 259ms (cache miss)
320 silly packumentCache full:https://registry.npmjs.org/@rolldown%2fbinding-linux-ppc64-gnu set size:undefined disposed:false
321 silly fetch manifest @rolldown/binding-openharmony-arm64@1.2.7
322 silly packumentCache full:https://registry.npmjs.org/@rolldown%2fbinding-openharmony-arm64 cache-miss
323 http fetch GET 200 https://registry.npmjs.org/@rolldown%2fbinding-linux-arm64-musl 104ms (cache miss)
324 silly packumentCache full:https://registry.npmjs.org/@rolldown%2fbinding-linux-arm64-musl set size:undefined disposed:false
325 silly fetch manifest @rolldown/binding-linux-arm-gnueabihf@1.2.7
326 silly packumentCache full:https://registry.npmjs.org/@rolldown%2fbinding-linux-arm-gnueabihf cache-miss
327 http fetch GET 200 https://registry.npmjs.org/@rolldown%2fbinding-linux-s390x-gnu 503ms (cache miss)
328 silly packumentCache full:https://registry.npmjs.org/@rolldown%2fbinding-linux-s390x-gnu set size:undefined disposed:false
329 http fetch GET 200 https://registry.npmjs.org/@rolldown%2fbinding-win32-arm64-msvc 319ms (cache miss)
330 silly packumentCache full:https://registry.npmjs.org/@rolldown%2fbinding-win32-arm64-msvc set size:undefined disposed:false
331 http fetch GET 200 https://registry.npmjs.org/@rolldown%2fbinding-openharmony-arm64 465ms (cache miss)
332 silly packumentCache full:https://registry.npmjs.org/@rolldown%2fbinding-openharmony-arm64 set size:undefined disposed:false
333 http fetch GET 200 https://registry.npmjs.org/@rolldown%2fbinding-android-arm-eabi 641ms (cache miss)
334 silly packumentCache full:https://registry.npmjs.org/@rolldown%2fbinding-android-arm-eabi set size:undefined disposed:false
335 http fetch GET 200 https://registry.npmjs.org/@rolldown%2fbinding-linux-arm-gnueabihf 569ms (cache miss)
336 silly packumentCache full:https://registry.npmjs.org/@rolldown%2fbinding-linux-arm-gnueabihf set size:undefined disposed:false
337 silly fetch manifest typescript@*
338 silly packumentCache full:https://registry.npmjs.org/typescript cache-miss
339 http fetch GET 200 https://registry.npmjs.org/typescript 624ms (cache miss)
340 silly packumentCache full:https://registry.npmjs.org/typescript set size:undefined disposed:false
341 silly fetch manifest oxc-parser@>=0.140.0
342 silly packumentCache full:https://registry.npmjs.org/oxc-parser cache-miss
343 http fetch GET 200 https://registry.npmjs.org/oxc-parser 57ms (cache miss)
344 silly packumentCache full:https://registry.npmjs.org/oxc-parser set size:undefined disposed:false
345 silly fetch manifest @farmfe/core@*
346 silly packumentCache full:https://registry.npmjs.org/@farmfe%2fcore cache-miss
347 http fetch GET 200 https://registry.npmjs.org/@farmfe%2fcore 968ms (cache miss)
348 silly packumentCache full:https://registry.npmjs.org/@farmfe%2fcore set size:undefined disposed:false
349 silly fetch manifest @rspack/core@*
350 silly packumentCache full:https://registry.npmjs.org/@rspack%2fcore cache-miss
351 http fetch GET 200 https://registry.npmjs.org/@rspack%2fcore 413ms (cache miss)
352 silly packumentCache full:https://registry.npmjs.org/@rspack%2fcore set size:undefined disposed:false
353 silly fetch manifest @module-federation/runtime-tools@^0.24.1 || ^2.0.0
354 silly packumentCache full:https://registry.npmjs.org/@module-federation%2fruntime-tools cache-miss
355 http fetch GET 200 https://registry.npmjs.org/@module-federation%2fruntime-tools 860ms (cache miss)
356 silly packumentCache full:https://registry.npmjs.org/@module-federation%2fruntime-tools set size:undefined disposed:false
357 silly fetch manifest @swc/helpers@^0.5.23
358 silly packumentCache full:https://registry.npmjs.org/@swc%2fhelpers cache-miss
359 http fetch GET 200 https://registry.npmjs.org/@swc%2fhelpers 286ms (cache miss)
360 silly packumentCache full:https://registry.npmjs.org/@swc%2fhelpers set size:undefined disposed:false
361 silly fetch manifest bun-types-no-globals@*
362 silly packumentCache full:https://registry.npmjs.org/bun-types-no-globals cache-miss
363 http fetch GET 200 https://registry.npmjs.org/bun-types-no-globals 415ms (cache miss)
364 silly packumentCache full:https://registry.npmjs.org/bun-types-no-globals set size:undefined disposed:false
365 silly fetch manifest esbuild@*
366 silly packumentCache full:https://registry.npmjs.org/esbuild cache-miss
367 http fetch GET 200 https://registry.npmjs.org/esbuild 156ms (cache miss)
368 silly packumentCache full:https://registry.npmjs.org/esbuild set size:undefined disposed:false
369 silly fetch manifest rollup@*
370 silly packumentCache full:https://registry.npmjs.org/rollup cache-miss
371 http fetch GET 200 https://registry.npmjs.org/rollup 174ms (cache miss)
372 silly packumentCache full:https://registry.npmjs.org/rollup set size:undefined disposed:false
373 silly fetch manifest unloader@*
374 silly packumentCache full:https://registry.npmjs.org/unloader cache-miss
375 http fetch GET 200 https://registry.npmjs.org/unloader 583ms (cache miss)
376 silly packumentCache full:https://registry.npmjs.org/unloader set size:undefined disposed:false
377 silly fetch manifest vite@*
378 silly packumentCache full:https://registry.npmjs.org/vite cache-miss
379 http fetch GET 200 https://registry.npmjs.org/vite 1819ms (cache miss)
380 silly packumentCache full:https://registry.npmjs.org/vite set size:undefined disposed:false
381 silly fetch manifest @vitejs/devtools@^0.4.0 || ^0.5.0
382 silly packumentCache full:https://registry.npmjs.org/@vitejs%2fdevtools cache-miss
383 http fetch GET 200 https://registry.npmjs.org/@vitejs%2fdevtools 72ms (cache miss)
384 silly packumentCache full:https://registry.npmjs.org/@vitejs%2fdevtools set size:undefined disposed:false
385 silly fetch manifest @vitejs/devtools-oxc@^0.5.2
386 silly packumentCache full:https://registry.npmjs.org/@vitejs%2fdevtools-oxc cache-miss
387 http fetch GET 200 https://registry.npmjs.org/@vitejs%2fdevtools-oxc 248ms (cache miss)
388 silly packumentCache full:https://registry.npmjs.org/@vitejs%2fdevtools-oxc set size:undefined disposed:false
389 silly fetch manifest @vitejs/devtools-rolldown@^0.5.2
390 silly packumentCache full:https://registry.npmjs.org/@vitejs%2fdevtools-rolldown cache-miss
391 http fetch GET 200 https://registry.npmjs.org/@vitejs%2fdevtools-rolldown 297ms (cache miss)
392 silly packumentCache full:https://registry.npmjs.org/@vitejs%2fdevtools-rolldown set size:undefined disposed:false
393 silly fetch manifest @vitejs/devtools-vite@^0.5.2
394 silly packumentCache full:https://registry.npmjs.org/@vitejs%2fdevtools-vite cache-miss
395 http fetch GET 200 https://registry.npmjs.org/@vitejs%2fdevtools-vite 279ms (cache miss)
396 silly packumentCache full:https://registry.npmjs.org/@vitejs%2fdevtools-vite set size:undefined disposed:false
397 silly fetch manifest @vitejs/devtools-vitest@^0.5.2
398 silly packumentCache full:https://registry.npmjs.org/@vitejs%2fdevtools-vitest cache-miss
399 http fetch GET 200 https://registry.npmjs.org/@vitejs%2fdevtools-vitest 262ms (cache miss)
400 silly packumentCache full:https://registry.npmjs.org/@vitejs%2fdevtools-vitest set size:undefined disposed:false
401 silly fetch manifest vitest@*
402 silly packumentCache full:https://registry.npmjs.org/vitest cache-miss
403 http fetch GET 200 https://registry.npmjs.org/vitest 108ms (cache miss)
404 silly packumentCache full:https://registry.npmjs.org/vitest set size:undefined disposed:false
405 silly fetch manifest @edge-runtime/vm@*
406 silly packumentCache full:https://registry.npmjs.org/@edge-runtime%2fvm cache-miss
407 http fetch GET 200 https://registry.npmjs.org/@edge-runtime%2fvm 279ms (cache miss)
408 silly packumentCache full:https://registry.npmjs.org/@edge-runtime%2fvm set size:undefined disposed:false
409 silly fetch manifest @opentelemetry/api@^1.9.0
410 silly packumentCache full:https://registry.npmjs.org/@opentelemetry%2fapi cache-miss
411 http fetch GET 200 https://registry.npmjs.org/@opentelemetry%2fapi 489ms (cache miss)
412 silly packumentCache full:https://registry.npmjs.org/@opentelemetry%2fapi set size:undefined disposed:false
413 silly fetch manifest @vitest/browser-playwright@5.0.0
414 silly packumentCache full:https://registry.npmjs.org/@vitest%2fbrowser-playwright cache-miss
415 http fetch GET 200 https://registry.npmjs.org/@vitest%2fbrowser-playwright 276ms (cache miss)
416 silly packumentCache full:https://registry.npmjs.org/@vitest%2fbrowser-playwright set size:undefined disposed:false
417 silly fetch manifest playwright@*
418 silly packumentCache full:https://registry.npmjs.org/playwright cache-miss
419 http fetch GET 200 https://registry.npmjs.org/playwright 510ms (cache miss)
420 silly packumentCache full:https://registry.npmjs.org/playwright set size:undefined disposed:false
421 silly fetch manifest @vitest/browser-preview@5.0.0
422 silly packumentCache full:https://registry.npmjs.org/@vitest%2fbrowser-preview cache-miss
423 http fetch GET 200 https://registry.npmjs.org/@vitest%2fbrowser-preview 268ms (cache miss)
424 silly packumentCache full:https://registry.npmjs.org/@vitest%2fbrowser-preview set size:undefined disposed:false
425 silly fetch manifest @vitest/browser-webdriverio@^5.0.0-beta.5 || >=5.0.0
426 silly packumentCache full:https://registry.npmjs.org/@vitest%2fbrowser-webdriverio cache-miss
427 http fetch GET 200 https://registry.npmjs.org/@vitest%2fbrowser-webdriverio 256ms (cache miss)
428 silly packumentCache full:https://registry.npmjs.org/@vitest%2fbrowser-webdriverio set size:undefined disposed:false
429 silly fetch manifest webdriverio@*
430 silly packumentCache full:https://registry.npmjs.org/webdriverio cache-miss
431 http fetch GET 200 https://registry.npmjs.org/webdriverio 109ms (cache miss)
432 silly packumentCache full:https://registry.npmjs.org/webdriverio set size:undefined disposed:false
433 silly fetch manifest puppeteer-core@>=22.x <=24.x
434 silly packumentCache full:https://registry.npmjs.org/puppeteer-core cache-miss
435 http fetch GET 200 https://registry.npmjs.org/puppeteer-core 78ms (cache miss)
436 silly packumentCache full:https://registry.npmjs.org/puppeteer-core set size:undefined disposed:false
437 silly fetch manifest @vitest/coverage-istanbul@5.0.0
438 silly packumentCache full:https://registry.npmjs.org/@vitest%2fcoverage-istanbul cache-miss
439 http fetch GET 200 https://registry.npmjs.org/@vitest%2fcoverage-istanbul 486ms (cache miss)
440 silly packumentCache full:https://registry.npmjs.org/@vitest%2fcoverage-istanbul set size:undefined disposed:false
441 silly fetch manifest @vitest/coverage-v8@5.0.0
442 silly packumentCache full:https://registry.npmjs.org/@vitest%2fcoverage-v8 cache-miss
443 http fetch GET 200 https://registry.npmjs.org/@vitest%2fcoverage-v8 293ms (cache miss)
444 silly packumentCache full:https://registry.npmjs.org/@vitest%2fcoverage-v8 set size:undefined disposed:false
445 silly fetch manifest @vitest/browser@5.0.0
446 silly packumentCache full:https://registry.npmjs.org/@vitest%2fbrowser cache-miss
447 http fetch GET 200 https://registry.npmjs.org/@vitest%2fbrowser 89ms (cache miss)
448 silly packumentCache full:https://registry.npmjs.org/@vitest%2fbrowser set size:undefined disposed:false
449 silly fetch manifest @vitest/ui@5.0.0
450 silly packumentCache full:https://registry.npmjs.org/@vitest%2fui cache-miss
451 http fetch GET 200 https://registry.npmjs.org/@vitest%2fui 106ms (cache miss)
452 silly packumentCache full:https://registry.npmjs.org/@vitest%2fui set size:undefined disposed:false
453 silly fetch manifest happy-dom@*
454 silly packumentCache full:https://registry.npmjs.org/happy-dom cache-miss
455 http fetch GET 200 https://registry.npmjs.org/happy-dom 121ms (cache miss)
456 silly packumentCache full:https://registry.npmjs.org/happy-dom set size:undefined disposed:false
457 silly fetch manifest jsdom@*
458 silly packumentCache full:https://registry.npmjs.org/jsdom cache-miss
459 http fetch GET 200 https://registry.npmjs.org/jsdom 77ms (cache miss)
460 silly packumentCache full:https://registry.npmjs.org/jsdom set size:undefined disposed:false
461 silly fetch manifest canvas@^3.0.0
462 silly packumentCache full:https://registry.npmjs.org/canvas cache-miss
463 http fetch GET 200 https://registry.npmjs.org/canvas 56ms (cache miss)
464 silly packumentCache full:https://registry.npmjs.org/canvas set size:undefined disposed:false
465 silly fetch manifest less@^4.0.0
466 silly packumentCache full:https://registry.npmjs.org/less cache-miss
467 http fetch GET 200 https://registry.npmjs.org/less 52ms (cache miss)
468 silly packumentCache full:https://registry.npmjs.org/less set size:undefined disposed:false
469 silly fetch manifest sass@^1.70.0
470 silly packumentCache full:https://registry.npmjs.org/sass cache-miss
471 http fetch GET 200 https://registry.npmjs.org/sass 67ms (cache miss)
472 silly packumentCache full:https://registry.npmjs.org/sass set size:undefined disposed:false
473 silly fetch manifest sass-embedded@^1.70.0
474 silly packumentCache full:https://registry.npmjs.org/sass-embedded cache-miss
475 http fetch GET 200 https://registry.npmjs.org/sass-embedded 266ms (cache miss)
476 silly packumentCache full:https://registry.npmjs.org/sass-embedded set size:undefined disposed:false
477 silly fetch manifest stylus@>=0.54.8
478 silly packumentCache full:https://registry.npmjs.org/stylus cache-miss
479 http fetch GET 200 https://registry.npmjs.org/stylus 45ms (cache miss)
480 silly packumentCache full:https://registry.npmjs.org/stylus set size:undefined disposed:false
481 silly fetch manifest sugarss@^5.0.0
482 silly packumentCache full:https://registry.npmjs.org/sugarss cache-miss
483 http fetch GET 200 https://registry.npmjs.org/sugarss 47ms (cache miss)
484 silly packumentCache full:https://registry.npmjs.org/sugarss set size:undefined disposed:false
485 silly fetch manifest postcss@^8.3.3
486 silly packumentCache full:https://registry.npmjs.org/postcss cache-miss
487 http fetch GET 200 https://registry.npmjs.org/postcss 60ms (cache miss)
488 silly packumentCache full:https://registry.npmjs.org/postcss set size:undefined disposed:false
489 silly fetch manifest terser@^5.16.0
490 silly packumentCache full:https://registry.npmjs.org/terser cache-miss
491 http fetch GET 200 https://registry.npmjs.org/terser 57ms (cache miss)
492 silly packumentCache full:https://registry.npmjs.org/terser set size:undefined disposed:false
493 silly fetch manifest tsx@^4.8.1
494 silly packumentCache full:https://registry.npmjs.org/tsx cache-miss
495 http fetch GET 200 https://registry.npmjs.org/tsx 45ms (cache miss)
496 silly packumentCache full:https://registry.npmjs.org/tsx set size:undefined disposed:false
497 silly fetch manifest yaml@^2.4.2
498 silly packumentCache full:https://registry.npmjs.org/yaml cache-miss
499 http fetch GET 200 https://registry.npmjs.org/yaml 53ms (cache miss)
500 silly packumentCache full:https://registry.npmjs.org/yaml set size:undefined disposed:false
501 silly fetch manifest webpack@*
502 silly packumentCache full:https://registry.npmjs.org/webpack cache-miss
503 http fetch GET 200 https://registry.npmjs.org/webpack 128ms (cache miss)
504 silly packumentCache full:https://registry.npmjs.org/webpack set size:undefined disposed:false
505 silly fetch manifest vite@>=6.4.2
506 silly packumentCache full:https://registry.npmjs.org/vite cache-miss
507 http cache https://registry.npmjs.org/vite 79ms (cache hit)
508 silly packumentCache full:https://registry.npmjs.org/vite set size:38933730 disposed:false
509 silly fetch manifest esbuild@^0.27.0 || ^0.28.0
510 silly packumentCache full:https://registry.npmjs.org/esbuild cache-miss
511 http cache https://registry.npmjs.org/esbuild 8ms (cache hit)
512 silly packumentCache full:https://registry.npmjs.org/esbuild set size:1264676 disposed:false
513 silly fetch manifest oxc-parser@*
514 silly packumentCache full:https://registry.npmjs.org/oxc-parser cache-miss
515 http cache https://registry.npmjs.org/oxc-parser 6ms (cache hit)
516 silly packumentCache full:https://registry.npmjs.org/oxc-parser set size:614643 disposed:false
517 silly fetch manifest @oxc-project/types@>=0.98.0
518 silly packumentCache full:https://registry.npmjs.org/@oxc-project%2ftypes cache-miss
519 http cache https://registry.npmjs.org/@oxc-project%2ftypes 4ms (cache hit)
520 silly packumentCache full:https://registry.npmjs.org/@oxc-project%2ftypes set size:253335 disposed:false
521 silly fetch manifest oxc-parser@>=0.98.0
522 silly packumentCache full:https://registry.npmjs.org/oxc-parser cache-hit
523 silly fetch manifest @pinia/colada@>=0.21.2
524 silly packumentCache full:https://registry.npmjs.org/@pinia%2fcolada cache-miss
525 http fetch GET 200 https://registry.npmjs.org/@pinia%2fcolada 730ms (cache miss)
526 silly packumentCache full:https://registry.npmjs.org/@pinia%2fcolada set size:undefined disposed:false
527 silly fetch manifest pinia@^2.2.6 || ^3.0.0 || ^4.0.2
528 silly packumentCache full:https://registry.npmjs.org/pinia cache-miss
529 http fetch GET 200 https://registry.npmjs.org/pinia 266ms (cache miss)
530 silly packumentCache full:https://registry.npmjs.org/pinia set size:undefined disposed:false
531 silly fetch manifest @vue/devtools-api@^8.1.5
532 silly packumentCache full:https://registry.npmjs.org/@vue%2fdevtools-api cache-miss
533 http fetch GET 200 https://registry.npmjs.org/@vue%2fdevtools-api 700ms (cache miss)
534 silly packumentCache full:https://registry.npmjs.org/@vue%2fdevtools-api set size:undefined disposed:false
535 silly fetch manifest typescript@>=5.6.0
536 silly packumentCache full:https://registry.npmjs.org/typescript cache-miss
537 http cache https://registry.npmjs.org/typescript 31ms (cache hit)
538 silly packumentCache full:https://registry.npmjs.org/typescript set size:15635352 disposed:false
539 silly fetch manifest @vue/compiler-sfc@^3.5.34 || ^4.0.0
540 silly packumentCache full:https://registry.npmjs.org/@vue%2fcompiler-sfc cache-miss
541 http fetch GET 200 https://registry.npmjs.org/@vue%2fcompiler-sfc 790ms (cache miss)
542 silly packumentCache full:https://registry.npmjs.org/@vue%2fcompiler-sfc set size:undefined disposed:false
543 silly fetch manifest vite@^7.3.0 || ^8.0.0
544 silly packumentCache full:https://registry.npmjs.org/vite cache-miss
545 http cache https://registry.npmjs.org/vite 68ms (cache hit)
546 silly packumentCache full:https://registry.npmjs.org/vite set size:38933730 disposed:false
547 silly fetch manifest webpack@>=5.0.0
548 silly packumentCache full:https://registry.npmjs.org/webpack cache-miss
549 http cache https://registry.npmjs.org/webpack 13ms (cache hit)
550 silly packumentCache full:https://registry.npmjs.org/webpack set size:5175310 disposed:false
551 silly fetch manifest @vitejs/devtools@*
552 silly packumentCache full:https://registry.npmjs.org/@vitejs%2fdevtools cache-miss
553 http cache https://registry.npmjs.org/@vitejs%2fdevtools 31ms (cache hit)
554 silly packumentCache full:https://registry.npmjs.org/@vitejs%2fdevtools set size:314596 disposed:false
555 silly fetch manifest @vitejs/devtools-oxc@^0.7.2
556 silly packumentCache full:https://registry.npmjs.org/@vitejs%2fdevtools-oxc cache-miss
557 http cache https://registry.npmjs.org/@vitejs%2fdevtools-oxc 4ms (cache hit)
558 silly packumentCache full:https://registry.npmjs.org/@vitejs%2fdevtools-oxc set size:68259 disposed:false
559 silly fetch manifest @vitejs/devtools-rolldown@^0.7.2
560 silly packumentCache full:https://registry.npmjs.org/@vitejs%2fdevtools-rolldown cache-miss
561 http cache https://registry.npmjs.org/@vitejs%2fdevtools-rolldown 4ms (cache hit)
562 silly packumentCache full:https://registry.npmjs.org/@vitejs%2fdevtools-rolldown set size:226145 disposed:false
563 silly fetch manifest @vitejs/devtools-vite@^0.7.2
564 silly packumentCache full:https://registry.npmjs.org/@vitejs%2fdevtools-vite cache-miss
565 http cache https://registry.npmjs.org/@vitejs%2fdevtools-vite 4ms (cache hit)
566 silly packumentCache full:https://registry.npmjs.org/@vitejs%2fdevtools-vite set size:154997 disposed:false
567 silly fetch manifest @types/node@^20.19.0 || >=22.12.0
568 silly packumentCache full:https://registry.npmjs.org/@types%2fnode cache-miss
569 http cache https://registry.npmjs.org/@types%2fnode 22ms (cache hit)
570 silly packumentCache full:https://registry.npmjs.org/@types%2fnode set size:11100097 disposed:false
571 silly fetch manifest jiti@>=1.21.0
572 silly packumentCache full:https://registry.npmjs.org/jiti cache-miss
573 http cache https://registry.npmjs.org/jiti 5ms (cache hit)
574 silly packumentCache full:https://registry.npmjs.org/jiti set size:387989 disposed:false
575 silly fetch manifest postcss@^8.5.26
576 silly packumentCache full:https://registry.npmjs.org/postcss cache-miss
577 http cache https://registry.npmjs.org/postcss 4ms (cache hit)
578 silly packumentCache full:https://registry.npmjs.org/postcss set size:766699 disposed:false
579 silly fetch manifest @babel/plugin-proposal-decorators@^7.25.0 || ^8.0.0
580 silly packumentCache full:https://registry.npmjs.org/@babel%2fplugin-proposal-decorators cache-miss
581 http fetch GET 200 https://registry.npmjs.org/@babel%2fplugin-proposal-decorators 56ms (cache miss)
582 silly packumentCache full:https://registry.npmjs.org/@babel%2fplugin-proposal-decorators set size:undefined disposed:false
583 silly fetch manifest @babel/core@^8.0.0
584 silly packumentCache full:https://registry.npmjs.org/@babel%2fcore cache-miss
585 http fetch GET 200 https://registry.npmjs.org/@babel%2fcore 295ms (cache miss)
586 silly packumentCache full:https://registry.npmjs.org/@babel%2fcore set size:undefined disposed:false
587 silly fetch manifest @babel/plugin-syntax-typescript@^7.25.0 || ^8.0.0
588 silly packumentCache full:https://registry.npmjs.org/@babel%2fplugin-syntax-typescript cache-miss
589 http fetch GET 200 https://registry.npmjs.org/@babel%2fplugin-syntax-typescript 53ms (cache miss)
590 silly packumentCache full:https://registry.npmjs.org/@babel%2fplugin-syntax-typescript set size:undefined disposed:false
591 silly fetch manifest @rollup/plugin-babel@^6.0.0 || ^7.0.0
592 silly packumentCache full:https://registry.npmjs.org/@rollup%2fplugin-babel cache-miss
593 http fetch GET 200 https://registry.npmjs.org/@rollup%2fplugin-babel 690ms (cache miss)
594 silly packumentCache full:https://registry.npmjs.org/@rollup%2fplugin-babel set size:undefined disposed:false
595 silly fetch manifest @babel/core@^7.0.0
596 silly packumentCache full:https://registry.npmjs.org/@babel%2fcore cache-miss
597 http cache https://registry.npmjs.org/@babel%2fcore 5ms (cache hit)
598 silly packumentCache full:https://registry.npmjs.org/@babel%2fcore set size:788273 disposed:false
599 silly fetch manifest @types/babel__core@^7.1.9
600 silly packumentCache full:https://registry.npmjs.org/@types%2fbabel__core cache-miss
601 http fetch GET 200 https://registry.npmjs.org/@types%2fbabel__core 507ms (cache miss)
602 silly packumentCache full:https://registry.npmjs.org/@types%2fbabel__core set size:undefined disposed:false
603 silly fetch manifest rollup@^2.0.0||^3.0.0||^4.0.0
604 silly packumentCache full:https://registry.npmjs.org/rollup cache-miss
605 http cache https://registry.npmjs.org/rollup 18ms (cache hit)
606 silly packumentCache full:https://registry.npmjs.org/rollup set size:6315915 disposed:false
607 silly fetch manifest nuxt@^4.5.2
608 silly packumentCache full:https://registry.npmjs.org/nuxt cache-miss
609 http cache https://registry.npmjs.org/nuxt 16ms (cache hit)
610 silly packumentCache full:https://registry.npmjs.org/nuxt set size:1602905 disposed:false
611 silly fetch manifest @babel/plugin-syntax-jsx@^7.25.0 || ^8.0.0
612 silly packumentCache full:https://registry.npmjs.org/@babel%2fplugin-syntax-jsx cache-miss
613 http fetch GET 200 https://registry.npmjs.org/@babel%2fplugin-syntax-jsx 47ms (cache miss)
614 silly packumentCache full:https://registry.npmjs.org/@babel%2fplugin-syntax-jsx set size:undefined disposed:false
615 silly fetch manifest nuxt@4.5.2
616 silly packumentCache full:https://registry.npmjs.org/nuxt cache-miss
617 http cache https://registry.npmjs.org/nuxt 8ms (cache hit)
618 silly packumentCache full:https://registry.npmjs.org/nuxt set size:1602905 disposed:false
619 silly fetch manifest rollup-plugin-visualizer@^6.0.0 || ^7.0.1
620 silly packumentCache full:https://registry.npmjs.org/rollup-plugin-visualizer cache-miss
621 http fetch GET 200 https://registry.npmjs.org/rollup-plugin-visualizer 274ms (cache miss)
622 silly packumentCache full:https://registry.npmjs.org/rollup-plugin-visualizer set size:undefined disposed:false
623 silly fetch manifest rollup@2.x || 3.x || 4.x
624 silly packumentCache full:https://registry.npmjs.org/rollup cache-miss
625 http cache https://registry.npmjs.org/rollup 16ms (cache hit)
626 silly packumentCache full:https://registry.npmjs.org/rollup set size:6315915 disposed:false
627 silly placeDep ROOT @dxup/nuxt@0.5.10 OK for: nuxt@4.5.2 want: ^0.5.6
628 silly placeDep ROOT @nuxt/cli@3.37.0 OK for: nuxt@4.5.2 want: ^3.37.0
629 silly placeDep ROOT @nuxt/devtools@3.4.2 OK for: nuxt@4.5.2 want: ^3.4.1
630 silly placeDep ROOT vite@8.2.2 OK for: @nuxt/devtools@3.4.2 want: >=6.0
631 silly placeDep ROOT @nuxt/kit@4.5.2 OK for: nuxt@4.5.2 want: 4.5.2
632 silly placeDep ROOT @nuxt/nitro-server@4.5.2 OK for: nuxt@4.5.2 want: 4.5.2
633 silly placeDep ROOT @nuxt/schema@4.5.2 OK for: nuxt@4.5.2 want: 4.5.2
634 silly placeDep ROOT @nuxt/telemetry@2.9.1 OK for: nuxt@4.5.2 want: ^2.8.0
635 silly placeDep ROOT @nuxt/vite-builder@4.5.2 OK for: nuxt@4.5.2 want: 4.5.2
636 silly placeDep ROOT vue@3.5.42 OK for: @nuxt/vite-builder@4.5.2 want: ^3.3.4
637 silly placeDep ROOT @unhead/vue@3.4.0 OK for: nuxt@4.5.2 want: ^3.3.1
638 silly placeDep ROOT @vue/shared@3.5.42 OK for: nuxt@4.5.2 want: ^3.5.40
639 silly placeDep ROOT chokidar@5.0.0 OK for: nuxt@4.5.2 want: ^5.0.0
640 silly placeDep ROOT compatx@0.2.0 OK for: nuxt@4.5.2 want: ^0.2.0
641 silly placeDep ROOT consola@3.4.2 OK for: nuxt@4.5.2 want: ^3.4.2
642 silly placeDep ROOT cookie-es@3.1.1 OK for: nuxt@4.5.2 want: ^3.1.1
643 silly placeDep ROOT defu@6.1.7 OK for: nuxt@4.5.2 want: ^6.1.7
644 silly placeDep ROOT devalue@5.9.2 OK for: nuxt@4.5.2 want: ^5.9.0
645 silly placeDep ROOT errx@0.1.2 OK for: nuxt@4.5.2 want: ^0.1.2
646 silly placeDep ROOT escape-string-regexp@5.0.0 OK for: nuxt@4.5.2 want: ^5.0.0
647 silly placeDep ROOT exsolve@1.1.1 OK for: nuxt@4.5.2 want: ^1.1.1
648 silly placeDep ROOT fnv1a-64@0.1.2 OK for: nuxt@4.5.2 want: ^0.1.2
649 silly placeDep ROOT hookable@6.1.1 OK for: nuxt@4.5.2 want: ^6.1.1
650 silly placeDep ROOT ignore@7.0.8 OK for: nuxt@4.5.2 want: ^7.0.6
651 silly placeDep ROOT impound@1.2.0 OK for: nuxt@4.5.2 want: ^1.1.6
652 silly placeDep ROOT jiti@2.7.0 OK for: nuxt@4.5.2 want: ^2.7.0
653 silly placeDep ROOT klona@2.0.6 OK for: nuxt@4.5.2 want: ^2.0.6
654 silly placeDep ROOT knitwork@1.3.0 OK for: nuxt@4.5.2 want: ^1.3.0
655 silly placeDep ROOT magic-string@1.2.3 OK for: nuxt@4.5.2 want: ^1.1.0
656 silly placeDep ROOT mlly@1.8.2 OK for: nuxt@4.5.2 want: ^1.8.2
657 silly placeDep ROOT nanotar@0.3.0 OK for: nuxt@4.5.2 want: ^0.3.0
658 silly placeDep ROOT nostics@1.2.0 OK for: nuxt@4.5.2 want: ^1.2.0
659 silly placeDep ROOT nypm@0.6.9 OK for: nuxt@4.5.2 want: ^0.6.9
660 silly placeDep ROOT object-identity@0.2.3 OK for: nuxt@4.5.2 want: ^0.2.3
661 silly placeDep ROOT ofetch@1.5.1 OK for: nuxt@4.5.2 want: ^1.5.1
662 silly placeDep ROOT ohash@2.0.12 OK for: nuxt@4.5.2 want: ^2.0.11
663 silly placeDep ROOT on-change@6.0.2 OK for: nuxt@4.5.2 want: ^6.0.2
664 silly placeDep ROOT oxc-walker@1.1.1 OK for: nuxt@4.5.2 want: ^1.1.1
665 silly placeDep ROOT pathe@2.0.3 OK for: nuxt@4.5.2 want: ^2.0.3
666 silly placeDep ROOT perfect-debounce@2.1.0 OK for: nuxt@4.5.2 want: ^2.1.0
667 silly placeDep ROOT picomatch@4.0.7 OK for: nuxt@4.5.2 want: ^4.0.5
668 silly placeDep ROOT pkg-types@2.3.2 OK for: nuxt@4.5.2 want: ^2.3.1
669 silly placeDep ROOT rolldown-string@0.3.1 OK for: nuxt@4.5.2 want: ^0.3.1
670 silly placeDep ROOT rou3@0.9.2 OK for: nuxt@4.5.2 want: ^0.9.1
671 silly placeDep ROOT scule@1.3.0 OK for: nuxt@4.5.2 want: ^1.3.0
672 silly placeDep ROOT std-env@4.2.0 OK for: nuxt@4.5.2 want: ^4.2.0
673 silly placeDep ROOT tinyglobby@0.2.17 OK for: nuxt@4.5.2 want: ^0.2.17
674 silly placeDep ROOT ufo@1.6.4 OK for: nuxt@4.5.2 want: ^1.6.4
675 silly placeDep ROOT ultrahtml@1.7.0 OK for: nuxt@4.5.2 want: ^1.7.0
676 silly placeDep ROOT uncrypto@0.1.3 OK for: nuxt@4.5.2 want: ^0.1.3
677 silly placeDep ROOT unctx@3.0.1 OK for: nuxt@4.5.2 want: ^3.0.0
678 silly placeDep ROOT undici@8.10.1 OK for: nuxt@4.5.2 want: ^8.10.0
679 silly placeDep ROOT unhead@3.4.0 OK for: nuxt@4.5.2 want: ^3.3.1
680 silly placeDep ROOT unimport@6.4.0 OK for: nuxt@4.5.2 want: ^6.4.0
681 silly placeDep ROOT unplugin@3.3.0 OK for: nuxt@4.5.2 want: ^3.3.0
682 silly placeDep ROOT unrouting@0.2.3 OK for: nuxt@4.5.2 want: ^0.2.2
683 silly placeDep ROOT untyped@2.0.0 OK for: nuxt@4.5.2 want: ^2.0.0
684 silly placeDep ROOT verkit@0.3.2 OK for: nuxt@4.5.2 want: ^0.3.1
685 silly placeDep ROOT vue-component-type-helpers@3.3.11 OK for: nuxt@4.5.2 want: ^3.3.9
686 silly placeDep ROOT vue-router@5.3.1 OK for: nuxt@4.5.2 want: ^5.2.0
687 silly fetch manifest @nuxt/kit@^4.5.2
688 silly packumentCache full:https://registry.npmjs.org/@nuxt%2fkit cache-miss
689 silly fetch manifest magic-string@^1.2.2
690 silly packumentCache full:https://registry.npmjs.org/magic-string cache-miss
691 silly fetch manifest @dxup/unimport@^0.1.2
692 silly packumentCache full:https://registry.npmjs.org/@dxup%2funimport cache-miss
693 silly fetch manifest @vue/compiler-dom@^3.5.41
694 silly packumentCache full:https://registry.npmjs.org/@vue%2fcompiler-dom cache-miss
695 silly fetch manifest c12@^3.3.4
696 silly packumentCache full:https://registry.npmjs.org/c12 cache-miss
697 http cache https://registry.npmjs.org/magic-string 8ms (cache hit)
698 silly packumentCache full:https://registry.npmjs.org/magic-string set size:352504 disposed:false
699 silly fetch manifest fzf@^0.5.2
700 silly packumentCache full:https://registry.npmjs.org/fzf cache-miss
701 http cache https://registry.npmjs.org/@nuxt%2fkit 12ms (cache hit)
702 silly packumentCache full:https://registry.npmjs.org/@nuxt%2fkit set size:402804 disposed:false
703 silly fetch manifest nypm@^0.6.8
704 silly packumentCache full:https://registry.npmjs.org/nypm cache-miss
705 http cache https://registry.npmjs.org/nypm 5ms (cache hit)
706 silly packumentCache full:https://registry.npmjs.org/nypm set size:86489 disposed:false
707 silly fetch manifest srvx@^0.11.22
708 silly packumentCache full:https://registry.npmjs.org/srvx cache-miss
709 http fetch GET 200 https://registry.npmjs.org/c12 49ms (cache miss)
710 silly packumentCache full:https://registry.npmjs.org/c12 set size:undefined disposed:false
711 silly fetch manifest citty@^0.2.2
712 silly packumentCache full:https://registry.npmjs.org/citty cache-miss
713 http fetch GET 200 https://registry.npmjs.org/srvx 288ms (cache miss)
714 silly packumentCache full:https://registry.npmjs.org/srvx set size:undefined disposed:false
715 silly fetch manifest debug@^4.4.3
716 silly packumentCache full:https://registry.npmjs.org/debug cache-miss
717 http fetch GET 200 https://registry.npmjs.org/citty 270ms (cache miss)
718 silly packumentCache full:https://registry.npmjs.org/citty set size:undefined disposed:false
719 silly fetch manifest giget@^3.3.0
720 silly packumentCache full:https://registry.npmjs.org/giget cache-miss
721 http fetch GET 200 https://registry.npmjs.org/debug 58ms (cache miss)
722 silly packumentCache full:https://registry.npmjs.org/debug set size:undefined disposed:false
723 silly fetch manifest youch@^4.1.1
724 silly packumentCache full:https://registry.npmjs.org/youch cache-miss
725 http fetch GET 200 https://registry.npmjs.org/youch 50ms (cache miss)
726 silly packumentCache full:https://registry.npmjs.org/youch set size:undefined disposed:false
727 silly fetch manifest semver@^7.8.5
728 silly packumentCache full:https://registry.npmjs.org/semver cache-miss
729 http fetch GET 200 https://registry.npmjs.org/semver 56ms (cache miss)
730 silly packumentCache full:https://registry.npmjs.org/semver set size:undefined disposed:false
731 silly fetch manifest confbox@^0.2.4
732 silly packumentCache full:https://registry.npmjs.org/confbox cache-miss
733 http fetch GET 200 https://registry.npmjs.org/giget 290ms (cache miss)
734 silly packumentCache full:https://registry.npmjs.org/giget set size:undefined disposed:false
735 silly fetch manifest exsolve@^1.1.0
736 silly packumentCache full:https://registry.npmjs.org/exsolve cache-miss
737 http fetch GET 200 https://registry.npmjs.org/fzf 608ms (cache miss)
738 silly packumentCache full:https://registry.npmjs.org/fzf set size:undefined disposed:false
739 silly fetch manifest fuse.js@^7.4.2
740 silly packumentCache full:https://registry.npmjs.org/fuse.js cache-miss
741 http cache https://registry.npmjs.org/exsolve 10ms (cache hit)
742 silly packumentCache full:https://registry.npmjs.org/exsolve set size:60813 disposed:false
743 silly fetch manifest listhen@^1.10.0
744 silly packumentCache full:https://registry.npmjs.org/listhen cache-miss
745 http fetch GET 200 https://registry.npmjs.org/fuse.js 57ms (cache miss)
746 silly packumentCache full:https://registry.npmjs.org/fuse.js set size:undefined disposed:false
747 silly fetch manifest tinyclip@^0.1.15
748 silly packumentCache full:https://registry.npmjs.org/tinyclip cache-miss
749 http fetch GET 200 https://registry.npmjs.org/@vue%2fcompiler-dom 724ms (cache miss)
750 silly packumentCache full:https://registry.npmjs.org/@vue%2fcompiler-dom set size:undefined disposed:false
751 silly fetch manifest tinyexec@^1.2.4
752 silly packumentCache full:https://registry.npmjs.org/tinyexec cache-miss
753 http fetch GET 200 https://registry.npmjs.org/confbox 254ms (cache miss)
754 silly packumentCache full:https://registry.npmjs.org/confbox set size:undefined disposed:false
755 silly fetch manifest @bomb.sh/tab@^0.0.19
756 silly packumentCache full:https://registry.npmjs.org/@bomb.sh%2ftab cache-miss
757 http fetch GET 200 https://registry.npmjs.org/tinyexec 32ms (cache miss)
758 silly packumentCache full:https://registry.npmjs.org/tinyexec set size:undefined disposed:false
759 silly fetch manifest @clack/prompts@^1.7.0
760 silly packumentCache full:https://registry.npmjs.org/@clack%2fprompts cache-miss
761 http fetch GET 200 https://registry.npmjs.org/@clack%2fprompts 60ms (cache miss)
762 silly packumentCache full:https://registry.npmjs.org/@clack%2fprompts set size:undefined disposed:false
763 silly fetch manifest ws@^8.21.1
764 silly packumentCache full:https://registry.npmjs.org/ws cache-miss
765 http fetch GET 200 https://registry.npmjs.org/ws 52ms (cache miss)
766 silly packumentCache full:https://registry.npmjs.org/ws set size:undefined disposed:false
767 silly fetch manifest sirv@^3.0.2
768 silly packumentCache full:https://registry.npmjs.org/sirv cache-miss
769 http fetch GET 200 https://registry.npmjs.org/sirv 40ms (cache miss)
770 silly packumentCache full:https://registry.npmjs.org/sirv set size:undefined disposed:false
771 silly fetch manifest birpc@^4.0.0
772 silly packumentCache full:https://registry.npmjs.org/birpc cache-miss
773 http fetch GET 200 https://registry.npmjs.org/listhen 299ms (cache miss)
774 silly packumentCache full:https://registry.npmjs.org/listhen set size:undefined disposed:false
775 silly fetch manifest destr@^2.0.5
776 silly packumentCache full:https://registry.npmjs.org/destr cache-miss
777 http fetch GET 200 https://registry.npmjs.org/tinyclip 258ms (cache miss)
778 silly packumentCache full:https://registry.npmjs.org/tinyclip set size:undefined disposed:false
779 silly fetch manifest execa@^8.0.1
780 silly packumentCache full:https://registry.npmjs.org/execa cache-miss
781 http fetch GET 200 https://registry.npmjs.org/@dxup%2funimport 940ms (cache miss)
782 silly packumentCache full:https://registry.npmjs.org/@dxup%2funimport set size:undefined disposed:false
783 silly fetch manifest which@^6.0.1
784 silly packumentCache full:https://registry.npmjs.org/which cache-miss
785 http fetch GET 200 https://registry.npmjs.org/destr 41ms (cache miss)
786 silly packumentCache full:https://registry.npmjs.org/destr set size:undefined disposed:false
787 silly fetch manifest magicast@^0.5.4
788 silly packumentCache full:https://registry.npmjs.org/magicast cache-miss
789 http fetch GET 200 https://registry.npmjs.org/which 35ms (cache miss)
790 silly packumentCache full:https://registry.npmjs.org/which set size:undefined disposed:false
791 silly fetch manifest @nuxt/kit@^4.5.1
792 silly packumentCache full:https://registry.npmjs.org/@nuxt%2fkit cache-hit
793 silly fetch manifest local-pkg@^1.2.1
794 silly packumentCache full:https://registry.npmjs.org/local-pkg cache-miss
795 http fetch GET 200 https://registry.npmjs.org/execa 49ms (cache miss)
796 silly packumentCache full:https://registry.npmjs.org/execa set size:undefined disposed:false
797 silly fetch manifest unstorage@^1.17.5
798 silly packumentCache full:https://registry.npmjs.org/unstorage cache-miss
799 http fetch GET 200 https://registry.npmjs.org/magicast 46ms (cache miss)
800 silly packumentCache full:https://registry.npmjs.org/magicast set size:undefined disposed:false
801 silly fetch manifest image-meta@^0.2.2
802 silly packumentCache full:https://registry.npmjs.org/image-meta cache-miss
803 http fetch GET 200 https://registry.npmjs.org/birpc 263ms (cache miss)
804 silly packumentCache full:https://registry.npmjs.org/birpc set size:undefined disposed:false
805 silly fetch manifest simple-git@^3.36.0
806 silly packumentCache full:https://registry.npmjs.org/simple-git cache-miss
807 http fetch GET 200 https://registry.npmjs.org/local-pkg 255ms (cache miss)
808 silly packumentCache full:https://registry.npmjs.org/local-pkg set size:undefined disposed:false
809 silly fetch manifest fast-npm-meta@^2.2.0
810 silly packumentCache full:https://registry.npmjs.org/fast-npm-meta cache-miss
811 http fetch GET 200 https://registry.npmjs.org/unstorage 283ms (cache miss)
812 silly packumentCache full:https://registry.npmjs.org/unstorage set size:undefined disposed:false
813 silly fetch manifest launch-editor@^2.14.1
814 silly packumentCache full:https://registry.npmjs.org/launch-editor cache-miss
815 http fetch GET 200 https://registry.npmjs.org/image-meta 288ms (cache miss)
816 silly packumentCache full:https://registry.npmjs.org/image-meta set size:undefined disposed:false
817 silly fetch manifest get-port-please@^3.2.0
818 silly packumentCache full:https://registry.npmjs.org/get-port-please cache-miss
819 http fetch GET 200 https://registry.npmjs.org/launch-editor 39ms (cache miss)
820 silly packumentCache full:https://registry.npmjs.org/launch-editor set size:undefined disposed:false
821 silly fetch manifest @vue/devtools-kit@^8.2.1
822 silly packumentCache full:https://registry.npmjs.org/@vue%2fdevtools-kit cache-miss
823 http fetch GET 200 https://registry.npmjs.org/get-port-please 68ms (cache miss)
824 silly packumentCache full:https://registry.npmjs.org/get-port-please set size:undefined disposed:false
825 silly fetch manifest @nuxt/devtools-kit@3.4.2
826 silly packumentCache full:https://registry.npmjs.org/@nuxt%2fdevtools-kit cache-miss
827 http fetch GET 200 https://registry.npmjs.org/@bomb.sh%2ftab 682ms (cache miss)
828 silly packumentCache full:https://registry.npmjs.org/@bomb.sh%2ftab set size:undefined disposed:false
829 silly fetch manifest @vue/devtools-core@^8.2.1
830 silly packumentCache full:https://registry.npmjs.org/@vue%2fdevtools-core cache-miss
831 http fetch GET 200 https://registry.npmjs.org/simple-git 282ms (cache miss)
832 silly packumentCache full:https://registry.npmjs.org/simple-git set size:undefined disposed:false
833 silly fetch manifest structured-clone-es@^2.0.1
834 silly packumentCache full:https://registry.npmjs.org/structured-clone-es cache-miss
835 http fetch GET 200 https://registry.npmjs.org/fast-npm-meta 256ms (cache miss)
836 silly packumentCache full:https://registry.npmjs.org/fast-npm-meta set size:undefined disposed:false
837 silly fetch manifest vite-plugin-inspect@^11.4.1
838 silly packumentCache full:https://registry.npmjs.org/vite-plugin-inspect cache-miss
839 http fetch GET 200 https://registry.npmjs.org/structured-clone-es 251ms (cache miss)
840 silly packumentCache full:https://registry.npmjs.org/structured-clone-es set size:undefined disposed:false
841 silly fetch manifest @nuxt/devtools-wizard@3.4.2
842 silly packumentCache full:https://registry.npmjs.org/@nuxt%2fdevtools-wizard cache-miss
843 http fetch GET 200 https://registry.npmjs.org/vite-plugin-inspect 265ms (cache miss)
844 silly packumentCache full:https://registry.npmjs.org/vite-plugin-inspect set size:undefined disposed:false
845 silly fetch manifest error-stack-parser-es@^2.0.1
846 silly packumentCache full:https://registry.npmjs.org/error-stack-parser-es cache-miss
847 http fetch GET 200 https://registry.npmjs.org/error-stack-parser-es 30ms (cache miss)
848 silly packumentCache full:https://registry.npmjs.org/error-stack-parser-es set size:undefined disposed:false
849 silly fetch manifest is-installed-globally@^1.0.0
850 silly packumentCache full:https://registry.npmjs.org/is-installed-globally cache-miss
851 http fetch GET 200 https://registry.npmjs.org/@vue%2fdevtools-kit 680ms (cache miss)
852 silly packumentCache full:https://registry.npmjs.org/@vue%2fdevtools-kit set size:undefined disposed:false
853 silly fetch manifest vite-plugin-vue-tracer@^1.4.0
854 silly packumentCache full:https://registry.npmjs.org/vite-plugin-vue-tracer cache-miss
855 http fetch GET 200 https://registry.npmjs.org/is-installed-globally 257ms (cache miss)
856 silly packumentCache full:https://registry.npmjs.org/is-installed-globally set size:undefined disposed:false
857 silly fetch manifest lightningcss@^1.33.0
858 silly packumentCache full:https://registry.npmjs.org/lightningcss cache-miss
859 http fetch GET 200 https://registry.npmjs.org/lightningcss 37ms (cache miss)
860 silly packumentCache full:https://registry.npmjs.org/lightningcss set size:undefined disposed:false
861 silly fetch manifest fsevents@~2.3.3
862 silly packumentCache full:https://registry.npmjs.org/fsevents cache-miss
863 http fetch GET 200 https://registry.npmjs.org/fsevents 48ms (cache miss)
864 silly packumentCache full:https://registry.npmjs.org/fsevents set size:undefined disposed:false
865 silly fetch manifest rc9@^3.0.1
866 silly packumentCache full:https://registry.npmjs.org/rc9 cache-miss
867 http fetch GET 200 https://registry.npmjs.org/rc9 36ms (cache miss)
868 silly packumentCache full:https://registry.npmjs.org/rc9 set size:undefined disposed:false
869 silly fetch manifest h3@^1.15.11
870 silly packumentCache full:https://registry.npmjs.org/h3 cache-miss
871 http fetch GET 200 https://registry.npmjs.org/vite-plugin-vue-tracer 251ms (cache miss)
872 silly packumentCache full:https://registry.npmjs.org/vite-plugin-vue-tracer set size:undefined disposed:false
873 silly fetch manifest nitropack@^2.13.4
874 silly packumentCache full:https://registry.npmjs.org/nitropack cache-miss
875 http fetch GET 200 https://registry.npmjs.org/@vue%2fdevtools-core 949ms (cache miss)
876 silly packumentCache full:https://registry.npmjs.org/@vue%2fdevtools-core set size:undefined disposed:false
877 silly fetch manifest @nuxt/devalue@^2.0.2
878 silly packumentCache full:https://registry.npmjs.org/@nuxt%2fdevalue cache-miss
879 http fetch GET 200 https://registry.npmjs.org/h3 270ms (cache miss)
880 silly packumentCache full:https://registry.npmjs.org/h3 set size:undefined disposed:false
881 silly fetch manifest mocked-exports@^0.1.1
882 silly packumentCache full:https://registry.npmjs.org/mocked-exports cache-miss
883 http fetch GET 200 https://registry.npmjs.org/nitropack 271ms (cache miss)
884 silly packumentCache full:https://registry.npmjs.org/nitropack set size:undefined disposed:false
885 silly fetch manifest vue-devtools-stub@^0.1.0
886 silly packumentCache full:https://registry.npmjs.org/vue-devtools-stub cache-miss
887 http fetch GET 200 https://registry.npmjs.org/@nuxt%2fdevtools-wizard 863ms (cache miss)
888 silly packumentCache full:https://registry.npmjs.org/@nuxt%2fdevtools-wizard set size:undefined disposed:false
889 silly fetch manifest vue-bundle-renderer@^2.3.1
890 silly packumentCache full:https://registry.npmjs.org/vue-bundle-renderer cache-miss
891 http fetch GET 200 https://registry.npmjs.org/@nuxt%2fdevtools-kit 1325ms (cache miss)
892 silly packumentCache full:https://registry.npmjs.org/@nuxt%2fdevtools-kit set size:undefined disposed:false
893 silly fetch manifest unenv@^2.0.0-rc.24
894 silly packumentCache full:https://registry.npmjs.org/unenv cache-miss
895 http fetch GET 200 https://registry.npmjs.org/mocked-exports 256ms (cache miss)
896 silly packumentCache full:https://registry.npmjs.org/mocked-exports set size:undefined disposed:false
897 silly fetch manifest cssnano@^8.0.2
898 silly packumentCache full:https://registry.npmjs.org/cssnano cache-miss
899 http fetch GET 200 https://registry.npmjs.org/unenv 45ms (cache miss)
900 silly packumentCache full:https://registry.npmjs.org/unenv set size:undefined disposed:false
901 silly fetch manifest postcss@^8.5.25
902 silly packumentCache full:https://registry.npmjs.org/postcss cache-hit
903 silly fetch manifest seroval@^1.6.2
904 silly packumentCache full:https://registry.npmjs.org/seroval cache-miss
905 http fetch GET 200 https://registry.npmjs.org/vue-devtools-stub 262ms (cache miss)
906 silly packumentCache full:https://registry.npmjs.org/vue-devtools-stub set size:undefined disposed:false
907 silly fetch manifest js-tokens@^10.0.0
908 silly packumentCache full:https://registry.npmjs.org/js-tokens cache-miss
909 http fetch GET 200 https://registry.npmjs.org/js-tokens 52ms (cache miss)
910 silly packumentCache full:https://registry.npmjs.org/js-tokens set size:undefined disposed:false
911 silly fetch manifest vite-node@^6.0.0
912 silly packumentCache full:https://registry.npmjs.org/vite-node cache-miss
913 http fetch GET 200 https://registry.npmjs.org/vue-bundle-renderer 270ms (cache miss)
914 silly packumentCache full:https://registry.npmjs.org/vue-bundle-renderer set size:undefined disposed:false
915 silly fetch manifest autoprefixer@^10.5.4
916 silly packumentCache full:https://registry.npmjs.org/autoprefixer cache-miss
917 http fetch GET 200 https://registry.npmjs.org/vite-node 86ms (cache miss)
918 silly packumentCache full:https://registry.npmjs.org/vite-node set size:undefined disposed:false
919 silly fetch manifest generic-names@^4.0.0
920 silly packumentCache full:https://registry.npmjs.org/generic-names cache-miss
921 http fetch GET 200 https://registry.npmjs.org/autoprefixer 98ms (cache miss)
922 silly packumentCache full:https://registry.npmjs.org/autoprefixer set size:undefined disposed:false
923 silly fetch manifest @vitejs/plugin-vue@^6.0.8
924 silly packumentCache full:https://registry.npmjs.org/@vitejs%2fplugin-vue cache-miss
925 http fetch GET 200 https://registry.npmjs.org/cssnano 270ms (cache miss)
926 silly packumentCache full:https://registry.npmjs.org/cssnano set size:undefined disposed:false
927 silly fetch manifest vite-plugin-checker@^0.14.5
928 silly packumentCache full:https://registry.npmjs.org/vite-plugin-checker cache-miss
929 http fetch GET 200 https://registry.npmjs.org/seroval 269ms (cache miss)
930 silly packumentCache full:https://registry.npmjs.org/seroval set size:undefined disposed:false
931 silly fetch manifest @vitejs/plugin-vue-jsx@^5.1.6
932 silly packumentCache full:https://registry.npmjs.org/@vitejs%2fplugin-vue-jsx cache-miss
933 http fetch GET 200 https://registry.npmjs.org/@nuxt%2fdevalue 672ms (cache miss)
934 silly packumentCache full:https://registry.npmjs.org/@nuxt%2fdevalue set size:undefined disposed:false
935 silly fetch manifest @vue/shared@3.5.42
936 silly packumentCache full:https://registry.npmjs.org/@vue%2fshared cache-miss
937 http cache https://registry.npmjs.org/@vue%2fshared 5ms (cache hit)
938 silly packumentCache full:https://registry.npmjs.org/@vue%2fshared set size:742110 disposed:false
939 silly fetch manifest @vue/runtime-dom@3.5.42
940 silly packumentCache full:https://registry.npmjs.org/@vue%2fruntime-dom cache-miss
941 http fetch GET 200 https://registry.npmjs.org/generic-names 254ms (cache miss)
942 silly packumentCache full:https://registry.npmjs.org/generic-names set size:undefined disposed:false
943 silly fetch manifest @vue/compiler-dom@3.5.42
944 silly packumentCache full:https://registry.npmjs.org/@vue%2fcompiler-dom cache-miss
945 http cache https://registry.npmjs.org/@vue%2fcompiler-dom 5ms (cache hit)
946 silly packumentCache full:https://registry.npmjs.org/@vue%2fcompiler-dom set size:876500 disposed:false
947 silly fetch manifest @vue/compiler-sfc@3.5.42
948 silly packumentCache full:https://registry.npmjs.org/@vue%2fcompiler-sfc cache-miss
949 http cache https://registry.npmjs.org/@vue%2fcompiler-sfc 5ms (cache hit)
950 silly packumentCache full:https://registry.npmjs.org/@vue%2fcompiler-sfc set size:1025710 disposed:false
951 silly fetch manifest @vue/server-renderer@3.5.42
952 silly packumentCache full:https://registry.npmjs.org/@vue%2fserver-renderer cache-miss
953 http fetch GET 200 https://registry.npmjs.org/vite-plugin-checker 266ms (cache miss)
954 silly packumentCache full:https://registry.npmjs.org/vite-plugin-checker set size:undefined disposed:false
955 silly fetch manifest unhead@3.4.0
956 silly packumentCache full:https://registry.npmjs.org/unhead cache-miss
957 http cache https://registry.npmjs.org/unhead 6ms (cache hit)
958 silly packumentCache full:https://registry.npmjs.org/unhead set size:860746 disposed:false
959 silly fetch manifest @unhead/bundler@3.4.0
960 silly packumentCache full:https://registry.npmjs.org/@unhead%2fbundler cache-miss
961 http fetch GET 200 https://registry.npmjs.org/@vitejs%2fplugin-vue 622ms (cache miss)
962 silly packumentCache full:https://registry.npmjs.org/@vitejs%2fplugin-vue set size:undefined disposed:false
963 silly fetch manifest readdirp@^5.0.0
964 silly packumentCache full:https://registry.npmjs.org/readdirp cache-miss
965 http fetch GET 200 https://registry.npmjs.org/readdirp 46ms (cache miss)
966 silly packumentCache full:https://registry.npmjs.org/readdirp set size:undefined disposed:false
967 silly fetch manifest unplugin@^3.0.0
968 silly packumentCache full:https://registry.npmjs.org/unplugin cache-miss
969 http cache https://registry.npmjs.org/unplugin 5ms (cache hit)
970 silly packumentCache full:https://registry.npmjs.org/unplugin set size:411824 disposed:false
971 silly fetch manifest unplugin-utils@^0.3.1
972 silly packumentCache full:https://registry.npmjs.org/unplugin-utils cache-miss
973 http fetch GET 200 https://registry.npmjs.org/@vue%2fruntime-dom 691ms (cache miss)
974 silly packumentCache full:https://registry.npmjs.org/@vue%2fruntime-dom set size:undefined disposed:false
975 silly fetch manifest es-module-lexer@^2.0.0
976 silly packumentCache full:https://registry.npmjs.org/es-module-lexer cache-miss
977 http fetch GET 200 https://registry.npmjs.org/@vitejs%2fplugin-vue-jsx 740ms (cache miss)
978 silly packumentCache full:https://registry.npmjs.org/@vitejs%2fplugin-vue-jsx set size:undefined disposed:false
979 silly fetch manifest @jridgewell/trace-mapping@^0.3.31
980 silly packumentCache full:https://registry.npmjs.org/@jridgewell%2ftrace-mapping cache-miss
981 http fetch GET 200 https://registry.npmjs.org/es-module-lexer 38ms (cache miss)
982 silly packumentCache full:https://registry.npmjs.org/es-module-lexer set size:undefined disposed:false
983 silly fetch manifest @jridgewell/sourcemap-codec@^1.5.5
984 silly packumentCache full:https://registry.npmjs.org/@jridgewell%2fsourcemap-codec cache-miss
985 http fetch GET 200 https://registry.npmjs.org/@jridgewell%2ftrace-mapping 59ms (cache miss)
986 silly packumentCache full:https://registry.npmjs.org/@jridgewell%2ftrace-mapping set size:undefined disposed:false
987 silly fetch manifest acorn@^8.16.0
988 silly packumentCache full:https://registry.npmjs.org/acorn cache-miss
989 http fetch GET 200 https://registry.npmjs.org/@jridgewell%2fsourcemap-codec 44ms (cache miss)
990 silly packumentCache full:https://registry.npmjs.org/@jridgewell%2fsourcemap-codec set size:undefined disposed:false
991 silly fetch manifest pkg-types@^1.3.1
992 silly packumentCache full:https://registry.npmjs.org/pkg-types cache-miss
993 http cache https://registry.npmjs.org/pkg-types 5ms (cache hit)
994 silly packumentCache full:https://registry.npmjs.org/pkg-types set size:92578 disposed:false
995 silly fetch manifest ufo@^1.6.3
996 silly packumentCache full:https://registry.npmjs.org/ufo cache-miss
997 http cache https://registry.npmjs.org/ufo 5ms (cache hit)
998 silly packumentCache full:https://registry.npmjs.org/ufo set size:169119 disposed:false
999 silly fetch manifest node-fetch-native@^1.6.7
1000 silly packumentCache full:https://registry.npmjs.org/node-fetch-native cache-miss
1001 http fetch GET 200 https://registry.npmjs.org/acorn 84ms (cache miss)
1002 silly packumentCache full:https://registry.npmjs.org/acorn set size:undefined disposed:false
1003 silly fetch manifest ufo@^1.6.1
1004 silly packumentCache full:https://registry.npmjs.org/ufo cache-hit
1005 silly fetch manifest confbox@^0.3.0
1006 silly packumentCache full:https://registry.npmjs.org/confbox cache-miss
1007 http fetch GET 200 https://registry.npmjs.org/unplugin-utils 265ms (cache miss)
1008 silly packumentCache full:https://registry.npmjs.org/unplugin-utils set size:undefined disposed:false
1009 silly fetch manifest fdir@^6.5.0
1010 silly packumentCache full:https://registry.npmjs.org/fdir cache-miss
1011 http cache https://registry.npmjs.org/confbox 9ms (cache hit)
1012 silly packumentCache full:https://registry.npmjs.org/confbox set size:49622 disposed:false
1013 silly fetch manifest acorn@^8.18.0
1014 silly packumentCache full:https://registry.npmjs.org/acorn cache-miss
1015 http cache https://registry.npmjs.org/acorn 6ms (cache hit)
1016 silly packumentCache full:https://registry.npmjs.org/acorn set size:383439 disposed:false
1017 silly fetch manifest estree-walker@^3.0.3
1018 silly packumentCache full:https://registry.npmjs.org/estree-walker cache-miss
1019 http fetch GET 200 https://registry.npmjs.org/@vue%2fserver-renderer 722ms (cache miss)
1020 silly packumentCache full:https://registry.npmjs.org/@vue%2fserver-renderer set size:undefined disposed:false
1021 silly fetch manifest strip-literal@^4.0.0
1022 silly packumentCache full:https://registry.npmjs.org/strip-literal cache-miss
1023 http fetch GET 200 https://registry.npmjs.org/estree-walker 35ms (cache miss)
1024 silly packumentCache full:https://registry.npmjs.org/estree-walker set size:undefined disposed:false
1025 silly fetch manifest unplugin-utils@^0.3.2
1026 silly packumentCache full:https://registry.npmjs.org/unplugin-utils cache-miss
1027 http cache https://registry.npmjs.org/unplugin-utils 4ms (cache hit)
1028 silly packumentCache full:https://registry.npmjs.org/unplugin-utils set size:26075 disposed:false
1029 silly fetch manifest @jridgewell/remapping@^2.3.5
1030 silly packumentCache full:https://registry.npmjs.org/@jridgewell%2fremapping cache-miss
1031 http fetch GET 200 https://registry.npmjs.org/strip-literal 37ms (cache miss)
1032 silly packumentCache full:https://registry.npmjs.org/strip-literal set size:undefined disposed:false
1033 silly fetch manifest webpack-virtual-modules@^0.6.2
1034 silly packumentCache full:https://registry.npmjs.org/webpack-virtual-modules cache-miss
1035 http fetch GET 200 https://registry.npmjs.org/fdir 75ms (cache miss)
1036 silly packumentCache full:https://registry.npmjs.org/fdir set size:undefined disposed:false
1037 silly fetch manifest citty@^0.1.6
1038 silly packumentCache full:https://registry.npmjs.org/citty cache-miss
1039 http fetch GET 200 https://registry.npmjs.org/@unhead%2fbundler 728ms (cache miss)
1040 silly packumentCache full:https://registry.npmjs.org/@unhead%2fbundler set size:undefined disposed:false
1041 silly fetch manifest magic-string@^0.30.21
1042 silly packumentCache full:https://registry.npmjs.org/magic-string cache-hit
1043 silly fetch manifest muggle-string@^0.4.1
1044 silly packumentCache full:https://registry.npmjs.org/muggle-string cache-miss
1045 http cache https://registry.npmjs.org/citty 11ms (cache hit)
1046 silly packumentCache full:https://registry.npmjs.org/citty set size:38628 disposed:false
1047 silly fetch manifest ast-walker-scope@^0.9.0
1048 silly packumentCache full:https://registry.npmjs.org/ast-walker-scope cache-miss
1049 http fetch GET 200 https://registry.npmjs.org/node-fetch-native 244ms (cache miss)
1050 silly packumentCache full:https://registry.npmjs.org/node-fetch-native set size:undefined disposed:false
1051 silly fetch manifest @vue-macros/common@^3.1.3
1052 silly packumentCache full:https://registry.npmjs.org/@vue-macros%2fcommon cache-miss
1053 http fetch GET 200 https://registry.npmjs.org/@jridgewell%2fremapping 137ms (cache miss)
1054 silly packumentCache full:https://registry.npmjs.org/@jridgewell%2fremapping set size:undefined disposed:false
1055 http fetch GET 200 https://registry.npmjs.org/webpack-virtual-modules 257ms (cache miss)
1056 silly packumentCache full:https://registry.npmjs.org/webpack-virtual-modules set size:undefined disposed:false
1057 http fetch GET 200 https://registry.npmjs.org/muggle-string 261ms (cache miss)
1058 silly packumentCache full:https://registry.npmjs.org/muggle-string set size:undefined disposed:false
1059 http fetch GET 200 https://registry.npmjs.org/ast-walker-scope 256ms (cache miss)
1060 silly packumentCache full:https://registry.npmjs.org/ast-walker-scope set size:undefined disposed:false
1061 http fetch GET 200 https://registry.npmjs.org/@vue-macros%2fcommon 668ms (cache miss)
1062 silly packumentCache full:https://registry.npmjs.org/@vue-macros%2fcommon set size:undefined disposed:false
1063 silly placeDep ROOT @dxup/unimport@0.1.2 OK for: @dxup/nuxt@0.5.10 want: ^0.1.2
1064 silly placeDep ROOT @vue/compiler-dom@3.5.42 OK for: @dxup/nuxt@0.5.10 want: ^3.5.41
1065 silly fetch manifest @vue/compiler-core@3.5.42
1066 silly packumentCache full:https://registry.npmjs.org/@vue%2fcompiler-core cache-miss
1067 http fetch GET 200 https://registry.npmjs.org/@vue%2fcompiler-core 775ms (cache miss)
1068 silly packumentCache full:https://registry.npmjs.org/@vue%2fcompiler-core set size:undefined disposed:false
1069 silly fetch manifest magicast@*
1070 silly packumentCache full:https://registry.npmjs.org/magicast cache-miss
1071 http cache https://registry.npmjs.org/magicast 4ms (cache hit)
1072 silly packumentCache full:https://registry.npmjs.org/magicast set size:87467 disposed:false
1073 silly fetch manifest @parcel/watcher@^2.5.6
1074 silly packumentCache full:https://registry.npmjs.org/@parcel%2fwatcher cache-miss
1075 http cache https://registry.npmjs.org/@parcel%2fwatcher 4ms (cache hit)
1076 silly packumentCache full:https://registry.npmjs.org/@parcel%2fwatcher set size:124080 disposed:false
1077 silly fetch manifest cac@^6.7.14
1078 silly packumentCache full:https://registry.npmjs.org/cac cache-miss
1079 http fetch GET 200 https://registry.npmjs.org/cac 53ms (cache miss)
1080 silly packumentCache full:https://registry.npmjs.org/cac set size:undefined disposed:false
1081 silly fetch manifest commander@^13.1.0 || ^14.0.0 || ^15.0.0
1082 silly packumentCache full:https://registry.npmjs.org/commander cache-miss
1083 http fetch GET 200 https://registry.npmjs.org/commander 57ms (cache miss)
1084 silly packumentCache full:https://registry.npmjs.org/commander set size:undefined disposed:false
1085 silly placeDep ROOT @bomb.sh/tab@0.0.19 OK for: @nuxt/cli@3.37.0 want: ^0.0.19
1086 silly placeDep ROOT @clack/prompts@1.7.0 OK for: @nuxt/cli@3.37.0 want: ^1.7.0
1087 silly placeDep ROOT c12@3.3.4 OK for: @nuxt/cli@3.37.0 want: ^3.3.4
1088 silly placeDep ROOT citty@0.2.2 OK for: @nuxt/cli@3.37.0 want: ^0.2.2
1089 silly placeDep ROOT confbox@0.2.4 OK for: @nuxt/cli@3.37.0 want: ^0.2.4
1090 silly placeDep ROOT debug@4.4.3 OK for: @nuxt/cli@3.37.0 want: ^4.4.3
1091 silly placeDep ROOT fuse.js@7.5.0 OK for: @nuxt/cli@3.37.0 want: ^7.4.2
1092 silly placeDep ROOT fzf@0.5.2 OK for: @nuxt/cli@3.37.0 want: ^0.5.2
1093 silly placeDep ROOT giget@3.3.1 OK for: @nuxt/cli@3.37.0 want: ^3.3.0
1094 silly placeDep ROOT listhen@1.10.1 OK for: @nuxt/cli@3.37.0 want: ^1.10.0
1095 silly placeDep ROOT semver@7.8.5 OK for: @nuxt/cli@3.37.0 want: ^7.8.5
1096 silly placeDep ROOT srvx@0.11.22 OK for: @nuxt/cli@3.37.0 want: ^0.11.22
1097 silly placeDep ROOT tinyclip@0.1.15 OK for: @nuxt/cli@3.37.0 want: ^0.1.15
1098 silly placeDep ROOT tinyexec@1.3.1 OK for: @nuxt/cli@3.37.0 want: ^1.2.4
1099 silly placeDep ROOT youch@4.1.1 OK for: @nuxt/cli@3.37.0 want: ^4.1.1
1100 silly fetch manifest fast-string-width@^3.0.2
1101 silly packumentCache full:https://registry.npmjs.org/fast-string-width cache-miss
1102 silly fetch manifest fast-wrap-ansi@^0.2.0
1103 silly packumentCache full:https://registry.npmjs.org/fast-wrap-ansi cache-miss
1104 silly fetch manifest sisteransi@^1.0.5
1105 silly packumentCache full:https://registry.npmjs.org/sisteransi cache-miss
1106 silly fetch manifest @clack/core@1.4.3
1107 silly packumentCache full:https://registry.npmjs.org/@clack%2fcore cache-miss
1108 silly fetch manifest giget@^3.2.0
1109 silly packumentCache full:https://registry.npmjs.org/giget cache-miss
1110 http cache https://registry.npmjs.org/giget 6ms (cache hit)
1111 silly packumentCache full:https://registry.npmjs.org/giget set size:102437 disposed:false
1112 silly fetch manifest dotenv@^17.3.1
1113 silly packumentCache full:https://registry.npmjs.org/dotenv cache-miss
1114 http fetch GET 200 https://registry.npmjs.org/sisteransi 31ms (cache miss)
1115 silly packumentCache full:https://registry.npmjs.org/sisteransi set size:undefined disposed:false
1116 silly fetch manifest ms@^2.1.3
1117 silly packumentCache full:https://registry.npmjs.org/ms cache-miss
1118 http fetch GET 200 https://registry.npmjs.org/fast-wrap-ansi 34ms (cache miss)
1119 silly packumentCache full:https://registry.npmjs.org/fast-wrap-ansi set size:undefined disposed:false
1120 silly fetch manifest @parcel/watcher-wasm@^2.5.6
1121 silly packumentCache full:https://registry.npmjs.org/@parcel%2fwatcher-wasm cache-miss
1122 http fetch GET 200 https://registry.npmjs.org/fast-string-width 38ms (cache miss)
1123 silly packumentCache full:https://registry.npmjs.org/fast-string-width set size:undefined disposed:false
1124 silly fetch manifest crossws@^0.4.10
1125 silly packumentCache full:https://registry.npmjs.org/crossws cache-miss
1126 http fetch GET 200 https://registry.npmjs.org/dotenv 49ms (cache miss)
1127 silly packumentCache full:https://registry.npmjs.org/dotenv set size:undefined disposed:false
1128 silly fetch manifest http-shutdown@^1.2.2
1129 silly packumentCache full:https://registry.npmjs.org/http-shutdown cache-miss
1130 http fetch GET 200 https://registry.npmjs.org/ms 38ms (cache miss)
1131 silly packumentCache full:https://registry.npmjs.org/ms set size:undefined disposed:false
1132 silly fetch manifest node-forge@^1.4.0
1133 silly packumentCache full:https://registry.npmjs.org/node-forge cache-miss
1134 http fetch GET 200 https://registry.npmjs.org/@clack%2fcore 79ms (cache miss)
1135 silly packumentCache full:https://registry.npmjs.org/@clack%2fcore set size:undefined disposed:false
1136 silly fetch manifest untun@^0.2.2
1137 silly packumentCache full:https://registry.npmjs.org/untun cache-miss
1138 http fetch GET 200 https://registry.npmjs.org/node-forge 41ms (cache miss)
1139 silly packumentCache full:https://registry.npmjs.org/node-forge set size:undefined disposed:false
1140 silly fetch manifest uqr@^0.1.3
1141 silly packumentCache full:https://registry.npmjs.org/uqr cache-miss
1142 http fetch GET 200 https://registry.npmjs.org/crossws 265ms (cache miss)
1143 silly packumentCache full:https://registry.npmjs.org/crossws set size:undefined disposed:false
1144 silly fetch manifest @poppinss/colors@^4.1.6
1145 silly packumentCache full:https://registry.npmjs.org/@poppinss%2fcolors cache-miss
1146 http fetch GET 200 https://registry.npmjs.org/http-shutdown 263ms (cache miss)
1147 silly packumentCache full:https://registry.npmjs.org/http-shutdown set size:undefined disposed:false
1148 silly fetch manifest @poppinss/dumper@^0.7.0
1149 silly packumentCache full:https://registry.npmjs.org/@poppinss%2fdumper cache-miss
1150 http fetch GET 200 https://registry.npmjs.org/untun 252ms (cache miss)
1151 silly packumentCache full:https://registry.npmjs.org/untun set size:undefined disposed:false
1152 silly fetch manifest @speed-highlight/core@^1.2.14
1153 silly packumentCache full:https://registry.npmjs.org/@speed-highlight%2fcore cache-miss
1154 http fetch GET 200 https://registry.npmjs.org/@poppinss%2fcolors 56ms (cache miss)
1155 silly packumentCache full:https://registry.npmjs.org/@poppinss%2fcolors set size:undefined disposed:false
1156 silly fetch manifest youch-core@^0.3.3
1157 silly packumentCache full:https://registry.npmjs.org/youch-core cache-miss
1158 http fetch GET 200 https://registry.npmjs.org/@poppinss%2fdumper 46ms (cache miss)
1159 silly packumentCache full:https://registry.npmjs.org/@poppinss%2fdumper set size:undefined disposed:false
1160 http fetch GET 200 https://registry.npmjs.org/uqr 262ms (cache miss)
1161 silly packumentCache full:https://registry.npmjs.org/uqr set size:undefined disposed:false
1162 http fetch GET 200 https://registry.npmjs.org/youch-core 32ms (cache miss)
1163 silly packumentCache full:https://registry.npmjs.org/youch-core set size:undefined disposed:false
1164 http fetch GET 200 https://registry.npmjs.org/@speed-highlight%2fcore 273ms (cache miss)
1165 silly packumentCache full:https://registry.npmjs.org/@speed-highlight%2fcore set size:undefined disposed:false
1166 http fetch GET 200 https://registry.npmjs.org/@parcel%2fwatcher-wasm 1347ms (cache miss)
1167 silly packumentCache full:https://registry.npmjs.org/@parcel%2fwatcher-wasm set size:undefined disposed:false
1168 silly placeDep ROOT @clack/core@1.4.3 OK for: @clack/prompts@1.7.0 want: 1.4.3
1169 silly placeDep ROOT fast-string-width@3.0.2 OK for: @clack/prompts@1.7.0 want: ^3.0.2
1170 silly placeDep ROOT fast-wrap-ansi@0.2.2 OK for: @clack/prompts@1.7.0 want: ^0.2.0
1171 silly placeDep ROOT sisteransi@1.0.5 OK for: @clack/prompts@1.7.0 want: ^1.0.5
1172 silly fetch manifest fast-string-truncated-width@^3.0.2
1173 silly packumentCache full:https://registry.npmjs.org/fast-string-truncated-width cache-miss
1174 http fetch GET 200 https://registry.npmjs.org/fast-string-truncated-width 33ms (cache miss)
1175 silly packumentCache full:https://registry.npmjs.org/fast-string-truncated-width set size:undefined disposed:false
1176 silly fetch manifest bufferutil@^4.0.1
1177 silly packumentCache full:https://registry.npmjs.org/bufferutil cache-miss
1178 http fetch GET 200 https://registry.npmjs.org/bufferutil 48ms (cache miss)
1179 silly packumentCache full:https://registry.npmjs.org/bufferutil set size:undefined disposed:false
1180 silly fetch manifest utf-8-validate@>=5.0.2
1181 silly packumentCache full:https://registry.npmjs.org/utf-8-validate cache-miss
1182 http fetch GET 200 https://registry.npmjs.org/utf-8-validate 258ms (cache miss)
1183 silly packumentCache full:https://registry.npmjs.org/utf-8-validate set size:undefined disposed:false
1184 silly fetch manifest @azure/app-configuration@^1.8.0
1185 silly packumentCache full:https://registry.npmjs.org/@azure%2fapp-configuration cache-miss
1186 http fetch GET 200 https://registry.npmjs.org/@azure%2fapp-configuration 798ms (cache miss)
1187 silly packumentCache full:https://registry.npmjs.org/@azure%2fapp-configuration set size:undefined disposed:false
1188 silly fetch manifest @azure/cosmos@^4.2.0
1189 silly packumentCache full:https://registry.npmjs.org/@azure%2fcosmos cache-miss
1190 http fetch GET 200 https://registry.npmjs.org/@azure%2fcosmos 859ms (cache miss)
1191 silly packumentCache full:https://registry.npmjs.org/@azure%2fcosmos set size:undefined disposed:false
1192 silly fetch manifest @azure/data-tables@^13.3.0
1193 silly packumentCache full:https://registry.npmjs.org/@azure%2fdata-tables cache-miss
1194 http fetch GET 200 https://registry.npmjs.org/@azure%2fdata-tables 782ms (cache miss)
1195 silly packumentCache full:https://registry.npmjs.org/@azure%2fdata-tables set size:undefined disposed:false
1196 silly fetch manifest @azure/identity@^4.6.0
1197 silly packumentCache full:https://registry.npmjs.org/@azure%2fidentity cache-miss
1198 http fetch GET 200 https://registry.npmjs.org/@azure%2fidentity 819ms (cache miss)
1199 silly packumentCache full:https://registry.npmjs.org/@azure%2fidentity set size:undefined disposed:false
1200 silly fetch manifest @azure/keyvault-secrets@^4.9.0
1201 silly packumentCache full:https://registry.npmjs.org/@azure%2fkeyvault-secrets cache-miss
1202 http fetch GET 200 https://registry.npmjs.org/@azure%2fkeyvault-secrets 807ms (cache miss)
1203 silly packumentCache full:https://registry.npmjs.org/@azure%2fkeyvault-secrets set size:undefined disposed:false
1204 silly fetch manifest @azure/storage-blob@^12.26.0
1205 silly packumentCache full:https://registry.npmjs.org/@azure%2fstorage-blob cache-miss
1206 http fetch GET 200 https://registry.npmjs.org/@azure%2fstorage-blob 998ms (cache miss)
1207 silly packumentCache full:https://registry.npmjs.org/@azure%2fstorage-blob set size:undefined disposed:false
1208 silly fetch manifest @capacitor/preferences@^6 || ^7 || ^8
1209 silly packumentCache full:https://registry.npmjs.org/@capacitor%2fpreferences cache-miss
1210 http fetch GET 200 https://registry.npmjs.org/@capacitor%2fpreferences 816ms (cache miss)
1211 silly packumentCache full:https://registry.npmjs.org/@capacitor%2fpreferences set size:undefined disposed:false
1212 silly fetch manifest @capacitor/core@>=8.0.0
1213 silly packumentCache full:https://registry.npmjs.org/@capacitor%2fcore cache-miss
1214 http fetch GET 200 https://registry.npmjs.org/@capacitor%2fcore 846ms (cache miss)
1215 silly packumentCache full:https://registry.npmjs.org/@capacitor%2fcore set size:undefined disposed:false
1216 silly fetch manifest @deno/kv@>=0.9.0
1217 silly packumentCache full:https://registry.npmjs.org/@deno%2fkv cache-miss
1218 http fetch GET 200 https://registry.npmjs.org/@deno%2fkv 757ms (cache miss)
1219 silly packumentCache full:https://registry.npmjs.org/@deno%2fkv set size:undefined disposed:false
1220 silly fetch manifest @netlify/blobs@^6.5.0 || ^7.0.0 || ^8.1.0 || ^9.0.0 || ^10.0.0
1221 silly packumentCache full:https://registry.npmjs.org/@netlify%2fblobs cache-miss
1222 http fetch GET 200 https://registry.npmjs.org/@netlify%2fblobs 913ms (cache miss)
1223 silly packumentCache full:https://registry.npmjs.org/@netlify%2fblobs set size:undefined disposed:false
1224 silly fetch manifest @planetscale/database@^1.19.0
1225 silly packumentCache full:https://registry.npmjs.org/@planetscale%2fdatabase cache-miss
1226 http fetch GET 200 https://registry.npmjs.org/@planetscale%2fdatabase 705ms (cache miss)
1227 silly packumentCache full:https://registry.npmjs.org/@planetscale%2fdatabase set size:undefined disposed:false
1228 silly fetch manifest @upstash/redis@^1.34.3
1229 silly packumentCache full:https://registry.npmjs.org/@upstash%2fredis cache-miss
1230 http fetch GET 200 https://registry.npmjs.org/@upstash%2fredis 358ms (cache miss)
1231 silly packumentCache full:https://registry.npmjs.org/@upstash%2fredis set size:undefined disposed:false
1232 silly fetch manifest @vercel/blob@>=0.27.1
1233 silly packumentCache full:https://registry.npmjs.org/@vercel%2fblob cache-miss
1234 http fetch GET 200 https://registry.npmjs.org/@vercel%2fblob 478ms (cache miss)
1235 silly packumentCache full:https://registry.npmjs.org/@vercel%2fblob set size:undefined disposed:false
1236 silly fetch manifest @vercel/functions@^2.2.12 || ^3.0.0
1237 silly packumentCache full:https://registry.npmjs.org/@vercel%2ffunctions cache-miss
1238 http fetch GET 200 https://registry.npmjs.org/@vercel%2ffunctions 723ms (cache miss)
1239 silly packumentCache full:https://registry.npmjs.org/@vercel%2ffunctions set size:undefined disposed:false
1240 silly fetch manifest @aws-sdk/credential-provider-web-identity@*
1241 silly packumentCache full:https://registry.npmjs.org/@aws-sdk%2fcredential-provider-web-identity cache-miss
1242 http fetch GET 200 https://registry.npmjs.org/@aws-sdk%2fcredential-provider-web-identity 72ms (cache miss)
1243 silly packumentCache full:https://registry.npmjs.org/@aws-sdk%2fcredential-provider-web-identity set size:undefined disposed:false
1244 silly fetch manifest @vercel/kv@^1 || ^2 || ^3
1245 silly packumentCache full:https://registry.npmjs.org/@vercel%2fkv cache-miss
1246 http fetch GET 200 https://registry.npmjs.org/@vercel%2fkv 690ms (cache miss)
1247 silly packumentCache full:https://registry.npmjs.org/@vercel%2fkv set size:undefined disposed:false
1248 silly fetch manifest aws4fetch@^1.0.20
1249 silly packumentCache full:https://registry.npmjs.org/aws4fetch cache-miss
1250 http fetch GET 200 https://registry.npmjs.org/aws4fetch 36ms (cache miss)
1251 silly packumentCache full:https://registry.npmjs.org/aws4fetch set size:undefined disposed:false
1252 silly fetch manifest db0@>=0.2.1
1253 silly packumentCache full:https://registry.npmjs.org/db0 cache-miss
1254 http fetch GET 200 https://registry.npmjs.org/db0 554ms (cache miss)
1255 silly packumentCache full:https://registry.npmjs.org/db0 set size:undefined disposed:false
1256 silly fetch manifest idb-keyval@^6.2.1
1257 silly packumentCache full:https://registry.npmjs.org/idb-keyval cache-miss
1258 http fetch GET 200 https://registry.npmjs.org/idb-keyval 257ms (cache miss)
1259 silly packumentCache full:https://registry.npmjs.org/idb-keyval set size:undefined disposed:false
1260 silly fetch manifest ioredis@^5.4.2
1261 silly packumentCache full:https://registry.npmjs.org/ioredis cache-miss
1262 http fetch GET 200 https://registry.npmjs.org/ioredis 270ms (cache miss)
1263 silly packumentCache full:https://registry.npmjs.org/ioredis set size:undefined disposed:false
1264 silly fetch manifest uploadthing@^7.4.4
1265 silly packumentCache full:https://registry.npmjs.org/uploadthing cache-miss
1266 http fetch GET 200 https://registry.npmjs.org/uploadthing 294ms (cache miss)
1267 silly packumentCache full:https://registry.npmjs.org/uploadthing set size:undefined disposed:false
1268 silly fetch manifest express@*
1269 silly packumentCache full:https://registry.npmjs.org/express cache-miss
1270 http fetch GET 200 https://registry.npmjs.org/express 60ms (cache miss)
1271 silly packumentCache full:https://registry.npmjs.org/express set size:undefined disposed:false
1272 silly fetch manifest h3@*
1273 silly packumentCache full:https://registry.npmjs.org/h3 cache-miss
1274 http cache https://registry.npmjs.org/h3 22ms (cache hit)
1275 silly packumentCache full:https://registry.npmjs.org/h3 set size:487506 disposed:false
1276 silly fetch manifest crossws@^0.4.12
1277 silly packumentCache full:https://registry.npmjs.org/crossws cache-miss
1278 http cache https://registry.npmjs.org/crossws 4ms (cache hit)
1279 silly packumentCache full:https://registry.npmjs.org/crossws set size:120040 disposed:false
1280 silly fetch manifest srvx@>=0.11.5
1281 silly packumentCache full:https://registry.npmjs.org/srvx cache-miss
1282 http cache https://registry.npmjs.org/srvx 4ms (cache hit)
1283 silly packumentCache full:https://registry.npmjs.org/srvx set size:319691 disposed:false
1284 silly fetch manifest ocache@>=0.3.0
1285 silly packumentCache full:https://registry.npmjs.org/ocache cache-miss
1286 http fetch GET 200 https://registry.npmjs.org/ocache 261ms (cache miss)
1287 silly packumentCache full:https://registry.npmjs.org/ocache set size:undefined disposed:false
1288 silly fetch manifest tailwindcss@^3.0.0 || ^4.0.0-beta.0
1289 silly packumentCache full:https://registry.npmjs.org/tailwindcss cache-miss
1290 http fetch GET 200 https://registry.npmjs.org/tailwindcss 300ms (cache miss)
1291 silly packumentCache full:https://registry.npmjs.org/tailwindcss set size:undefined disposed:false
1292 silly fetch manifest vite@>=6.0
1293 silly packumentCache full:https://registry.npmjs.org/vite cache-miss
1294 http cache https://registry.npmjs.org/vite 82ms (cache hit)
1295 silly packumentCache full:https://registry.npmjs.org/vite set size:38933730 disposed:false
1296 silly fetch manifest vue@^3.0.0
1297 silly packumentCache full:https://registry.npmjs.org/vue cache-miss
1298 http cache https://registry.npmjs.org/vue 8ms (cache hit)
1299 silly packumentCache full:https://registry.npmjs.org/vue set size:2100753 disposed:false
1300 silly fetch manifest vue@^3.5.0
1301 silly packumentCache full:https://registry.npmjs.org/vue cache-miss
1302 http cache https://registry.npmjs.org/vue 8ms (cache hit)
1303 silly packumentCache full:https://registry.npmjs.org/vue set size:2100753 disposed:false
1304 silly placeDep ROOT @nuxt/devtools-kit@3.4.2 OK for: @nuxt/devtools@3.4.2 want: 3.4.2
1305 silly placeDep ROOT @nuxt/devtools-wizard@3.4.2 OK for: @nuxt/devtools@3.4.2 want: 3.4.2
1306 silly placeDep ROOT @vue/devtools-core@8.2.1 OK for: @nuxt/devtools@3.4.2 want: ^8.2.1
1307 silly placeDep ROOT @vue/devtools-kit@8.2.1 OK for: @nuxt/devtools@3.4.2 want: ^8.2.1
1308 silly placeDep ROOT birpc@4.2.0 OK for: @nuxt/devtools@3.4.2 want: ^4.0.0
1309 silly placeDep ROOT destr@2.0.5 OK for: @nuxt/devtools@3.4.2 want: ^2.0.5
1310 silly placeDep ROOT error-stack-parser-es@2.0.1 OK for: @nuxt/devtools@3.4.2 want: ^2.0.1
1311 silly placeDep ROOT execa@8.0.1 OK for: @nuxt/devtools@3.4.2 want: ^8.0.1
1312 silly placeDep ROOT fast-npm-meta@2.2.0 OK for: @nuxt/devtools@3.4.2 want: ^2.2.0
1313 silly placeDep ROOT get-port-please@3.2.0 OK for: @nuxt/devtools@3.4.2 want: ^3.2.0
1314 silly placeDep ROOT image-meta@0.2.2 OK for: @nuxt/devtools@3.4.2 want: ^0.2.2
1315 silly placeDep ROOT is-installed-globally@1.0.0 OK for: @nuxt/devtools@3.4.2 want: ^1.0.0
1316 silly placeDep ROOT launch-editor@2.14.1 OK for: @nuxt/devtools@3.4.2 want: ^2.14.1
1317 silly placeDep ROOT local-pkg@1.2.1 OK for: @nuxt/devtools@3.4.2 want: ^1.2.1
1318 silly placeDep ROOT magicast@0.5.4 OK for: @nuxt/devtools@3.4.2 want: ^0.5.4
1319 silly placeDep ROOT simple-git@3.36.0 OK for: @nuxt/devtools@3.4.2 want: ^3.36.0
1320 silly placeDep ROOT sirv@3.0.2 OK for: @nuxt/devtools@3.4.2 want: ^3.0.2
1321 silly placeDep ROOT structured-clone-es@2.0.1 OK for: @nuxt/devtools@3.4.2 want: ^2.0.1
1322 silly placeDep ROOT unstorage@1.17.5 OK for: @nuxt/devtools@3.4.2 want: ^1.17.5
1323 silly placeDep ROOT vite-plugin-inspect@11.4.1 OK for: @nuxt/devtools@3.4.2 want: ^11.4.1
1324 silly placeDep ROOT vite-plugin-vue-tracer@1.5.0 OK for: @nuxt/devtools@3.4.2 want: ^1.4.0
1325 silly placeDep ROOT which@6.0.1 OK for: @nuxt/devtools@3.4.2 want: ^6.0.1
1326 silly placeDep ROOT ws@8.21.3 OK for: @nuxt/devtools@3.4.2 want: ^8.21.1
1327 silly fetch manifest diff@^8.0.4
1328 silly packumentCache full:https://registry.npmjs.org/diff cache-miss
1329 silly fetch manifest @vue/devtools-shared@^8.2.1
1330 silly packumentCache full:https://registry.npmjs.org/@vue%2fdevtools-shared cache-miss
1331 silly fetch manifest birpc@^2.6.1
1332 silly packumentCache full:https://registry.npmjs.org/birpc cache-miss
1333 silly fetch manifest hookable@^5.5.3
1334 silly packumentCache full:https://registry.npmjs.org/hookable cache-miss
1335 silly fetch manifest @vue/devtools-shared@^8.2.1
1336 silly packumentCache full:https://registry.npmjs.org/@vue%2fdevtools-shared cache-miss
1337 http cache https://registry.npmjs.org/birpc 11ms (cache hit)
1338 silly packumentCache full:https://registry.npmjs.org/birpc set size:112277 disposed:false
1339 silly fetch manifest onetime@^6.0.0
1340 silly packumentCache full:https://registry.npmjs.org/onetime cache-miss
1341 http cache https://registry.npmjs.org/hookable 33ms (cache hit)
1342 silly packumentCache full:https://registry.npmjs.org/hookable set size:114658 disposed:false
1343 silly fetch manifest is-stream@^3.0.0
1344 silly packumentCache full:https://registry.npmjs.org/is-stream cache-miss
1345 http fetch GET 200 https://registry.npmjs.org/diff 50ms (cache miss)
1346 silly packumentCache full:https://registry.npmjs.org/diff set size:undefined disposed:false
1347 silly fetch manifest get-stream@^8.0.1
1348 silly packumentCache full:https://registry.npmjs.org/get-stream cache-miss
1349 http fetch GET 200 https://registry.npmjs.org/onetime 52ms (cache miss)
1350 silly packumentCache full:https://registry.npmjs.org/onetime set size:undefined disposed:false
1351 silly fetch manifest cross-spawn@^7.0.3
1352 silly packumentCache full:https://registry.npmjs.org/cross-spawn cache-miss
1353 http fetch GET 200 https://registry.npmjs.org/is-stream 38ms (cache miss)
1354 silly packumentCache full:https://registry.npmjs.org/is-stream set size:undefined disposed:false
1355 silly fetch manifest signal-exit@^4.1.0
1356 silly packumentCache full:https://registry.npmjs.org/signal-exit cache-miss
1357 http fetch GET 200 https://registry.npmjs.org/get-stream 33ms (cache miss)
1358 silly packumentCache full:https://registry.npmjs.org/get-stream set size:undefined disposed:false
1359 silly fetch manifest merge-stream@^2.0.0
1360 silly packumentCache full:https://registry.npmjs.org/merge-stream cache-miss
1361 http fetch GET 200 https://registry.npmjs.org/cross-spawn 36ms (cache miss)
1362 silly packumentCache full:https://registry.npmjs.org/cross-spawn set size:undefined disposed:false
1363 silly fetch manifest npm-run-path@^5.1.0
1364 silly packumentCache full:https://registry.npmjs.org/npm-run-path cache-miss
1365 http fetch GET 200 https://registry.npmjs.org/signal-exit 35ms (cache miss)
1366 silly packumentCache full:https://registry.npmjs.org/signal-exit set size:undefined disposed:false
1367 silly fetch manifest human-signals@^5.0.0
1368 silly packumentCache full:https://registry.npmjs.org/human-signals cache-miss
1369 http fetch GET 200 https://registry.npmjs.org/merge-stream 32ms (cache miss)
1370 silly packumentCache full:https://registry.npmjs.org/merge-stream set size:undefined disposed:false
1371 silly fetch manifest strip-final-newline@^3.0.0
1372 silly packumentCache full:https://registry.npmjs.org/strip-final-newline cache-miss
1373 http fetch GET 200 https://registry.npmjs.org/npm-run-path 30ms (cache miss)
1374 silly packumentCache full:https://registry.npmjs.org/npm-run-path set size:undefined disposed:false
1375 silly fetch manifest cac@^7.0.0
1376 silly packumentCache full:https://registry.npmjs.org/cac cache-miss
1377 http cache https://registry.npmjs.org/cac 6ms (cache hit)
1378 silly packumentCache full:https://registry.npmjs.org/cac set size:375942 disposed:false
1379 silly fetch manifest global-directory@^4.0.1
1380 silly packumentCache full:https://registry.npmjs.org/global-directory cache-miss
1381 http fetch GET 200 https://registry.npmjs.org/human-signals 40ms (cache miss)
1382 silly packumentCache full:https://registry.npmjs.org/human-signals set size:undefined disposed:false
1383 silly fetch manifest is-path-inside@^4.0.0
1384 silly packumentCache full:https://registry.npmjs.org/is-path-inside cache-miss
1385 http fetch GET 200 https://registry.npmjs.org/global-directory 29ms (cache miss)
1386 silly packumentCache full:https://registry.npmjs.org/global-directory set size:undefined disposed:false
1387 silly fetch manifest picocolors@^1.1.1
1388 silly packumentCache full:https://registry.npmjs.org/picocolors cache-miss
1389 http fetch GET 200 https://registry.npmjs.org/picocolors 31ms (cache miss)
1390 silly packumentCache full:https://registry.npmjs.org/picocolors set size:undefined disposed:false
1391 silly fetch manifest shell-quote@^1.8.4
1392 silly packumentCache full:https://registry.npmjs.org/shell-quote cache-miss
1393 http fetch GET 200 https://registry.npmjs.org/shell-quote 31ms (cache miss)
1394 silly packumentCache full:https://registry.npmjs.org/shell-quote set size:undefined disposed:false
1395 silly fetch manifest quansync@^0.2.11
1396 silly packumentCache full:https://registry.npmjs.org/quansync cache-miss
1397 http fetch GET 200 https://registry.npmjs.org/quansync 263ms (cache miss)
1398 silly packumentCache full:https://registry.npmjs.org/quansync set size:undefined disposed:false
1399 silly fetch manifest @babel/types@^7.29.7
1400 silly packumentCache full:https://registry.npmjs.org/@babel%2ftypes cache-miss
1401 http fetch GET 200 https://registry.npmjs.org/strip-final-newline 540ms (cache miss)
1402 silly packumentCache full:https://registry.npmjs.org/strip-final-newline set size:undefined disposed:false
1403 silly fetch manifest @babel/parser@^7.29.7
1404 silly packumentCache full:https://registry.npmjs.org/@babel%2fparser cache-miss
1405 http fetch GET 200 https://registry.npmjs.org/@babel%2fparser 75ms (cache miss)
1406 silly packumentCache full:https://registry.npmjs.org/@babel%2fparser set size:undefined disposed:false
1407 silly fetch manifest source-map-js@^1.2.1
1408 silly packumentCache full:https://registry.npmjs.org/source-map-js cache-miss
1409 http fetch GET 200 https://registry.npmjs.org/source-map-js 33ms (cache miss)
1410 silly packumentCache full:https://registry.npmjs.org/source-map-js set size:undefined disposed:false
1411 silly fetch manifest @kwsites/file-exists@^1.1.1
1412 silly packumentCache full:https://registry.npmjs.org/@kwsites%2ffile-exists cache-miss
1413 http fetch GET 200 https://registry.npmjs.org/@babel%2ftypes 285ms (cache miss)
1414 silly packumentCache full:https://registry.npmjs.org/@babel%2ftypes set size:undefined disposed:false
1415 silly fetch manifest @kwsites/promise-deferred@^1.1.1
1416 silly packumentCache full:https://registry.npmjs.org/@kwsites%2fpromise-deferred cache-miss
1417 http fetch GET 200 https://registry.npmjs.org/@vue%2fdevtools-shared 858ms (cache miss)
1418 silly packumentCache full:https://registry.npmjs.org/@vue%2fdevtools-shared set size:undefined disposed:false
1419 silly fetch manifest @simple-git/args-pathspec@^1.0.3
1420 silly packumentCache full:https://registry.npmjs.org/@simple-git%2fargs-pathspec cache-miss
1421 http fetch GET 200 https://registry.npmjs.org/@vue%2fdevtools-shared 870ms (cache miss)
1422 silly packumentCache full:https://registry.npmjs.org/@vue%2fdevtools-shared set size:undefined disposed:false
1423 silly fetch manifest @simple-git/argv-parser@^1.1.0
1424 silly packumentCache full:https://registry.npmjs.org/@simple-git%2fargv-parser cache-miss
1425 http fetch GET 200 https://registry.npmjs.org/is-path-inside 768ms (cache miss)
1426 silly packumentCache full:https://registry.npmjs.org/is-path-inside set size:undefined disposed:false
1427 silly fetch manifest @polka/url@^1.0.0-next.24
1428 silly packumentCache full:https://registry.npmjs.org/@polka%2furl cache-miss
1429 http fetch GET 200 https://registry.npmjs.org/@polka%2furl 40ms (cache miss)
1430 silly packumentCache full:https://registry.npmjs.org/@polka%2furl set size:undefined disposed:false
1431 silly fetch manifest mrmime@^2.0.0
1432 silly packumentCache full:https://registry.npmjs.org/mrmime cache-miss
1433 http fetch GET 200 https://registry.npmjs.org/@kwsites%2fpromise-deferred 713ms (cache miss)
1434 silly packumentCache full:https://registry.npmjs.org/@kwsites%2fpromise-deferred set size:undefined disposed:false
1435 silly fetch manifest totalist@^3.0.0
1436 silly packumentCache full:https://registry.npmjs.org/totalist cache-miss
1437 http fetch GET 200 https://registry.npmjs.org/@simple-git%2fargs-pathspec 713ms (cache miss)
1438 silly packumentCache full:https://registry.npmjs.org/@simple-git%2fargs-pathspec set size:undefined disposed:false
1439 silly fetch manifest h3@^1.15.10
1440 silly packumentCache full:https://registry.npmjs.org/h3 cache-hit
1441 silly fetch manifest anymatch@^3.1.3
1442 silly packumentCache full:https://registry.npmjs.org/anymatch cache-miss
1443 http fetch GET 200 https://registry.npmjs.org/mrmime 773ms (cache miss)
1444 silly packumentCache full:https://registry.npmjs.org/mrmime set size:undefined disposed:false
1445 silly fetch manifest lru-cache@^11.2.7
1446 silly packumentCache full:https://registry.npmjs.org/lru-cache cache-miss
1447 http fetch GET 200 https://registry.npmjs.org/totalist 259ms (cache miss)
1448 silly packumentCache full:https://registry.npmjs.org/totalist set size:undefined disposed:false
1449 silly fetch manifest obug@^2.1.1
1450 silly packumentCache full:https://registry.npmjs.org/obug cache-miss
1451 http fetch GET 200 https://registry.npmjs.org/lru-cache 55ms (cache miss)
1452 silly packumentCache full:https://registry.npmjs.org/lru-cache set size:undefined disposed:false
1453 silly fetch manifest open@^11.0.0
1454 silly packumentCache full:https://registry.npmjs.org/open cache-miss
1455 http fetch GET 200 https://registry.npmjs.org/obug 38ms (cache miss)
1456 silly packumentCache full:https://registry.npmjs.org/obug set size:undefined disposed:false
1457 silly fetch manifest ansis@^4.3.0
1458 silly packumentCache full:https://registry.npmjs.org/ansis cache-miss
1459 http fetch GET 200 https://registry.npmjs.org/anymatch 258ms (cache miss)
1460 silly packumentCache full:https://registry.npmjs.org/anymatch set size:undefined disposed:false
1461 silly fetch manifest vite-dev-rpc@^2.0.0
1462 silly packumentCache full:https://registry.npmjs.org/vite-dev-rpc cache-miss
1463 http fetch GET 200 https://registry.npmjs.org/open 40ms (cache miss)
1464 silly packumentCache full:https://registry.npmjs.org/open set size:undefined disposed:false
1465 silly fetch manifest error-stack-parser-es@^1.0.5
1466 silly packumentCache full:https://registry.npmjs.org/error-stack-parser-es cache-miss
1467 http cache https://registry.npmjs.org/error-stack-parser-es 8ms (cache hit)
1468 silly packumentCache full:https://registry.npmjs.org/error-stack-parser-es set size:24410 disposed:false
1469 silly fetch manifest isexe@^4.0.0
1470 silly packumentCache full:https://registry.npmjs.org/isexe cache-miss
1471 http fetch GET 200 https://registry.npmjs.org/ansis 44ms (cache miss)
1472 silly packumentCache full:https://registry.npmjs.org/ansis set size:undefined disposed:false
1473 http fetch GET 200 https://registry.npmjs.org/@simple-git%2fargv-parser 998ms (cache miss)
1474 silly packumentCache full:https://registry.npmjs.org/@simple-git%2fargv-parser set size:undefined disposed:false
1475 http fetch GET 200 https://registry.npmjs.org/isexe 31ms (cache miss)
1476 silly packumentCache full:https://registry.npmjs.org/isexe set size:undefined disposed:false
1477 http fetch GET 200 https://registry.npmjs.org/@kwsites%2ffile-exists 1148ms (cache miss)
1478 silly packumentCache full:https://registry.npmjs.org/@kwsites%2ffile-exists set size:undefined disposed:false
1479 http fetch GET 200 https://registry.npmjs.org/vite-dev-rpc 468ms (cache miss)
1480 silly packumentCache full:https://registry.npmjs.org/vite-dev-rpc set size:undefined disposed:false
1481 silly placeDep ROOT diff@8.0.4 OK for: @nuxt/devtools-wizard@3.4.2 want: ^8.0.4
1482 silly placeDep ROOT rc9@3.1.0 OK for: @nuxt/kit@4.5.2 want: ^3.0.1
1483 silly fetch manifest xml2js@^0.6.2
1484 silly packumentCache full:https://registry.npmjs.org/xml2js cache-miss
1485 http fetch GET 200 https://registry.npmjs.org/xml2js 37ms (cache miss)
1486 silly packumentCache full:https://registry.npmjs.org/xml2js set size:undefined disposed:false
1487 silly placeDep ROOT @nuxt/devalue@2.0.2 OK for: @nuxt/nitro-server@4.5.2 want: ^2.0.2
1488 silly placeDep ROOT h3@1.15.11 OK for: @nuxt/nitro-server@4.5.2 want: ^1.15.11
1489 silly placeDep ROOT mocked-exports@0.1.1 OK for: @nuxt/nitro-server@4.5.2 want: ^0.1.1
1490 silly placeDep ROOT nitropack@2.13.4 OK for: @nuxt/nitro-server@4.5.2 want: ^2.13.4
1491 silly placeDep ROOT vue-bundle-renderer@2.3.2 OK for: @nuxt/nitro-server@4.5.2 want: ^2.3.1
1492 silly placeDep ROOT vue-devtools-stub@0.1.0 OK for: @nuxt/nitro-server@4.5.2 want: ^0.1.0
1493 silly fetch manifest radix3@^1.1.2
1494 silly packumentCache full:https://registry.npmjs.org/radix3 cache-miss
1495 silly fetch manifest crossws@^0.3.5
1496 silly packumentCache full:https://registry.npmjs.org/crossws cache-hit
1497 silly fetch manifest cookie-es@^1.2.3
1498 silly packumentCache full:https://registry.npmjs.org/cookie-es cache-miss
1499 silly fetch manifest iron-webcrypto@^1.2.1
1500 silly packumentCache full:https://registry.npmjs.org/iron-webcrypto cache-miss
1501 silly fetch manifest node-mock-http@^1.0.4
1502 silly packumentCache full:https://registry.npmjs.org/node-mock-http cache-miss
1503 silly fetch manifest @cloudflare/kv-asset-handler@^0.4.2
1504 silly packumentCache full:https://registry.npmjs.org/@cloudflare%2fkv-asset-handler cache-miss
1505 http cache https://registry.npmjs.org/cookie-es 9ms (cache hit)
1506 silly packumentCache full:https://registry.npmjs.org/cookie-es set size:30011 disposed:false
1507 silly fetch manifest @rollup/plugin-alias@^6.0.0
1508 silly packumentCache full:https://registry.npmjs.org/@rollup%2fplugin-alias cache-miss
1509 http fetch GET 200 https://registry.npmjs.org/node-mock-http 255ms (cache miss)
1510 silly packumentCache full:https://registry.npmjs.org/node-mock-http set size:undefined disposed:false
1511 silly fetch manifest @rollup/plugin-commonjs@^29.0.2
1512 silly packumentCache full:https://registry.npmjs.org/@rollup%2fplugin-commonjs cache-miss
1513 http fetch GET 200 https://registry.npmjs.org/radix3 261ms (cache miss)
1514 silly packumentCache full:https://registry.npmjs.org/radix3 set size:undefined disposed:false
1515 silly fetch manifest @rollup/plugin-inject@^5.0.5
1516 silly packumentCache full:https://registry.npmjs.org/@rollup%2fplugin-inject cache-miss
1517 http fetch GET 200 https://registry.npmjs.org/iron-webcrypto 498ms (cache miss)
1518 silly packumentCache full:https://registry.npmjs.org/iron-webcrypto set size:undefined disposed:false
1519 silly fetch manifest @rollup/plugin-json@^6.1.0
1520 silly packumentCache full:https://registry.npmjs.org/@rollup%2fplugin-json cache-miss
1521 http fetch GET 200 https://registry.npmjs.org/@rollup%2fplugin-alias 812ms (cache miss)
1522 silly packumentCache full:https://registry.npmjs.org/@rollup%2fplugin-alias set size:undefined disposed:false
1523 silly fetch manifest @rollup/plugin-node-resolve@^16.0.3
1524 silly packumentCache full:https://registry.npmjs.org/@rollup%2fplugin-node-resolve cache-miss
1525 http fetch GET 200 https://registry.npmjs.org/@cloudflare%2fkv-asset-handler 915ms (cache miss)
1526 silly packumentCache full:https://registry.npmjs.org/@cloudflare%2fkv-asset-handler set size:undefined disposed:false
1527 silly fetch manifest @rollup/plugin-replace@^6.0.3
1528 silly packumentCache full:https://registry.npmjs.org/@rollup%2fplugin-replace cache-miss
1529 http fetch GET 200 https://registry.npmjs.org/@rollup%2fplugin-inject 720ms (cache miss)
1530 silly packumentCache full:https://registry.npmjs.org/@rollup%2fplugin-inject set size:undefined disposed:false
1531 silly fetch manifest @rollup/plugin-terser@^1.0.0
1532 silly packumentCache full:https://registry.npmjs.org/@rollup%2fplugin-terser cache-miss
1533 http fetch GET 200 https://registry.npmjs.org/@rollup%2fplugin-commonjs 740ms (cache miss)
1534 silly packumentCache full:https://registry.npmjs.org/@rollup%2fplugin-commonjs set size:undefined disposed:false
1535 silly fetch manifest @vercel/nft@^1.5.0
1536 silly packumentCache full:https://registry.npmjs.org/@vercel%2fnft cache-miss
1537 http fetch GET 200 https://registry.npmjs.org/@vercel%2fnft 66ms (cache miss)
1538 silly packumentCache full:https://registry.npmjs.org/@vercel%2fnft set size:undefined disposed:false
1539 silly fetch manifest archiver@^7.0.1
1540 silly packumentCache full:https://registry.npmjs.org/archiver cache-miss
1541 http fetch GET 200 https://registry.npmjs.org/archiver 39ms (cache miss)
1542 silly packumentCache full:https://registry.npmjs.org/archiver set size:undefined disposed:false
1543 silly fetch manifest cookie-es@^2.0.1
1544 silly packumentCache full:https://registry.npmjs.org/cookie-es cache-hit
1545 silly fetch manifest croner@^10.0.1
1546 silly packumentCache full:https://registry.npmjs.org/croner cache-miss
1547 http fetch GET 200 https://registry.npmjs.org/@rollup%2fplugin-json 724ms (cache miss)
1548 silly packumentCache full:https://registry.npmjs.org/@rollup%2fplugin-json set size:undefined disposed:false
1549 silly fetch manifest db0@^0.3.4
1550 silly packumentCache full:https://registry.npmjs.org/db0 cache-miss
1551 http cache https://registry.npmjs.org/db0 7ms (cache hit)
1552 silly packumentCache full:https://registry.npmjs.org/db0 set size:77956 disposed:false
1553 silly fetch manifest dot-prop@^10.1.0
1554 silly packumentCache full:https://registry.npmjs.org/dot-prop cache-miss
1555 http fetch GET 200 https://registry.npmjs.org/dot-prop 34ms (cache miss)
1556 silly packumentCache full:https://registry.npmjs.org/dot-prop set size:undefined disposed:false
1557 silly fetch manifest esbuild@^0.28.0
1558 silly packumentCache full:https://registry.npmjs.org/esbuild cache-miss
1559 http cache https://registry.npmjs.org/esbuild 7ms (cache hit)
1560 silly packumentCache full:https://registry.npmjs.org/esbuild set size:1264676 disposed:false
1561 silly fetch manifest etag@^1.8.1
1562 silly packumentCache full:https://registry.npmjs.org/etag cache-miss
1563 http fetch GET 200 https://registry.npmjs.org/etag 39ms (cache miss)
1564 silly packumentCache full:https://registry.npmjs.org/etag set size:undefined disposed:false
1565 silly fetch manifest globby@^16.2.0
1566 silly packumentCache full:https://registry.npmjs.org/globby cache-miss
1567 http fetch GET 200 https://registry.npmjs.org/croner 280ms (cache miss)
1568 silly packumentCache full:https://registry.npmjs.org/croner set size:undefined disposed:false
1569 silly fetch manifest gzip-size@^7.0.0
1570 silly packumentCache full:https://registry.npmjs.org/gzip-size cache-miss
1571 http fetch GET 200 https://registry.npmjs.org/gzip-size 29ms (cache miss)
1572 silly packumentCache full:https://registry.npmjs.org/gzip-size set size:undefined disposed:false
1573 silly fetch manifest httpxy@^0.5.1
1574 silly packumentCache full:https://registry.npmjs.org/httpxy cache-miss
1575 http fetch GET 200 https://registry.npmjs.org/@rollup%2fplugin-node-resolve 721ms (cache miss)
1576 silly packumentCache full:https://registry.npmjs.org/@rollup%2fplugin-node-resolve set size:undefined disposed:false
1577 silly fetch manifest ioredis@^5.10.1
1578 silly packumentCache full:https://registry.npmjs.org/ioredis cache-miss
1579 http cache https://registry.npmjs.org/ioredis 6ms (cache hit)
1580 silly packumentCache full:https://registry.npmjs.org/ioredis set size:859203 disposed:false
1581 silly fetch manifest mime@^4.1.0
1582 silly packumentCache full:https://registry.npmjs.org/mime cache-miss
1583 http fetch GET 200 https://registry.npmjs.org/globby 265ms (cache miss)
1584 silly packumentCache full:https://registry.npmjs.org/globby set size:undefined disposed:false
1585 silly fetch manifest pretty-bytes@^7.1.0
1586 silly packumentCache full:https://registry.npmjs.org/pretty-bytes cache-miss
1587 http fetch GET 200 https://registry.npmjs.org/@rollup%2fplugin-replace 717ms (cache miss)
1588 silly packumentCache full:https://registry.npmjs.org/@rollup%2fplugin-replace set size:undefined disposed:false
1589 silly fetch manifest rollup@^4.60.2
1590 silly packumentCache full:https://registry.npmjs.org/rollup cache-miss
1591 http cache https://registry.npmjs.org/rollup 20ms (cache hit)
1592 silly packumentCache full:https://registry.npmjs.org/rollup set size:6315915 disposed:false
1593 silly fetch manifest rollup-plugin-visualizer@^7.0.1
1594 silly packumentCache full:https://registry.npmjs.org/rollup-plugin-visualizer cache-miss
1595 http cache https://registry.npmjs.org/rollup-plugin-visualizer 9ms (cache hit)
1596 silly packumentCache full:https://registry.npmjs.org/rollup-plugin-visualizer set size:465872 disposed:false
1597 silly fetch manifest serve-placeholder@^2.0.2
1598 silly packumentCache full:https://registry.npmjs.org/serve-placeholder cache-miss
1599 http fetch GET 200 https://registry.npmjs.org/@rollup%2fplugin-terser 729ms (cache miss)
1600 silly packumentCache full:https://registry.npmjs.org/@rollup%2fplugin-terser set size:undefined disposed:false
1601 silly fetch manifest serve-static@^2.2.1
1602 silly packumentCache full:https://registry.npmjs.org/serve-static cache-miss
1603 http fetch GET 200 https://registry.npmjs.org/httpxy 282ms (cache miss)
1604 silly packumentCache full:https://registry.npmjs.org/httpxy set size:undefined disposed:false
1605 silly fetch manifest source-map@^0.7.6
1606 silly packumentCache full:https://registry.npmjs.org/source-map cache-miss
1607 http fetch GET 200 https://registry.npmjs.org/serve-static 38ms (cache miss)
1608 silly packumentCache full:https://registry.npmjs.org/serve-static set size:undefined disposed:false
1609 silly fetch manifest unctx@^2.5.0
1610 silly packumentCache full:https://registry.npmjs.org/unctx cache-miss
1611 http cache https://registry.npmjs.org/unctx 6ms (cache hit)
1612 silly packumentCache full:https://registry.npmjs.org/unctx set size:98214 disposed:false
1613 silly fetch manifest unenv@2.0.0-rc.24
1614 silly packumentCache full:https://registry.npmjs.org/unenv cache-miss
1615 http cache https://registry.npmjs.org/unenv 7ms (cache hit)
1616 silly packumentCache full:https://registry.npmjs.org/unenv set size:236480 disposed:false
1617 silly fetch manifest unwasm@^0.5.3
1618 silly packumentCache full:https://registry.npmjs.org/unwasm cache-miss
1619 http fetch GET 200 https://registry.npmjs.org/source-map 55ms (cache miss)
1620 silly packumentCache full:https://registry.npmjs.org/source-map set size:undefined disposed:false
1621 http fetch GET 200 https://registry.npmjs.org/mime 263ms (cache miss)
1622 silly packumentCache full:https://registry.npmjs.org/mime set size:undefined disposed:false
1623 http fetch GET 200 https://registry.npmjs.org/serve-placeholder 261ms (cache miss)
1624 silly packumentCache full:https://registry.npmjs.org/serve-placeholder set size:undefined disposed:false
1625 http fetch GET 200 https://registry.npmjs.org/pretty-bytes 402ms (cache miss)
1626 silly packumentCache full:https://registry.npmjs.org/pretty-bytes set size:undefined disposed:false
1627 http fetch GET 200 https://registry.npmjs.org/unwasm 252ms (cache miss)
1628 silly packumentCache full:https://registry.npmjs.org/unwasm set size:undefined disposed:false
1629 silly fetch manifest vite@^8.2.0
1630 silly packumentCache full:https://registry.npmjs.org/vite cache-miss
1631 http cache https://registry.npmjs.org/vite 81ms (cache hit)
1632 silly packumentCache full:https://registry.npmjs.org/vite set size:38933730 disposed:false
1633 silly fetch manifest vue@^3.3.4
1634 silly packumentCache full:https://registry.npmjs.org/vue cache-miss
1635 http cache https://registry.npmjs.org/vue 10ms (cache hit)
1636 silly packumentCache full:https://registry.npmjs.org/vue set size:2100753 disposed:false
1637 silly fetch manifest @biomejs/biome@>=2.4.12
1638 silly packumentCache full:https://registry.npmjs.org/@biomejs%2fbiome cache-miss
1639 http fetch GET 200 https://registry.npmjs.org/@biomejs%2fbiome 733ms (cache miss)
1640 silly packumentCache full:https://registry.npmjs.org/@biomejs%2fbiome set size:undefined disposed:false
1641 silly fetch manifest eslint@>=9.39.4
1642 silly packumentCache full:https://registry.npmjs.org/eslint cache-miss
1643 http fetch GET 200 https://registry.npmjs.org/eslint 90ms (cache miss)
1644 silly packumentCache full:https://registry.npmjs.org/eslint set size:undefined disposed:false
1645 silly fetch manifest meow@^13.2.0 || ^14.0.0
1646 silly packumentCache full:https://registry.npmjs.org/meow cache-miss
1647 http fetch GET 200 https://registry.npmjs.org/meow 55ms (cache miss)
1648 silly packumentCache full:https://registry.npmjs.org/meow set size:undefined disposed:false
1649 silly fetch manifest optionator@^0.9.4
1650 silly packumentCache full:https://registry.npmjs.org/optionator cache-miss
1651 http fetch GET 200 https://registry.npmjs.org/optionator 38ms (cache miss)
1652 silly packumentCache full:https://registry.npmjs.org/optionator set size:undefined disposed:false
1653 silly fetch manifest oxlint@>=1
1654 silly packumentCache full:https://registry.npmjs.org/oxlint cache-miss
1655 http fetch GET 200 https://registry.npmjs.org/oxlint 49ms (cache miss)
1656 silly packumentCache full:https://registry.npmjs.org/oxlint set size:undefined disposed:false
1657 silly fetch manifest oxlint-tsgolint@>=7.0.2001
1658 silly packumentCache full:https://registry.npmjs.org/oxlint-tsgolint cache-miss
1659 http fetch GET 200 https://registry.npmjs.org/oxlint-tsgolint 532ms (cache miss)
1660 silly packumentCache full:https://registry.npmjs.org/oxlint-tsgolint set size:undefined disposed:false
1661 silly fetch manifest vite-plus@*
1662 silly packumentCache full:https://registry.npmjs.org/vite-plus cache-miss
1663 http fetch GET 200 https://registry.npmjs.org/vite-plus 62ms (cache miss)
1664 silly packumentCache full:https://registry.npmjs.org/vite-plus set size:undefined disposed:false
1665 silly fetch manifest @vitest/browser-playwright@4.1.11
1666 silly packumentCache full:https://registry.npmjs.org/@vitest%2fbrowser-playwright cache-miss
1667 http cache https://registry.npmjs.org/@vitest%2fbrowser-playwright 4ms (cache hit)
1668 silly packumentCache full:https://registry.npmjs.org/@vitest%2fbrowser-playwright set size:155085 disposed:false
1669 silly fetch manifest vitest@4.1.11
1670 silly packumentCache full:https://registry.npmjs.org/vitest cache-miss
1671 http cache https://registry.npmjs.org/vitest 8ms (cache hit)
1672 silly packumentCache full:https://registry.npmjs.org/vitest set size:2258289 disposed:false
1673 silly fetch manifest @types/node@^20.0.0 || ^22.0.0 || >=24.0.0
1674 silly packumentCache full:https://registry.npmjs.org/@types%2fnode cache-miss
1675 http cache https://registry.npmjs.org/@types%2fnode 25ms (cache hit)
1676 silly packumentCache full:https://registry.npmjs.org/@types%2fnode set size:11100097 disposed:false
1677 silly fetch manifest @vitest/browser-preview@4.1.11
1678 silly packumentCache full:https://registry.npmjs.org/@vitest%2fbrowser-preview cache-miss
1679 http cache https://registry.npmjs.org/@vitest%2fbrowser-preview 6ms (cache hit)
1680 silly packumentCache full:https://registry.npmjs.org/@vitest%2fbrowser-preview set size:148874 disposed:false
1681 silly fetch manifest @vitest/browser-webdriverio@4.1.11
1682 silly packumentCache full:https://registry.npmjs.org/@vitest%2fbrowser-webdriverio cache-miss
1683 http cache https://registry.npmjs.org/@vitest%2fbrowser-webdriverio 5ms (cache hit)
1684 silly packumentCache full:https://registry.npmjs.org/@vitest%2fbrowser-webdriverio set size:140979 disposed:false
1685 silly fetch manifest @vitest/coverage-istanbul@4.1.11
1686 silly packumentCache full:https://registry.npmjs.org/@vitest%2fcoverage-istanbul cache-miss
1687 http cache https://registry.npmjs.org/@vitest%2fcoverage-istanbul 5ms (cache hit)
1688 silly packumentCache full:https://registry.npmjs.org/@vitest%2fcoverage-istanbul set size:709991 disposed:false
1689 silly fetch manifest @vitest/coverage-v8@4.1.11
1690 silly packumentCache full:https://registry.npmjs.org/@vitest%2fcoverage-v8 cache-miss
1691 http cache https://registry.npmjs.org/@vitest%2fcoverage-v8 4ms (cache hit)
1692 silly packumentCache full:https://registry.npmjs.org/@vitest%2fcoverage-v8 set size:546351 disposed:false
1693 silly fetch manifest @vitest/browser@4.1.11
1694 silly packumentCache full:https://registry.npmjs.org/@vitest%2fbrowser cache-miss
1695 http cache https://registry.npmjs.org/@vitest%2fbrowser 5ms (cache hit)
1696 silly packumentCache full:https://registry.npmjs.org/@vitest%2fbrowser set size:808924 disposed:false
1697 silly fetch manifest @vitest/ui@4.1.11
1698 silly packumentCache full:https://registry.npmjs.org/@vitest%2fui cache-miss
1699 http cache https://registry.npmjs.org/@vitest%2fui 6ms (cache hit)
1700 silly packumentCache full:https://registry.npmjs.org/@vitest%2fui set size:1295965 disposed:false
1701 silly fetch manifest stylelint@>=16.26.1
1702 silly packumentCache full:https://registry.npmjs.org/stylelint cache-miss
1703 http fetch GET 200 https://registry.npmjs.org/stylelint 307ms (cache miss)
1704 silly packumentCache full:https://registry.npmjs.org/stylelint set size:undefined disposed:false
1705 silly fetch manifest vue-tsc@~2.2.10 || ^3.0.0
1706 silly packumentCache full:https://registry.npmjs.org/vue-tsc cache-miss
1707 http fetch GET 200 https://registry.npmjs.org/vue-tsc 297ms (cache miss)
1708 silly packumentCache full:https://registry.npmjs.org/vue-tsc set size:undefined disposed:false
1709 silly placeDep ROOT @vitejs/plugin-vue@6.0.8 OK for: @nuxt/vite-builder@4.5.2 want: ^6.0.8
1710 silly placeDep ROOT @vitejs/plugin-vue-jsx@5.1.6 OK for: @nuxt/vite-builder@4.5.2 want: ^5.1.6
1711 silly placeDep ROOT autoprefixer@10.5.4 OK for: @nuxt/vite-builder@4.5.2 want: ^10.5.4
1712 silly placeDep ROOT postcss@8.5.28 OK for: autoprefixer@10.5.4 want: ^8.1.0
1713 silly placeDep ROOT cssnano@8.0.10 OK for: @nuxt/vite-builder@4.5.2 want: ^8.0.2
1714 silly placeDep ROOT generic-names@4.0.0 OK for: @nuxt/vite-builder@4.5.2 want: ^4.0.0
1715 silly placeDep ROOT js-tokens@10.0.0 OK for: @nuxt/vite-builder@4.5.2 want: ^10.0.0
1716 silly placeDep ROOT seroval@1.6.4 OK for: @nuxt/vite-builder@4.5.2 want: ^1.6.2
1717 silly placeDep ROOT unenv@2.0.0-rc.24 OK for: @nuxt/vite-builder@4.5.2 want: ^2.0.0-rc.24
1718 silly placeDep ROOT vite-node@6.0.0 OK for: @nuxt/vite-builder@4.5.2 want: ^6.0.0
1719 silly placeDep ROOT vite-plugin-checker@0.14.5 OK for: @nuxt/vite-builder@4.5.2 want: ^0.14.5
1720 silly fetch manifest @rolldown/pluginutils@^1.0.1
1721 silly packumentCache full:https://registry.npmjs.org/@rolldown%2fpluginutils cache-miss
1722 silly fetch manifest @babel/core@^7.29.0
1723 silly packumentCache full:https://registry.npmjs.org/@babel%2fcore cache-hit
1724 silly fetch manifest @rolldown/pluginutils@^1.0.1
1725 silly packumentCache full:https://registry.npmjs.org/@rolldown%2fpluginutils cache-miss
1726 silly fetch manifest @vue/babel-plugin-jsx@^2.0.1
1727 silly packumentCache full:https://registry.npmjs.org/@vue%2fbabel-plugin-jsx cache-miss
1728 silly fetch manifest @babel/plugin-syntax-typescript@^7.29.7
1729 silly packumentCache full:https://registry.npmjs.org/@babel%2fplugin-syntax-typescript cache-miss
1730 silly fetch manifest @babel/plugin-transform-typescript@^7.29.7
1731 silly packumentCache full:https://registry.npmjs.org/@babel%2fplugin-transform-typescript cache-miss
1732 http cache https://registry.npmjs.org/@babel%2fplugin-syntax-typescript 8ms (cache hit)
1733 silly packumentCache full:https://registry.npmjs.org/@babel%2fplugin-syntax-typescript set size:221236 disposed:false
1734 silly fetch manifest fraction.js@^5.3.4
1735 silly packumentCache full:https://registry.npmjs.org/fraction.js cache-miss
1736 http cache https://registry.npmjs.org/@rolldown%2fpluginutils 23ms (cache hit)
1737 silly packumentCache full:https://registry.npmjs.org/@rolldown%2fpluginutils set size:300388 disposed:false
1738 silly fetch manifest browserslist@^4.28.6
1739 silly packumentCache full:https://registry.npmjs.org/browserslist cache-miss
1740 http cache https://registry.npmjs.org/@rolldown%2fpluginutils 31ms (cache hit)
1741 silly packumentCache full:https://registry.npmjs.org/@rolldown%2fpluginutils set size:300388 disposed:false
1742 silly packumentCache full:https://registry.npmjs.org/@rolldown%2fpluginutils dispose
1743 silly fetch manifest caniuse-lite@^1.0.30001806
1744 silly packumentCache full:https://registry.npmjs.org/caniuse-lite cache-miss
1745 http fetch GET 200 https://registry.npmjs.org/fraction.js 48ms (cache miss)
1746 silly packumentCache full:https://registry.npmjs.org/fraction.js set size:undefined disposed:false
1747 silly fetch manifest postcss-value-parser@^4.2.0
1748 silly packumentCache full:https://registry.npmjs.org/postcss-value-parser cache-miss
1749 http fetch GET 200 https://registry.npmjs.org/browserslist 63ms (cache miss)
1750 silly packumentCache full:https://registry.npmjs.org/browserslist set size:undefined disposed:false
1751 silly fetch manifest nanoid@^3.3.18
1752 silly packumentCache full:https://registry.npmjs.org/nanoid cache-miss
1753 http fetch GET 200 https://registry.npmjs.org/postcss-value-parser 46ms (cache miss)
1754 silly packumentCache full:https://registry.npmjs.org/postcss-value-parser set size:undefined disposed:false
1755 silly fetch manifest lilconfig@^3.1.3
1756 silly packumentCache full:https://registry.npmjs.org/lilconfig cache-miss
1757 http fetch GET 200 https://registry.npmjs.org/caniuse-lite 110ms (cache miss)
1758 silly packumentCache full:https://registry.npmjs.org/caniuse-lite set size:undefined disposed:false
1759 silly fetch manifest cssnano-preset-default@^8.0.10
1760 silly packumentCache full:https://registry.npmjs.org/cssnano-preset-default cache-miss
1761 http fetch GET 200 https://registry.npmjs.org/lilconfig 55ms (cache miss)
1762 silly packumentCache full:https://registry.npmjs.org/lilconfig set size:undefined disposed:false
1763 silly fetch manifest loader-utils@^3.2.0
1764 silly packumentCache full:https://registry.npmjs.org/loader-utils cache-miss
1765 http fetch GET 200 https://registry.npmjs.org/nanoid 67ms (cache miss)
1766 silly packumentCache full:https://registry.npmjs.org/nanoid set size:undefined disposed:false
1767 silly fetch manifest npm-run-path@^6.0.0
1768 silly packumentCache full:https://registry.npmjs.org/npm-run-path cache-miss
1769 http cache https://registry.npmjs.org/npm-run-path 29ms (cache hit)
1770 silly packumentCache full:https://registry.npmjs.org/npm-run-path set size:33596 disposed:false
1771 silly fetch manifest tiny-invariant@^1.3.3
1772 silly packumentCache full:https://registry.npmjs.org/tiny-invariant cache-miss
1773 http fetch GET 200 https://registry.npmjs.org/loader-utils 45ms (cache miss)
1774 silly packumentCache full:https://registry.npmjs.org/loader-utils set size:undefined disposed:false
1775 silly fetch manifest proper-lockfile@^4.1.2
1776 silly packumentCache full:https://registry.npmjs.org/proper-lockfile cache-miss
1777 http fetch GET 200 https://registry.npmjs.org/tiny-invariant 37ms (cache miss)
1778 silly packumentCache full:https://registry.npmjs.org/tiny-invariant set size:undefined disposed:false
1779 silly fetch manifest @babel/code-frame@^7.29.0
1780 silly packumentCache full:https://registry.npmjs.org/@babel%2fcode-frame cache-miss
1781 http fetch GET 200 https://registry.npmjs.org/proper-lockfile 50ms (cache miss)
1782 silly packumentCache full:https://registry.npmjs.org/proper-lockfile set size:undefined disposed:false
1783 http fetch GET 200 https://registry.npmjs.org/@babel%2fcode-frame 51ms (cache miss)
1784 silly packumentCache full:https://registry.npmjs.org/@babel%2fcode-frame set size:undefined disposed:false
1785 http fetch GET 200 https://registry.npmjs.org/@babel%2fplugin-transform-typescript 303ms (cache miss)
1786 silly packumentCache full:https://registry.npmjs.org/@babel%2fplugin-transform-typescript set size:undefined disposed:false
1787 http fetch GET 200 https://registry.npmjs.org/cssnano-preset-default 257ms (cache miss)
1788 silly packumentCache full:https://registry.npmjs.org/cssnano-preset-default set size:undefined disposed:false
1789 http fetch GET 200 https://registry.npmjs.org/@vue%2fbabel-plugin-jsx 713ms (cache miss)
1790 silly packumentCache full:https://registry.npmjs.org/@vue%2fbabel-plugin-jsx set size:undefined disposed:false
1791 silly fetch manifest @unhead/cli@^3.4.0
1792 silly packumentCache full:https://registry.npmjs.org/@unhead%2fcli cache-miss
1793 http fetch GET 200 https://registry.npmjs.org/@unhead%2fcli 704ms (cache miss)
1794 silly packumentCache full:https://registry.npmjs.org/@unhead%2fcli set size:undefined disposed:false
1795 silly fetch manifest @vitejs/devtools-kit@^0.4.1
1796 silly packumentCache full:https://registry.npmjs.org/@vitejs%2fdevtools-kit cache-miss
1797 http fetch GET 200 https://registry.npmjs.org/@vitejs%2fdevtools-kit 854ms (cache miss)
1798 silly packumentCache full:https://registry.npmjs.org/@vitejs%2fdevtools-kit set size:undefined disposed:false
1799 silly fetch manifest lightningcss@>=1.20.0
1800 silly packumentCache full:https://registry.npmjs.org/lightningcss cache-miss
1801 http cache https://registry.npmjs.org/lightningcss 5ms (cache hit)
1802 silly packumentCache full:https://registry.npmjs.org/lightningcss set size:191065 disposed:false
1803 silly fetch manifest rolldown@>=1.0.0
1804 silly packumentCache full:https://registry.npmjs.org/rolldown cache-miss
1805 http cache https://registry.npmjs.org/rolldown 11ms (cache hit)
1806 silly packumentCache full:https://registry.npmjs.org/rolldown set size:3808254 disposed:false
1807 silly placeDep ROOT @unhead/bundler@3.4.0 OK for: @unhead/vue@3.4.0 want: 3.4.0
1808 silly placeDep ROOT @rolldown/pluginutils@1.0.1 OK for: @vitejs/plugin-vue@6.0.8 want: ^1.0.1
1809 silly placeDep ROOT @babel/core@7.29.7 OK for: @vitejs/plugin-vue-jsx@5.1.6 want: ^7.29.0
1810 silly placeDep ROOT @babel/plugin-syntax-typescript@7.29.7 OK for: @vitejs/plugin-vue-jsx@5.1.6 want: ^7.29.7
1811 silly placeDep ROOT @babel/plugin-transform-typescript@7.29.7 OK for: @vitejs/plugin-vue-jsx@5.1.6 want: ^7.29.7
1812 silly placeDep ROOT @vue/babel-plugin-jsx@2.0.1 OK for: @vitejs/plugin-vue-jsx@5.1.6 want: ^2.0.1
1813 silly fetch manifest json5@^2.2.3
1814 silly packumentCache full:https://registry.npmjs.org/json5 cache-miss
1815 silly fetch manifest semver@^6.3.1
1816 silly packumentCache full:https://registry.npmjs.org/semver cache-miss
1817 silly fetch manifest gensync@^1.0.0-beta.2
1818 silly packumentCache full:https://registry.npmjs.org/gensync cache-miss
1819 silly fetch manifest @babel/helpers@^7.29.7
1820 silly packumentCache full:https://registry.npmjs.org/@babel%2fhelpers cache-miss
1821 silly fetch manifest @babel/template@^7.29.7
1822 silly packumentCache full:https://registry.npmjs.org/@babel%2ftemplate cache-miss
1823 http cache https://registry.npmjs.org/semver 10ms (cache hit)
1824 silly packumentCache full:https://registry.npmjs.org/semver set size:246069 disposed:false
1825 silly fetch manifest @babel/traverse@^7.29.7
1826 silly packumentCache full:https://registry.npmjs.org/@babel%2ftraverse cache-miss
1827 http fetch GET 200 https://registry.npmjs.org/json5 35ms (cache miss)
1828 silly packumentCache full:https://registry.npmjs.org/json5 set size:undefined disposed:false
1829 silly fetch manifest @babel/generator@^7.29.7
1830 silly packumentCache full:https://registry.npmjs.org/@babel%2fgenerator cache-miss
1831 http fetch GET 200 https://registry.npmjs.org/gensync 48ms (cache miss)
1832 silly packumentCache full:https://registry.npmjs.org/gensync set size:undefined disposed:false
1833 silly fetch manifest @babel/code-frame@^7.29.7
1834 silly packumentCache full:https://registry.npmjs.org/@babel%2fcode-frame cache-miss
1835 http cache https://registry.npmjs.org/@babel%2fcode-frame 8ms (cache hit)
1836 silly packumentCache full:https://registry.npmjs.org/@babel%2fcode-frame set size:206617 disposed:false
1837 silly fetch manifest convert-source-map@^2.0.0
1838 silly packumentCache full:https://registry.npmjs.org/convert-source-map cache-miss
1839 http fetch GET 200 https://registry.npmjs.org/@babel%2fhelpers 66ms (cache miss)
1840 silly packumentCache full:https://registry.npmjs.org/@babel%2fhelpers set size:undefined disposed:false
1841 silly fetch manifest @babel/helper-module-transforms@^7.29.7
1842 silly packumentCache full:https://registry.npmjs.org/@babel%2fhelper-module-transforms cache-miss
1843 http fetch GET 200 https://registry.npmjs.org/@babel%2fgenerator 57ms (cache miss)
1844 silly packumentCache full:https://registry.npmjs.org/@babel%2fgenerator set size:undefined disposed:false
1845 silly fetch manifest @babel/helper-compilation-targets@^7.29.7
1846 silly packumentCache full:https://registry.npmjs.org/@babel%2fhelper-compilation-targets cache-miss
1847 http fetch GET 200 https://registry.npmjs.org/convert-source-map 45ms (cache miss)
1848 silly packumentCache full:https://registry.npmjs.org/convert-source-map set size:undefined disposed:false
1849 silly fetch manifest @babel/helper-plugin-utils@^7.29.7
1850 silly packumentCache full:https://registry.npmjs.org/@babel%2fhelper-plugin-utils cache-miss
1851 http fetch GET 200 https://registry.npmjs.org/@babel%2fhelper-compilation-targets 46ms (cache miss)
1852 silly packumentCache full:https://registry.npmjs.org/@babel%2fhelper-compilation-targets set size:undefined disposed:false
1853 silly fetch manifest @babel/helper-plugin-utils@^7.29.7
1854 silly packumentCache full:https://registry.npmjs.org/@babel%2fhelper-plugin-utils cache-miss
1855 http fetch GET 200 https://registry.npmjs.org/@babel%2fhelper-plugin-utils 49ms (cache miss)
1856 silly packumentCache full:https://registry.npmjs.org/@babel%2fhelper-plugin-utils set size:undefined disposed:false
1857 silly fetch manifest @babel/helper-annotate-as-pure@^7.29.7
1858 silly packumentCache full:https://registry.npmjs.org/@babel%2fhelper-annotate-as-pure cache-miss
1859 http fetch GET 200 https://registry.npmjs.org/@babel%2fhelper-plugin-utils 39ms (cache miss)
1860 silly packumentCache full:https://registry.npmjs.org/@babel%2fhelper-plugin-utils set size:undefined disposed:false
1861 silly fetch manifest @babel/helper-create-class-features-plugin@^7.29.7
1862 silly packumentCache full:https://registry.npmjs.org/@babel%2fhelper-create-class-features-plugin cache-miss
1863 http fetch GET 200 https://registry.npmjs.org/@babel%2fhelper-create-class-features-plugin 49ms (cache miss)
1864 silly packumentCache full:https://registry.npmjs.org/@babel%2fhelper-create-class-features-plugin set size:undefined disposed:false
1865 silly fetch manifest @babel/helper-skip-transparent-expression-wrappers@^7.29.7
1866 silly packumentCache full:https://registry.npmjs.org/@babel%2fhelper-skip-transparent-expression-wrappers cache-miss
1867 http fetch GET 200 https://registry.npmjs.org/@babel%2ftemplate 264ms (cache miss)
1868 silly packumentCache full:https://registry.npmjs.org/@babel%2ftemplate set size:undefined disposed:false
1869 silly fetch manifest @babel/types@^7.28.4
1870 silly packumentCache full:https://registry.npmjs.org/@babel%2ftypes cache-miss
1871 http cache https://registry.npmjs.org/@babel%2ftypes 7ms (cache hit)
1872 silly packumentCache full:https://registry.npmjs.org/@babel%2ftypes set size:502938 disposed:false
1873 silly fetch manifest @babel/template@^7.27.2
1874 silly packumentCache full:https://registry.npmjs.org/@babel%2ftemplate cache-miss
1875 http cache https://registry.npmjs.org/@babel%2ftemplate 22ms (cache hit)
1876 silly packumentCache full:https://registry.npmjs.org/@babel%2ftemplate set size:237074 disposed:false
1877 silly fetch manifest @babel/traverse@^7.28.4
1878 silly packumentCache full:https://registry.npmjs.org/@babel%2ftraverse cache-miss
1879 http fetch GET 200 https://registry.npmjs.org/@babel%2fhelper-skip-transparent-expression-wrappers 66ms (cache miss)
1880 silly packumentCache full:https://registry.npmjs.org/@babel%2fhelper-skip-transparent-expression-wrappers set size:undefined disposed:false
1881 silly fetch manifest @babel/plugin-syntax-jsx@^7.27.1
1882 silly packumentCache full:https://registry.npmjs.org/@babel%2fplugin-syntax-jsx cache-miss
1883 http cache https://registry.npmjs.org/@babel%2fplugin-syntax-jsx 7ms (cache hit)
1884 silly packumentCache full:https://registry.npmjs.org/@babel%2fplugin-syntax-jsx set size:194952 disposed:false
1885 silly fetch manifest @babel/helper-plugin-utils@^7.27.1
1886 silly packumentCache full:https://registry.npmjs.org/@babel%2fhelper-plugin-utils cache-miss
1887 http cache https://registry.npmjs.org/@babel%2fhelper-plugin-utils 5ms (cache hit)
1888 silly packumentCache full:https://registry.npmjs.org/@babel%2fhelper-plugin-utils set size:175564 disposed:false
1889 silly fetch manifest @babel/helper-module-imports@^7.27.1
1890 silly packumentCache full:https://registry.npmjs.org/@babel%2fhelper-module-imports cache-miss
1891 http fetch GET 200 https://registry.npmjs.org/@babel%2fhelper-module-imports 53ms (cache miss)
1892 silly packumentCache full:https://registry.npmjs.org/@babel%2fhelper-module-imports set size:undefined disposed:false
1893 silly fetch manifest @vue/babel-plugin-resolve-type@2.0.1
1894 silly packumentCache full:https://registry.npmjs.org/@vue%2fbabel-plugin-resolve-type cache-miss
1895 http fetch GET 200 https://registry.npmjs.org/@babel%2fhelper-annotate-as-pure 262ms (cache miss)
1896 silly packumentCache full:https://registry.npmjs.org/@babel%2fhelper-annotate-as-pure set size:undefined disposed:false
1897 silly fetch manifest @vue/babel-helper-vue-transform-on@2.0.1
1898 silly packumentCache full:https://registry.npmjs.org/@vue%2fbabel-helper-vue-transform-on cache-miss
1899 http fetch GET 200 https://registry.npmjs.org/@babel%2ftraverse 427ms (cache miss)
1900 silly packumentCache full:https://registry.npmjs.org/@babel%2ftraverse set size:undefined disposed:false
1901 http fetch GET 200 https://registry.npmjs.org/@babel%2ftraverse 144ms (cache miss)
1902 silly packumentCache full:https://registry.npmjs.org/@babel%2ftraverse set size:undefined disposed:false
1903 http fetch GET 200 https://registry.npmjs.org/@babel%2fhelper-module-transforms 462ms (cache miss)
1904 silly packumentCache full:https://registry.npmjs.org/@babel%2fhelper-module-transforms set size:undefined disposed:false
1905 http fetch GET 200 https://registry.npmjs.org/@vue%2fbabel-helper-vue-transform-on 769ms (cache miss)
1906 silly packumentCache full:https://registry.npmjs.org/@vue%2fbabel-helper-vue-transform-on set size:undefined disposed:false
1907 http fetch GET 200 https://registry.npmjs.org/@vue%2fbabel-plugin-resolve-type 915ms (cache miss)
1908 silly packumentCache full:https://registry.npmjs.org/@vue%2fbabel-plugin-resolve-type set size:undefined disposed:false
1909 silly placeDep ROOT @babel/code-frame@7.29.7 OK for: @babel/core@7.29.7 want: ^7.29.7
1910 silly placeDep ROOT @babel/generator@7.29.8 OK for: @babel/core@7.29.7 want: ^7.29.7
1911 silly placeDep ROOT @babel/helper-compilation-targets@7.29.7 OK for: @babel/core@7.29.7 want: ^7.29.7
1912 silly placeDep ROOT @babel/helper-module-transforms@7.29.7 OK for: @babel/core@7.29.7 want: ^7.29.7
1913 silly placeDep ROOT @babel/helpers@7.29.7 OK for: @babel/core@7.29.7 want: ^7.29.7
1914 silly placeDep ROOT @babel/parser@7.29.8 OK for: @babel/core@7.29.7 want: ^7.29.7
1915 silly placeDep ROOT @babel/template@7.29.7 OK for: @babel/core@7.29.7 want: ^7.29.7
1916 silly placeDep ROOT @babel/traverse@7.29.8 OK for: @babel/core@7.29.7 want: ^7.29.7
1917 silly placeDep ROOT @babel/types@7.29.8 OK for: @babel/core@7.29.7 want: ^7.29.7
1918 silly placeDep ROOT @jridgewell/remapping@2.3.5 OK for: @babel/core@7.29.7 want: ^2.3.5
1919 silly placeDep ROOT convert-source-map@2.0.0 OK for: @babel/core@7.29.7 want: ^2.0.0
1920 silly placeDep ROOT gensync@1.0.0-beta.2 OK for: @babel/core@7.29.7 want: ^1.0.0-beta.2
1921 silly placeDep ROOT json5@2.2.3 OK for: @babel/core@7.29.7 want: ^2.2.3
1922 silly placeDep node_modules/@babel/core semver@6.3.1 OK for: @babel/core@7.29.7 want: ^6.3.1
1923 silly fetch manifest js-tokens@^4.0.0
1924 silly packumentCache full:https://registry.npmjs.org/js-tokens cache-miss
1925 silly fetch manifest @babel/helper-validator-identifier@^7.29.7
1926 silly packumentCache full:https://registry.npmjs.org/@babel%2fhelper-validator-identifier cache-miss
1927 silly fetch manifest jsesc@^3.0.2
1928 silly packumentCache full:https://registry.npmjs.org/jsesc cache-miss
1929 silly fetch manifest @babel/types@^7.29.8
1930 silly packumentCache full:https://registry.npmjs.org/@babel%2ftypes cache-hit
1931 silly fetch manifest @babel/parser@^7.29.8
1932 silly packumentCache full:https://registry.npmjs.org/@babel%2fparser cache-miss
1933 silly fetch manifest @jridgewell/gen-mapping@^0.3.12
1934 silly packumentCache full:https://registry.npmjs.org/@jridgewell%2fgen-mapping cache-miss
1935 http cache https://registry.npmjs.org/js-tokens 10ms (cache hit)
1936 silly packumentCache full:https://registry.npmjs.org/js-tokens set size:41947 disposed:false
1937 silly fetch manifest @jridgewell/trace-mapping@^0.3.28
1938 silly packumentCache full:https://registry.npmjs.org/@jridgewell%2ftrace-mapping cache-miss
1939 http cache https://registry.npmjs.org/@babel%2fparser 12ms (cache hit)
1940 silly packumentCache full:https://registry.npmjs.org/@babel%2fparser set size:737961 disposed:false
1941 silly fetch manifest lru-cache@^5.1.1
1942 silly packumentCache full:https://registry.npmjs.org/lru-cache cache-miss
1943 http cache https://registry.npmjs.org/@jridgewell%2ftrace-mapping 13ms (cache hit)
1944 silly packumentCache full:https://registry.npmjs.org/@jridgewell%2ftrace-mapping set size:170909 disposed:false
1945 silly fetch manifest browserslist@^4.24.0
1946 silly packumentCache full:https://registry.npmjs.org/browserslist cache-miss
1947 http cache https://registry.npmjs.org/lru-cache 8ms (cache hit)
1948 silly packumentCache full:https://registry.npmjs.org/lru-cache set size:460407 disposed:false
1949 silly fetch manifest @babel/compat-data@^7.29.7
1950 silly packumentCache full:https://registry.npmjs.org/@babel%2fcompat-data cache-miss
1951 http cache https://registry.npmjs.org/browserslist 15ms (cache hit)
1952 silly packumentCache full:https://registry.npmjs.org/browserslist set size:518659 disposed:false
1953 silly fetch manifest @babel/helper-validator-option@^7.29.7
1954 silly packumentCache full:https://registry.npmjs.org/@babel%2fhelper-validator-option cache-miss
1955 http fetch GET 200 https://registry.npmjs.org/jsesc 54ms (cache miss)
1956 silly packumentCache full:https://registry.npmjs.org/jsesc set size:undefined disposed:false
1957 silly fetch manifest @babel/helper-module-imports@^7.29.7
1958 silly packumentCache full:https://registry.npmjs.org/@babel%2fhelper-module-imports cache-miss
1959 http cache https://registry.npmjs.org/@babel%2fhelper-module-imports 23ms (cache hit)
1960 silly packumentCache full:https://registry.npmjs.org/@babel%2fhelper-module-imports set size:203392 disposed:false
1961 silly fetch manifest @babel/helper-validator-identifier@^7.29.7
1962 silly packumentCache full:https://registry.npmjs.org/@babel%2fhelper-validator-identifier cache-miss
1963 http fetch GET 200 https://registry.npmjs.org/@jridgewell%2fgen-mapping 81ms (cache miss)
1964 silly packumentCache full:https://registry.npmjs.org/@jridgewell%2fgen-mapping set size:undefined disposed:false
1965 silly fetch manifest @babel/helper-globals@^7.29.7
1966 silly packumentCache full:https://registry.npmjs.org/@babel%2fhelper-globals cache-miss
1967 http fetch GET 200 https://registry.npmjs.org/@babel%2fhelper-validator-option 50ms (cache miss)
1968 silly packumentCache full:https://registry.npmjs.org/@babel%2fhelper-validator-option set size:undefined disposed:false
1969 silly fetch manifest @babel/helper-string-parser@^7.29.7
1970 silly packumentCache full:https://registry.npmjs.org/@babel%2fhelper-string-parser cache-miss
1971 http fetch GET 200 https://registry.npmjs.org/@babel%2fcompat-data 70ms (cache miss)
1972 silly packumentCache full:https://registry.npmjs.org/@babel%2fcompat-data set size:undefined disposed:false
1973 silly fetch manifest @babel/helper-validator-identifier@^7.29.7
1974 silly packumentCache full:https://registry.npmjs.org/@babel%2fhelper-validator-identifier cache-miss
1975 http fetch GET 200 https://registry.npmjs.org/@babel%2fhelper-globals 45ms (cache miss)
1976 silly packumentCache full:https://registry.npmjs.org/@babel%2fhelper-globals set size:undefined disposed:false
1977 silly fetch manifest @jridgewell/gen-mapping@^0.3.5
1978 silly packumentCache full:https://registry.npmjs.org/@jridgewell%2fgen-mapping cache-miss
1979 http cache https://registry.npmjs.org/@jridgewell%2fgen-mapping 6ms (cache hit)
1980 silly packumentCache full:https://registry.npmjs.org/@jridgewell%2fgen-mapping set size:75941 disposed:false
1981 silly fetch manifest @jridgewell/trace-mapping@^0.3.24
1982 silly packumentCache full:https://registry.npmjs.org/@jridgewell%2ftrace-mapping cache-hit
1983 http fetch GET 200 https://registry.npmjs.org/@babel%2fhelper-string-parser 48ms (cache miss)
1984 silly packumentCache full:https://registry.npmjs.org/@babel%2fhelper-string-parser set size:undefined disposed:false
1985 http fetch GET 200 https://registry.npmjs.org/@babel%2fhelper-validator-identifier 160ms (cache miss)
1986 silly packumentCache full:https://registry.npmjs.org/@babel%2fhelper-validator-identifier set size:undefined disposed:false
1987 http fetch GET 200 https://registry.npmjs.org/@babel%2fhelper-validator-identifier 190ms (cache miss)
1988 silly packumentCache full:https://registry.npmjs.org/@babel%2fhelper-validator-identifier set size:undefined disposed:false
1989 http fetch GET 200 https://registry.npmjs.org/@babel%2fhelper-validator-identifier 274ms (cache miss)
1990 silly packumentCache full:https://registry.npmjs.org/@babel%2fhelper-validator-identifier set size:undefined disposed:false
1991 silly placeDep ROOT @babel/helper-validator-identifier@7.29.7 OK for: @babel/code-frame@7.29.7 want: ^7.29.7
1992 silly placeDep node_modules/@babel/code-frame js-tokens@4.0.0 OK for: @babel/code-frame@7.29.7 want: ^4.0.0
1993 silly placeDep ROOT picocolors@1.1.1 OK for: @babel/code-frame@7.29.7 want: ^1.1.1
1994 silly placeDep ROOT @jridgewell/gen-mapping@0.3.13 OK for: @babel/generator@7.29.8 want: ^0.3.12
1995 silly placeDep ROOT @jridgewell/trace-mapping@0.3.31 OK for: @babel/generator@7.29.8 want: ^0.3.28
1996 silly placeDep ROOT jsesc@3.1.0 OK for: @babel/generator@7.29.8 want: ^3.0.2
1997 silly fetch manifest @jridgewell/sourcemap-codec@^1.5.0
1998 silly packumentCache full:https://registry.npmjs.org/@jridgewell%2fsourcemap-codec cache-miss
1999 silly fetch manifest @jridgewell/resolve-uri@^3.1.0
2000 silly packumentCache full:https://registry.npmjs.org/@jridgewell%2fresolve-uri cache-miss
2001 silly fetch manifest @jridgewell/sourcemap-codec@^1.4.14
2002 silly packumentCache full:https://registry.npmjs.org/@jridgewell%2fsourcemap-codec cache-miss
2003 http cache https://registry.npmjs.org/@jridgewell%2fsourcemap-codec 7ms (cache hit)
2004 silly packumentCache full:https://registry.npmjs.org/@jridgewell%2fsourcemap-codec set size:65255 disposed:false
2005 http cache https://registry.npmjs.org/@jridgewell%2fsourcemap-codec 9ms (cache hit)
2006 silly packumentCache full:https://registry.npmjs.org/@jridgewell%2fsourcemap-codec set size:65255 disposed:false
2007 silly packumentCache full:https://registry.npmjs.org/@jridgewell%2fsourcemap-codec dispose
2008 http fetch GET 200 https://registry.npmjs.org/@jridgewell%2fresolve-uri 46ms (cache miss)
2009 silly packumentCache full:https://registry.npmjs.org/@jridgewell%2fresolve-uri set size:undefined disposed:false
2010 silly placeDep ROOT @babel/compat-data@7.29.7 OK for: @babel/helper-compilation-targets@7.29.7 want: ^7.29.7
2011 silly placeDep ROOT @babel/helper-validator-option@7.29.7 OK for: @babel/helper-compilation-targets@7.29.7 want: ^7.29.7
2012 silly placeDep ROOT browserslist@4.28.8 OK for: @babel/helper-compilation-targets@7.29.7 want: ^4.24.0
2013 silly placeDep ROOT lru-cache@5.1.1 OK for: @babel/helper-compilation-targets@7.29.7 want: ^5.1.1
2014 silly placeDep node_modules/@babel/helper-compilation-targets semver@6.3.1 OK for: @babel/helper-compilation-targets@7.29.7 want: ^6.3.1
2015 silly fetch manifest caniuse-lite@^1.0.30001809
2016 silly packumentCache full:https://registry.npmjs.org/caniuse-lite cache-miss
2017 silly fetch manifest node-releases@^2.0.53
2018 silly packumentCache full:https://registry.npmjs.org/node-releases cache-miss
2019 silly fetch manifest electron-to-chromium@^1.5.402
2020 silly packumentCache full:https://registry.npmjs.org/electron-to-chromium cache-miss
2021 silly fetch manifest update-browserslist-db@^1.3.0
2022 silly packumentCache full:https://registry.npmjs.org/update-browserslist-db cache-miss
2023 silly fetch manifest baseline-browser-mapping@^2.11.12
2024 silly packumentCache full:https://registry.npmjs.org/baseline-browser-mapping cache-miss
2025 http cache https://registry.npmjs.org/caniuse-lite 12ms (cache hit)
2026 silly packumentCache full:https://registry.npmjs.org/caniuse-lite set size:2313344 disposed:false
2027 silly fetch manifest yallist@^3.0.2
2028 silly packumentCache full:https://registry.npmjs.org/yallist cache-miss
2029 http fetch GET 200 https://registry.npmjs.org/update-browserslist-db 34ms (cache miss)
2030 silly packumentCache full:https://registry.npmjs.org/update-browserslist-db set size:undefined disposed:false
2031 http fetch GET 200 https://registry.npmjs.org/baseline-browser-mapping 49ms (cache miss)
2032 silly packumentCache full:https://registry.npmjs.org/baseline-browser-mapping set size:undefined disposed:false
2033 http fetch GET 200 https://registry.npmjs.org/yallist 62ms (cache miss)
2034 silly packumentCache full:https://registry.npmjs.org/yallist set size:undefined disposed:false
2035 http fetch GET 200 https://registry.npmjs.org/electron-to-chromium 186ms (cache miss)
2036 silly packumentCache full:https://registry.npmjs.org/electron-to-chromium set size:undefined disposed:false
2037 http fetch GET 200 https://registry.npmjs.org/node-releases 273ms (cache miss)
2038 silly packumentCache full:https://registry.npmjs.org/node-releases set size:undefined disposed:false
2039 silly placeDep ROOT @babel/helper-module-imports@7.29.7 OK for: @babel/helper-module-transforms@7.29.7 want: ^7.29.7
2040 silly placeDep ROOT @babel/helper-plugin-utils@7.29.7 OK for: @babel/plugin-syntax-typescript@7.29.7 want: ^7.29.7
2041 silly fetch manifest @babel/core@^7.0.0-0
2042 silly packumentCache full:https://registry.npmjs.org/@babel%2fcore cache-hit
2043 silly placeDep ROOT @babel/helper-annotate-as-pure@7.29.7 OK for: @babel/plugin-transform-typescript@7.29.7 want: ^7.29.7
2044 silly placeDep ROOT @babel/helper-create-class-features-plugin@7.29.7 OK for: @babel/plugin-transform-typescript@7.29.7 want: ^7.29.7
2045 silly placeDep ROOT @babel/helper-skip-transparent-expression-wrappers@7.29.7 OK for: @babel/plugin-transform-typescript@7.29.7 want: ^7.29.7
2046 silly fetch manifest @babel/helper-replace-supers@^7.29.7
2047 silly packumentCache full:https://registry.npmjs.org/@babel%2fhelper-replace-supers cache-miss
2048 silly fetch manifest @babel/helper-optimise-call-expression@^7.29.7
2049 silly packumentCache full:https://registry.npmjs.org/@babel%2fhelper-optimise-call-expression cache-miss
2050 silly fetch manifest @babel/helper-member-expression-to-functions@^7.29.7
2051 silly packumentCache full:https://registry.npmjs.org/@babel%2fhelper-member-expression-to-functions cache-miss
2052 http fetch GET 200 https://registry.npmjs.org/@babel%2fhelper-optimise-call-expression 52ms (cache miss)
2053 silly packumentCache full:https://registry.npmjs.org/@babel%2fhelper-optimise-call-expression set size:undefined disposed:false
2054 http fetch GET 200 https://registry.npmjs.org/@babel%2fhelper-member-expression-to-functions 63ms (cache miss)
2055 silly packumentCache full:https://registry.npmjs.org/@babel%2fhelper-member-expression-to-functions set size:undefined disposed:false
2056 http fetch GET 200 https://registry.npmjs.org/@babel%2fhelper-replace-supers 79ms (cache miss)
2057 silly packumentCache full:https://registry.npmjs.org/@babel%2fhelper-replace-supers set size:undefined disposed:false
2058 silly placeDep ROOT @babel/helper-member-expression-to-functions@7.29.7 OK for: @babel/helper-create-class-features-plugin@7.29.7 want: ^7.29.7
2059 silly placeDep ROOT @babel/helper-optimise-call-expression@7.29.7 OK for: @babel/helper-create-class-features-plugin@7.29.7 want: ^7.29.7
2060 silly placeDep ROOT @babel/helper-replace-supers@7.29.7 OK for: @babel/helper-create-class-features-plugin@7.29.7 want: ^7.29.7
2061 silly placeDep node_modules/@babel/helper-create-class-features-plugin semver@6.3.1 OK for: @babel/helper-create-class-features-plugin@7.29.7 want: ^6.3.1
2062 silly placeDep ROOT @babel/helper-globals@7.29.7 OK for: @babel/traverse@7.29.8 want: ^7.29.7
2063 silly placeDep ROOT @babel/helper-string-parser@7.29.7 OK for: @babel/types@7.29.8 want: ^7.29.7
2064 silly placeDep ROOT @jridgewell/sourcemap-codec@1.6.0 OK for: @jridgewell/gen-mapping@0.3.13 want: ^1.5.0
2065 silly placeDep ROOT @jridgewell/resolve-uri@3.1.2 OK for: @jridgewell/trace-mapping@0.3.31 want: ^3.1.0
2066 silly placeDep ROOT @babel/plugin-syntax-jsx@7.29.7 OK for: @vue/babel-plugin-jsx@2.0.1 want: ^7.27.1
2067 silly placeDep ROOT @vue/babel-helper-vue-transform-on@2.0.1 OK for: @vue/babel-plugin-jsx@2.0.1 want: 2.0.1
2068 silly placeDep ROOT @vue/babel-plugin-resolve-type@2.0.1 OK for: @vue/babel-plugin-jsx@2.0.1 want: 2.0.1
2069 silly fetch manifest @vue/compiler-sfc@^3.5.22
2070 silly packumentCache full:https://registry.npmjs.org/@vue%2fcompiler-sfc cache-miss
2071 http cache https://registry.npmjs.org/@vue%2fcompiler-sfc 23ms (cache hit)
2072 silly packumentCache full:https://registry.npmjs.org/@vue%2fcompiler-sfc set size:1025710 disposed:false
2073 silly placeDep ROOT @vue/compiler-sfc@3.5.42 OK for: @vue/babel-plugin-resolve-type@2.0.1 want: ^3.5.22
2074 silly fetch manifest estree-walker@^2.0.2
2075 silly packumentCache full:https://registry.npmjs.org/estree-walker cache-miss
2076 silly fetch manifest @vue/compiler-ssr@3.5.42
2077 silly packumentCache full:https://registry.npmjs.org/@vue%2fcompiler-ssr cache-miss
2078 http cache https://registry.npmjs.org/estree-walker 16ms (cache hit)
2079 silly packumentCache full:https://registry.npmjs.org/estree-walker set size:60887 disposed:false
2080 http fetch GET 200 https://registry.npmjs.org/@vue%2fcompiler-ssr 1151ms (cache miss)
2081 silly packumentCache full:https://registry.npmjs.org/@vue%2fcompiler-ssr set size:undefined disposed:false
2082 silly placeDep ROOT @vue/compiler-core@3.5.42 OK for: @vue/compiler-dom@3.5.42 want: 3.5.42
2083 silly fetch manifest entities@^7.0.1
2084 silly packumentCache full:https://registry.npmjs.org/entities cache-miss
2085 http fetch GET 200 https://registry.npmjs.org/entities 36ms (cache miss)
2086 silly packumentCache full:https://registry.npmjs.org/entities set size:undefined disposed:false
2087 silly placeDep ROOT entities@7.0.1 OK for: @vue/compiler-core@3.5.42 want: ^7.0.1
2088 silly placeDep ROOT estree-walker@2.0.2 OK for: @vue/compiler-core@3.5.42 want: ^2.0.2
2089 silly placeDep ROOT source-map-js@1.2.1 OK for: @vue/compiler-core@3.5.42 want: ^1.2.1
2090 silly placeDep ROOT @vue/compiler-ssr@3.5.42 OK for: @vue/compiler-sfc@3.5.42 want: 3.5.42
2091 silly placeDep node_modules/@vue/compiler-sfc magic-string@0.30.21 OK for: @vue/compiler-sfc@3.5.42 want: ^0.30.21
2092 silly placeDep ROOT @vue/devtools-shared@8.2.1 OK for: @vue/devtools-core@8.2.1 want: ^8.2.1
2093 silly placeDep node_modules/@vue/devtools-kit birpc@2.9.0 OK for: @vue/devtools-kit@8.2.1 want: ^2.6.1
2094 silly placeDep node_modules/@vue/devtools-kit hookable@5.5.3 OK for: @vue/devtools-kit@8.2.1 want: ^5.5.3
2095 silly placeDep ROOT caniuse-lite@1.0.30001810 OK for: autoprefixer@10.5.4 want: ^1.0.30001806
2096 silly placeDep ROOT fraction.js@5.3.4 OK for: autoprefixer@10.5.4 want: ^5.3.4
2097 silly placeDep ROOT postcss-value-parser@4.2.0 OK for: autoprefixer@10.5.4 want: ^4.2.0
2098 silly fetch manifest browserslist@>= 4.21.0
2099 silly packumentCache full:https://registry.npmjs.org/browserslist cache-hit
2100 silly placeDep ROOT baseline-browser-mapping@2.11.21 OK for: browserslist@4.28.8 want: ^2.11.12
2101 silly placeDep ROOT electron-to-chromium@1.5.422 OK for: browserslist@4.28.8 want: ^1.5.402
2102 silly placeDep ROOT node-releases@2.0.54 OK for: browserslist@4.28.8 want: ^2.0.53
2103 silly placeDep ROOT update-browserslist-db@1.3.2 OK for: browserslist@4.28.8 want: ^1.3.0
2104 silly fetch manifest escalade@^3.2.0
2105 silly packumentCache full:https://registry.npmjs.org/escalade cache-miss
2106 http fetch GET 200 https://registry.npmjs.org/escalade 32ms (cache miss)
2107 silly packumentCache full:https://registry.npmjs.org/escalade set size:undefined disposed:false
2108 silly placeDep ROOT dotenv@17.4.2 OK for: c12@3.3.4 want: ^17.3.1
2109 silly placeDep ROOT readdirp@5.1.1 OK for: chokidar@5.0.0 want: ^5.0.0
2110 silly placeDep ROOT cssnano-preset-default@8.0.10 OK for: cssnano@8.0.10 want: ^8.0.10
2111 silly placeDep ROOT lilconfig@3.1.3 OK for: cssnano@8.0.10 want: ^3.1.3
2112 silly fetch manifest postcss-calc@^10.1.1
2113 silly packumentCache full:https://registry.npmjs.org/postcss-calc cache-miss
2114 silly fetch manifest postcss-svgo@^8.0.6
2115 silly packumentCache full:https://registry.npmjs.org/postcss-svgo cache-miss
2116 silly fetch manifest cssnano-utils@^6.0.4
2117 silly packumentCache full:https://registry.npmjs.org/cssnano-utils cache-miss
2118 silly fetch manifest postcss-colormin@^8.0.5
2119 silly packumentCache full:https://registry.npmjs.org/postcss-colormin cache-miss
2120 silly fetch manifest postcss-merge-rules@^8.0.5
2121 silly packumentCache full:https://registry.npmjs.org/postcss-merge-rules cache-miss
2122 http fetch GET 200 https://registry.npmjs.org/cssnano-utils 265ms (cache miss)
2123 silly packumentCache full:https://registry.npmjs.org/cssnano-utils set size:undefined disposed:false
2124 silly fetch manifest postcss-discard-empty@^8.0.5
2125 silly packumentCache full:https://registry.npmjs.org/postcss-discard-empty cache-miss
2126 http fetch GET 200 https://registry.npmjs.org/postcss-merge-rules 270ms (cache miss)
2127 silly packumentCache full:https://registry.npmjs.org/postcss-merge-rules set size:undefined disposed:false
2128 silly fetch manifest postcss-minify-params@^8.0.4
2129 silly packumentCache full:https://registry.npmjs.org/postcss-minify-params cache-miss
2130 http fetch GET 200 https://registry.npmjs.org/postcss-calc 281ms (cache miss)
2131 silly packumentCache full:https://registry.npmjs.org/postcss-calc set size:undefined disposed:false
2132 silly fetch manifest postcss-normalize-url@^8.0.4
2133 silly packumentCache full:https://registry.npmjs.org/postcss-normalize-url cache-miss
2134 http fetch GET 200 https://registry.npmjs.org/postcss-colormin 288ms (cache miss)
2135 silly packumentCache full:https://registry.npmjs.org/postcss-colormin set size:undefined disposed:false
2136 silly fetch manifest postcss-convert-values@^8.0.4
2137 silly packumentCache full:https://registry.npmjs.org/postcss-convert-values cache-miss
2138 http fetch GET 200 https://registry.npmjs.org/postcss-svgo 408ms (cache miss)
2139 silly packumentCache full:https://registry.npmjs.org/postcss-svgo set size:undefined disposed:false
2140 silly fetch manifest postcss-merge-longhand@^8.0.4
2141 silly packumentCache full:https://registry.npmjs.org/postcss-merge-longhand cache-miss
2142 http fetch GET 200 https://registry.npmjs.org/postcss-discard-empty 259ms (cache miss)
2143 silly packumentCache full:https://registry.npmjs.org/postcss-discard-empty set size:undefined disposed:false
2144 silly fetch manifest postcss-ordered-values@^8.0.5
2145 silly packumentCache full:https://registry.npmjs.org/postcss-ordered-values cache-miss
2146 http fetch GET 200 https://registry.npmjs.org/postcss-minify-params 256ms (cache miss)
2147 silly packumentCache full:https://registry.npmjs.org/postcss-minify-params set size:undefined disposed:false
2148 silly fetch manifest postcss-reduce-initial@^8.0.5
2149 silly packumentCache full:https://registry.npmjs.org/postcss-reduce-initial cache-miss
2150 http fetch GET 200 https://registry.npmjs.org/postcss-normalize-url 261ms (cache miss)
2151 silly packumentCache full:https://registry.npmjs.org/postcss-normalize-url set size:undefined disposed:false
2152 silly fetch manifest postcss-discard-comments@^8.0.4
2153 silly packumentCache full:https://registry.npmjs.org/postcss-discard-comments cache-miss
2154 http fetch GET 200 https://registry.npmjs.org/postcss-convert-values 272ms (cache miss)
2155 silly packumentCache full:https://registry.npmjs.org/postcss-convert-values set size:undefined disposed:false
2156 silly fetch manifest postcss-minify-gradients@^8.0.6
2157 silly packumentCache full:https://registry.npmjs.org/postcss-minify-gradients cache-miss
2158 http fetch GET 200 https://registry.npmjs.org/postcss-merge-longhand 264ms (cache miss)
2159 silly packumentCache full:https://registry.npmjs.org/postcss-merge-longhand set size:undefined disposed:false
2160 silly fetch manifest postcss-minify-selectors@^8.0.5
2161 silly packumentCache full:https://registry.npmjs.org/postcss-minify-selectors cache-miss
2162 http fetch GET 200 https://registry.npmjs.org/postcss-reduce-initial 260ms (cache miss)
2163 silly packumentCache full:https://registry.npmjs.org/postcss-reduce-initial set size:undefined disposed:false
2164 silly fetch manifest postcss-normalize-string@^8.0.4
2165 silly packumentCache full:https://registry.npmjs.org/postcss-normalize-string cache-miss
2166 http fetch GET 200 https://registry.npmjs.org/postcss-minify-gradients 252ms (cache miss)
2167 silly packumentCache full:https://registry.npmjs.org/postcss-minify-gradients set size:undefined disposed:false
2168 silly fetch manifest postcss-unique-selectors@^8.0.4
2169 silly packumentCache full:https://registry.npmjs.org/postcss-unique-selectors cache-miss
2170 http fetch GET 200 https://registry.npmjs.org/postcss-discard-comments 377ms (cache miss)
2171 silly packumentCache full:https://registry.npmjs.org/postcss-discard-comments set size:undefined disposed:false
2172 silly fetch manifest postcss-normalize-charset@^8.0.5
2173 silly packumentCache full:https://registry.npmjs.org/postcss-normalize-charset cache-miss
2174 http fetch GET 200 https://registry.npmjs.org/postcss-minify-selectors 265ms (cache miss)
2175 silly packumentCache full:https://registry.npmjs.org/postcss-minify-selectors set size:undefined disposed:false
2176 silly fetch manifest postcss-normalize-unicode@^8.0.4
2177 silly packumentCache full:https://registry.npmjs.org/postcss-normalize-unicode cache-miss
2178 http fetch GET 200 https://registry.npmjs.org/postcss-ordered-values 525ms (cache miss)
2179 silly packumentCache full:https://registry.npmjs.org/postcss-ordered-values set size:undefined disposed:false
2180 silly fetch manifest postcss-reduce-transforms@^8.0.4
2181 silly packumentCache full:https://registry.npmjs.org/postcss-reduce-transforms cache-miss
2182 http fetch GET 200 https://registry.npmjs.org/postcss-normalize-string 272ms (cache miss)
2183 silly packumentCache full:https://registry.npmjs.org/postcss-normalize-string set size:undefined disposed:false
2184 silly fetch manifest postcss-discard-duplicates@^8.0.4
2185 silly packumentCache full:https://registry.npmjs.org/postcss-discard-duplicates cache-miss
2186 http fetch GET 200 https://registry.npmjs.org/postcss-unique-selectors 262ms (cache miss)
2187 silly packumentCache full:https://registry.npmjs.org/postcss-unique-selectors set size:undefined disposed:false
2188 silly fetch manifest postcss-discard-overridden@^8.0.4
2189 silly packumentCache full:https://registry.npmjs.org/postcss-discard-overridden cache-miss
2190 http fetch GET 200 https://registry.npmjs.org/postcss-normalize-unicode 264ms (cache miss)
2191 silly packumentCache full:https://registry.npmjs.org/postcss-normalize-unicode set size:undefined disposed:false
2192 silly fetch manifest postcss-minify-font-values@^8.0.4
2193 silly packumentCache full:https://registry.npmjs.org/postcss-minify-font-values cache-miss
2194 http fetch GET 200 https://registry.npmjs.org/postcss-reduce-transforms 258ms (cache miss)
2195 silly packumentCache full:https://registry.npmjs.org/postcss-reduce-transforms set size:undefined disposed:false
2196 silly fetch manifest postcss-normalize-positions@^8.0.4
2197 silly packumentCache full:https://registry.npmjs.org/postcss-normalize-positions cache-miss
2198 http fetch GET 200 https://registry.npmjs.org/postcss-discard-duplicates 267ms (cache miss)
2199 silly packumentCache full:https://registry.npmjs.org/postcss-discard-duplicates set size:undefined disposed:false
2200 silly fetch manifest postcss-normalize-whitespace@^8.0.5
2201 silly packumentCache full:https://registry.npmjs.org/postcss-normalize-whitespace cache-miss
2202 http fetch GET 200 https://registry.npmjs.org/postcss-discard-overridden 261ms (cache miss)
2203 silly packumentCache full:https://registry.npmjs.org/postcss-discard-overridden set size:undefined disposed:false
2204 silly fetch manifest postcss-normalize-repeat-style@^8.0.4
2205 silly packumentCache full:https://registry.npmjs.org/postcss-normalize-repeat-style cache-miss
2206 http fetch GET 200 https://registry.npmjs.org/postcss-normalize-charset 521ms (cache miss)
2207 silly packumentCache full:https://registry.npmjs.org/postcss-normalize-charset set size:undefined disposed:false
2208 silly fetch manifest postcss-normalize-display-values@^8.0.4
2209 silly packumentCache full:https://registry.npmjs.org/postcss-normalize-display-values cache-miss
2210 http fetch GET 200 https://registry.npmjs.org/postcss-normalize-positions 261ms (cache miss)
2211 silly packumentCache full:https://registry.npmjs.org/postcss-normalize-positions set size:undefined disposed:false
2212 silly fetch manifest postcss-normalize-timing-functions@^8.0.4
2213 silly packumentCache full:https://registry.npmjs.org/postcss-normalize-timing-functions cache-miss
2214 http fetch GET 200 https://registry.npmjs.org/postcss-normalize-whitespace 268ms (cache miss)
2215 silly packumentCache full:https://registry.npmjs.org/postcss-normalize-whitespace set size:undefined disposed:false
2216 http fetch GET 200 https://registry.npmjs.org/postcss-normalize-repeat-style 271ms (cache miss)
2217 silly packumentCache full:https://registry.npmjs.org/postcss-normalize-repeat-style set size:undefined disposed:false
2218 http fetch GET 200 https://registry.npmjs.org/postcss-normalize-display-values 254ms (cache miss)
2219 silly packumentCache full:https://registry.npmjs.org/postcss-normalize-display-values set size:undefined disposed:false
2220 http fetch GET 200 https://registry.npmjs.org/postcss-minify-font-values 520ms (cache miss)
2221 silly packumentCache full:https://registry.npmjs.org/postcss-minify-font-values set size:undefined disposed:false
2222 http fetch GET 200 https://registry.npmjs.org/postcss-normalize-timing-functions 255ms (cache miss)
2223 silly packumentCache full:https://registry.npmjs.org/postcss-normalize-timing-functions set size:undefined disposed:false
2224 silly placeDep ROOT cssnano-utils@6.0.4 OK for: cssnano-preset-default@8.0.10 want: ^6.0.4
2225 silly placeDep ROOT postcss-calc@10.1.1 OK for: cssnano-preset-default@8.0.10 want: ^10.1.1
2226 silly placeDep ROOT postcss-colormin@8.0.5 OK for: cssnano-preset-default@8.0.10 want: ^8.0.5
2227 silly placeDep ROOT postcss-convert-values@8.0.4 OK for: cssnano-preset-default@8.0.10 want: ^8.0.4
2228 silly placeDep ROOT postcss-discard-comments@8.0.4 OK for: cssnano-preset-default@8.0.10 want: ^8.0.4
2229 silly placeDep ROOT postcss-discard-duplicates@8.0.4 OK for: cssnano-preset-default@8.0.10 want: ^8.0.4
2230 silly placeDep ROOT postcss-discard-empty@8.0.5 OK for: cssnano-preset-default@8.0.10 want: ^8.0.5
2231 silly placeDep ROOT postcss-discard-overridden@8.0.4 OK for: cssnano-preset-default@8.0.10 want: ^8.0.4
2232 silly placeDep ROOT postcss-merge-longhand@8.0.4 OK for: cssnano-preset-default@8.0.10 want: ^8.0.4
2233 silly placeDep ROOT postcss-merge-rules@8.0.5 OK for: cssnano-preset-default@8.0.10 want: ^8.0.5
2234 silly placeDep ROOT postcss-minify-font-values@8.0.4 OK for: cssnano-preset-default@8.0.10 want: ^8.0.4
2235 silly placeDep ROOT postcss-minify-gradients@8.0.6 OK for: cssnano-preset-default@8.0.10 want: ^8.0.6
2236 silly placeDep ROOT postcss-minify-params@8.0.4 OK for: cssnano-preset-default@8.0.10 want: ^8.0.4
2237 silly placeDep ROOT postcss-minify-selectors@8.0.5 OK for: cssnano-preset-default@8.0.10 want: ^8.0.5
2238 silly placeDep ROOT postcss-normalize-charset@8.0.5 OK for: cssnano-preset-default@8.0.10 want: ^8.0.5
2239 silly placeDep ROOT postcss-normalize-display-values@8.0.4 OK for: cssnano-preset-default@8.0.10 want: ^8.0.4
2240 silly placeDep ROOT postcss-normalize-positions@8.0.4 OK for: cssnano-preset-default@8.0.10 want: ^8.0.4
2241 silly placeDep ROOT postcss-normalize-repeat-style@8.0.4 OK for: cssnano-preset-default@8.0.10 want: ^8.0.4
2242 silly placeDep ROOT postcss-normalize-string@8.0.4 OK for: cssnano-preset-default@8.0.10 want: ^8.0.4
2243 silly placeDep ROOT postcss-normalize-timing-functions@8.0.4 OK for: cssnano-preset-default@8.0.10 want: ^8.0.4
2244 silly placeDep ROOT postcss-normalize-unicode@8.0.4 OK for: cssnano-preset-default@8.0.10 want: ^8.0.4
2245 silly placeDep ROOT postcss-normalize-url@8.0.4 OK for: cssnano-preset-default@8.0.10 want: ^8.0.4
2246 silly placeDep ROOT postcss-normalize-whitespace@8.0.5 OK for: cssnano-preset-default@8.0.10 want: ^8.0.5
2247 silly placeDep ROOT postcss-ordered-values@8.0.5 OK for: cssnano-preset-default@8.0.10 want: ^8.0.5
2248 silly placeDep ROOT postcss-reduce-initial@8.0.5 OK for: cssnano-preset-default@8.0.10 want: ^8.0.5
2249 silly placeDep ROOT postcss-reduce-transforms@8.0.4 OK for: cssnano-preset-default@8.0.10 want: ^8.0.4
2250 silly placeDep ROOT postcss-svgo@8.0.6 OK for: cssnano-preset-default@8.0.10 want: ^8.0.6
2251 silly placeDep ROOT postcss-unique-selectors@8.0.4 OK for: cssnano-preset-default@8.0.10 want: ^8.0.4
2252 silly fetch manifest postcss-selector-parser@^7.0.0
2253 silly packumentCache full:https://registry.npmjs.org/postcss-selector-parser cache-miss
2254 silly fetch manifest caniuse-api@^4.0.0
2255 silly packumentCache full:https://registry.npmjs.org/caniuse-api cache-miss
2256 silly fetch manifest @colordx/core@^5.6.0
2257 silly packumentCache full:https://registry.npmjs.org/@colordx%2fcore cache-miss
2258 silly fetch manifest postcss-selector-parser@^7.1.5
2259 silly packumentCache full:https://registry.npmjs.org/postcss-selector-parser cache-miss
2260 silly fetch manifest stylehacks@^8.0.4
2261 silly packumentCache full:https://registry.npmjs.org/stylehacks cache-miss
2262 http fetch GET 200 https://registry.npmjs.org/postcss-selector-parser 43ms (cache miss)
2263 silly packumentCache full:https://registry.npmjs.org/postcss-selector-parser set size:undefined disposed:false
2264 silly fetch manifest caniuse-api@^4.0.0
2265 silly packumentCache full:https://registry.npmjs.org/caniuse-api cache-miss
2266 http fetch GET 200 https://registry.npmjs.org/postcss-selector-parser 54ms (cache miss)
2267 silly packumentCache full:https://registry.npmjs.org/postcss-selector-parser set size:undefined disposed:false
2268 silly fetch manifest @colordx/core@^5.6.0
2269 silly packumentCache full:https://registry.npmjs.org/@colordx%2fcore cache-miss
2270 http fetch GET 200 https://registry.npmjs.org/caniuse-api 216ms (cache miss)
2271 silly packumentCache full:https://registry.npmjs.org/caniuse-api set size:undefined disposed:false
2272 silly fetch manifest cssesc@^3.0.0
2273 silly packumentCache full:https://registry.npmjs.org/cssesc cache-miss
2274 http fetch GET 200 https://registry.npmjs.org/caniuse-api 267ms (cache miss)
2275 silly packumentCache full:https://registry.npmjs.org/caniuse-api set size:undefined disposed:false
2276 silly fetch manifest svgo@^4.1.0
2277 silly packumentCache full:https://registry.npmjs.org/svgo cache-miss
2278 http fetch GET 200 https://registry.npmjs.org/stylehacks 271ms (cache miss)
2279 silly packumentCache full:https://registry.npmjs.org/stylehacks set size:undefined disposed:false
2280 http fetch GET 200 https://registry.npmjs.org/cssesc 245ms (cache miss)
2281 silly packumentCache full:https://registry.npmjs.org/cssesc set size:undefined disposed:false
2282 http fetch GET 200 https://registry.npmjs.org/svgo 264ms (cache miss)
2283 silly packumentCache full:https://registry.npmjs.org/svgo set size:undefined disposed:false
2284 http fetch GET 200 https://registry.npmjs.org/@colordx%2fcore 650ms (cache miss)
2285 silly packumentCache full:https://registry.npmjs.org/@colordx%2fcore set size:undefined disposed:false
2286 http fetch GET 200 https://registry.npmjs.org/@colordx%2fcore 710ms (cache miss)
2287 silly packumentCache full:https://registry.npmjs.org/@colordx%2fcore set size:undefined disposed:false
2288 silly placeDep ROOT ms@2.1.3 OK for: debug@4.4.3 want: ^2.1.3
2289 silly placeDep ROOT cross-spawn@7.0.6 OK for: execa@8.0.1 want: ^7.0.3
2290 silly placeDep ROOT get-stream@8.0.1 OK for: execa@8.0.1 want: ^8.0.1
2291 silly placeDep ROOT human-signals@5.0.0 OK for: execa@8.0.1 want: ^5.0.0
2292 silly placeDep ROOT is-stream@3.0.0 OK for: execa@8.0.1 want: ^3.0.0
2293 silly placeDep ROOT merge-stream@2.0.0 OK for: execa@8.0.1 want: ^2.0.0
2294 silly placeDep ROOT npm-run-path@5.3.0 OK for: execa@8.0.1 want: ^5.1.0
2295 silly placeDep ROOT onetime@6.0.0 OK for: execa@8.0.1 want: ^6.0.0
2296 silly placeDep ROOT signal-exit@4.1.0 OK for: execa@8.0.1 want: ^4.1.0
2297 silly placeDep ROOT strip-final-newline@3.0.0 OK for: execa@8.0.1 want: ^3.0.0
2298 silly fetch manifest which@^2.0.1
2299 silly packumentCache full:https://registry.npmjs.org/which cache-miss
2300 silly fetch manifest path-key@^3.1.0
2301 silly packumentCache full:https://registry.npmjs.org/path-key cache-miss
2302 silly fetch manifest shebang-command@^2.0.0
2303 silly packumentCache full:https://registry.npmjs.org/shebang-command cache-miss
2304 silly fetch manifest path-key@^4.0.0
2305 silly packumentCache full:https://registry.npmjs.org/path-key cache-miss
2306 silly fetch manifest mimic-fn@^4.0.0
2307 silly packumentCache full:https://registry.npmjs.org/mimic-fn cache-miss
2308 http cache https://registry.npmjs.org/which 10ms (cache hit)
2309 silly packumentCache full:https://registry.npmjs.org/which set size:70087 disposed:false
2310 http fetch GET 200 https://registry.npmjs.org/path-key 44ms (cache miss)
2311 silly packumentCache full:https://registry.npmjs.org/path-key set size:undefined disposed:false
2312 http fetch GET 200 https://registry.npmjs.org/path-key 46ms (cache miss)
2313 silly packumentCache full:https://registry.npmjs.org/path-key set size:undefined disposed:false
2314 http fetch GET 200 https://registry.npmjs.org/shebang-command 47ms (cache miss)
2315 silly packumentCache full:https://registry.npmjs.org/shebang-command set size:undefined disposed:false
2316 http fetch GET 200 https://registry.npmjs.org/mimic-fn 49ms (cache miss)
2317 silly packumentCache full:https://registry.npmjs.org/mimic-fn set size:undefined disposed:false
2318 silly placeDep ROOT path-key@3.1.1 OK for: cross-spawn@7.0.6 want: ^3.1.0
2319 silly placeDep ROOT shebang-command@2.0.0 OK for: cross-spawn@7.0.6 want: ^2.0.0
2320 silly placeDep node_modules/cross-spawn which@2.0.2 OK for: cross-spawn@7.0.6 want: ^2.0.1
2321 silly fetch manifest shebang-regex@^3.0.0
2322 silly packumentCache full:https://registry.npmjs.org/shebang-regex cache-miss
2323 silly fetch manifest isexe@^2.0.0
2324 silly packumentCache full:https://registry.npmjs.org/isexe cache-miss
2325 http cache https://registry.npmjs.org/isexe 10ms (cache hit)
2326 silly packumentCache full:https://registry.npmjs.org/isexe set size:31756 disposed:false
2327 http fetch GET 200 https://registry.npmjs.org/shebang-regex 36ms (cache miss)
2328 silly packumentCache full:https://registry.npmjs.org/shebang-regex set size:undefined disposed:false
2329 silly placeDep ROOT cac@7.0.0 OK for: fast-npm-meta@2.2.0 want: ^7.0.0
2330 silly placeDep ROOT cac@6.7.14 REPLACE for: @bomb.sh/tab@0.0.19 want: ^6.7.14
2331 silly placeDep node_modules/fast-npm-meta cac@7.0.0 OK for: fast-npm-meta@2.2.0 want: ^7.0.0
2332 silly placeDep ROOT fast-string-truncated-width@3.0.3 OK for: fast-string-width@3.0.2 want: ^3.0.2
2333 silly placeDep ROOT loader-utils@3.3.1 OK for: generic-names@4.0.0 want: ^3.2.0
2334 silly placeDep node_modules/h3 cookie-es@1.2.3 OK for: h3@1.15.11 want: ^1.2.3
2335 silly placeDep ROOT crossws@0.3.5 OK for: h3@1.15.11 want: ^0.3.5
2336 silly placeDep ROOT iron-webcrypto@1.2.1 OK for: h3@1.15.11 want: ^1.2.1
2337 silly placeDep ROOT node-mock-http@1.0.5 OK for: h3@1.15.11 want: ^1.0.4
2338 silly placeDep ROOT radix3@1.1.2 OK for: h3@1.15.11 want: ^1.1.2
2339 silly placeDep ROOT es-module-lexer@2.3.2 OK for: impound@1.2.0 want: ^2.0.0
2340 silly placeDep ROOT unplugin-utils@0.3.2 OK for: impound@1.2.0 want: ^0.3.1
2341 silly placeDep ROOT global-directory@4.0.1 OK for: is-installed-globally@1.0.0 want: ^4.0.1
2342 silly placeDep ROOT is-path-inside@4.0.0 OK for: is-installed-globally@1.0.0 want: ^4.0.0
2343 silly fetch manifest ini@4.1.1
2344 silly packumentCache full:https://registry.npmjs.org/ini cache-miss
2345 http fetch GET 200 https://registry.npmjs.org/ini 37ms (cache miss)
2346 silly packumentCache full:https://registry.npmjs.org/ini set size:undefined disposed:false
2347 silly placeDep ROOT ini@4.1.1 OK for: global-directory@4.0.1 want: 4.1.1
2348 silly placeDep ROOT shell-quote@1.10.0 OK for: launch-editor@2.14.1 want: ^1.8.4
2349 silly placeDep ROOT @parcel/watcher-wasm@2.6.0 OK for: listhen@1.10.1 want: ^2.5.6
2350 silly placeDep node_modules/listhen crossws@0.4.12 OK for: listhen@1.10.1 want: ^0.4.10
2351 silly placeDep ROOT http-shutdown@1.2.2 OK for: listhen@1.10.1 want: ^1.2.2
2352 silly placeDep ROOT node-forge@1.4.0 OK for: listhen@1.10.1 want: ^1.4.0
2353 silly placeDep ROOT untun@0.2.2 OK for: listhen@1.10.1 want: ^0.2.2
2354 silly placeDep ROOT uqr@0.1.3 OK for: listhen@1.10.1 want: ^0.1.3
2355 silly fetch manifest is-glob@^4.0.3
2356 silly packumentCache full:https://registry.npmjs.org/is-glob cache-miss
2357 http fetch GET 200 https://registry.npmjs.org/is-glob 35ms (cache miss)
2358 silly packumentCache full:https://registry.npmjs.org/is-glob set size:undefined disposed:false
2359 silly placeDep ROOT is-glob@4.0.3 OK for: @parcel/watcher-wasm@2.6.0 want: ^4.0.3
2360 silly fetch manifest is-extglob@^2.1.1
2361 silly packumentCache full:https://registry.npmjs.org/is-extglob cache-miss
2362 http fetch GET 200 https://registry.npmjs.org/is-extglob 48ms (cache miss)
2363 silly packumentCache full:https://registry.npmjs.org/is-extglob set size:undefined disposed:false
2364 silly placeDep ROOT is-extglob@2.1.1 OK for: is-glob@4.0.3 want: ^2.1.1
2365 silly placeDep ROOT quansync@0.2.11 OK for: local-pkg@1.2.1 want: ^0.2.11
2366 silly placeDep ROOT yallist@3.1.1 OK for: lru-cache@5.1.1 want: ^3.0.2
2367 silly placeDep ROOT acorn@8.18.0 OK for: mlly@1.8.2 want: ^8.16.0
2368 silly placeDep node_modules/mlly pkg-types@1.3.1 OK for: mlly@1.8.2 want: ^1.3.1
2369 silly fetch manifest confbox@^0.1.8
2370 silly packumentCache full:https://registry.npmjs.org/confbox cache-hit
2371 silly fetch manifest @electric-sql/pglite@*
2372 silly packumentCache full:https://registry.npmjs.org/@electric-sql%2fpglite cache-miss
2373 http fetch GET 200 https://registry.npmjs.org/@electric-sql%2fpglite 59ms (cache miss)
2374 silly packumentCache full:https://registry.npmjs.org/@electric-sql%2fpglite set size:undefined disposed:false
2375 silly fetch manifest @libsql/client@*
2376 silly packumentCache full:https://registry.npmjs.org/@libsql%2fclient cache-miss
2377 http fetch GET 200 https://registry.npmjs.org/@libsql%2fclient 56ms (cache miss)
2378 silly packumentCache full:https://registry.npmjs.org/@libsql%2fclient set size:undefined disposed:false
2379 silly fetch manifest better-sqlite3@*
2380 silly packumentCache full:https://registry.npmjs.org/better-sqlite3 cache-miss
2381 http fetch GET 200 https://registry.npmjs.org/better-sqlite3 68ms (cache miss)
2382 silly packumentCache full:https://registry.npmjs.org/better-sqlite3 set size:undefined disposed:false
2383 silly fetch manifest drizzle-orm@*
2384 silly packumentCache full:https://registry.npmjs.org/drizzle-orm cache-miss
2385 http fetch GET 200 https://registry.npmjs.org/drizzle-orm 6012ms (cache miss)
2386 silly packumentCache full:https://registry.npmjs.org/drizzle-orm set size:undefined disposed:false
2387 silly fetch manifest @aws-sdk/client-rds-data@>=3
2388 silly packumentCache full:https://registry.npmjs.org/@aws-sdk%2fclient-rds-data cache-miss
2389 http cache https://registry.npmjs.org/@aws-sdk%2fclient-rds-data 15ms (cache hit)
2390 silly packumentCache full:https://registry.npmjs.org/@aws-sdk%2fclient-rds-data set size:3018048 disposed:false
2391 silly fetch manifest @cloudflare/workers-types@>=4
2392 silly packumentCache full:https://registry.npmjs.org/@cloudflare%2fworkers-types cache-miss
2393 http cache https://registry.npmjs.org/@cloudflare%2fworkers-types 8ms (cache hit)
2394 silly packumentCache full:https://registry.npmjs.org/@cloudflare%2fworkers-types set size:1887215 disposed:false
2395 silly fetch manifest @libsql/client-wasm@>=0.10.0
2396 silly packumentCache full:https://registry.npmjs.org/@libsql%2fclient-wasm cache-miss
2397 http cache https://registry.npmjs.org/@libsql%2fclient-wasm 9ms (cache hit)
2398 silly packumentCache full:https://registry.npmjs.org/@libsql%2fclient-wasm set size:151333 disposed:false
2399 silly fetch manifest @neondatabase/serverless@>=0.10.0
2400 silly packumentCache full:https://registry.npmjs.org/@neondatabase%2fserverless cache-miss
2401 http cache https://registry.npmjs.org/@neondatabase%2fserverless 15ms (cache hit)
2402 silly packumentCache full:https://registry.npmjs.org/@neondatabase%2fserverless set size:178582 disposed:false
2403 silly fetch manifest @op-engineering/op-sqlite@>=2
2404 silly packumentCache full:https://registry.npmjs.org/@op-engineering%2fop-sqlite cache-miss
2405 http cache https://registry.npmjs.org/@op-engineering%2fop-sqlite 5ms (cache hit)
2406 silly packumentCache full:https://registry.npmjs.org/@op-engineering%2fop-sqlite set size:561540 disposed:false
2407 silly fetch manifest @sqlite.org/sqlite-wasm@*
2408 silly packumentCache full:https://registry.npmjs.org/@sqlite.org%2fsqlite-wasm cache-miss
2409 http fetch GET 200 https://registry.npmjs.org/@sqlite.org%2fsqlite-wasm 281ms (cache miss)
2410 silly packumentCache full:https://registry.npmjs.org/@sqlite.org%2fsqlite-wasm set size:undefined disposed:false
2411 silly fetch manifest react@*
2412 silly packumentCache full:https://registry.npmjs.org/react cache-miss
2413 http fetch GET 200 https://registry.npmjs.org/react 244ms (cache miss)
2414 silly packumentCache full:https://registry.npmjs.org/react set size:undefined disposed:false
2415 silly fetch manifest react-native@*
2416 silly packumentCache full:https://registry.npmjs.org/react-native cache-miss
2417 http fetch GET 200 https://registry.npmjs.org/react-native 482ms (cache miss)
2418 silly packumentCache full:https://registry.npmjs.org/react-native set size:undefined disposed:false
2419 silly fetch manifest @types/react@^19.1.1
2420 silly packumentCache full:https://registry.npmjs.org/@types%2freact cache-miss
2421 http cache https://registry.npmjs.org/@types%2freact 21ms (cache hit)
2422 silly packumentCache full:https://registry.npmjs.org/@types%2freact set size:2637439 disposed:false
2423 silly fetch manifest @opentelemetry/api@^1.4.1
2424 silly packumentCache full:https://registry.npmjs.org/@opentelemetry%2fapi cache-miss
2425 http cache https://registry.npmjs.org/@opentelemetry%2fapi 7ms (cache hit)
2426 silly packumentCache full:https://registry.npmjs.org/@opentelemetry%2fapi set size:272967 disposed:false
2427 silly fetch manifest @planetscale/database@>=1.13
2428 silly packumentCache full:https://registry.npmjs.org/@planetscale%2fdatabase cache-miss
2429 http cache https://registry.npmjs.org/@planetscale%2fdatabase 17ms (cache hit)
2430 silly packumentCache full:https://registry.npmjs.org/@planetscale%2fdatabase set size:131439 disposed:false
2431 silly fetch manifest @prisma/client@*
2432 silly packumentCache full:https://registry.npmjs.org/@prisma%2fclient cache-miss
2433 http fetch GET 200 https://registry.npmjs.org/@prisma%2fclient 1952ms (cache miss)
2434 silly packumentCache full:https://registry.npmjs.org/@prisma%2fclient set size:undefined disposed:false
2435 silly fetch manifest prisma@*
2436 silly packumentCache full:https://registry.npmjs.org/prisma cache-miss
2437 http fetch GET 200 https://registry.npmjs.org/prisma 1041ms (cache miss)
2438 silly packumentCache full:https://registry.npmjs.org/prisma set size:undefined disposed:false
2439 silly fetch manifest typescript@>=5.4.0
2440 silly packumentCache full:https://registry.npmjs.org/typescript cache-miss
2441 http cache https://registry.npmjs.org/typescript 40ms (cache hit)
2442 silly packumentCache full:https://registry.npmjs.org/typescript set size:15635352 disposed:false
2443 silly fetch manifest @tidbcloud/serverless@*
2444 silly packumentCache full:https://registry.npmjs.org/@tidbcloud%2fserverless cache-miss
2445 http fetch GET 200 https://registry.npmjs.org/@tidbcloud%2fserverless 91ms (cache miss)
2446 silly packumentCache full:https://registry.npmjs.org/@tidbcloud%2fserverless set size:undefined disposed:false
2447 silly fetch manifest @types/better-sqlite3@*
2448 silly packumentCache full:https://registry.npmjs.org/@types%2fbetter-sqlite3 cache-miss
2449 http cache https://registry.npmjs.org/@types%2fbetter-sqlite3 21ms (cache hit)
2450 silly packumentCache full:https://registry.npmjs.org/@types%2fbetter-sqlite3 set size:85227 disposed:false
2451 silly fetch manifest @types/pg@*
2452 silly packumentCache full:https://registry.npmjs.org/@types%2fpg cache-miss
2453 http fetch GET 200 https://registry.npmjs.org/@types%2fpg 47ms (cache miss)
2454 silly packumentCache full:https://registry.npmjs.org/@types%2fpg set size:undefined disposed:false
2455 silly fetch manifest @types/sql.js@*
2456 silly packumentCache full:https://registry.npmjs.org/@types%2fsql.js cache-miss
2457 http fetch GET 200 https://registry.npmjs.org/@types%2fsql.js 40ms (cache miss)
2458 silly packumentCache full:https://registry.npmjs.org/@types%2fsql.js set size:undefined disposed:false
2459 silly fetch manifest @upstash/redis@>=1.34.7
2460 silly packumentCache full:https://registry.npmjs.org/@upstash%2fredis cache-miss
2461 http cache https://registry.npmjs.org/@upstash%2fredis 15ms (cache hit)
2462 silly packumentCache full:https://registry.npmjs.org/@upstash%2fredis set size:3933824 disposed:false
2463 silly fetch manifest @vercel/postgres@>=0.8.0
2464 silly packumentCache full:https://registry.npmjs.org/@vercel%2fpostgres cache-miss
2465 http fetch GET 200 https://registry.npmjs.org/@vercel%2fpostgres 278ms (cache miss)
2466 silly packumentCache full:https://registry.npmjs.org/@vercel%2fpostgres set size:undefined disposed:false
2467 silly fetch manifest @xata.io/client@*
2468 silly packumentCache full:https://registry.npmjs.org/@xata.io%2fclient cache-miss
2469 http fetch GET 200 https://registry.npmjs.org/@xata.io%2fclient 440ms (cache miss)
2470 silly packumentCache full:https://registry.npmjs.org/@xata.io%2fclient set size:undefined disposed:false
2471 silly fetch manifest bun-types@*
2472 silly packumentCache full:https://registry.npmjs.org/bun-types cache-miss
2473 http fetch GET 200 https://registry.npmjs.org/bun-types 337ms (cache miss)
2474 silly packumentCache full:https://registry.npmjs.org/bun-types set size:undefined disposed:false
2475 silly fetch manifest expo-sqlite@>=14.0.0
2476 silly packumentCache full:https://registry.npmjs.org/expo-sqlite cache-miss
2477 http fetch GET 200 https://registry.npmjs.org/expo-sqlite 107ms (cache miss)
2478 silly packumentCache full:https://registry.npmjs.org/expo-sqlite set size:undefined disposed:false
2479 silly fetch manifest expo@*
2480 silly packumentCache full:https://registry.npmjs.org/expo cache-miss
2481 http fetch GET 200 https://registry.npmjs.org/expo 140ms (cache miss)
2482 silly packumentCache full:https://registry.npmjs.org/expo set size:undefined disposed:false
2483 silly fetch manifest @expo/metro-runtime@*
2484 silly packumentCache full:https://registry.npmjs.org/@expo%2fmetro-runtime cache-miss
2485 http fetch GET 200 https://registry.npmjs.org/@expo%2fmetro-runtime 172ms (cache miss)
2486 silly packumentCache full:https://registry.npmjs.org/@expo%2fmetro-runtime set size:undefined disposed:false
2487 silly fetch manifest react-dom@*
2488 silly packumentCache full:https://registry.npmjs.org/react-dom cache-miss
2489 http fetch GET 200 https://registry.npmjs.org/react-dom 251ms (cache miss)
2490 silly packumentCache full:https://registry.npmjs.org/react-dom set size:undefined disposed:false
2491 silly fetch manifest react-native-web@*
2492 silly packumentCache full:https://registry.npmjs.org/react-native-web cache-miss
2493 http cache https://registry.npmjs.org/react-native-web 21ms (cache hit)
2494 silly packumentCache full:https://registry.npmjs.org/react-native-web set size:1090416 disposed:false
2495 silly fetch manifest react-native-webview@*
2496 silly packumentCache full:https://registry.npmjs.org/react-native-webview cache-miss
2497 http fetch GET 200 https://registry.npmjs.org/react-native-webview 290ms (cache miss)
2498 silly packumentCache full:https://registry.npmjs.org/react-native-webview set size:undefined disposed:false
2499 silly fetch manifest gel@>=2
2500 silly packumentCache full:https://registry.npmjs.org/gel cache-miss
2501 http fetch GET 200 https://registry.npmjs.org/gel 270ms (cache miss)
2502 silly packumentCache full:https://registry.npmjs.org/gel set size:undefined disposed:false
2503 silly fetch manifest knex@*
2504 silly packumentCache full:https://registry.npmjs.org/knex cache-miss
2505 http fetch GET 200 https://registry.npmjs.org/knex 293ms (cache miss)
2506 silly packumentCache full:https://registry.npmjs.org/knex set size:undefined disposed:false
2507 silly fetch manifest pg-query-stream@^4.14.0
2508 silly packumentCache full:https://registry.npmjs.org/pg-query-stream cache-miss
2509 http fetch GET 200 https://registry.npmjs.org/pg-query-stream 41ms (cache miss)
2510 silly packumentCache full:https://registry.npmjs.org/pg-query-stream set size:undefined disposed:false
2511 silly fetch manifest pg@^8
2512 silly packumentCache full:https://registry.npmjs.org/pg cache-miss
2513 http fetch GET 200 https://registry.npmjs.org/pg 49ms (cache miss)
2514 silly packumentCache full:https://registry.npmjs.org/pg set size:undefined disposed:false
2515 silly fetch manifest pg-native@>=3.0.1
2516 silly packumentCache full:https://registry.npmjs.org/pg-native cache-miss
2517 http fetch GET 200 https://registry.npmjs.org/pg-native 63ms (cache miss)
2518 silly packumentCache full:https://registry.npmjs.org/pg-native set size:undefined disposed:false
2519 silly fetch manifest kysely@*
2520 silly packumentCache full:https://registry.npmjs.org/kysely cache-miss
2521 http fetch GET 200 https://registry.npmjs.org/kysely 246ms (cache miss)
2522 silly packumentCache full:https://registry.npmjs.org/kysely set size:undefined disposed:false
2523 silly fetch manifest mysql2@>=2
2524 silly packumentCache full:https://registry.npmjs.org/mysql2 cache-miss
2525 http fetch GET 200 https://registry.npmjs.org/mysql2 68ms (cache miss)
2526 silly packumentCache full:https://registry.npmjs.org/mysql2 set size:undefined disposed:false
2527 silly fetch manifest @types/node@>= 8
2528 silly packumentCache full:https://registry.npmjs.org/@types%2fnode cache-miss
2529 http cache https://registry.npmjs.org/@types%2fnode 64ms (cache hit)
2530 silly packumentCache full:https://registry.npmjs.org/@types%2fnode set size:11100097 disposed:false
2531 silly fetch manifest postgres@>=3
2532 silly packumentCache full:https://registry.npmjs.org/postgres cache-miss
2533 http fetch GET 200 https://registry.npmjs.org/postgres 44ms (cache miss)
2534 silly packumentCache full:https://registry.npmjs.org/postgres set size:undefined disposed:false
2535 silly fetch manifest sql.js@>=1
2536 silly packumentCache full:https://registry.npmjs.org/sql.js cache-miss
2537 http fetch GET 200 https://registry.npmjs.org/sql.js 35ms (cache miss)
2538 silly packumentCache full:https://registry.npmjs.org/sql.js set size:undefined disposed:false
2539 silly fetch manifest sqlite3@>=5
2540 silly packumentCache full:https://registry.npmjs.org/sqlite3 cache-miss
2541 http fetch GET 200 https://registry.npmjs.org/sqlite3 49ms (cache miss)
2542 silly packumentCache full:https://registry.npmjs.org/sqlite3 set size:undefined disposed:false
2543 silly fetch manifest rolldown@1.x || ^1.0.0-beta || ^1.0.0-rc
2544 silly packumentCache full:https://registry.npmjs.org/rolldown cache-miss
2545 http cache https://registry.npmjs.org/rolldown 35ms (cache hit)
2546 silly packumentCache full:https://registry.npmjs.org/rolldown set size:3808254 disposed:false
2547 silly placeDep ROOT @cloudflare/kv-asset-handler@0.4.2 OK for: nitropack@2.13.4 want: ^0.4.2
2548 silly placeDep ROOT @rollup/plugin-alias@6.0.0 OK for: nitropack@2.13.4 want: ^6.0.0
2549 silly placeDep ROOT @rollup/plugin-commonjs@29.0.3 OK for: nitropack@2.13.4 want: ^29.0.2
2550 silly placeDep ROOT @rollup/plugin-inject@5.0.5 OK for: nitropack@2.13.4 want: ^5.0.5
2551 silly placeDep ROOT @rollup/plugin-json@6.1.0 OK for: nitropack@2.13.4 want: ^6.1.0
2552 silly placeDep ROOT @rollup/plugin-node-resolve@16.0.3 OK for: nitropack@2.13.4 want: ^16.0.3
2553 silly placeDep ROOT @rollup/plugin-replace@6.0.3 OK for: nitropack@2.13.4 want: ^6.0.3
2554 silly placeDep ROOT @rollup/plugin-terser@1.0.0 OK for: nitropack@2.13.4 want: ^1.0.0
2555 silly placeDep ROOT @vercel/nft@1.11.0 OK for: nitropack@2.13.4 want: ^1.5.0
2556 silly placeDep ROOT archiver@7.0.1 OK for: nitropack@2.13.4 want: ^7.0.1
2557 silly placeDep node_modules/nitropack cookie-es@2.0.1 OK for: nitropack@2.13.4 want: ^2.0.1
2558 silly placeDep ROOT croner@10.0.1 OK for: nitropack@2.13.4 want: ^10.0.1
2559 silly placeDep ROOT db0@0.3.4 OK for: nitropack@2.13.4 want: ^0.3.4
2560 silly placeDep ROOT dot-prop@10.2.0 OK for: nitropack@2.13.4 want: ^10.1.0
2561 silly placeDep ROOT esbuild@0.28.2 OK for: nitropack@2.13.4 want: ^0.28.0
2562 silly placeDep ROOT etag@1.8.1 OK for: nitropack@2.13.4 want: ^1.8.1
2563 silly placeDep ROOT globby@16.2.4 OK for: nitropack@2.13.4 want: ^16.2.0
2564 silly placeDep ROOT gzip-size@7.0.0 OK for: nitropack@2.13.4 want: ^7.0.0
2565 silly placeDep node_modules/nitropack hookable@5.5.3 OK for: nitropack@2.13.4 want: ^5.5.3
2566 silly placeDep ROOT httpxy@0.5.5 OK for: nitropack@2.13.4 want: ^0.5.1
2567 silly placeDep ROOT ioredis@5.11.1 OK for: nitropack@2.13.4 want: ^5.10.1
2568 silly placeDep node_modules/nitropack magic-string@0.30.21 OK for: nitropack@2.13.4 want: ^0.30.21
2569 silly placeDep ROOT mime@4.1.0 OK for: nitropack@2.13.4 want: ^4.1.0
2570 silly placeDep ROOT node-fetch-native@1.6.7 OK for: nitropack@2.13.4 want: ^1.6.7
2571 silly placeDep ROOT pretty-bytes@7.1.3 OK for: nitropack@2.13.4 want: ^7.1.0
2572 silly placeDep ROOT rollup@4.63.1 OK for: nitropack@2.13.4 want: ^4.60.2
2573 silly placeDep ROOT rollup-plugin-visualizer@7.1.1 OK for: nitropack@2.13.4 want: ^7.0.1
2574 silly placeDep ROOT serve-placeholder@2.0.2 OK for: nitropack@2.13.4 want: ^2.0.2
2575 silly placeDep ROOT serve-static@2.2.1 OK for: nitropack@2.13.4 want: ^2.2.1
2576 silly placeDep ROOT source-map@0.7.6 OK for: nitropack@2.13.4 want: ^0.7.6
2577 silly placeDep node_modules/nitropack unctx@2.5.0 OK for: nitropack@2.13.4 want: ^2.5.0
2578 silly placeDep ROOT unwasm@0.5.3 OK for: nitropack@2.13.4 want: ^0.5.3
2579 silly placeDep ROOT youch-core@0.3.3 OK for: nitropack@2.13.4 want: ^0.3.3
2580 silly fetch manifest @rollup/pluginutils@^5.0.1
2581 silly packumentCache full:https://registry.npmjs.org/@rollup%2fpluginutils cache-miss
2582 silly fetch manifest commondir@^1.0.1
2583 silly packumentCache full:https://registry.npmjs.org/commondir cache-miss
2584 silly fetch manifest fdir@^6.2.0
2585 silly packumentCache full:https://registry.npmjs.org/fdir cache-miss
2586 silly fetch manifest is-reference@1.2.1
2587 silly packumentCache full:https://registry.npmjs.org/is-reference cache-miss
2588 silly fetch manifest magic-string@^0.30.3
2589 silly packumentCache full:https://registry.npmjs.org/magic-string cache-hit
2590 silly fetch manifest @rollup/pluginutils@^5.0.1
2591 silly packumentCache full:https://registry.npmjs.org/@rollup%2fpluginutils cache-miss
2592 http cache https://registry.npmjs.org/fdir 33ms (cache hit)
2593 silly packumentCache full:https://registry.npmjs.org/fdir set size:136182 disposed:false
2594 silly fetch manifest @rollup/pluginutils@^5.1.0
2595 silly packumentCache full:https://registry.npmjs.org/@rollup%2fpluginutils cache-miss
2596 http fetch GET 200 https://registry.npmjs.org/@rollup%2fpluginutils 67ms (cache miss)
2597 silly packumentCache full:https://registry.npmjs.org/@rollup%2fpluginutils set size:undefined disposed:false
2598 silly fetch manifest @types/resolve@1.20.2
2599 silly packumentCache full:https://registry.npmjs.org/@types%2fresolve cache-miss
2600 http fetch GET 200 https://registry.npmjs.org/@rollup%2fpluginutils 82ms (cache miss)
2601 silly packumentCache full:https://registry.npmjs.org/@rollup%2fpluginutils set size:undefined disposed:false
2602 silly fetch manifest deepmerge@^4.2.2
2603 silly packumentCache full:https://registry.npmjs.org/deepmerge cache-miss
2604 http fetch GET 200 https://registry.npmjs.org/@rollup%2fpluginutils 86ms (cache miss)
2605 silly packumentCache full:https://registry.npmjs.org/@rollup%2fpluginutils set size:undefined disposed:false
2606 silly fetch manifest is-module@^1.0.0
2607 silly packumentCache full:https://registry.npmjs.org/is-module cache-miss
2608 http fetch GET 200 https://registry.npmjs.org/deepmerge 43ms (cache miss)
2609 silly packumentCache full:https://registry.npmjs.org/deepmerge set size:undefined disposed:false
2610 silly fetch manifest resolve@^1.22.1
2611 silly packumentCache full:https://registry.npmjs.org/resolve cache-miss
2612 http fetch GET 200 https://registry.npmjs.org/resolve 68ms (cache miss)
2613 silly packumentCache full:https://registry.npmjs.org/resolve set size:undefined disposed:false
2614 silly fetch manifest serialize-javascript@^7.0.3
2615 silly packumentCache full:https://registry.npmjs.org/serialize-javascript cache-miss
2616 http fetch GET 200 https://registry.npmjs.org/commondir 257ms (cache miss)
2617 silly packumentCache full:https://registry.npmjs.org/commondir set size:undefined disposed:false
2618 silly fetch manifest smob@^1.0.0
2619 silly packumentCache full:https://registry.npmjs.org/smob cache-miss
2620 http fetch GET 200 https://registry.npmjs.org/is-reference 269ms (cache miss)
2621 silly packumentCache full:https://registry.npmjs.org/is-reference set size:undefined disposed:false
2622 silly fetch manifest terser@^5.17.4
2623 silly packumentCache full:https://registry.npmjs.org/terser cache-miss
2624 http cache https://registry.npmjs.org/terser 5ms (cache hit)
2625 silly packumentCache full:https://registry.npmjs.org/terser set size:827672 disposed:false
2626 silly fetch manifest glob@^13.0.0
2627 silly packumentCache full:https://registry.npmjs.org/glob cache-miss
2628 http fetch GET 200 https://registry.npmjs.org/glob 46ms (cache miss)
2629 silly packumentCache full:https://registry.npmjs.org/glob set size:undefined disposed:false
2630 silly fetch manifest bindings@^1.4.0
2631 silly packumentCache full:https://registry.npmjs.org/bindings cache-miss
2632 http fetch GET 200 https://registry.npmjs.org/bindings 29ms (cache miss)
2633 silly packumentCache full:https://registry.npmjs.org/bindings set size:undefined disposed:false
2634 silly fetch manifest async-sema@^3.1.1
2635 silly packumentCache full:https://registry.npmjs.org/async-sema cache-miss
2636 http fetch GET 200 https://registry.npmjs.org/is-module 248ms (cache miss)
2637 silly packumentCache full:https://registry.npmjs.org/is-module set size:undefined disposed:false
2638 silly fetch manifest graceful-fs@^4.2.9
2639 silly packumentCache full:https://registry.npmjs.org/graceful-fs cache-miss
2640 http fetch GET 200 https://registry.npmjs.org/graceful-fs 38ms (cache miss)
2641 silly packumentCache full:https://registry.npmjs.org/graceful-fs set size:undefined disposed:false
2642 silly fetch manifest resolve-from@^5.0.0
2643 silly packumentCache full:https://registry.npmjs.org/resolve-from cache-miss
2644 http fetch GET 200 https://registry.npmjs.org/serialize-javascript 272ms (cache miss)
2645 silly packumentCache full:https://registry.npmjs.org/serialize-javascript set size:undefined disposed:false
2646 silly fetch manifest node-gyp-build@^4.2.2
2647 silly packumentCache full:https://registry.npmjs.org/node-gyp-build cache-miss
2648 http fetch GET 200 https://registry.npmjs.org/node-gyp-build 61ms (cache miss)
2649 silly packumentCache full:https://registry.npmjs.org/node-gyp-build set size:undefined disposed:false
2650 silly fetch manifest @rollup/pluginutils@^5.1.3
2651 silly packumentCache full:https://registry.npmjs.org/@rollup%2fpluginutils cache-miss
2652 http fetch GET 200 https://registry.npmjs.org/smob 285ms (cache miss)
2653 silly packumentCache full:https://registry.npmjs.org/smob set size:undefined disposed:false
2654 silly fetch manifest @mapbox/node-pre-gyp@^2.0.0
2655 silly packumentCache full:https://registry.npmjs.org/@mapbox%2fnode-pre-gyp cache-miss
2656 http fetch GET 200 https://registry.npmjs.org/@types%2fresolve 479ms (cache miss)
2657 silly packumentCache full:https://registry.npmjs.org/@types%2fresolve set size:undefined disposed:false
2658 silly fetch manifest acorn-import-attributes@^1.9.5
2659 silly packumentCache full:https://registry.npmjs.org/acorn-import-attributes cache-miss
2660 http cache https://registry.npmjs.org/@rollup%2fpluginutils 17ms (cache hit)
2661 silly packumentCache full:https://registry.npmjs.org/@rollup%2fpluginutils set size:121958 disposed:false
2662 silly fetch manifest async@^3.2.4
2663 silly packumentCache full:https://registry.npmjs.org/async cache-miss
2664 http fetch GET 200 https://registry.npmjs.org/acorn-import-attributes 32ms (cache miss)
2665 silly packumentCache full:https://registry.npmjs.org/acorn-import-attributes set size:undefined disposed:false
2666 silly fetch manifest tar-stream@^3.0.0
2667 silly packumentCache full:https://registry.npmjs.org/tar-stream cache-miss
2668 http fetch GET 200 https://registry.npmjs.org/async 62ms (cache miss)
2669 silly packumentCache full:https://registry.npmjs.org/async set size:undefined disposed:false
2670 silly fetch manifest zip-stream@^6.0.1
2671 silly packumentCache full:https://registry.npmjs.org/zip-stream cache-miss
2672 http fetch GET 200 https://registry.npmjs.org/async-sema 263ms (cache miss)
2673 silly packumentCache full:https://registry.npmjs.org/async-sema set size:undefined disposed:false
2674 silly fetch manifest buffer-crc32@^1.0.0
2675 silly packumentCache full:https://registry.npmjs.org/buffer-crc32 cache-miss
2676 http fetch GET 200 https://registry.npmjs.org/tar-stream 55ms (cache miss)
2677 silly packumentCache full:https://registry.npmjs.org/tar-stream set size:undefined disposed:false
2678 silly fetch manifest readdir-glob@^1.1.2
2679 silly packumentCache full:https://registry.npmjs.org/readdir-glob cache-miss
2680 http fetch GET 200 https://registry.npmjs.org/buffer-crc32 33ms (cache miss)
2681 silly packumentCache full:https://registry.npmjs.org/buffer-crc32 set size:undefined disposed:false
2682 silly fetch manifest archiver-utils@^5.0.2
2683 silly packumentCache full:https://registry.npmjs.org/archiver-utils cache-miss
2684 http fetch GET 200 https://registry.npmjs.org/readdir-glob 34ms (cache miss)
2685 silly packumentCache full:https://registry.npmjs.org/readdir-glob set size:undefined disposed:false
2686 silly fetch manifest readable-stream@^4.0.0
2687 silly packumentCache full:https://registry.npmjs.org/readable-stream cache-miss
2688 http fetch GET 200 https://registry.npmjs.org/zip-stream 67ms (cache miss)
2689 silly packumentCache full:https://registry.npmjs.org/zip-stream set size:undefined disposed:false
2690 silly fetch manifest type-fest@^5.0.0
2691 silly packumentCache full:https://registry.npmjs.org/type-fest cache-miss
2692 http fetch GET 200 https://registry.npmjs.org/archiver-utils 44ms (cache miss)
2693 silly packumentCache full:https://registry.npmjs.org/archiver-utils set size:undefined disposed:false
2694 silly fetch manifest @esbuild/aix-ppc64@0.28.2
2695 silly packumentCache full:https://registry.npmjs.org/@esbuild%2faix-ppc64 cache-miss
2696 http fetch GET 200 https://registry.npmjs.org/type-fest 62ms (cache miss)
2697 silly packumentCache full:https://registry.npmjs.org/type-fest set size:undefined disposed:false
2698 silly fetch manifest @esbuild/linux-arm@0.28.2
2699 silly packumentCache full:https://registry.npmjs.org/@esbuild%2flinux-arm cache-miss
2700 http fetch GET 200 https://registry.npmjs.org/@esbuild%2flinux-arm 59ms (cache miss)
2701 silly packumentCache full:https://registry.npmjs.org/@esbuild%2flinux-arm set size:undefined disposed:false
2702 silly fetch manifest @esbuild/linux-x64@0.28.2
2703 silly packumentCache full:https://registry.npmjs.org/@esbuild%2flinux-x64 cache-miss
2704 http fetch GET 200 https://registry.npmjs.org/@mapbox%2fnode-pre-gyp 284ms (cache miss)
2705 silly packumentCache full:https://registry.npmjs.org/@mapbox%2fnode-pre-gyp set size:undefined disposed:false
2706 silly fetch manifest @esbuild/sunos-x64@0.28.2
2707 silly packumentCache full:https://registry.npmjs.org/@esbuild%2fsunos-x64 cache-miss
2708 http fetch GET 200 https://registry.npmjs.org/@esbuild%2flinux-x64 56ms (cache miss)
2709 silly packumentCache full:https://registry.npmjs.org/@esbuild%2flinux-x64 set size:undefined disposed:false
2710 silly fetch manifest @esbuild/win32-x64@0.28.2
2711 silly packumentCache full:https://registry.npmjs.org/@esbuild%2fwin32-x64 cache-miss
2712 http fetch GET 200 https://registry.npmjs.org/@esbuild%2fsunos-x64 78ms (cache miss)
2713 silly packumentCache full:https://registry.npmjs.org/@esbuild%2fsunos-x64 set size:undefined disposed:false
2714 silly fetch manifest @esbuild/darwin-x64@0.28.2
2715 silly packumentCache full:https://registry.npmjs.org/@esbuild%2fdarwin-x64 cache-miss
2716 http fetch GET 200 https://registry.npmjs.org/resolve-from 551ms (cache miss)
2717 silly packumentCache full:https://registry.npmjs.org/resolve-from set size:undefined disposed:false
2718 silly fetch manifest @esbuild/linux-ia32@0.28.2
2719 silly packumentCache full:https://registry.npmjs.org/@esbuild%2flinux-ia32 cache-miss
2720 http fetch GET 200 https://registry.npmjs.org/@esbuild%2fwin32-x64 86ms (cache miss)
2721 silly packumentCache full:https://registry.npmjs.org/@esbuild%2fwin32-x64 set size:undefined disposed:false
2722 silly fetch manifest @esbuild/netbsd-x64@0.28.2
2723 silly packumentCache full:https://registry.npmjs.org/@esbuild%2fnetbsd-x64 cache-miss
2724 http fetch GET 200 https://registry.npmjs.org/@esbuild%2fdarwin-x64 90ms (cache miss)
2725 silly packumentCache full:https://registry.npmjs.org/@esbuild%2fdarwin-x64 set size:undefined disposed:false
2726 silly fetch manifest @esbuild/win32-ia32@0.28.2
2727 silly packumentCache full:https://registry.npmjs.org/@esbuild%2fwin32-ia32 cache-miss
2728 http fetch GET 200 https://registry.npmjs.org/@esbuild%2flinux-ia32 57ms (cache miss)
2729 silly packumentCache full:https://registry.npmjs.org/@esbuild%2flinux-ia32 set size:undefined disposed:false
2730 silly fetch manifest @esbuild/android-arm@0.28.2
2731 silly packumentCache full:https://registry.npmjs.org/@esbuild%2fandroid-arm cache-miss
2732 http fetch GET 200 https://registry.npmjs.org/@esbuild%2fnetbsd-x64 68ms (cache miss)
2733 silly packumentCache full:https://registry.npmjs.org/@esbuild%2fnetbsd-x64 set size:undefined disposed:false
2734 silly fetch manifest @esbuild/android-x64@0.28.2
2735 silly packumentCache full:https://registry.npmjs.org/@esbuild%2fandroid-x64 cache-miss
2736 http fetch GET 200 https://registry.npmjs.org/@esbuild%2fwin32-ia32 56ms (cache miss)
2737 silly packumentCache full:https://registry.npmjs.org/@esbuild%2fwin32-ia32 set size:undefined disposed:false
2738 silly fetch manifest @esbuild/freebsd-x64@0.28.2
2739 silly packumentCache full:https://registry.npmjs.org/@esbuild%2ffreebsd-x64 cache-miss
2740 http fetch GET 200 https://registry.npmjs.org/@esbuild%2fandroid-x64 59ms (cache miss)
2741 silly packumentCache full:https://registry.npmjs.org/@esbuild%2fandroid-x64 set size:undefined disposed:false
2742 silly fetch manifest @esbuild/linux-arm64@0.28.2
2743 silly packumentCache full:https://registry.npmjs.org/@esbuild%2flinux-arm64 cache-miss
2744 http fetch GET 200 https://registry.npmjs.org/@esbuild%2fandroid-arm 87ms (cache miss)
2745 silly packumentCache full:https://registry.npmjs.org/@esbuild%2fandroid-arm set size:undefined disposed:false
2746 silly fetch manifest @esbuild/linux-ppc64@0.28.2
2747 silly packumentCache full:https://registry.npmjs.org/@esbuild%2flinux-ppc64 cache-miss
2748 http fetch GET 200 https://registry.npmjs.org/readable-stream 438ms (cache miss)
2749 silly packumentCache full:https://registry.npmjs.org/readable-stream set size:undefined disposed:false
2750 silly fetch manifest @esbuild/linux-s390x@0.28.2
2751 silly packumentCache full:https://registry.npmjs.org/@esbuild%2flinux-s390x cache-miss
2752 http fetch GET 200 https://registry.npmjs.org/@esbuild%2flinux-ppc64 62ms (cache miss)
2753 silly packumentCache full:https://registry.npmjs.org/@esbuild%2flinux-ppc64 set size:undefined disposed:false
2754 silly fetch manifest @esbuild/openbsd-x64@0.28.2
2755 silly packumentCache full:https://registry.npmjs.org/@esbuild%2fopenbsd-x64 cache-miss
2756 http fetch GET 200 https://registry.npmjs.org/@esbuild%2flinux-s390x 65ms (cache miss)
2757 silly packumentCache full:https://registry.npmjs.org/@esbuild%2flinux-s390x set size:undefined disposed:false
2758 silly fetch manifest @esbuild/win32-arm64@0.28.2
2759 silly packumentCache full:https://registry.npmjs.org/@esbuild%2fwin32-arm64 cache-miss
2760 http fetch GET 200 https://registry.npmjs.org/@esbuild%2flinux-arm64 84ms (cache miss)
2761 silly packumentCache full:https://registry.npmjs.org/@esbuild%2flinux-arm64 set size:undefined disposed:false
2762 silly fetch manifest @esbuild/darwin-arm64@0.28.2
2763 silly packumentCache full:https://registry.npmjs.org/@esbuild%2fdarwin-arm64 cache-miss
2764 http fetch GET 200 https://registry.npmjs.org/@esbuild%2faix-ppc64 495ms (cache miss)
2765 silly packumentCache full:https://registry.npmjs.org/@esbuild%2faix-ppc64 set size:undefined disposed:false
2766 silly fetch manifest @esbuild/netbsd-arm64@0.28.2
2767 silly packumentCache full:https://registry.npmjs.org/@esbuild%2fnetbsd-arm64 cache-miss
2768 http fetch GET 200 https://registry.npmjs.org/@esbuild%2fwin32-arm64 55ms (cache miss)
2769 silly packumentCache full:https://registry.npmjs.org/@esbuild%2fwin32-arm64 set size:undefined disposed:false
2770 silly fetch manifest @esbuild/android-arm64@0.28.2
2771 silly packumentCache full:https://registry.npmjs.org/@esbuild%2fandroid-arm64 cache-miss
2772 http fetch GET 200 https://registry.npmjs.org/@esbuild%2ffreebsd-x64 282ms (cache miss)
2773 silly packumentCache full:https://registry.npmjs.org/@esbuild%2ffreebsd-x64 set size:undefined disposed:false
2774 silly fetch manifest @esbuild/freebsd-arm64@0.28.2
2775 silly packumentCache full:https://registry.npmjs.org/@esbuild%2ffreebsd-arm64 cache-miss
2776 http fetch GET 200 https://registry.npmjs.org/@esbuild%2fopenbsd-x64 265ms (cache miss)
2777 silly packumentCache full:https://registry.npmjs.org/@esbuild%2fopenbsd-x64 set size:undefined disposed:false
2778 silly fetch manifest @esbuild/linux-loong64@0.28.2
2779 silly packumentCache full:https://registry.npmjs.org/@esbuild%2flinux-loong64 cache-miss
2780 http fetch GET 200 https://registry.npmjs.org/@esbuild%2fdarwin-arm64 278ms (cache miss)
2781 silly packumentCache full:https://registry.npmjs.org/@esbuild%2fdarwin-arm64 set size:undefined disposed:false
2782 silly fetch manifest @esbuild/linux-riscv64@0.28.2
2783 silly packumentCache full:https://registry.npmjs.org/@esbuild%2flinux-riscv64 cache-miss
2784 http fetch GET 200 https://registry.npmjs.org/@esbuild%2flinux-loong64 66ms (cache miss)
2785 silly packumentCache full:https://registry.npmjs.org/@esbuild%2flinux-loong64 set size:undefined disposed:false
2786 silly fetch manifest @esbuild/openbsd-arm64@0.28.2
2787 silly packumentCache full:https://registry.npmjs.org/@esbuild%2fopenbsd-arm64 cache-miss
2788 http fetch GET 200 https://registry.npmjs.org/@esbuild%2fopenbsd-arm64 60ms (cache miss)
2789 silly packumentCache full:https://registry.npmjs.org/@esbuild%2fopenbsd-arm64 set size:undefined disposed:false
2790 silly fetch manifest @esbuild/linux-mips64el@0.28.2
2791 silly packumentCache full:https://registry.npmjs.org/@esbuild%2flinux-mips64el cache-miss
2792 http fetch GET 200 https://registry.npmjs.org/@esbuild%2ffreebsd-arm64 272ms (cache miss)
2793 silly packumentCache full:https://registry.npmjs.org/@esbuild%2ffreebsd-arm64 set size:undefined disposed:false
2794 silly fetch manifest @esbuild/openharmony-arm64@0.28.2
2795 silly packumentCache full:https://registry.npmjs.org/@esbuild%2fopenharmony-arm64 cache-miss
2796 http fetch GET 200 https://registry.npmjs.org/@esbuild%2fnetbsd-arm64 423ms (cache miss)
2797 silly packumentCache full:https://registry.npmjs.org/@esbuild%2fnetbsd-arm64 set size:undefined disposed:false
2798 silly fetch manifest slash@^5.1.0
2799 silly packumentCache full:https://registry.npmjs.org/slash cache-miss
2800 http fetch GET 200 https://registry.npmjs.org/@esbuild%2flinux-mips64el 65ms (cache miss)
2801 silly packumentCache full:https://registry.npmjs.org/@esbuild%2flinux-mips64el set size:undefined disposed:false
2802 silly fetch manifest fast-glob@^3.3.3
2803 silly packumentCache full:https://registry.npmjs.org/fast-glob cache-miss
2804 http fetch GET 200 https://registry.npmjs.org/slash 34ms (cache miss)
2805 silly packumentCache full:https://registry.npmjs.org/slash set size:undefined disposed:false
2806 silly fetch manifest micromatch@^4.0.8
2807 silly packumentCache full:https://registry.npmjs.org/micromatch cache-miss
2808 http fetch GET 200 https://registry.npmjs.org/fast-glob 50ms (cache miss)
2809 silly packumentCache full:https://registry.npmjs.org/fast-glob set size:undefined disposed:false
2810 silly fetch manifest unicorn-magic@^0.4.0
2811 silly packumentCache full:https://registry.npmjs.org/unicorn-magic cache-miss
2812 http fetch GET 200 https://registry.npmjs.org/micromatch 42ms (cache miss)
2813 silly packumentCache full:https://registry.npmjs.org/micromatch set size:undefined disposed:false
2814 silly fetch manifest @sindresorhus/merge-streams@^4.0.0
2815 silly packumentCache full:https://registry.npmjs.org/@sindresorhus%2fmerge-streams cache-miss
2816 http fetch GET 200 https://registry.npmjs.org/unicorn-magic 35ms (cache miss)
2817 silly packumentCache full:https://registry.npmjs.org/unicorn-magic set size:undefined disposed:false
2818 silly fetch manifest duplexer@^0.1.2
2819 silly packumentCache full:https://registry.npmjs.org/duplexer cache-miss
2820 http fetch GET 200 https://registry.npmjs.org/@esbuild%2flinux-riscv64 284ms (cache miss)
2821 silly packumentCache full:https://registry.npmjs.org/@esbuild%2flinux-riscv64 set size:undefined disposed:false
2822 silly fetch manifest denque@2.1.0
2823 silly packumentCache full:https://registry.npmjs.org/denque cache-miss
2824 http fetch GET 200 https://registry.npmjs.org/@sindresorhus%2fmerge-streams 50ms (cache miss)
2825 silly packumentCache full:https://registry.npmjs.org/@sindresorhus%2fmerge-streams set size:undefined disposed:false
2826 silly fetch manifest redis-errors@1.2.0
2827 silly packumentCache full:https://registry.npmjs.org/redis-errors cache-miss
2828 http fetch GET 200 https://registry.npmjs.org/@esbuild%2fandroid-arm64 570ms (cache miss)
2829 silly packumentCache full:https://registry.npmjs.org/@esbuild%2fandroid-arm64 set size:undefined disposed:false
2830 silly fetch manifest redis-parser@3.0.0
2831 silly packumentCache full:https://registry.npmjs.org/redis-parser cache-miss
2832 http fetch GET 200 https://registry.npmjs.org/@esbuild%2fopenharmony-arm64 278ms (cache miss)
2833 silly packumentCache full:https://registry.npmjs.org/@esbuild%2fopenharmony-arm64 set size:undefined disposed:false
2834 silly fetch manifest cluster-key-slot@1.1.1
2835 silly packumentCache full:https://registry.npmjs.org/cluster-key-slot cache-miss
2836 http fetch GET 200 https://registry.npmjs.org/redis-errors 255ms (cache miss)
2837 silly packumentCache full:https://registry.npmjs.org/redis-errors set size:undefined disposed:false
2838 silly fetch manifest @ioredis/commands@1.10.0
2839 silly packumentCache full:https://registry.npmjs.org/@ioredis%2fcommands cache-miss
2840 http fetch GET 200 https://registry.npmjs.org/denque 267ms (cache miss)
2841 silly packumentCache full:https://registry.npmjs.org/denque set size:undefined disposed:false
2842 silly fetch manifest standard-as-callback@2.1.0
2843 silly packumentCache full:https://registry.npmjs.org/standard-as-callback cache-miss
2844 http fetch GET 200 https://registry.npmjs.org/redis-parser 267ms (cache miss)
2845 silly packumentCache full:https://registry.npmjs.org/redis-parser set size:undefined disposed:false
2846 silly fetch manifest @types/estree@1.0.9
2847 silly packumentCache full:https://registry.npmjs.org/@types%2festree cache-miss
2848 http fetch GET 200 https://registry.npmjs.org/@types%2festree 37ms (cache miss)
2849 silly packumentCache full:https://registry.npmjs.org/@types%2festree set size:undefined disposed:false
2850 silly fetch manifest fsevents@~2.3.2
2851 silly packumentCache full:https://registry.npmjs.org/fsevents cache-miss
2852 http cache https://registry.npmjs.org/fsevents 5ms (cache hit)
2853 silly packumentCache full:https://registry.npmjs.org/fsevents set size:182472 disposed:false
2854 silly fetch manifest @rollup/rollup-darwin-x64@4.63.1
2855 silly packumentCache full:https://registry.npmjs.org/@rollup%2frollup-darwin-x64 cache-miss
2856 http fetch GET 200 https://registry.npmjs.org/cluster-key-slot 253ms (cache miss)
2857 silly packumentCache full:https://registry.npmjs.org/cluster-key-slot set size:undefined disposed:false
2858 silly fetch manifest @rollup/rollup-freebsd-x64@4.63.1
2859 silly packumentCache full:https://registry.npmjs.org/@rollup%2frollup-freebsd-x64 cache-miss
2860 http fetch GET 200 https://registry.npmjs.org/@rollup%2frollup-darwin-x64 60ms (cache miss)
2861 silly packumentCache full:https://registry.npmjs.org/@rollup%2frollup-darwin-x64 set size:undefined disposed:false
2862 silly fetch manifest @rollup/rollup-openbsd-x64@4.63.1
2863 silly packumentCache full:https://registry.npmjs.org/@rollup%2frollup-openbsd-x64 cache-miss
2864 http fetch GET 200 https://registry.npmjs.org/@rollup%2frollup-openbsd-x64 48ms (cache miss)
2865 silly packumentCache full:https://registry.npmjs.org/@rollup%2frollup-openbsd-x64 set size:undefined disposed:false
2866 silly fetch manifest @napi-rs/lzma-linux-x64-gnu@1.5.1
2867 silly packumentCache full:https://registry.npmjs.org/@napi-rs%2flzma-linux-x64-gnu cache-miss
2868 http fetch GET 200 https://registry.npmjs.org/@rollup%2frollup-freebsd-x64 98ms (cache miss)
2869 silly packumentCache full:https://registry.npmjs.org/@rollup%2frollup-freebsd-x64 set size:undefined disposed:false
2870 silly fetch manifest @rollup/rollup-darwin-arm64@4.63.1
2871 silly packumentCache full:https://registry.npmjs.org/@rollup%2frollup-darwin-arm64 cache-miss
2872 http fetch GET 200 https://registry.npmjs.org/standard-as-callback 256ms (cache miss)
2873 silly packumentCache full:https://registry.npmjs.org/standard-as-callback set size:undefined disposed:false
2874 silly fetch manifest @rollup/rollup-android-arm64@4.63.1
2875 silly packumentCache full:https://registry.npmjs.org/@rollup%2frollup-android-arm64 cache-miss
2876 http fetch GET 200 https://registry.npmjs.org/@napi-rs%2flzma-linux-x64-gnu 50ms (cache miss)
2877 silly packumentCache full:https://registry.npmjs.org/@napi-rs%2flzma-linux-x64-gnu set size:undefined disposed:false
2878 silly fetch manifest @rollup/rollup-freebsd-arm64@4.63.1
2879 silly packumentCache full:https://registry.npmjs.org/@rollup%2frollup-freebsd-arm64 cache-miss
2880 http fetch GET 200 https://registry.npmjs.org/@rollup%2frollup-darwin-arm64 61ms (cache miss)
2881 silly packumentCache full:https://registry.npmjs.org/@rollup%2frollup-darwin-arm64 set size:undefined disposed:false
2882 silly fetch manifest @rollup/rollup-linux-x64-gnu@4.63.1
2883 silly packumentCache full:https://registry.npmjs.org/@rollup%2frollup-linux-x64-gnu cache-miss
2884 http fetch GET 200 https://registry.npmjs.org/@rollup%2frollup-android-arm64 54ms (cache miss)
2885 silly packumentCache full:https://registry.npmjs.org/@rollup%2frollup-android-arm64 set size:undefined disposed:false
2886 silly fetch manifest @rollup/rollup-win32-x64-gnu@4.63.1
2887 silly packumentCache full:https://registry.npmjs.org/@rollup%2frollup-win32-x64-gnu cache-miss
2888 http fetch GET 200 https://registry.npmjs.org/@rollup%2frollup-freebsd-arm64 68ms (cache miss)
2889 silly packumentCache full:https://registry.npmjs.org/@rollup%2frollup-freebsd-arm64 set size:undefined disposed:false
2890 silly fetch manifest @rollup/rollup-linux-x64-musl@4.63.1
2891 silly packumentCache full:https://registry.npmjs.org/@rollup%2frollup-linux-x64-musl cache-miss
2892 http fetch GET 200 https://registry.npmjs.org/duplexer 642ms (cache miss)
2893 silly packumentCache full:https://registry.npmjs.org/duplexer set size:undefined disposed:false
2894 silly fetch manifest @rollup/rollup-win32-x64-msvc@4.63.1
2895 silly packumentCache full:https://registry.npmjs.org/@rollup%2frollup-win32-x64-msvc cache-miss
2896 http fetch GET 200 https://registry.npmjs.org/@rollup%2frollup-linux-x64-gnu 82ms (cache miss)
2897 silly packumentCache full:https://registry.npmjs.org/@rollup%2frollup-linux-x64-gnu set size:undefined disposed:false
2898 silly fetch manifest @rollup/rollup-linux-arm64-gnu@4.63.1
2899 silly packumentCache full:https://registry.npmjs.org/@rollup%2frollup-linux-arm64-gnu cache-miss
2900 http fetch GET 200 https://registry.npmjs.org/@rollup%2frollup-win32-x64-gnu 73ms (cache miss)
2901 silly packumentCache full:https://registry.npmjs.org/@rollup%2frollup-win32-x64-gnu set size:undefined disposed:false
2902 silly fetch manifest @rollup/rollup-linux-ppc64-gnu@4.63.1
2903 silly packumentCache full:https://registry.npmjs.org/@rollup%2frollup-linux-ppc64-gnu cache-miss
2904 http fetch GET 200 https://registry.npmjs.org/@rollup%2frollup-linux-x64-musl 68ms (cache miss)
2905 silly packumentCache full:https://registry.npmjs.org/@rollup%2frollup-linux-x64-musl set size:undefined disposed:false
2906 silly fetch manifest @rollup/rollup-linux-s390x-gnu@4.63.1
2907 silly packumentCache full:https://registry.npmjs.org/@rollup%2frollup-linux-s390x-gnu cache-miss
2908 http fetch GET 200 https://registry.npmjs.org/@rollup%2frollup-win32-x64-msvc 76ms (cache miss)
2909 silly packumentCache full:https://registry.npmjs.org/@rollup%2frollup-win32-x64-msvc set size:undefined disposed:false
2910 silly fetch manifest @rollup/rollup-win32-ia32-msvc@4.63.1
2911 silly packumentCache full:https://registry.npmjs.org/@rollup%2frollup-win32-ia32-msvc cache-miss
2912 http fetch GET 200 https://registry.npmjs.org/@rollup%2frollup-linux-arm64-gnu 104ms (cache miss)
2913 silly packumentCache full:https://registry.npmjs.org/@rollup%2frollup-linux-arm64-gnu set size:undefined disposed:false
2914 silly fetch manifest @rollup/rollup-android-arm-eabi@4.63.1
2915 silly packumentCache full:https://registry.npmjs.org/@rollup%2frollup-android-arm-eabi cache-miss
2916 http fetch GET 200 https://registry.npmjs.org/@rollup%2frollup-linux-ppc64-gnu 105ms (cache miss)
2917 silly packumentCache full:https://registry.npmjs.org/@rollup%2frollup-linux-ppc64-gnu set size:undefined disposed:false
2918 silly fetch manifest @rollup/rollup-linux-arm64-musl@4.63.1
2919 silly packumentCache full:https://registry.npmjs.org/@rollup%2frollup-linux-arm64-musl cache-miss
2920 http fetch GET 200 https://registry.npmjs.org/@rollup%2frollup-linux-s390x-gnu 90ms (cache miss)
2921 silly packumentCache full:https://registry.npmjs.org/@rollup%2frollup-linux-s390x-gnu set size:undefined disposed:false
2922 silly fetch manifest @rollup/rollup-linux-ppc64-musl@4.63.1
2923 silly packumentCache full:https://registry.npmjs.org/@rollup%2frollup-linux-ppc64-musl cache-miss
2924 http fetch GET 200 https://registry.npmjs.org/@rollup%2frollup-win32-ia32-msvc 82ms (cache miss)
2925 silly packumentCache full:https://registry.npmjs.org/@rollup%2frollup-win32-ia32-msvc set size:undefined disposed:false
2926 silly fetch manifest @rollup/rollup-win32-arm64-msvc@4.63.1
2927 silly packumentCache full:https://registry.npmjs.org/@rollup%2frollup-win32-arm64-msvc cache-miss
2928 http fetch GET 200 https://registry.npmjs.org/@rollup%2frollup-android-arm-eabi 62ms (cache miss)
2929 silly packumentCache full:https://registry.npmjs.org/@rollup%2frollup-android-arm-eabi set size:undefined disposed:false
2930 silly fetch manifest @rollup/rollup-linux-loong64-gnu@4.63.1
2931 silly packumentCache full:https://registry.npmjs.org/@rollup%2frollup-linux-loong64-gnu cache-miss
2932 http fetch GET 200 https://registry.npmjs.org/@rollup%2frollup-linux-arm64-musl 68ms (cache miss)
2933 silly packumentCache full:https://registry.npmjs.org/@rollup%2frollup-linux-arm64-musl set size:undefined disposed:false
2934 silly fetch manifest @rollup/rollup-linux-riscv64-gnu@4.63.1
2935 silly packumentCache full:https://registry.npmjs.org/@rollup%2frollup-linux-riscv64-gnu cache-miss
2936 http fetch GET 200 https://registry.npmjs.org/@rollup%2frollup-linux-ppc64-musl 60ms (cache miss)
2937 silly packumentCache full:https://registry.npmjs.org/@rollup%2frollup-linux-ppc64-musl set size:undefined disposed:false
2938 silly fetch manifest @rollup/rollup-openharmony-arm64@4.63.1
2939 silly packumentCache full:https://registry.npmjs.org/@rollup%2frollup-openharmony-arm64 cache-miss
2940 http fetch GET 200 https://registry.npmjs.org/@rollup%2frollup-win32-arm64-msvc 70ms (cache miss)
2941 silly packumentCache full:https://registry.npmjs.org/@rollup%2frollup-win32-arm64-msvc set size:undefined disposed:false
2942 silly fetch manifest @rollup/rollup-linux-loong64-musl@4.63.1
2943 silly packumentCache full:https://registry.npmjs.org/@rollup%2frollup-linux-loong64-musl cache-miss
2944 http fetch GET 200 https://registry.npmjs.org/@rollup%2frollup-openharmony-arm64 60ms (cache miss)
2945 silly packumentCache full:https://registry.npmjs.org/@rollup%2frollup-openharmony-arm64 set size:undefined disposed:false
2946 silly fetch manifest @rollup/rollup-linux-riscv64-musl@4.63.1
2947 silly packumentCache full:https://registry.npmjs.org/@rollup%2frollup-linux-riscv64-musl cache-miss
2948 http fetch GET 200 https://registry.npmjs.org/@rollup%2frollup-linux-loong64-gnu 84ms (cache miss)
2949 silly packumentCache full:https://registry.npmjs.org/@rollup%2frollup-linux-loong64-gnu set size:undefined disposed:false
2950 silly fetch manifest @rollup/rollup-linux-arm-gnueabihf@4.63.1
2951 silly packumentCache full:https://registry.npmjs.org/@rollup%2frollup-linux-arm-gnueabihf cache-miss
2952 http fetch GET 200 https://registry.npmjs.org/@rollup%2frollup-linux-riscv64-gnu 74ms (cache miss)
2953 silly packumentCache full:https://registry.npmjs.org/@rollup%2frollup-linux-riscv64-gnu set size:undefined disposed:false
2954 silly fetch manifest @rollup/rollup-linux-arm-musleabihf@4.63.1
2955 silly packumentCache full:https://registry.npmjs.org/@rollup%2frollup-linux-arm-musleabihf cache-miss
2956 http fetch GET 200 https://registry.npmjs.org/@rollup%2frollup-linux-loong64-musl 69ms (cache miss)
2957 silly packumentCache full:https://registry.npmjs.org/@rollup%2frollup-linux-loong64-musl set size:undefined disposed:false
2958 silly fetch manifest yargs@^18.1.0
2959 silly packumentCache full:https://registry.npmjs.org/yargs cache-miss
2960 http fetch GET 200 https://registry.npmjs.org/@rollup%2frollup-linux-riscv64-musl 50ms (cache miss)
2961 silly packumentCache full:https://registry.npmjs.org/@rollup%2frollup-linux-riscv64-musl set size:undefined disposed:false
2962 silly fetch manifest source-map@^0.8.0
2963 silly packumentCache full:https://registry.npmjs.org/source-map cache-miss
2964 http cache https://registry.npmjs.org/source-map 6ms (cache hit)
2965 silly packumentCache full:https://registry.npmjs.org/source-map set size:231637 disposed:false
2966 silly fetch manifest encodeurl@^2.0.0
2967 silly packumentCache full:https://registry.npmjs.org/encodeurl cache-miss
2968 http fetch GET 200 https://registry.npmjs.org/encodeurl 59ms (cache miss)
2969 silly packumentCache full:https://registry.npmjs.org/encodeurl set size:undefined disposed:false
2970 silly fetch manifest escape-html@^1.0.3
2971 silly packumentCache full:https://registry.npmjs.org/escape-html cache-miss
2972 http fetch GET 200 https://registry.npmjs.org/@rollup%2frollup-linux-arm-musleabihf 115ms (cache miss)
2973 silly packumentCache full:https://registry.npmjs.org/@rollup%2frollup-linux-arm-musleabihf set size:undefined disposed:false
2974 silly fetch manifest parseurl@^1.3.3
2975 silly packumentCache full:https://registry.npmjs.org/parseurl cache-miss
2976 http fetch GET 200 https://registry.npmjs.org/@rollup%2frollup-linux-arm-gnueabihf 140ms (cache miss)
2977 silly packumentCache full:https://registry.npmjs.org/@rollup%2frollup-linux-arm-gnueabihf set size:undefined disposed:false
2978 silly fetch manifest send@^1.2.0
2979 silly packumentCache full:https://registry.npmjs.org/send cache-miss
2980 http cache https://registry.npmjs.org/parseurl 34ms (cache hit)
2981 silly packumentCache full:https://registry.npmjs.org/parseurl set size:24148 disposed:false
2982 silly fetch manifest unplugin@^2.3.11
2983 silly packumentCache full:https://registry.npmjs.org/unplugin cache-hit
2984 silly fetch manifest @poppinss/exception@^1.2.2
2985 silly packumentCache full:https://registry.npmjs.org/@poppinss%2fexception cache-miss
2986 http fetch GET 200 https://registry.npmjs.org/yargs 144ms (cache miss)
2987 silly packumentCache full:https://registry.npmjs.org/yargs set size:undefined disposed:false
2988 http cache https://registry.npmjs.org/send 37ms (cache hit)
2989 silly packumentCache full:https://registry.npmjs.org/send set size:152810 disposed:false
2990 http cache https://registry.npmjs.org/escape-html 64ms (cache hit)
2991 silly packumentCache full:https://registry.npmjs.org/escape-html set size:7345 disposed:false
2992 http fetch GET 200 https://registry.npmjs.org/@poppinss%2fexception 59ms (cache miss)
2993 silly packumentCache full:https://registry.npmjs.org/@poppinss%2fexception set size:undefined disposed:false
2994 http fetch GET 200 https://registry.npmjs.org/@ioredis%2fcommands 1078ms (cache miss)
2995 silly packumentCache full:https://registry.npmjs.org/@ioredis%2fcommands set size:undefined disposed:false
2996 silly fetch manifest rollup@^2.68.0||^3.0.0||^4.0.0
2997 silly packumentCache full:https://registry.npmjs.org/rollup cache-miss
2998 http cache https://registry.npmjs.org/rollup 18ms (cache hit)
2999 silly packumentCache full:https://registry.npmjs.org/rollup set size:6315915 disposed:false
3000 silly fetch manifest picomatch@^4.0.2
3001 silly packumentCache full:https://registry.npmjs.org/picomatch cache-miss
3002 http cache https://registry.npmjs.org/picomatch 60ms (cache hit)
3003 silly packumentCache full:https://registry.npmjs.org/picomatch set size:134451 disposed:false
3004 silly placeDep ROOT @rollup/pluginutils@5.4.0 OK for: @rollup/plugin-commonjs@29.0.3 want: ^5.0.1
3005 silly placeDep ROOT commondir@1.0.1 OK for: @rollup/plugin-commonjs@29.0.3 want: ^1.0.1
3006 silly placeDep ROOT fdir@6.5.0 OK for: @rollup/plugin-commonjs@29.0.3 want: ^6.2.0
3007 silly placeDep ROOT is-reference@1.2.1 OK for: @rollup/plugin-commonjs@29.0.3 want: 1.2.1
3008 silly placeDep node_modules/@rollup/plugin-commonjs magic-string@0.30.21 OK for: @rollup/plugin-commonjs@29.0.3 want: ^0.30.3
3009 silly fetch manifest @types/estree@^1.0.0
3010 silly packumentCache full:https://registry.npmjs.org/@types%2festree cache-miss
3011 silly fetch manifest @types/estree@*
3012 silly packumentCache full:https://registry.npmjs.org/@types%2festree cache-miss
3013 http cache https://registry.npmjs.org/@types%2festree 32ms (cache hit)
3014 silly packumentCache full:https://registry.npmjs.org/@types%2festree set size:76072 disposed:false
3015 http cache https://registry.npmjs.org/@types%2festree 35ms (cache hit)
3016 silly packumentCache full:https://registry.npmjs.org/@types%2festree set size:76072 disposed:false
3017 silly packumentCache full:https://registry.npmjs.org/@types%2festree dispose
3018 silly placeDep node_modules/@rollup/plugin-inject magic-string@0.30.21 OK for: @rollup/plugin-inject@5.0.5 want: ^0.30.3
3019 silly placeDep ROOT @types/resolve@1.20.2 OK for: @rollup/plugin-node-resolve@16.0.3 want: 1.20.2
3020 silly placeDep ROOT deepmerge@4.3.1 OK for: @rollup/plugin-node-resolve@16.0.3 want: ^4.2.2
3021 silly placeDep ROOT is-module@1.0.0 OK for: @rollup/plugin-node-resolve@16.0.3 want: ^1.0.0
3022 silly placeDep ROOT resolve@1.22.12 OK for: @rollup/plugin-node-resolve@16.0.3 want: ^1.22.1
3023 silly fetch manifest es-errors@^1.3.0
3024 silly packumentCache full:https://registry.npmjs.org/es-errors cache-miss
3025 silly fetch manifest path-parse@^1.0.7
3026 silly packumentCache full:https://registry.npmjs.org/path-parse cache-miss
3027 silly fetch manifest is-core-module@^2.16.1
3028 silly packumentCache full:https://registry.npmjs.org/is-core-module cache-miss
3029 silly fetch manifest supports-preserve-symlinks-flag@^1.0.0
3030 silly packumentCache full:https://registry.npmjs.org/supports-preserve-symlinks-flag cache-miss
3031 http fetch GET 200 https://registry.npmjs.org/is-core-module 34ms (cache miss)
3032 silly packumentCache full:https://registry.npmjs.org/is-core-module set size:undefined disposed:false
3033 http fetch GET 200 https://registry.npmjs.org/es-errors 41ms (cache miss)
3034 silly packumentCache full:https://registry.npmjs.org/es-errors set size:undefined disposed:false
3035 http fetch GET 200 https://registry.npmjs.org/supports-preserve-symlinks-flag 41ms (cache miss)
3036 silly packumentCache full:https://registry.npmjs.org/supports-preserve-symlinks-flag set size:undefined disposed:false
3037 http fetch GET 200 https://registry.npmjs.org/path-parse 200ms (cache miss)
3038 silly packumentCache full:https://registry.npmjs.org/path-parse set size:undefined disposed:false
3039 silly placeDep node_modules/@rollup/plugin-replace magic-string@0.30.21 OK for: @rollup/plugin-replace@6.0.3 want: ^0.30.3
3040 silly placeDep ROOT serialize-javascript@7.1.1 OK for: @rollup/plugin-terser@1.0.0 want: ^7.0.3
3041 silly placeDep ROOT smob@1.6.2 OK for: @rollup/plugin-terser@1.0.0 want: ^1.0.0
3042 silly placeDep ROOT terser@5.51.2 OK for: @rollup/plugin-terser@1.0.0 want: ^5.17.4
3043 silly fetch manifest commander@^2.20.0
3044 silly packumentCache full:https://registry.npmjs.org/commander cache-miss
3045 silly fetch manifest source-map-support@~0.5.20
3046 silly packumentCache full:https://registry.npmjs.org/source-map-support cache-miss
3047 silly fetch manifest @jridgewell/source-map@^0.3.3
3048 silly packumentCache full:https://registry.npmjs.org/@jridgewell%2fsource-map cache-miss
3049 http cache https://registry.npmjs.org/commander 9ms (cache hit)
3050 silly packumentCache full:https://registry.npmjs.org/commander set size:353104 disposed:false
3051 http fetch GET 200 https://registry.npmjs.org/@jridgewell%2fsource-map 62ms (cache miss)
3052 silly packumentCache full:https://registry.npmjs.org/@jridgewell%2fsource-map set size:undefined disposed:false
3053 http fetch GET 200 https://registry.npmjs.org/source-map-support 252ms (cache miss)
3054 silly packumentCache full:https://registry.npmjs.org/source-map-support set size:undefined disposed:false
3055 silly placeDep ROOT @types/estree@1.0.9 OK for: @rollup/pluginutils@5.4.0 want: ^1.0.0
3056 silly fetch manifest acorn@^8.6.0
3057 silly packumentCache full:https://registry.npmjs.org/acorn cache-hit
3058 silly placeDep ROOT @mapbox/node-pre-gyp@2.0.3 OK for: @vercel/nft@1.11.0 want: ^2.0.0
3059 silly placeDep ROOT acorn-import-attributes@1.9.5 OK for: @vercel/nft@1.11.0 want: ^1.9.5
3060 silly placeDep ROOT async-sema@3.1.1 OK for: @vercel/nft@1.11.0 want: ^3.1.1
3061 silly placeDep ROOT bindings@1.5.0 OK for: @vercel/nft@1.11.0 want: ^1.4.0
3062 silly placeDep ROOT glob@13.0.6 OK for: @vercel/nft@1.11.0 want: ^13.0.0
3063 silly placeDep ROOT graceful-fs@4.2.11 OK for: @vercel/nft@1.11.0 want: ^4.2.9
3064 silly placeDep ROOT node-gyp-build@4.8.4 OK for: @vercel/nft@1.11.0 want: ^4.2.2
3065 silly placeDep ROOT resolve-from@5.0.0 OK for: @vercel/nft@1.11.0 want: ^5.0.0
3066 silly fetch manifest tar@^7.4.0
3067 silly packumentCache full:https://registry.npmjs.org/tar cache-miss
3068 silly fetch manifest nopt@^8.0.0
3069 silly packumentCache full:https://registry.npmjs.org/nopt cache-miss
3070 silly fetch manifest node-fetch@^2.6.7
3071 silly packumentCache full:https://registry.npmjs.org/node-fetch cache-miss
3072 silly fetch manifest detect-libc@^2.0.0
3073 silly packumentCache full:https://registry.npmjs.org/detect-libc cache-miss
3074 silly fetch manifest https-proxy-agent@^7.0.5
3075 silly packumentCache full:https://registry.npmjs.org/https-proxy-agent cache-miss
3076 http fetch GET 200 https://registry.npmjs.org/https-proxy-agent 35ms (cache miss)
3077 silly packumentCache full:https://registry.npmjs.org/https-proxy-agent set size:undefined disposed:false
3078 silly fetch manifest file-uri-to-path@1.0.0
3079 silly packumentCache full:https://registry.npmjs.org/file-uri-to-path cache-miss
3080 http fetch GET 200 https://registry.npmjs.org/detect-libc 95ms (cache miss)
3081 silly packumentCache full:https://registry.npmjs.org/detect-libc set size:undefined disposed:false
3082 silly fetch manifest minimatch@^10.2.2
3083 silly packumentCache full:https://registry.npmjs.org/minimatch cache-miss
3084 http fetch GET 200 https://registry.npmjs.org/tar 105ms (cache miss)
3085 silly packumentCache full:https://registry.npmjs.org/tar set size:undefined disposed:false
3086 silly fetch manifest minipass@^7.1.3
3087 silly packumentCache full:https://registry.npmjs.org/minipass cache-miss
3088 http fetch GET 200 https://registry.npmjs.org/node-fetch 121ms (cache miss)
3089 silly packumentCache full:https://registry.npmjs.org/node-fetch set size:undefined disposed:false
3090 silly fetch manifest path-scurry@^2.0.2
3091 silly packumentCache full:https://registry.npmjs.org/path-scurry cache-miss
3092 http fetch GET 200 https://registry.npmjs.org/minipass 48ms (cache miss)
3093 silly packumentCache full:https://registry.npmjs.org/minipass set size:undefined disposed:false
3094 http fetch GET 200 https://registry.npmjs.org/path-scurry 42ms (cache miss)
3095 silly packumentCache full:https://registry.npmjs.org/path-scurry set size:undefined disposed:false
3096 http fetch GET 200 https://registry.npmjs.org/minimatch 78ms (cache miss)
3097 silly packumentCache full:https://registry.npmjs.org/minimatch set size:undefined disposed:false
3098 http fetch GET 200 https://registry.npmjs.org/nopt 271ms (cache miss)
3099 silly packumentCache full:https://registry.npmjs.org/nopt set size:undefined disposed:false
3100 http fetch GET 200 https://registry.npmjs.org/file-uri-to-path 264ms (cache miss)
3101 silly packumentCache full:https://registry.npmjs.org/file-uri-to-path set size:undefined disposed:false
3102 silly fetch manifest encoding@^0.1.0
3103 silly packumentCache full:https://registry.npmjs.org/encoding cache-miss
3104 http fetch GET 200 https://registry.npmjs.org/encoding 38ms (cache miss)
3105 silly packumentCache full:https://registry.npmjs.org/encoding set size:undefined disposed:false
3106 silly placeDep ROOT detect-libc@2.1.2 OK for: @mapbox/node-pre-gyp@2.0.3 want: ^2.0.0
3107 silly placeDep ROOT https-proxy-agent@7.0.6 OK for: @mapbox/node-pre-gyp@2.0.3 want: ^7.0.5
3108 silly placeDep ROOT node-fetch@2.7.0 OK for: @mapbox/node-pre-gyp@2.0.3 want: ^2.6.7
3109 silly placeDep ROOT nopt@8.1.0 OK for: @mapbox/node-pre-gyp@2.0.3 want: ^8.0.0
3110 silly placeDep ROOT tar@7.5.22 OK for: @mapbox/node-pre-gyp@2.0.3 want: ^7.4.0
3111 silly fetch manifest agent-base@^7.1.2
3112 silly packumentCache full:https://registry.npmjs.org/agent-base cache-miss
3113 silly fetch manifest whatwg-url@^5.0.0
3114 silly packumentCache full:https://registry.npmjs.org/whatwg-url cache-miss
3115 silly fetch manifest abbrev@^3.0.0
3116 silly packumentCache full:https://registry.npmjs.org/abbrev cache-miss
3117 silly fetch manifest chownr@^3.0.0
3118 silly packumentCache full:https://registry.npmjs.org/chownr cache-miss
3119 silly fetch manifest yallist@^5.0.0
3120 silly packumentCache full:https://registry.npmjs.org/yallist cache-miss
3121 http cache https://registry.npmjs.org/yallist 6ms (cache hit)
3122 silly packumentCache full:https://registry.npmjs.org/yallist set size:34610 disposed:false
3123 silly fetch manifest minipass@^7.1.2
3124 silly packumentCache full:https://registry.npmjs.org/minipass cache-miss
3125 http cache https://registry.npmjs.org/minipass 14ms (cache hit)
3126 silly packumentCache full:https://registry.npmjs.org/minipass set size:276925 disposed:false
3127 silly fetch manifest minizlib@^3.1.0
3128 silly packumentCache full:https://registry.npmjs.org/minizlib cache-miss
3129 http fetch GET 200 https://registry.npmjs.org/abbrev 39ms (cache miss)
3130 silly packumentCache full:https://registry.npmjs.org/abbrev set size:undefined disposed:false
3131 silly fetch manifest @isaacs/fs-minipass@^4.0.0
3132 silly packumentCache full:https://registry.npmjs.org/@isaacs%2ffs-minipass cache-miss
3133 http fetch GET 200 https://registry.npmjs.org/whatwg-url 44ms (cache miss)
3134 silly packumentCache full:https://registry.npmjs.org/whatwg-url set size:undefined disposed:false
3135 http fetch GET 200 https://registry.npmjs.org/chownr 51ms (cache miss)
3136 silly packumentCache full:https://registry.npmjs.org/chownr set size:undefined disposed:false
3137 http fetch GET 200 https://registry.npmjs.org/agent-base 85ms (cache miss)
3138 silly packumentCache full:https://registry.npmjs.org/agent-base set size:undefined disposed:false
3139 http fetch GET 200 https://registry.npmjs.org/@isaacs%2ffs-minipass 54ms (cache miss)
3140 silly packumentCache full:https://registry.npmjs.org/@isaacs%2ffs-minipass set size:undefined disposed:false
3141 http fetch GET 200 https://registry.npmjs.org/minizlib 375ms (cache miss)
3142 silly packumentCache full:https://registry.npmjs.org/minizlib set size:undefined disposed:false
3143 silly placeDep ROOT archiver-utils@5.0.2 OK for: archiver@7.0.1 want: ^5.0.2
3144 silly placeDep ROOT async@3.2.6 OK for: archiver@7.0.1 want: ^3.2.4
3145 silly placeDep ROOT buffer-crc32@1.0.0 OK for: archiver@7.0.1 want: ^1.0.0
3146 silly placeDep ROOT readable-stream@4.7.0 OK for: archiver@7.0.1 want: ^4.0.0
3147 silly placeDep ROOT readdir-glob@1.1.3 OK for: archiver@7.0.1 want: ^1.1.2
3148 silly placeDep ROOT tar-stream@3.2.1 OK for: archiver@7.0.1 want: ^3.0.0
3149 silly placeDep ROOT zip-stream@6.0.1 OK for: archiver@7.0.1 want: ^6.0.1
3150 silly fetch manifest glob@^10.0.0
3151 silly packumentCache full:https://registry.npmjs.org/glob cache-miss
3152 silly fetch manifest is-stream@^2.0.1
3153 silly packumentCache full:https://registry.npmjs.org/is-stream cache-miss
3154 silly fetch manifest lazystream@^1.0.0
3155 silly packumentCache full:https://registry.npmjs.org/lazystream cache-miss
3156 silly fetch manifest lodash@^4.17.15
3157 silly packumentCache full:https://registry.npmjs.org/lodash cache-miss
3158 silly fetch manifest normalize-path@^3.0.0
3159 silly packumentCache full:https://registry.npmjs.org/normalize-path cache-miss
3160 http cache https://registry.npmjs.org/is-stream 10ms (cache hit)
3161 silly packumentCache full:https://registry.npmjs.org/is-stream set size:18582 disposed:false
3162 silly fetch manifest abort-controller@^3.0.0
3163 silly packumentCache full:https://registry.npmjs.org/abort-controller cache-miss
3164 http cache https://registry.npmjs.org/glob 13ms (cache hit)
3165 silly packumentCache full:https://registry.npmjs.org/glob set size:469465 disposed:false
3166 silly fetch manifest buffer@^6.0.3
3167 silly packumentCache full:https://registry.npmjs.org/buffer cache-miss
3168 http cache https://registry.npmjs.org/lodash 18ms (cache hit)
3169 silly packumentCache full:https://registry.npmjs.org/lodash set size:247652 disposed:false
3170 silly fetch manifest events@^3.3.0
3171 silly packumentCache full:https://registry.npmjs.org/events cache-miss
3172 http cache https://registry.npmjs.org/buffer 12ms (cache hit)
3173 silly packumentCache full:https://registry.npmjs.org/buffer set size:280480 disposed:false
3174 silly fetch manifest process@^0.11.10
3175 silly packumentCache full:https://registry.npmjs.org/process cache-miss
3176 http cache https://registry.npmjs.org/events 29ms (cache hit)
3177 silly packumentCache full:https://registry.npmjs.org/events set size:35240 disposed:false
3178 silly fetch manifest string_decoder@^1.3.0
3179 silly packumentCache full:https://registry.npmjs.org/string_decoder cache-miss
3180 http cache https://registry.npmjs.org/process 26ms (cache hit)
3181 silly packumentCache full:https://registry.npmjs.org/process set size:31260 disposed:false
3182 silly fetch manifest minimatch@^5.1.0
3183 silly packumentCache full:https://registry.npmjs.org/minimatch cache-miss
3184 http cache https://registry.npmjs.org/string_decoder 7ms (cache hit)
3185 silly packumentCache full:https://registry.npmjs.org/string_decoder set size:28441 disposed:false
3186 silly fetch manifest b4a@^1.6.4
3187 silly packumentCache full:https://registry.npmjs.org/b4a cache-miss
3188 http cache https://registry.npmjs.org/b4a 4ms (cache hit)
3189 silly packumentCache full:https://registry.npmjs.org/b4a set size:71632 disposed:false
3190 silly fetch manifest bare-fs@^4.5.5
3191 silly packumentCache full:https://registry.npmjs.org/bare-fs cache-miss
3192 http cache https://registry.npmjs.org/minimatch 10ms (cache hit)
3193 silly packumentCache full:https://registry.npmjs.org/minimatch set size:377924 disposed:false
3194 silly fetch manifest streamx@^2.15.0
3195 silly packumentCache full:https://registry.npmjs.org/streamx cache-miss
3196 http cache https://registry.npmjs.org/bare-fs 15ms (cache hit)
3197 silly packumentCache full:https://registry.npmjs.org/bare-fs set size:166518 disposed:false
3198 silly fetch manifest fast-fifo@^1.2.0
3199 silly packumentCache full:https://registry.npmjs.org/fast-fifo cache-miss
3200 http fetch GET 200 https://registry.npmjs.org/lazystream 91ms (cache miss)
3201 silly packumentCache full:https://registry.npmjs.org/lazystream set size:undefined disposed:false
3202 silly fetch manifest compress-commons@^6.0.2
3203 silly packumentCache full:https://registry.npmjs.org/compress-commons cache-miss
3204 http fetch GET 200 https://registry.npmjs.org/abort-controller 83ms (cache miss)
3205 silly packumentCache full:https://registry.npmjs.org/abort-controller set size:undefined disposed:false
3206 http fetch GET 200 https://registry.npmjs.org/fast-fifo 40ms (cache miss)
3207 silly packumentCache full:https://registry.npmjs.org/fast-fifo set size:undefined disposed:false
3208 http fetch GET 200 https://registry.npmjs.org/compress-commons 38ms (cache miss)
3209 silly packumentCache full:https://registry.npmjs.org/compress-commons set size:undefined disposed:false
3210 http fetch GET 200 https://registry.npmjs.org/normalize-path 239ms (cache miss)
3211 silly packumentCache full:https://registry.npmjs.org/normalize-path set size:undefined disposed:false
3212 http fetch GET 200 https://registry.npmjs.org/streamx 553ms (cache miss)
3213 silly packumentCache full:https://registry.npmjs.org/streamx set size:undefined disposed:false
3214 silly placeDep node_modules/archiver-utils glob@10.5.0 OK for: archiver-utils@5.0.2 want: ^10.0.0
3215 silly placeDep node_modules/archiver-utils is-stream@2.0.1 OK for: archiver-utils@5.0.2 want: ^2.0.1
3216 silly placeDep ROOT lazystream@1.0.1 OK for: archiver-utils@5.0.2 want: ^1.0.0
3217 silly placeDep ROOT lodash@4.18.1 OK for: archiver-utils@5.0.2 want: ^4.17.15
3218 silly placeDep ROOT normalize-path@3.0.0 OK for: archiver-utils@5.0.2 want: ^3.0.0
3219 silly fetch manifest jackspeak@^3.1.2
3220 silly packumentCache full:https://registry.npmjs.org/jackspeak cache-miss
3221 silly fetch manifest minimatch@^9.0.4
3222 silly packumentCache full:https://registry.npmjs.org/minimatch cache-hit
3223 silly fetch manifest path-scurry@^1.11.1
3224 silly packumentCache full:https://registry.npmjs.org/path-scurry cache-miss
3225 silly fetch manifest foreground-child@^3.1.0
3226 silly packumentCache full:https://registry.npmjs.org/foreground-child cache-miss
3227 silly fetch manifest package-json-from-dist@^1.0.0
3228 silly packumentCache full:https://registry.npmjs.org/package-json-from-dist cache-miss
3229 silly fetch manifest readable-stream@^2.0.5
3230 silly packumentCache full:https://registry.npmjs.org/readable-stream cache-miss
3231 http cache https://registry.npmjs.org/readable-stream 9ms (cache hit)
3232 silly packumentCache full:https://registry.npmjs.org/readable-stream set size:261096 disposed:false
3233 http cache https://registry.npmjs.org/path-scurry 18ms (cache hit)
3234 silly packumentCache full:https://registry.npmjs.org/path-scurry set size:117612 disposed:false
3235 http fetch GET 200 https://registry.npmjs.org/package-json-from-dist 38ms (cache miss)
3236 silly packumentCache full:https://registry.npmjs.org/package-json-from-dist set size:undefined disposed:false
3237 http fetch GET 200 https://registry.npmjs.org/foreground-child 50ms (cache miss)
3238 silly packumentCache full:https://registry.npmjs.org/foreground-child set size:undefined disposed:false
3239 http fetch GET 200 https://registry.npmjs.org/jackspeak 58ms (cache miss)
3240 silly packumentCache full:https://registry.npmjs.org/jackspeak set size:undefined disposed:false
3241 silly placeDep ROOT file-uri-to-path@1.0.0 OK for: bindings@1.5.0 want: 1.0.0
3242 silly placeDep ROOT type-fest@5.9.0 OK for: dot-prop@10.2.0 want: ^5.0.0
3243 silly fetch manifest tagged-tag@^1.0.0
3244 silly packumentCache full:https://registry.npmjs.org/tagged-tag cache-miss
3245 http fetch GET 200 https://registry.npmjs.org/tagged-tag 245ms (cache miss)
3246 silly packumentCache full:https://registry.npmjs.org/tagged-tag set size:undefined disposed:false
3247 silly placeDep ROOT @esbuild/aix-ppc64@0.28.2 OK for: esbuild@0.28.2 want: 0.28.2
3248 silly placeDep ROOT @esbuild/android-arm@0.28.2 OK for: esbuild@0.28.2 want: 0.28.2
3249 silly placeDep ROOT @esbuild/android-arm64@0.28.2 OK for: esbuild@0.28.2 want: 0.28.2
3250 silly placeDep ROOT @esbuild/android-x64@0.28.2 OK for: esbuild@0.28.2 want: 0.28.2
3251 silly placeDep ROOT @esbuild/darwin-arm64@0.28.2 OK for: esbuild@0.28.2 want: 0.28.2
3252 silly placeDep ROOT @esbuild/darwin-x64@0.28.2 OK for: esbuild@0.28.2 want: 0.28.2
3253 silly placeDep ROOT @esbuild/freebsd-arm64@0.28.2 OK for: esbuild@0.28.2 want: 0.28.2
3254 silly placeDep ROOT @esbuild/freebsd-x64@0.28.2 OK for: esbuild@0.28.2 want: 0.28.2
3255 silly placeDep ROOT @esbuild/linux-arm@0.28.2 OK for: esbuild@0.28.2 want: 0.28.2
3256 silly placeDep ROOT @esbuild/linux-arm64@0.28.2 OK for: esbuild@0.28.2 want: 0.28.2
3257 silly placeDep ROOT @esbuild/linux-ia32@0.28.2 OK for: esbuild@0.28.2 want: 0.28.2
3258 silly placeDep ROOT @esbuild/linux-loong64@0.28.2 OK for: esbuild@0.28.2 want: 0.28.2
3259 silly placeDep ROOT @esbuild/linux-mips64el@0.28.2 OK for: esbuild@0.28.2 want: 0.28.2
3260 silly placeDep ROOT @esbuild/linux-ppc64@0.28.2 OK for: esbuild@0.28.2 want: 0.28.2
3261 silly placeDep ROOT @esbuild/linux-riscv64@0.28.2 OK for: esbuild@0.28.2 want: 0.28.2
3262 silly placeDep ROOT @esbuild/linux-s390x@0.28.2 OK for: esbuild@0.28.2 want: 0.28.2
3263 silly placeDep ROOT @esbuild/linux-x64@0.28.2 OK for: esbuild@0.28.2 want: 0.28.2
3264 silly placeDep ROOT @esbuild/netbsd-arm64@0.28.2 OK for: esbuild@0.28.2 want: 0.28.2
3265 silly placeDep ROOT @esbuild/netbsd-x64@0.28.2 OK for: esbuild@0.28.2 want: 0.28.2
3266 silly placeDep ROOT @esbuild/openbsd-arm64@0.28.2 OK for: esbuild@0.28.2 want: 0.28.2
3267 silly placeDep ROOT @esbuild/openbsd-x64@0.28.2 OK for: esbuild@0.28.2 want: 0.28.2
3268 silly placeDep ROOT @esbuild/openharmony-arm64@0.28.2 OK for: esbuild@0.28.2 want: 0.28.2
3269 silly placeDep ROOT @esbuild/sunos-x64@0.28.2 OK for: esbuild@0.28.2 want: 0.28.2
3270 silly placeDep ROOT @esbuild/win32-arm64@0.28.2 OK for: esbuild@0.28.2 want: 0.28.2
3271 silly placeDep ROOT @esbuild/win32-ia32@0.28.2 OK for: esbuild@0.28.2 want: 0.28.2
3272 silly placeDep ROOT @esbuild/win32-x64@0.28.2 OK for: esbuild@0.28.2 want: 0.28.2
3273 silly placeDep ROOT minimatch@10.2.6 OK for: glob@13.0.6 want: ^10.2.2
3274 silly placeDep ROOT minipass@7.1.3 OK for: glob@13.0.6 want: ^7.1.3
3275 silly placeDep ROOT path-scurry@2.0.2 OK for: glob@13.0.6 want: ^2.0.2
3276 silly fetch manifest brace-expansion@^5.0.8
3277 silly packumentCache full:https://registry.npmjs.org/brace-expansion cache-miss
3278 silly fetch manifest lru-cache@^11.0.0
3279 silly packumentCache full:https://registry.npmjs.org/lru-cache cache-hit
3280 http fetch GET 200 https://registry.npmjs.org/brace-expansion 35ms (cache miss)
3281 silly packumentCache full:https://registry.npmjs.org/brace-expansion set size:undefined disposed:false
3282 silly placeDep ROOT @sindresorhus/merge-streams@4.0.0 OK for: globby@16.2.4 want: ^4.0.0
3283 silly placeDep ROOT fast-glob@3.3.3 OK for: globby@16.2.4 want: ^3.3.3
3284 silly placeDep ROOT micromatch@4.0.8 OK for: globby@16.2.4 want: ^4.0.8
3285 silly placeDep ROOT slash@5.1.0 OK for: globby@16.2.4 want: ^5.1.0
3286 silly placeDep ROOT unicorn-magic@0.4.0 OK for: globby@16.2.4 want: ^0.4.0
3287 silly fetch manifest @nodelib/fs.stat@^2.0.2
3288 silly packumentCache full:https://registry.npmjs.org/@nodelib%2ffs.stat cache-miss
3289 silly fetch manifest @nodelib/fs.walk@^1.2.3
3290 silly packumentCache full:https://registry.npmjs.org/@nodelib%2ffs.walk cache-miss
3291 silly fetch manifest glob-parent@^5.1.2
3292 silly packumentCache full:https://registry.npmjs.org/glob-parent cache-miss
3293 silly fetch manifest merge2@^1.3.0
3294 silly packumentCache full:https://registry.npmjs.org/merge2 cache-miss
3295 silly fetch manifest braces@^3.0.3
3296 silly packumentCache full:https://registry.npmjs.org/braces cache-miss
3297 http fetch GET 200 https://registry.npmjs.org/glob-parent 39ms (cache miss)
3298 silly packumentCache full:https://registry.npmjs.org/glob-parent set size:undefined disposed:false
3299 silly fetch manifest picomatch@^2.3.1
3300 silly packumentCache full:https://registry.npmjs.org/picomatch cache-hit
3301 http fetch GET 200 https://registry.npmjs.org/merge2 45ms (cache miss)
3302 silly packumentCache full:https://registry.npmjs.org/merge2 set size:undefined disposed:false
3303 http fetch GET 200 https://registry.npmjs.org/braces 45ms (cache miss)
3304 silly packumentCache full:https://registry.npmjs.org/braces set size:undefined disposed:false
3305 http fetch GET 200 https://registry.npmjs.org/@nodelib%2ffs.walk 91ms (cache miss)
3306 silly packumentCache full:https://registry.npmjs.org/@nodelib%2ffs.walk set size:undefined disposed:false
3307 http fetch GET 200 https://registry.npmjs.org/@nodelib%2ffs.stat 450ms (cache miss)
3308 silly packumentCache full:https://registry.npmjs.org/@nodelib%2ffs.stat set size:undefined disposed:false
3309 silly placeDep ROOT @nodelib/fs.stat@2.0.5 OK for: fast-glob@3.3.3 want: ^2.0.2
3310 silly placeDep ROOT @nodelib/fs.walk@1.2.8 OK for: fast-glob@3.3.3 want: ^1.2.3
3311 silly placeDep ROOT glob-parent@5.1.2 OK for: fast-glob@3.3.3 want: ^5.1.2
3312 silly placeDep ROOT merge2@1.4.1 OK for: fast-glob@3.3.3 want: ^1.3.0
3313 silly fetch manifest fastq@^1.6.0
3314 silly packumentCache full:https://registry.npmjs.org/fastq cache-miss
3315 silly fetch manifest @nodelib/fs.scandir@2.1.5
3316 silly packumentCache full:https://registry.npmjs.org/@nodelib%2ffs.scandir cache-miss
3317 http fetch GET 200 https://registry.npmjs.org/fastq 31ms (cache miss)
3318 silly packumentCache full:https://registry.npmjs.org/fastq set size:undefined disposed:false
3319 http fetch GET 200 https://registry.npmjs.org/@nodelib%2ffs.scandir 54ms (cache miss)
3320 silly packumentCache full:https://registry.npmjs.org/@nodelib%2ffs.scandir set size:undefined disposed:false
3321 silly placeDep ROOT @nodelib/fs.scandir@2.1.5 OK for: @nodelib/fs.walk@1.2.8 want: 2.1.5
3322 silly placeDep ROOT fastq@1.20.3 OK for: @nodelib/fs.walk@1.2.8 want: ^1.6.0
3323 silly fetch manifest run-parallel@^1.1.9
3324 silly packumentCache full:https://registry.npmjs.org/run-parallel cache-miss
3325 silly fetch manifest reusify@^1.0.4
3326 silly packumentCache full:https://registry.npmjs.org/reusify cache-miss
3327 http fetch GET 200 https://registry.npmjs.org/reusify 36ms (cache miss)
3328 silly packumentCache full:https://registry.npmjs.org/reusify set size:undefined disposed:false
3329 http fetch GET 200 https://registry.npmjs.org/run-parallel 43ms (cache miss)
3330 silly packumentCache full:https://registry.npmjs.org/run-parallel set size:undefined disposed:false
3331 silly placeDep ROOT run-parallel@1.2.0 OK for: @nodelib/fs.scandir@2.1.5 want: ^1.1.9
3332 silly fetch manifest queue-microtask@^1.2.2
3333 silly packumentCache full:https://registry.npmjs.org/queue-microtask cache-miss
3334 http fetch GET 200 https://registry.npmjs.org/queue-microtask 31ms (cache miss)
3335 silly packumentCache full:https://registry.npmjs.org/queue-microtask set size:undefined disposed:false
3336 silly placeDep ROOT reusify@1.1.0 OK for: fastq@1.20.3 want: ^1.0.4
3337 silly placeDep ROOT duplexer@0.1.2 OK for: gzip-size@7.0.0 want: ^0.1.2
3338 silly placeDep ROOT agent-base@7.1.4 OK for: https-proxy-agent@7.0.6 want: ^7.1.2
3339 silly placeDep ROOT @ioredis/commands@1.10.0 OK for: ioredis@5.11.1 want: 1.10.0
3340 silly placeDep ROOT cluster-key-slot@1.1.1 OK for: ioredis@5.11.1 want: 1.1.1
3341 silly placeDep ROOT denque@2.1.0 OK for: ioredis@5.11.1 want: 2.1.0
3342 silly placeDep ROOT redis-errors@1.2.0 OK for: ioredis@5.11.1 want: 1.2.0
3343 silly placeDep ROOT redis-parser@3.0.0 OK for: ioredis@5.11.1 want: 3.0.0
3344 silly placeDep ROOT standard-as-callback@2.1.0 OK for: ioredis@5.11.1 want: 2.1.0
3345 silly placeDep node_modules/lazystream readable-stream@2.3.8 OK for: lazystream@1.0.1 want: ^2.0.5
3346 silly fetch manifest isarray@~1.0.0
3347 silly packumentCache full:https://registry.npmjs.org/isarray cache-miss
3348 silly fetch manifest inherits@~2.0.3
3349 silly packumentCache full:https://registry.npmjs.org/inherits cache-miss
3350 silly fetch manifest safe-buffer@~5.1.1
3351 silly packumentCache full:https://registry.npmjs.org/safe-buffer cache-miss
3352 silly fetch manifest core-util-is@~1.0.0
3353 silly packumentCache full:https://registry.npmjs.org/core-util-is cache-miss
3354 silly fetch manifest string_decoder@~1.1.1
3355 silly packumentCache full:https://registry.npmjs.org/string_decoder cache-hit
3356 silly fetch manifest util-deprecate@~1.0.1
3357 silly packumentCache full:https://registry.npmjs.org/util-deprecate cache-miss
3358 http fetch GET 200 https://registry.npmjs.org/util-deprecate 77ms (cache miss)
3359 silly packumentCache full:https://registry.npmjs.org/util-deprecate set size:undefined disposed:false
3360 silly fetch manifest process-nextick-args@~2.0.0
3361 silly packumentCache full:https://registry.npmjs.org/process-nextick-args cache-miss
3362 http fetch GET 200 https://registry.npmjs.org/isarray 85ms (cache miss)
3363 silly packumentCache full:https://registry.npmjs.org/isarray set size:undefined disposed:false
3364 http fetch GET 200 https://registry.npmjs.org/core-util-is 85ms (cache miss)
3365 silly packumentCache full:https://registry.npmjs.org/core-util-is set size:undefined disposed:false
3366 http fetch GET 200 https://registry.npmjs.org/inherits 86ms (cache miss)
3367 silly packumentCache full:https://registry.npmjs.org/inherits set size:undefined disposed:false
3368 http fetch GET 200 https://registry.npmjs.org/safe-buffer 92ms (cache miss)
3369 silly packumentCache full:https://registry.npmjs.org/safe-buffer set size:undefined disposed:false
3370 http fetch GET 200 https://registry.npmjs.org/process-nextick-args 32ms (cache miss)
3371 silly packumentCache full:https://registry.npmjs.org/process-nextick-args set size:undefined disposed:false
3372 silly placeDep ROOT braces@3.0.3 OK for: micromatch@4.0.8 want: ^3.0.3
3373 silly placeDep node_modules/micromatch picomatch@2.3.2 OK for: micromatch@4.0.8 want: ^2.3.1
3374 silly fetch manifest fill-range@^7.1.1
3375 silly packumentCache full:https://registry.npmjs.org/fill-range cache-miss
3376 http fetch GET 200 https://registry.npmjs.org/fill-range 32ms (cache miss)
3377 silly packumentCache full:https://registry.npmjs.org/fill-range set size:undefined disposed:false
3378 silly placeDep ROOT fill-range@7.1.1 OK for: braces@3.0.3 want: ^7.1.1
3379 silly fetch manifest to-regex-range@^5.0.1
3380 silly packumentCache full:https://registry.npmjs.org/to-regex-range cache-miss
3381 http fetch GET 200 https://registry.npmjs.org/to-regex-range 248ms (cache miss)
3382 silly packumentCache full:https://registry.npmjs.org/to-regex-range set size:undefined disposed:false
3383 silly placeDep ROOT to-regex-range@5.0.1 OK for: fill-range@7.1.1 want: ^5.0.1
3384 silly fetch manifest is-number@^7.0.0
3385 silly packumentCache full:https://registry.npmjs.org/is-number cache-miss
3386 http fetch GET 200 https://registry.npmjs.org/is-number 40ms (cache miss)
3387 silly packumentCache full:https://registry.npmjs.org/is-number set size:undefined disposed:false
3388 silly placeDep ROOT brace-expansion@5.0.9 OK for: minimatch@10.2.6 want: ^5.0.8
3389 silly fetch manifest balanced-match@^4.0.2
3390 silly packumentCache full:https://registry.npmjs.org/balanced-match cache-miss
3391 http fetch GET 200 https://registry.npmjs.org/balanced-match 61ms (cache miss)
3392 silly packumentCache full:https://registry.npmjs.org/balanced-match set size:undefined disposed:false
3393 silly placeDep ROOT balanced-match@4.0.4 OK for: brace-expansion@5.0.9 want: ^4.0.2
3394 silly placeDep ROOT whatwg-url@5.0.0 OK for: node-fetch@2.7.0 want: ^5.0.0
3395 silly fetch manifest tr46@~0.0.3
3396 silly packumentCache full:https://registry.npmjs.org/tr46 cache-miss
3397 silly fetch manifest webidl-conversions@^3.0.0
3398 silly packumentCache full:https://registry.npmjs.org/webidl-conversions cache-miss
3399 http fetch GET 200 https://registry.npmjs.org/tr46 33ms (cache miss)
3400 silly packumentCache full:https://registry.npmjs.org/tr46 set size:undefined disposed:false
3401 http fetch GET 200 https://registry.npmjs.org/webidl-conversions 243ms (cache miss)
3402 silly packumentCache full:https://registry.npmjs.org/webidl-conversions set size:undefined disposed:false
3403 silly placeDep ROOT abbrev@3.0.1 OK for: nopt@8.1.0 want: ^3.0.0
3404 silly placeDep node_modules/npm-run-path path-key@4.0.0 OK for: npm-run-path@5.3.0 want: ^4.0.0
3405 silly placeDep ROOT mimic-fn@4.0.0 OK for: onetime@6.0.0 want: ^4.0.0
3406 silly placeDep node_modules/path-scurry lru-cache@11.5.2 OK for: path-scurry@2.0.2 want: ^11.0.0
3407 silly placeDep node_modules/pkg-types confbox@0.3.1 OK for: pkg-types@2.3.2 want: ^0.3.0
3408 silly placeDep ROOT nanoid@3.3.18 OK for: postcss@8.5.28 want: ^3.3.18
3409 silly placeDep ROOT postcss-selector-parser@7.1.6 OK for: postcss-calc@10.1.1 want: ^7.0.0
3410 silly fetch manifest util-deprecate@^1.0.2
3411 silly packumentCache full:https://registry.npmjs.org/util-deprecate cache-miss
3412 http cache https://registry.npmjs.org/util-deprecate 11ms (cache hit)
3413 silly packumentCache full:https://registry.npmjs.org/util-deprecate set size:6674 disposed:false
3414 silly placeDep ROOT @colordx/core@5.8.0 OK for: postcss-colormin@8.0.5 want: ^5.6.0
3415 silly placeDep ROOT caniuse-api@4.0.0 OK for: postcss-colormin@8.0.5 want: ^4.0.0
3416 silly placeDep ROOT stylehacks@8.0.4 OK for: postcss-merge-longhand@8.0.4 want: ^8.0.4
3417 silly placeDep ROOT cssesc@3.0.0 OK for: postcss-minify-selectors@8.0.5 want: ^3.0.0
3418 silly placeDep ROOT util-deprecate@1.0.2 OK for: postcss-selector-parser@7.1.6 want: ^1.0.2
3419 silly placeDep ROOT svgo@4.1.0 OK for: postcss-svgo@8.0.6 want: ^4.1.0
3420 silly fetch manifest sax@1.6.1
3421 silly packumentCache full:https://registry.npmjs.org/sax cache-miss
3422 silly fetch manifest csso@^5.0.5
3423 silly packumentCache full:https://registry.npmjs.org/csso cache-miss
3424 silly fetch manifest css-tree@^3.0.1
3425 silly packumentCache full:https://registry.npmjs.org/css-tree cache-miss
3426 silly fetch manifest css-what@^7.0.0
3427 silly packumentCache full:https://registry.npmjs.org/css-what cache-miss
3428 silly fetch manifest commander@^11.1.0
3429 silly packumentCache full:https://registry.npmjs.org/commander cache-hit
3430 silly fetch manifest css-select@^6.0.0
3431 silly packumentCache full:https://registry.npmjs.org/css-select cache-miss
3432 http fetch GET 200 https://registry.npmjs.org/css-what 39ms (cache miss)
3433 silly packumentCache full:https://registry.npmjs.org/css-what set size:undefined disposed:false
3434 http fetch GET 200 https://registry.npmjs.org/sax 48ms (cache miss)
3435 silly packumentCache full:https://registry.npmjs.org/sax set size:undefined disposed:false
3436 http fetch GET 200 https://registry.npmjs.org/css-select 49ms (cache miss)
3437 silly packumentCache full:https://registry.npmjs.org/css-select set size:undefined disposed:false
3438 http fetch GET 200 https://registry.npmjs.org/css-tree 53ms (cache miss)
3439 silly packumentCache full:https://registry.npmjs.org/css-tree set size:undefined disposed:false
3440 http fetch GET 200 https://registry.npmjs.org/csso 252ms (cache miss)
3441 silly packumentCache full:https://registry.npmjs.org/csso set size:undefined disposed:false
3442 silly placeDep ROOT abort-controller@3.0.0 OK for: readable-stream@4.7.0 want: ^3.0.0
3443 silly placeDep ROOT buffer@6.0.3 OK for: readable-stream@4.7.0 want: ^6.0.3
3444 silly placeDep ROOT events@3.3.0 OK for: readable-stream@4.7.0 want: ^3.3.0
3445 silly placeDep ROOT process@0.11.10 OK for: readable-stream@4.7.0 want: ^0.11.10
3446 silly placeDep ROOT string_decoder@1.3.0 OK for: readable-stream@4.7.0 want: ^1.3.0
3447 silly fetch manifest event-target-shim@^5.0.0
3448 silly packumentCache full:https://registry.npmjs.org/event-target-shim cache-miss
3449 silly fetch manifest base64-js@^1.3.1
3450 silly packumentCache full:https://registry.npmjs.org/base64-js cache-miss
3451 silly fetch manifest ieee754@^1.2.1
3452 silly packumentCache full:https://registry.npmjs.org/ieee754 cache-miss
3453 silly fetch manifest safe-buffer@~5.2.0
3454 silly packumentCache full:https://registry.npmjs.org/safe-buffer cache-miss
3455 http cache https://registry.npmjs.org/safe-buffer 7ms (cache hit)
3456 silly packumentCache full:https://registry.npmjs.org/safe-buffer set size:41183 disposed:false
3457 http fetch GET 200 https://registry.npmjs.org/event-target-shim 33ms (cache miss)
3458 silly packumentCache full:https://registry.npmjs.org/event-target-shim set size:undefined disposed:false
3459 http fetch GET 200 https://registry.npmjs.org/ieee754 42ms (cache miss)
3460 silly packumentCache full:https://registry.npmjs.org/ieee754 set size:undefined disposed:false
3461 http fetch GET 200 https://registry.npmjs.org/base64-js 47ms (cache miss)
3462 silly packumentCache full:https://registry.npmjs.org/base64-js set size:undefined disposed:false
3463 silly placeDep ROOT event-target-shim@5.0.1 OK for: abort-controller@3.0.0 want: ^5.0.0
3464 silly placeDep ROOT base64-js@1.5.1 OK for: buffer@6.0.3 want: ^1.3.1
3465 silly placeDep ROOT ieee754@1.2.1 OK for: buffer@6.0.3 want: ^1.2.1
3466 silly placeDep node_modules/readdir-glob minimatch@5.1.9 OK for: readdir-glob@1.1.3 want: ^5.1.0
3467 silly fetch manifest brace-expansion@^2.0.1
3468 silly packumentCache full:https://registry.npmjs.org/brace-expansion cache-miss
3469 http cache https://registry.npmjs.org/brace-expansion 7ms (cache hit)
3470 silly packumentCache full:https://registry.npmjs.org/brace-expansion set size:101024 disposed:false
3471 silly placeDep ROOT es-errors@1.3.0 OK for: resolve@1.22.12 want: ^1.3.0
3472 silly placeDep ROOT is-core-module@2.16.2 OK for: resolve@1.22.12 want: ^2.16.1
3473 silly placeDep ROOT path-parse@1.0.7 OK for: resolve@1.22.12 want: ^1.0.7
3474 silly placeDep ROOT supports-preserve-symlinks-flag@1.0.0 OK for: resolve@1.22.12 want: ^1.0.0
3475 silly fetch manifest hasown@^2.0.3
3476 silly packumentCache full:https://registry.npmjs.org/hasown cache-miss
3477 http fetch GET 200 https://registry.npmjs.org/hasown 32ms (cache miss)
3478 silly packumentCache full:https://registry.npmjs.org/hasown set size:undefined disposed:false
3479 silly placeDep ROOT hasown@2.0.4 OK for: is-core-module@2.16.2 want: ^2.0.3
3480 silly fetch manifest function-bind@^1.1.2
3481 silly packumentCache full:https://registry.npmjs.org/function-bind cache-miss
3482 http fetch GET 200 https://registry.npmjs.org/function-bind 34ms (cache miss)
3483 silly packumentCache full:https://registry.npmjs.org/function-bind set size:undefined disposed:false
3484 silly placeDep ROOT function-bind@1.1.2 OK for: hasown@2.0.4 want: ^1.1.2
3485 silly placeDep ROOT @oxc-project/types@0.148.0 OK for: rolldown@1.2.7 want: =0.148.0
3486 silly placeDep ROOT @rolldown/binding-android-arm-eabi@1.2.7 OK for: rolldown@1.2.7 want: 1.2.7
3487 silly placeDep ROOT @rolldown/binding-android-arm64@1.2.7 OK for: rolldown@1.2.7 want: 1.2.7
3488 silly placeDep ROOT @rolldown/binding-darwin-arm64@1.2.7 OK for: rolldown@1.2.7 want: 1.2.7
3489 silly placeDep ROOT @rolldown/binding-darwin-x64@1.2.7 OK for: rolldown@1.2.7 want: 1.2.7
3490 silly placeDep ROOT @rolldown/binding-freebsd-x64@1.2.7 OK for: rolldown@1.2.7 want: 1.2.7
3491 silly placeDep ROOT @rolldown/binding-linux-arm-gnueabihf@1.2.7 OK for: rolldown@1.2.7 want: 1.2.7
3492 silly placeDep ROOT @rolldown/binding-linux-arm64-gnu@1.2.7 OK for: rolldown@1.2.7 want: 1.2.7
3493 silly placeDep ROOT @rolldown/binding-linux-arm64-musl@1.2.7 OK for: rolldown@1.2.7 want: 1.2.7
3494 silly placeDep ROOT @rolldown/binding-linux-ppc64-gnu@1.2.7 OK for: rolldown@1.2.7 want: 1.2.7
3495 silly placeDep ROOT @rolldown/binding-linux-s390x-gnu@1.2.7 OK for: rolldown@1.2.7 want: 1.2.7
3496 silly placeDep ROOT @rolldown/binding-linux-x64-gnu@1.2.7 OK for: rolldown@1.2.7 want: 1.2.7
3497 silly placeDep ROOT @rolldown/binding-linux-x64-musl@1.2.7 OK for: rolldown@1.2.7 want: 1.2.7
3498 silly placeDep ROOT @rolldown/binding-openharmony-arm64@1.2.7 OK for: rolldown@1.2.7 want: 1.2.7
3499 silly placeDep ROOT @rolldown/binding-win32-arm64-msvc@1.2.7 OK for: rolldown@1.2.7 want: 1.2.7
3500 silly placeDep ROOT @rolldown/binding-win32-x64-msvc@1.2.7 OK for: rolldown@1.2.7 want: 1.2.7
3501 silly placeDep ROOT @napi-rs/lzma-linux-x64-gnu@1.5.1 OK for: rollup@4.63.1 want: 1.5.1
3502 silly placeDep ROOT @rollup/rollup-android-arm-eabi@4.63.1 OK for: rollup@4.63.1 want: 4.63.1
3503 silly placeDep ROOT @rollup/rollup-android-arm64@4.63.1 OK for: rollup@4.63.1 want: 4.63.1
3504 silly placeDep ROOT @rollup/rollup-darwin-arm64@4.63.1 OK for: rollup@4.63.1 want: 4.63.1
3505 silly placeDep ROOT @rollup/rollup-darwin-x64@4.63.1 OK for: rollup@4.63.1 want: 4.63.1
3506 silly placeDep ROOT @rollup/rollup-freebsd-arm64@4.63.1 OK for: rollup@4.63.1 want: 4.63.1
3507 silly placeDep ROOT @rollup/rollup-freebsd-x64@4.63.1 OK for: rollup@4.63.1 want: 4.63.1
3508 silly placeDep ROOT @rollup/rollup-linux-arm-gnueabihf@4.63.1 OK for: rollup@4.63.1 want: 4.63.1
3509 silly placeDep ROOT @rollup/rollup-linux-arm-musleabihf@4.63.1 OK for: rollup@4.63.1 want: 4.63.1
3510 silly placeDep ROOT @rollup/rollup-linux-arm64-gnu@4.63.1 OK for: rollup@4.63.1 want: 4.63.1
3511 silly placeDep ROOT @rollup/rollup-linux-arm64-musl@4.63.1 OK for: rollup@4.63.1 want: 4.63.1
3512 silly placeDep ROOT @rollup/rollup-linux-loong64-gnu@4.63.1 OK for: rollup@4.63.1 want: 4.63.1
3513 silly placeDep ROOT @rollup/rollup-linux-loong64-musl@4.63.1 OK for: rollup@4.63.1 want: 4.63.1
3514 silly placeDep ROOT @rollup/rollup-linux-ppc64-gnu@4.63.1 OK for: rollup@4.63.1 want: 4.63.1
3515 silly placeDep ROOT @rollup/rollup-linux-ppc64-musl@4.63.1 OK for: rollup@4.63.1 want: 4.63.1
3516 silly placeDep ROOT @rollup/rollup-linux-riscv64-gnu@4.63.1 OK for: rollup@4.63.1 want: 4.63.1
3517 silly placeDep ROOT @rollup/rollup-linux-riscv64-musl@4.63.1 OK for: rollup@4.63.1 want: 4.63.1
3518 silly placeDep ROOT @rollup/rollup-linux-s390x-gnu@4.63.1 OK for: rollup@4.63.1 want: 4.63.1
3519 silly placeDep ROOT @rollup/rollup-linux-x64-gnu@4.63.1 OK for: rollup@4.63.1 want: 4.63.1
3520 silly placeDep ROOT @rollup/rollup-linux-x64-musl@4.63.1 OK for: rollup@4.63.1 want: 4.63.1
3521 silly placeDep ROOT @rollup/rollup-openbsd-x64@4.63.1 OK for: rollup@4.63.1 want: 4.63.1
3522 silly placeDep ROOT @rollup/rollup-openharmony-arm64@4.63.1 OK for: rollup@4.63.1 want: 4.63.1
3523 silly placeDep ROOT @rollup/rollup-win32-arm64-msvc@4.63.1 OK for: rollup@4.63.1 want: 4.63.1
3524 silly placeDep ROOT @rollup/rollup-win32-ia32-msvc@4.63.1 OK for: rollup@4.63.1 want: 4.63.1
3525 silly placeDep ROOT @rollup/rollup-win32-x64-gnu@4.63.1 OK for: rollup@4.63.1 want: 4.63.1
3526 silly placeDep ROOT @rollup/rollup-win32-x64-msvc@4.63.1 OK for: rollup@4.63.1 want: 4.63.1
3527 silly placeDep ROOT fsevents@2.3.3 OK for: rollup@4.63.1 want: ~2.3.2
3528 silly placeDep ROOT open@11.0.2 OK for: rollup-plugin-visualizer@7.1.1 want: ^11.0.0
3529 silly placeDep node_modules/rollup-plugin-visualizer source-map@0.8.0 OK for: rollup-plugin-visualizer@7.1.1 want: ^0.8.0
3530 silly placeDep ROOT yargs@18.1.0 OK for: rollup-plugin-visualizer@7.1.1 want: ^18.1.0
3531 silly fetch manifest is-in-ssh@^1.0.0
3532 silly packumentCache full:https://registry.npmjs.org/is-in-ssh cache-miss
3533 silly fetch manifest wsl-utils@^1.0.0
3534 silly packumentCache full:https://registry.npmjs.org/wsl-utils cache-miss
3535 silly fetch manifest default-browser@^5.5.1
3536 silly packumentCache full:https://registry.npmjs.org/default-browser cache-miss
3537 silly fetch manifest define-lazy-prop@^3.0.0
3538 silly packumentCache full:https://registry.npmjs.org/define-lazy-prop cache-miss
3539 silly fetch manifest powershell-utils@^0.2.1
3540 silly packumentCache full:https://registry.npmjs.org/powershell-utils cache-miss
3541 http fetch GET 200 https://registry.npmjs.org/is-in-ssh 35ms (cache miss)
3542 silly packumentCache full:https://registry.npmjs.org/is-in-ssh set size:undefined disposed:false
3543 silly fetch manifest is-inside-container@^1.0.0
3544 silly packumentCache full:https://registry.npmjs.org/is-inside-container cache-miss
3545 http fetch GET 200 https://registry.npmjs.org/define-lazy-prop 52ms (cache miss)
3546 silly packumentCache full:https://registry.npmjs.org/define-lazy-prop set size:undefined disposed:false
3547 silly fetch manifest y18n@^5.0.5
3548 silly packumentCache full:https://registry.npmjs.org/y18n cache-miss
3549 http fetch GET 200 https://registry.npmjs.org/powershell-utils 63ms (cache miss)
3550 silly packumentCache full:https://registry.npmjs.org/powershell-utils set size:undefined disposed:false
3551 silly fetch manifest cliui@^9.0.1
3552 silly packumentCache full:https://registry.npmjs.org/cliui cache-miss
3553 http fetch GET 200 https://registry.npmjs.org/default-browser 71ms (cache miss)
3554 silly packumentCache full:https://registry.npmjs.org/default-browser set size:undefined disposed:false
3555 silly fetch manifest escalade@^3.1.1
3556 silly packumentCache full:https://registry.npmjs.org/escalade cache-miss
3557 http fetch GET 200 https://registry.npmjs.org/wsl-utils 73ms (cache miss)
3558 silly packumentCache full:https://registry.npmjs.org/wsl-utils set size:undefined disposed:false
3559 silly fetch manifest string-width@^8.2.1
3560 silly packumentCache full:https://registry.npmjs.org/string-width cache-miss
3561 http cache https://registry.npmjs.org/escalade 16ms (cache hit)
3562 silly packumentCache full:https://registry.npmjs.org/escalade set size:33724 disposed:false
3563 silly fetch manifest yargs-parser@^22.0.0
3564 silly packumentCache full:https://registry.npmjs.org/yargs-parser cache-miss
3565 http fetch GET 200 https://registry.npmjs.org/is-inside-container 57ms (cache miss)
3566 silly packumentCache full:https://registry.npmjs.org/is-inside-container set size:undefined disposed:false
3567 silly fetch manifest get-caller-file@^2.0.5
3568 silly packumentCache full:https://registry.npmjs.org/get-caller-file cache-miss
3569 http fetch GET 200 https://registry.npmjs.org/y18n 59ms (cache miss)
3570 silly packumentCache full:https://registry.npmjs.org/y18n set size:undefined disposed:false
3571 http fetch GET 200 https://registry.npmjs.org/cliui 54ms (cache miss)
3572 silly packumentCache full:https://registry.npmjs.org/cliui set size:undefined disposed:false
3573 http fetch GET 200 https://registry.npmjs.org/string-width 47ms (cache miss)
3574 silly packumentCache full:https://registry.npmjs.org/string-width set size:undefined disposed:false
3575 http fetch GET 200 https://registry.npmjs.org/get-caller-file 57ms (cache miss)
3576 silly packumentCache full:https://registry.npmjs.org/get-caller-file set size:undefined disposed:false
3577 http fetch GET 200 https://registry.npmjs.org/yargs-parser 64ms (cache miss)
3578 silly packumentCache full:https://registry.npmjs.org/yargs-parser set size:undefined disposed:false
3579 silly placeDep ROOT default-browser@5.5.1 OK for: open@11.0.2 want: ^5.5.1
3580 silly placeDep ROOT define-lazy-prop@3.0.0 OK for: open@11.0.2 want: ^3.0.0
3581 silly placeDep ROOT is-in-ssh@1.0.0 OK for: open@11.0.2 want: ^1.0.0
3582 silly placeDep ROOT is-inside-container@1.0.0 OK for: open@11.0.2 want: ^1.0.0
3583 silly placeDep ROOT powershell-utils@0.2.1 OK for: open@11.0.2 want: ^0.2.1
3584 silly placeDep ROOT wsl-utils@1.0.0 OK for: open@11.0.2 want: ^1.0.0
3585 silly fetch manifest bundle-name@^4.1.0
3586 silly packumentCache full:https://registry.npmjs.org/bundle-name cache-miss
3587 silly fetch manifest default-browser-id@^5.0.0
3588 silly packumentCache full:https://registry.npmjs.org/default-browser-id cache-miss
3589 silly fetch manifest is-docker@^3.0.0
3590 silly packumentCache full:https://registry.npmjs.org/is-docker cache-miss
3591 silly fetch manifest is-wsl@^3.1.0
3592 silly packumentCache full:https://registry.npmjs.org/is-wsl cache-miss
3593 silly fetch manifest powershell-utils@^0.1.0
3594 silly packumentCache full:https://registry.npmjs.org/powershell-utils cache-miss
3595 http cache https://registry.npmjs.org/powershell-utils 7ms (cache hit)
3596 silly packumentCache full:https://registry.npmjs.org/powershell-utils set size:12045 disposed:false
3597 http fetch GET 200 https://registry.npmjs.org/is-docker 43ms (cache miss)
3598 silly packumentCache full:https://registry.npmjs.org/is-docker set size:undefined disposed:false
3599 http fetch GET 200 https://registry.npmjs.org/bundle-name 47ms (cache miss)
3600 silly packumentCache full:https://registry.npmjs.org/bundle-name set size:undefined disposed:false
3601 http fetch GET 200 https://registry.npmjs.org/default-browser-id 49ms (cache miss)
3602 silly packumentCache full:https://registry.npmjs.org/default-browser-id set size:undefined disposed:false
3603 http fetch GET 200 https://registry.npmjs.org/is-wsl 52ms (cache miss)
3604 silly packumentCache full:https://registry.npmjs.org/is-wsl set size:undefined disposed:false
3605 silly placeDep ROOT bundle-name@4.1.0 OK for: default-browser@5.5.1 want: ^4.1.0
3606 silly placeDep ROOT default-browser-id@5.0.1 OK for: default-browser@5.5.1 want: ^5.0.0
3607 silly fetch manifest run-applescript@^7.0.0
3608 silly packumentCache full:https://registry.npmjs.org/run-applescript cache-miss
3609 http fetch GET 200 https://registry.npmjs.org/run-applescript 34ms (cache miss)
3610 silly packumentCache full:https://registry.npmjs.org/run-applescript set size:undefined disposed:false
3611 silly placeDep ROOT run-applescript@7.1.0 OK for: bundle-name@4.1.0 want: ^7.0.0
3612 silly placeDep ROOT is-docker@3.0.0 OK for: is-inside-container@1.0.0 want: ^3.0.0
3613 silly placeDep ROOT queue-microtask@1.2.3 OK for: run-parallel@1.2.0 want: ^1.2.2
3614 silly placeDep ROOT encodeurl@2.0.0 OK for: serve-static@2.2.1 want: ^2.0.0
3615 silly placeDep ROOT escape-html@1.0.3 OK for: serve-static@2.2.1 want: ^1.0.3
3616 silly placeDep ROOT parseurl@1.3.3 OK for: serve-static@2.2.1 want: ^1.3.3
3617 silly placeDep ROOT send@1.2.1 OK for: serve-static@2.2.1 want: ^1.2.0
3618 silly fetch manifest fresh@^2.0.0
3619 silly packumentCache full:https://registry.npmjs.org/fresh cache-miss
3620 silly fetch manifest http-errors@^2.0.1
3621 silly packumentCache full:https://registry.npmjs.org/http-errors cache-miss
3622 silly fetch manifest mime-types@^3.0.2
3623 silly packumentCache full:https://registry.npmjs.org/mime-types cache-miss
3624 silly fetch manifest on-finished@^2.4.1
3625 silly packumentCache full:https://registry.npmjs.org/on-finished cache-miss
3626 silly fetch manifest range-parser@^1.2.1
3627 silly packumentCache full:https://registry.npmjs.org/range-parser cache-miss
3628 http fetch GET 200 https://registry.npmjs.org/on-finished 36ms (cache miss)
3629 silly packumentCache full:https://registry.npmjs.org/on-finished set size:undefined disposed:false
3630 silly fetch manifest statuses@^2.0.2
3631 silly packumentCache full:https://registry.npmjs.org/statuses cache-miss
3632 http fetch GET 200 https://registry.npmjs.org/range-parser 62ms (cache miss)
3633 silly packumentCache full:https://registry.npmjs.org/range-parser set size:undefined disposed:false
3634 http fetch GET 200 https://registry.npmjs.org/http-errors 84ms (cache miss)
3635 silly packumentCache full:https://registry.npmjs.org/http-errors set size:undefined disposed:false
3636 http fetch GET 200 https://registry.npmjs.org/fresh 96ms (cache miss)
3637 silly packumentCache full:https://registry.npmjs.org/fresh set size:undefined disposed:false
3638 http fetch GET 200 https://registry.npmjs.org/mime-types 98ms (cache miss)
3639 silly packumentCache full:https://registry.npmjs.org/mime-types set size:undefined disposed:false
3640 http fetch GET 200 https://registry.npmjs.org/statuses 73ms (cache miss)
3641 silly packumentCache full:https://registry.npmjs.org/statuses set size:undefined disposed:false
3642 silly placeDep ROOT fresh@2.0.0 OK for: send@1.2.1 want: ^2.0.0
3643 silly placeDep ROOT http-errors@2.0.1 OK for: send@1.2.1 want: ^2.0.1
3644 silly placeDep ROOT mime-types@3.0.2 OK for: send@1.2.1 want: ^3.0.2
3645 silly placeDep ROOT on-finished@2.4.1 OK for: send@1.2.1 want: ^2.4.1
3646 silly placeDep ROOT range-parser@1.3.0 OK for: send@1.2.1 want: ^1.2.1
3647 silly placeDep ROOT statuses@2.0.2 OK for: send@1.2.1 want: ^2.0.2
3648 silly fetch manifest depd@~2.0.0
3649 silly packumentCache full:https://registry.npmjs.org/depd cache-miss
3650 silly fetch manifest inherits@~2.0.4
3651 silly packumentCache full:https://registry.npmjs.org/inherits cache-miss
3652 silly fetch manifest setprototypeof@~1.2.0
3653 silly packumentCache full:https://registry.npmjs.org/setprototypeof cache-miss
3654 silly fetch manifest statuses@~2.0.2
3655 silly packumentCache full:https://registry.npmjs.org/statuses cache-miss
3656 silly fetch manifest toidentifier@~1.0.1
3657 silly packumentCache full:https://registry.npmjs.org/toidentifier cache-miss
3658 http cache https://registry.npmjs.org/inherits 14ms (cache hit)
3659 silly packumentCache full:https://registry.npmjs.org/inherits set size:12925 disposed:false
3660 silly fetch manifest mime-db@^1.54.0
3661 silly packumentCache full:https://registry.npmjs.org/mime-db cache-miss
3662 http cache https://registry.npmjs.org/statuses 21ms (cache hit)
3663 silly packumentCache full:https://registry.npmjs.org/statuses set size:37117 disposed:false
3664 silly fetch manifest ee-first@1.1.1
3665 silly packumentCache full:https://registry.npmjs.org/ee-first cache-miss
3666 http fetch GET 200 https://registry.npmjs.org/setprototypeof 32ms (cache miss)
3667 silly packumentCache full:https://registry.npmjs.org/setprototypeof set size:undefined disposed:false
3668 http fetch GET 200 https://registry.npmjs.org/toidentifier 32ms (cache miss)
3669 silly packumentCache full:https://registry.npmjs.org/toidentifier set size:undefined disposed:false
3670 http fetch GET 200 https://registry.npmjs.org/mime-db 43ms (cache miss)
3671 silly packumentCache full:https://registry.npmjs.org/mime-db set size:undefined disposed:false
3672 http fetch GET 200 https://registry.npmjs.org/ee-first 40ms (cache miss)
3673 silly packumentCache full:https://registry.npmjs.org/ee-first set size:undefined disposed:false
3674 http fetch GET 200 https://registry.npmjs.org/depd 565ms (cache miss)
3675 silly packumentCache full:https://registry.npmjs.org/depd set size:undefined disposed:false
3676 silly placeDep ROOT depd@2.0.0 OK for: http-errors@2.0.1 want: ~2.0.0
3677 silly placeDep ROOT inherits@2.0.4 OK for: http-errors@2.0.1 want: ~2.0.4
3678 silly placeDep ROOT setprototypeof@1.2.0 OK for: http-errors@2.0.1 want: ~1.2.0
3679 silly placeDep ROOT toidentifier@1.0.1 OK for: http-errors@2.0.1 want: ~1.0.1
3680 silly placeDep ROOT mime-db@1.54.0 OK for: mime-types@3.0.2 want: ^1.54.0
3681 silly placeDep ROOT ee-first@1.1.1 OK for: on-finished@2.4.1 want: 1.1.1
3682 silly placeDep ROOT shebang-regex@3.0.0 OK for: shebang-command@2.0.0 want: ^3.0.0
3683 silly placeDep ROOT @kwsites/file-exists@1.1.1 OK for: simple-git@3.36.0 want: ^1.1.1
3684 silly placeDep ROOT @kwsites/promise-deferred@1.1.1 OK for: simple-git@3.36.0 want: ^1.1.1
3685 silly placeDep ROOT @simple-git/args-pathspec@1.0.3 OK for: simple-git@3.36.0 want: ^1.0.3
3686 silly placeDep ROOT @simple-git/argv-parser@1.1.1 OK for: simple-git@3.36.0 want: ^1.1.0
3687 silly placeDep ROOT @polka/url@1.0.0-next.29 OK for: sirv@3.0.2 want: ^1.0.0-next.24
3688 silly placeDep ROOT mrmime@2.0.1 OK for: sirv@3.0.2 want: ^2.0.0
3689 silly placeDep ROOT totalist@3.0.1 OK for: sirv@3.0.2 want: ^3.0.0
3690 silly placeDep ROOT safe-buffer@5.2.1 OK for: string_decoder@1.3.0 want: ~5.2.0
3691 silly placeDep ROOT commander@11.1.0 OK for: svgo@4.1.0 want: ^11.1.0
3692 silly placeDep ROOT css-select@6.0.0 OK for: svgo@4.1.0 want: ^6.0.0
3693 silly placeDep ROOT css-tree@3.2.1 OK for: svgo@4.1.0 want: ^3.0.1
3694 silly placeDep ROOT css-what@7.0.0 OK for: svgo@4.1.0 want: ^7.0.0
3695 silly placeDep ROOT csso@5.0.5 OK for: svgo@4.1.0 want: ^5.0.5
3696 silly placeDep ROOT sax@1.6.1 OK for: svgo@4.1.0 want: 1.6.1
3697 silly fetch manifest boolbase@^1.0.0
3698 silly packumentCache full:https://registry.npmjs.org/boolbase cache-miss
3699 silly fetch manifest domutils@^3.2.2
3700 silly packumentCache full:https://registry.npmjs.org/domutils cache-miss
3701 silly fetch manifest nth-check@^2.1.1
3702 silly packumentCache full:https://registry.npmjs.org/nth-check cache-miss
3703 silly fetch manifest domhandler@^5.0.3
3704 silly packumentCache full:https://registry.npmjs.org/domhandler cache-miss
3705 silly fetch manifest mdn-data@2.27.1
3706 silly packumentCache full:https://registry.npmjs.org/mdn-data cache-miss
3707 http fetch GET 200 https://registry.npmjs.org/nth-check 34ms (cache miss)
3708 silly packumentCache full:https://registry.npmjs.org/nth-check set size:undefined disposed:false
3709 silly fetch manifest css-tree@~2.2.0
3710 silly packumentCache full:https://registry.npmjs.org/css-tree cache-miss
3711 http fetch GET 200 https://registry.npmjs.org/boolbase 46ms (cache miss)
3712 silly packumentCache full:https://registry.npmjs.org/boolbase set size:undefined disposed:false
3713 http fetch GET 200 https://registry.npmjs.org/domutils 51ms (cache miss)
3714 silly packumentCache full:https://registry.npmjs.org/domutils set size:undefined disposed:false
3715 http fetch GET 200 https://registry.npmjs.org/domhandler 57ms (cache miss)
3716 silly packumentCache full:https://registry.npmjs.org/domhandler set size:undefined disposed:false
3717 http cache https://registry.npmjs.org/css-tree 23ms (cache hit)
3718 silly packumentCache full:https://registry.npmjs.org/css-tree set size:229638 disposed:false
3719 http fetch GET 200 https://registry.npmjs.org/mdn-data 63ms (cache miss)
3720 silly packumentCache full:https://registry.npmjs.org/mdn-data set size:undefined disposed:false
3721 silly placeDep ROOT commander@15.0.0 REPLACE for: @bomb.sh/tab@0.0.19 want: ^13.1.0 || ^14.0.0 || ^15.0.0
3722 silly placeDep ROOT boolbase@1.0.0 OK for: css-select@6.0.0 want: ^1.0.0
3723 silly placeDep ROOT domhandler@5.0.3 OK for: css-select@6.0.0 want: ^5.0.3
3724 silly placeDep ROOT domutils@3.2.2 OK for: css-select@6.0.0 want: ^3.2.2
3725 silly placeDep ROOT nth-check@2.1.1 OK for: css-select@6.0.0 want: ^2.1.1
3726 silly fetch manifest domelementtype@^2.3.0
3727 silly packumentCache full:https://registry.npmjs.org/domelementtype cache-miss
3728 silly fetch manifest dom-serializer@^2.0.0
3729 silly packumentCache full:https://registry.npmjs.org/dom-serializer cache-miss
3730 silly fetch manifest domelementtype@^2.3.0
3731 silly packumentCache full:https://registry.npmjs.org/domelementtype cache-miss
3732 http fetch GET 200 https://registry.npmjs.org/domelementtype 38ms (cache miss)
3733 silly packumentCache full:https://registry.npmjs.org/domelementtype set size:undefined disposed:false
3734 http fetch GET 200 https://registry.npmjs.org/domelementtype 46ms (cache miss)
3735 silly packumentCache full:https://registry.npmjs.org/domelementtype set size:undefined disposed:false
3736 http fetch GET 200 https://registry.npmjs.org/dom-serializer 250ms (cache miss)
3737 silly packumentCache full:https://registry.npmjs.org/dom-serializer set size:undefined disposed:false
3738 silly placeDep ROOT mdn-data@2.27.1 OK for: css-tree@3.2.1 want: 2.27.1
3739 silly placeDep node_modules/csso css-tree@2.2.1 OK for: csso@5.0.5 want: ~2.2.0
3740 silly fetch manifest mdn-data@2.0.28
3741 silly packumentCache full:https://registry.npmjs.org/mdn-data cache-miss
3742 http cache https://registry.npmjs.org/mdn-data 8ms (cache hit)
3743 silly packumentCache full:https://registry.npmjs.org/mdn-data set size:189664 disposed:false
3744 silly placeDep ROOT domelementtype@2.3.0 OK for: domhandler@5.0.3 want: ^2.3.0
3745 silly placeDep ROOT dom-serializer@2.0.0 OK for: domutils@3.2.2 want: ^2.0.0
3746 silly fetch manifest entities@^4.2.0
3747 silly packumentCache full:https://registry.npmjs.org/entities cache-miss
3748 http cache https://registry.npmjs.org/entities 5ms (cache hit)
3749 silly packumentCache full:https://registry.npmjs.org/entities set size:101550 disposed:false
3750 silly placeDep node_modules/dom-serializer entities@4.5.0 OK for: dom-serializer@2.0.0 want: ^4.2.0
3751 silly placeDep node_modules/svgo commander@11.1.0 OK for: svgo@4.1.0 want: ^11.1.0
3752 silly placeDep ROOT @isaacs/fs-minipass@4.0.1 OK for: tar@7.5.22 want: ^4.0.0
3753 silly placeDep ROOT chownr@3.0.0 OK for: tar@7.5.22 want: ^3.0.0
3754 silly placeDep ROOT minizlib@3.1.0 OK for: tar@7.5.22 want: ^3.1.0
3755 silly placeDep node_modules/tar yallist@5.0.0 OK for: tar@7.5.22 want: ^5.0.0
3756 silly fetch manifest react-native-b4a@*
3757 silly packumentCache full:https://registry.npmjs.org/react-native-b4a cache-miss
3758 http fetch GET 200 https://registry.npmjs.org/react-native-b4a 38ms (cache miss)
3759 silly packumentCache full:https://registry.npmjs.org/react-native-b4a set size:undefined disposed:false
3760 silly fetch manifest bare-buffer@*
3761 silly packumentCache full:https://registry.npmjs.org/bare-buffer cache-miss
3762 http fetch GET 200 https://registry.npmjs.org/bare-buffer 251ms (cache miss)
3763 silly packumentCache full:https://registry.npmjs.org/bare-buffer set size:undefined disposed:false
3764 silly placeDep ROOT b4a@1.8.1 OK for: tar-stream@3.2.1 want: ^1.6.4
3765 silly placeDep ROOT bare-fs@4.8.1 OK for: tar-stream@3.2.1 want: ^4.5.5
3766 silly placeDep ROOT fast-fifo@1.3.2 OK for: tar-stream@3.2.1 want: ^1.2.0
3767 silly placeDep ROOT streamx@2.28.1 OK for: tar-stream@3.2.1 want: ^2.15.0
3768 silly fetch manifest bare-url@^2.2.2
3769 silly packumentCache full:https://registry.npmjs.org/bare-url cache-miss
3770 silly fetch manifest bare-path@^3.0.0
3771 silly packumentCache full:https://registry.npmjs.org/bare-path cache-miss
3772 silly fetch manifest fast-fifo@^1.3.2
3773 silly packumentCache full:https://registry.npmjs.org/fast-fifo cache-miss
3774 silly fetch manifest bare-events@^2.5.4
3775 silly packumentCache full:https://registry.npmjs.org/bare-events cache-miss
3776 silly fetch manifest bare-stream@^2.6.4
3777 silly packumentCache full:https://registry.npmjs.org/bare-stream cache-miss
3778 http cache https://registry.npmjs.org/fast-fifo 9ms (cache hit)
3779 silly packumentCache full:https://registry.npmjs.org/fast-fifo set size:13855 disposed:false
3780 silly fetch manifest text-decoder@^1.1.0
3781 silly packumentCache full:https://registry.npmjs.org/text-decoder cache-miss
3782 http fetch GET 200 https://registry.npmjs.org/bare-events 38ms (cache miss)
3783 silly packumentCache full:https://registry.npmjs.org/bare-events set size:undefined disposed:false
3784 silly fetch manifest events-universal@^1.0.0
3785 silly packumentCache full:https://registry.npmjs.org/events-universal cache-miss
3786 http fetch GET 200 https://registry.npmjs.org/bare-url 92ms (cache miss)
3787 silly packumentCache full:https://registry.npmjs.org/bare-url set size:undefined disposed:false
3788 http fetch GET 200 https://registry.npmjs.org/text-decoder 88ms (cache miss)
3789 silly packumentCache full:https://registry.npmjs.org/text-decoder set size:undefined disposed:false
3790 http fetch GET 200 https://registry.npmjs.org/bare-stream 99ms (cache miss)
3791 silly packumentCache full:https://registry.npmjs.org/bare-stream set size:undefined disposed:false
3792 http fetch GET 200 https://registry.npmjs.org/events-universal 63ms (cache miss)
3793 silly packumentCache full:https://registry.npmjs.org/events-universal set size:undefined disposed:false
3794 http fetch GET 200 https://registry.npmjs.org/bare-path 453ms (cache miss)
3795 silly packumentCache full:https://registry.npmjs.org/bare-path set size:undefined disposed:false
3796 silly fetch manifest bare-abort-controller@*
3797 silly packumentCache full:https://registry.npmjs.org/bare-abort-controller cache-miss
3798 http fetch GET 200 https://registry.npmjs.org/bare-abort-controller 49ms (cache miss)
3799 silly packumentCache full:https://registry.npmjs.org/bare-abort-controller set size:undefined disposed:false
3800 silly placeDep ROOT bare-events@2.9.2 OK for: bare-fs@4.8.1 want: ^2.5.4
3801 silly placeDep ROOT bare-path@3.1.2 OK for: bare-fs@4.8.1 want: ^3.0.0
3802 silly placeDep ROOT bare-stream@2.13.4 OK for: bare-fs@4.8.1 want: ^2.6.4
3803 silly placeDep ROOT bare-url@2.5.4 OK for: bare-fs@4.8.1 want: ^2.2.2
3804 silly fetch manifest teex@^1.0.1
3805 silly packumentCache full:https://registry.npmjs.org/teex cache-miss
3806 http fetch GET 200 https://registry.npmjs.org/teex 32ms (cache miss)
3807 silly packumentCache full:https://registry.npmjs.org/teex set size:undefined disposed:false
3808 silly placeDep ROOT teex@1.0.1 OK for: bare-stream@2.13.4 want: ^1.0.1
3809 silly placeDep ROOT events-universal@1.0.1 OK for: streamx@2.28.1 want: ^1.0.0
3810 silly placeDep ROOT text-decoder@1.2.7 OK for: streamx@2.28.1 want: ^1.1.0
3811 silly placeDep ROOT @jridgewell/source-map@0.3.11 OK for: terser@5.51.2 want: ^0.3.3
3812 silly placeDep node_modules/terser commander@2.20.3 OK for: terser@5.51.2 want: ^2.20.0
3813 silly placeDep ROOT source-map-support@0.5.21 OK for: terser@5.51.2 want: ~0.5.20
3814 silly fetch manifest buffer-from@^1.0.0
3815 silly packumentCache full:https://registry.npmjs.org/buffer-from cache-miss
3816 silly fetch manifest source-map@^0.6.0
3817 silly packumentCache full:https://registry.npmjs.org/source-map cache-hit
3818 http fetch GET 200 https://registry.npmjs.org/buffer-from 34ms (cache miss)
3819 silly packumentCache full:https://registry.npmjs.org/buffer-from set size:undefined disposed:false
3820 silly placeDep ROOT buffer-from@1.1.2 OK for: source-map-support@0.5.21 want: ^1.0.0
3821 silly placeDep node_modules/source-map-support source-map@0.6.1 OK for: source-map-support@0.5.21 want: ^0.6.0
3822 silly placeDep ROOT is-number@7.0.0 OK for: to-regex-range@5.0.1 want: ^7.0.0
3823 silly placeDep ROOT tagged-tag@1.0.0 OK for: type-fest@5.9.0 want: ^1.0.0
3824 silly placeDep node_modules/unimport estree-walker@3.0.3 OK for: unimport@6.4.0 want: ^3.0.3
3825 silly placeDep ROOT strip-literal@4.0.0 OK for: unimport@6.4.0 want: ^4.0.0
3826 silly placeDep ROOT webpack-virtual-modules@0.6.2 OK for: unplugin@3.3.0 want: ^0.6.2
3827 silly placeDep ROOT anymatch@3.1.3 OK for: unstorage@1.17.5 want: ^3.1.3
3828 silly placeDep node_modules/unstorage lru-cache@11.5.2 OK for: unstorage@1.17.5 want: ^11.2.7
3829 silly fetch manifest picomatch@^2.0.4
3830 silly packumentCache full:https://registry.npmjs.org/picomatch cache-hit
3831 silly placeDep node_modules/anymatch picomatch@2.3.2 OK for: anymatch@3.1.3 want: ^2.0.4
3832 silly placeDep node_modules/untyped citty@0.1.6 OK for: untyped@2.0.0 want: ^0.1.6
3833 silly placeDep node_modules/unwasm magic-string@0.30.21 OK for: unwasm@0.5.3 want: ^0.30.21
3834 silly placeDep ROOT escalade@3.2.0 OK for: update-browserslist-db@1.3.2 want: ^3.2.0
3835 silly placeDep ROOT lightningcss@1.33.0 OK for: vite@8.2.2 want: ^1.33.0
3836 silly fetch manifest lightningcss-darwin-x64@1.33.0
3837 silly packumentCache full:https://registry.npmjs.org/lightningcss-darwin-x64 cache-miss
3838 silly fetch manifest lightningcss-linux-x64-gnu@1.33.0
3839 silly packumentCache full:https://registry.npmjs.org/lightningcss-linux-x64-gnu cache-miss
3840 silly fetch manifest lightningcss-win32-x64-msvc@1.33.0
3841 silly packumentCache full:https://registry.npmjs.org/lightningcss-win32-x64-msvc cache-miss
3842 silly fetch manifest lightningcss-win32-arm64-msvc@1.33.0
3843 silly packumentCache full:https://registry.npmjs.org/lightningcss-win32-arm64-msvc cache-miss
3844 silly fetch manifest lightningcss-darwin-arm64@1.33.0
3845 silly packumentCache full:https://registry.npmjs.org/lightningcss-darwin-arm64 cache-miss
3846 http fetch GET 200 https://registry.npmjs.org/lightningcss-win32-x64-msvc 34ms (cache miss)
3847 silly packumentCache full:https://registry.npmjs.org/lightningcss-win32-x64-msvc set size:undefined disposed:false
3848 silly fetch manifest lightningcss-linux-arm64-gnu@1.33.0
3849 silly packumentCache full:https://registry.npmjs.org/lightningcss-linux-arm64-gnu cache-miss
3850 http fetch GET 200 https://registry.npmjs.org/lightningcss-win32-arm64-msvc 39ms (cache miss)
3851 silly packumentCache full:https://registry.npmjs.org/lightningcss-win32-arm64-msvc set size:undefined disposed:false
3852 silly fetch manifest lightningcss-linux-arm-gnueabihf@1.33.0
3853 silly packumentCache full:https://registry.npmjs.org/lightningcss-linux-arm-gnueabihf cache-miss
3854 http fetch GET 200 https://registry.npmjs.org/lightningcss-linux-x64-gnu 41ms (cache miss)
3855 silly packumentCache full:https://registry.npmjs.org/lightningcss-linux-x64-gnu set size:undefined disposed:false
3856 silly fetch manifest lightningcss-linux-arm64-musl@1.33.0
3857 silly packumentCache full:https://registry.npmjs.org/lightningcss-linux-arm64-musl cache-miss
3858 http fetch GET 200 https://registry.npmjs.org/lightningcss-darwin-arm64 46ms (cache miss)
3859 silly packumentCache full:https://registry.npmjs.org/lightningcss-darwin-arm64 set size:undefined disposed:false
3860 silly fetch manifest lightningcss-linux-x64-musl@1.33.0
3861 silly packumentCache full:https://registry.npmjs.org/lightningcss-linux-x64-musl cache-miss
3862 http fetch GET 200 https://registry.npmjs.org/lightningcss-darwin-x64 51ms (cache miss)
3863 silly packumentCache full:https://registry.npmjs.org/lightningcss-darwin-x64 set size:undefined disposed:false
3864 silly fetch manifest lightningcss-freebsd-x64@1.33.0
3865 silly packumentCache full:https://registry.npmjs.org/lightningcss-freebsd-x64 cache-miss
3866 http fetch GET 200 https://registry.npmjs.org/lightningcss-linux-arm64-gnu 35ms (cache miss)
3867 silly packumentCache full:https://registry.npmjs.org/lightningcss-linux-arm64-gnu set size:undefined disposed:false
3868 silly fetch manifest lightningcss-android-arm64@1.33.0
3869 silly packumentCache full:https://registry.npmjs.org/lightningcss-android-arm64 cache-miss
3870 http fetch GET 200 https://registry.npmjs.org/lightningcss-linux-arm-gnueabihf 38ms (cache miss)
3871 silly packumentCache full:https://registry.npmjs.org/lightningcss-linux-arm-gnueabihf set size:undefined disposed:false
3872 http fetch GET 200 https://registry.npmjs.org/lightningcss-linux-arm64-musl 37ms (cache miss)
3873 silly packumentCache full:https://registry.npmjs.org/lightningcss-linux-arm64-musl set size:undefined disposed:false
3874 http fetch GET 200 https://registry.npmjs.org/lightningcss-linux-x64-musl 44ms (cache miss)
3875 silly packumentCache full:https://registry.npmjs.org/lightningcss-linux-x64-musl set size:undefined disposed:false
3876 http fetch GET 200 https://registry.npmjs.org/lightningcss-freebsd-x64 56ms (cache miss)
3877 silly packumentCache full:https://registry.npmjs.org/lightningcss-freebsd-x64 set size:undefined disposed:false
3878 http fetch GET 200 https://registry.npmjs.org/lightningcss-android-arm64 38ms (cache miss)
3879 silly packumentCache full:https://registry.npmjs.org/lightningcss-android-arm64 set size:undefined disposed:false
3880 silly placeDep ROOT lightningcss-android-arm64@1.33.0 OK for: lightningcss@1.33.0 want: 1.33.0
3881 silly placeDep ROOT lightningcss-darwin-arm64@1.33.0 OK for: lightningcss@1.33.0 want: 1.33.0
3882 silly placeDep ROOT lightningcss-darwin-x64@1.33.0 OK for: lightningcss@1.33.0 want: 1.33.0
3883 silly placeDep ROOT lightningcss-freebsd-x64@1.33.0 OK for: lightningcss@1.33.0 want: 1.33.0
3884 silly placeDep ROOT lightningcss-linux-arm-gnueabihf@1.33.0 OK for: lightningcss@1.33.0 want: 1.33.0
3885 silly placeDep ROOT lightningcss-linux-arm64-gnu@1.33.0 OK for: lightningcss@1.33.0 want: 1.33.0
3886 silly placeDep ROOT lightningcss-linux-arm64-musl@1.33.0 OK for: lightningcss@1.33.0 want: 1.33.0
3887 silly placeDep ROOT lightningcss-linux-x64-gnu@1.33.0 OK for: lightningcss@1.33.0 want: 1.33.0
3888 silly placeDep ROOT lightningcss-linux-x64-musl@1.33.0 OK for: lightningcss@1.33.0 want: 1.33.0
3889 silly placeDep ROOT lightningcss-win32-arm64-msvc@1.33.0 OK for: lightningcss@1.33.0 want: 1.33.0
3890 silly placeDep ROOT lightningcss-win32-x64-msvc@1.33.0 OK for: lightningcss@1.33.0 want: 1.33.0
3891 silly placeDep node_modules/vite-node cac@7.0.0 OK for: vite-node@6.0.0 want: ^7.0.0
3892 silly placeDep ROOT obug@2.1.4 OK for: vite-node@6.0.0 want: ^2.1.1
3893 silly placeDep node_modules/vite-plugin-checker npm-run-path@6.0.0 OK for: vite-plugin-checker@0.14.5 want: ^6.0.0
3894 silly placeDep ROOT proper-lockfile@4.1.2 OK for: vite-plugin-checker@0.14.5 want: ^4.1.2
3895 silly placeDep ROOT tiny-invariant@1.3.3 OK for: vite-plugin-checker@0.14.5 want: ^1.3.3
3896 silly fetch manifest unicorn-magic@^0.3.0
3897 silly packumentCache full:https://registry.npmjs.org/unicorn-magic cache-miss
3898 silly fetch manifest retry@^0.12.0
3899 silly packumentCache full:https://registry.npmjs.org/retry cache-miss
3900 silly fetch manifest signal-exit@^3.0.2
3901 silly packumentCache full:https://registry.npmjs.org/signal-exit cache-miss
3902 http cache https://registry.npmjs.org/signal-exit 32ms (cache hit)
3903 silly packumentCache full:https://registry.npmjs.org/signal-exit set size:53489 disposed:false
3904 http cache https://registry.npmjs.org/unicorn-magic 34ms (cache hit)
3905 silly packumentCache full:https://registry.npmjs.org/unicorn-magic set size:9139 disposed:false
3906 http fetch GET 200 https://registry.npmjs.org/retry 40ms (cache miss)
3907 silly packumentCache full:https://registry.npmjs.org/retry set size:undefined disposed:false
3908 silly placeDep ROOT retry@0.12.0 OK for: proper-lockfile@4.1.2 want: ^0.12.0
3909 silly placeDep node_modules/proper-lockfile signal-exit@3.0.7 OK for: proper-lockfile@4.1.2 want: ^3.0.2
3910 silly fetch manifest vite@^6.0.0 || ^7.0.0-0 || ^8.0.0-0
3911 silly packumentCache full:https://registry.npmjs.org/vite cache-miss
3912 http cache https://registry.npmjs.org/vite 68ms (cache hit)
3913 silly packumentCache full:https://registry.npmjs.org/vite set size:38933730 disposed:false
3914 silly placeDep ROOT ansis@4.3.1 OK for: vite-plugin-inspect@11.4.1 want: ^4.3.0
3915 silly placeDep node_modules/vite-plugin-inspect error-stack-parser-es@1.0.5 OK for: vite-plugin-inspect@11.4.1 want: ^1.0.5
3916 silly placeDep ROOT vite-dev-rpc@2.0.0 OK for: vite-plugin-inspect@11.4.1 want: ^2.0.0
3917 silly fetch manifest vite-hot-client@^2.2.0
3918 silly packumentCache full:https://registry.npmjs.org/vite-hot-client cache-miss
3919 http fetch GET 200 https://registry.npmjs.org/vite-hot-client 253ms (cache miss)
3920 silly packumentCache full:https://registry.npmjs.org/vite-hot-client set size:undefined disposed:false
3921 silly fetch manifest vite@^2.9.0 || ^3.0.0-0 || ^4.0.0-0 || ^5.0.0-0 || ^6.0.1 || ^7.0.0-0 || ^8.0.0
3922 silly packumentCache full:https://registry.npmjs.org/vite cache-miss
3923 http cache https://registry.npmjs.org/vite 76ms (cache hit)
3924 silly packumentCache full:https://registry.npmjs.org/vite set size:38933730 disposed:false
3925 silly placeDep ROOT vite-hot-client@2.2.0 OK for: vite-dev-rpc@2.0.0 want: ^2.2.0
3926 silly placeDep node_modules/vite-plugin-vue-tracer estree-walker@3.0.3 OK for: vite-plugin-vue-tracer@1.5.0 want: ^3.0.3
3927 silly placeDep ROOT @vue/runtime-dom@3.5.42 OK for: vue@3.5.42 want: 3.5.42
3928 silly placeDep ROOT @vue/server-renderer@3.5.42 OK for: vue@3.5.42 want: 3.5.42
3929 silly fetch manifest csstype@^3.2.3
3930 silly packumentCache full:https://registry.npmjs.org/csstype cache-miss
3931 silly fetch manifest @vue/reactivity@3.5.42
3932 silly packumentCache full:https://registry.npmjs.org/@vue%2freactivity cache-miss
3933 silly fetch manifest @vue/runtime-core@3.5.42
3934 silly packumentCache full:https://registry.npmjs.org/@vue%2fruntime-core cache-miss
3935 http fetch GET 200 https://registry.npmjs.org/csstype 38ms (cache miss)
3936 silly packumentCache full:https://registry.npmjs.org/csstype set size:undefined disposed:false
3937 http fetch GET 200 https://registry.npmjs.org/@vue%2fruntime-core 714ms (cache miss)
3938 silly packumentCache full:https://registry.npmjs.org/@vue%2fruntime-core set size:undefined disposed:false
3939 http fetch GET 200 https://registry.npmjs.org/@vue%2freactivity 905ms (cache miss)
3940 silly packumentCache full:https://registry.npmjs.org/@vue%2freactivity set size:undefined disposed:false
3941 silly placeDep ROOT @vue/reactivity@3.5.42 OK for: @vue/runtime-dom@3.5.42 want: 3.5.42
3942 silly placeDep ROOT @vue/runtime-core@3.5.42 OK for: @vue/runtime-dom@3.5.42 want: 3.5.42
3943 silly placeDep ROOT csstype@3.2.3 OK for: @vue/runtime-dom@3.5.42 want: ^3.2.3
3944 silly fetch manifest vue@^3.5.34 || ^4.0.0
3945 silly packumentCache full:https://registry.npmjs.org/vue cache-miss
3946 http cache https://registry.npmjs.org/vue 8ms (cache hit)
3947 silly packumentCache full:https://registry.npmjs.org/vue set size:2100753 disposed:false
3948 silly placeDep ROOT @vue-macros/common@3.1.4 OK for: vue-router@5.3.1 want: ^3.1.3
3949 silly placeDep ROOT @vue/devtools-api@8.2.1 OK for: vue-router@5.3.1 want: ^8.1.5
3950 silly placeDep ROOT ast-walker-scope@0.9.0 OK for: vue-router@5.3.1 want: ^0.9.0
3951 silly placeDep node_modules/vue-router magic-string@0.30.21 OK for: vue-router@5.3.1 want: ^0.30.21
3952 silly placeDep ROOT muggle-string@0.4.1 OK for: vue-router@5.3.1 want: ^0.4.1
3953 silly fetch manifest ast-kit@^2.1.2
3954 silly packumentCache full:https://registry.npmjs.org/ast-kit cache-miss
3955 silly fetch manifest magic-string-ast@^1.0.2
3956 silly packumentCache full:https://registry.npmjs.org/magic-string-ast cache-miss
3957 silly fetch manifest ast-kit@^2.2.0
3958 silly packumentCache full:https://registry.npmjs.org/ast-kit cache-miss
3959 http fetch GET 200 https://registry.npmjs.org/ast-kit 262ms (cache miss)
3960 silly packumentCache full:https://registry.npmjs.org/ast-kit set size:undefined disposed:false
3961 http fetch GET 200 https://registry.npmjs.org/ast-kit 264ms (cache miss)
3962 silly packumentCache full:https://registry.npmjs.org/ast-kit set size:undefined disposed:false
3963 http fetch GET 200 https://registry.npmjs.org/magic-string-ast 277ms (cache miss)
3964 silly packumentCache full:https://registry.npmjs.org/magic-string-ast set size:undefined disposed:false
3965 silly placeDep ROOT ast-kit@2.2.0 OK for: @vue-macros/common@3.1.4 want: ^2.1.2
3966 silly placeDep ROOT magic-string-ast@1.0.3 OK for: @vue-macros/common@3.1.4 want: ^1.0.2
3967 silly fetch manifest magic-string@^0.30.19
3968 silly packumentCache full:https://registry.npmjs.org/magic-string cache-hit
3969 silly placeDep node_modules/magic-string-ast magic-string@0.30.21 OK for: magic-string-ast@1.0.3 want: ^0.30.19
3970 silly placeDep ROOT tr46@0.0.3 OK for: whatwg-url@5.0.0 want: ~0.0.3
3971 silly placeDep ROOT webidl-conversions@3.0.1 OK for: whatwg-url@5.0.0 want: ^3.0.0
3972 silly placeDep ROOT isexe@4.0.0 OK for: which@6.0.1 want: ^4.0.0
3973 silly placeDep ROOT is-wsl@3.1.1 OK for: wsl-utils@1.0.0 want: ^3.1.0
3974 silly placeDep node_modules/wsl-utils powershell-utils@0.1.0 OK for: wsl-utils@1.0.0 want: ^0.1.0
3975 silly placeDep ROOT cliui@9.0.1 OK for: yargs@18.1.0 want: ^9.0.1
3976 silly placeDep ROOT get-caller-file@2.0.5 OK for: yargs@18.1.0 want: ^2.0.5
3977 silly placeDep ROOT string-width@8.2.2 OK for: yargs@18.1.0 want: ^8.2.1
3978 silly placeDep ROOT y18n@5.0.8 OK for: yargs@18.1.0 want: ^5.0.5
3979 silly placeDep ROOT yargs-parser@22.0.0 OK for: yargs@18.1.0 want: ^22.0.0
3980 silly fetch manifest string-width@^7.2.0
3981 silly packumentCache full:https://registry.npmjs.org/string-width cache-miss
3982 silly fetch manifest strip-ansi@^7.1.0
3983 silly packumentCache full:https://registry.npmjs.org/strip-ansi cache-miss
3984 silly fetch manifest wrap-ansi@^9.0.0
3985 silly packumentCache full:https://registry.npmjs.org/wrap-ansi cache-miss
3986 silly fetch manifest get-east-asian-width@^1.5.0
3987 silly packumentCache full:https://registry.npmjs.org/get-east-asian-width cache-miss
3988 silly fetch manifest strip-ansi@^7.1.2
3989 silly packumentCache full:https://registry.npmjs.org/strip-ansi cache-miss
3990 http cache https://registry.npmjs.org/string-width 7ms (cache hit)
3991 silly packumentCache full:https://registry.npmjs.org/string-width set size:72458 disposed:false
3992 http fetch GET 200 https://registry.npmjs.org/get-east-asian-width 33ms (cache miss)
3993 silly packumentCache full:https://registry.npmjs.org/get-east-asian-width set size:undefined disposed:false
3994 http fetch GET 200 https://registry.npmjs.org/wrap-ansi 38ms (cache miss)
3995 silly packumentCache full:https://registry.npmjs.org/wrap-ansi set size:undefined disposed:false
3996 http fetch GET 200 https://registry.npmjs.org/strip-ansi 40ms (cache miss)
3997 silly packumentCache full:https://registry.npmjs.org/strip-ansi set size:undefined disposed:false
3998 http fetch GET 200 https://registry.npmjs.org/strip-ansi 41ms (cache miss)
3999 silly packumentCache full:https://registry.npmjs.org/strip-ansi set size:undefined disposed:false
4000 silly placeDep node_modules/cliui string-width@7.2.0 OK for: cliui@9.0.1 want: ^7.2.0
4001 silly placeDep ROOT strip-ansi@7.2.0 OK for: cliui@9.0.1 want: ^7.1.0
4002 silly placeDep ROOT wrap-ansi@9.0.2 OK for: cliui@9.0.1 want: ^9.0.0
4003 silly fetch manifest emoji-regex@^10.3.0
4004 silly packumentCache full:https://registry.npmjs.org/emoji-regex cache-miss
4005 silly fetch manifest get-east-asian-width@^1.0.0
4006 silly packumentCache full:https://registry.npmjs.org/get-east-asian-width cache-miss
4007 silly fetch manifest ansi-regex@^6.2.2
4008 silly packumentCache full:https://registry.npmjs.org/ansi-regex cache-miss
4009 silly fetch manifest ansi-styles@^6.2.1
4010 silly packumentCache full:https://registry.npmjs.org/ansi-styles cache-miss
4011 silly fetch manifest string-width@^7.0.0
4012 silly packumentCache full:https://registry.npmjs.org/string-width cache-hit
4013 http cache https://registry.npmjs.org/get-east-asian-width 10ms (cache hit)
4014 silly packumentCache full:https://registry.npmjs.org/get-east-asian-width set size:20538 disposed:false
4015 http fetch GET 200 https://registry.npmjs.org/ansi-styles 35ms (cache miss)
4016 silly packumentCache full:https://registry.npmjs.org/ansi-styles set size:undefined disposed:false
4017 http fetch GET 200 https://registry.npmjs.org/emoji-regex 39ms (cache miss)
4018 silly packumentCache full:https://registry.npmjs.org/emoji-regex set size:undefined disposed:false
4019 http fetch GET 200 https://registry.npmjs.org/ansi-regex 46ms (cache miss)
4020 silly packumentCache full:https://registry.npmjs.org/ansi-regex set size:undefined disposed:false
4021 silly placeDep ROOT get-east-asian-width@1.6.0 OK for: string-width@8.2.2 want: ^1.5.0
4022 silly placeDep ROOT ansi-regex@6.3.0 OK for: strip-ansi@7.2.0 want: ^6.2.2
4023 silly placeDep ROOT ansi-styles@6.2.3 OK for: wrap-ansi@9.0.2 want: ^6.2.1
4024 silly placeDep node_modules/wrap-ansi string-width@7.2.0 OK for: wrap-ansi@9.0.2 want: ^7.0.0
4025 silly placeDep ROOT @poppinss/colors@4.1.6 OK for: youch@4.1.1 want: ^4.1.6
4026 silly placeDep ROOT @poppinss/dumper@0.7.0 OK for: youch@4.1.1 want: ^0.7.0
4027 silly placeDep ROOT @speed-highlight/core@1.2.24 OK for: youch@4.1.1 want: ^1.2.14
4028 silly fetch manifest kleur@^4.1.5
4029 silly packumentCache full:https://registry.npmjs.org/kleur cache-miss
4030 silly fetch manifest @sindresorhus/is@^7.0.2
4031 silly packumentCache full:https://registry.npmjs.org/@sindresorhus%2fis cache-miss
4032 silly fetch manifest supports-color@^10.0.0
4033 silly packumentCache full:https://registry.npmjs.org/supports-color cache-miss
4034 http fetch GET 200 https://registry.npmjs.org/supports-color 35ms (cache miss)
4035 silly packumentCache full:https://registry.npmjs.org/supports-color set size:undefined disposed:false
4036 http fetch GET 200 https://registry.npmjs.org/kleur 39ms (cache miss)
4037 silly packumentCache full:https://registry.npmjs.org/kleur set size:undefined disposed:false
4038 http fetch GET 200 https://registry.npmjs.org/@sindresorhus%2fis 238ms (cache miss)
4039 silly packumentCache full:https://registry.npmjs.org/@sindresorhus%2fis set size:undefined disposed:false
4040 silly placeDep ROOT kleur@4.1.5 OK for: @poppinss/colors@4.1.6 want: ^4.1.5
4041 silly placeDep ROOT @sindresorhus/is@7.2.0 OK for: @poppinss/dumper@0.7.0 want: ^7.0.2
4042 silly placeDep ROOT supports-color@10.2.2 OK for: @poppinss/dumper@0.7.0 want: ^10.0.0
4043 silly placeDep ROOT @poppinss/exception@1.2.3 OK for: youch-core@0.3.3 want: ^1.2.2
4044 silly placeDep node_modules/youch-core error-stack-parser-es@1.0.5 OK for: youch-core@0.3.3 want: ^1.0.5
4045 silly placeDep ROOT compress-commons@6.0.2 OK for: zip-stream@6.0.1 want: ^6.0.2
4046 silly fetch manifest crc-32@^1.2.0
4047 silly packumentCache full:https://registry.npmjs.org/crc-32 cache-miss
4048 silly fetch manifest crc32-stream@^6.0.0
4049 silly packumentCache full:https://registry.npmjs.org/crc32-stream cache-miss
4050 http fetch GET 200 https://registry.npmjs.org/crc-32 32ms (cache miss)
4051 silly packumentCache full:https://registry.npmjs.org/crc-32 set size:undefined disposed:false
4052 http fetch GET 200 https://registry.npmjs.org/crc32-stream 37ms (cache miss)
4053 silly packumentCache full:https://registry.npmjs.org/crc32-stream set size:undefined disposed:false
4054 silly placeDep ROOT crc-32@1.2.2 OK for: compress-commons@6.0.2 want: ^1.2.0
4055 silly placeDep ROOT crc32-stream@6.0.0 OK for: compress-commons@6.0.2 want: ^6.0.0
4056 silly placeDep node_modules/compress-commons is-stream@2.0.1 OK for: compress-commons@6.0.2 want: ^2.0.1
4057 silly placeDep ROOT foreground-child@3.3.1 OK for: glob@10.5.0 want: ^3.1.0
4058 silly placeDep ROOT jackspeak@3.4.3 OK for: glob@10.5.0 want: ^3.1.2
4059 silly placeDep node_modules/archiver-utils minimatch@9.0.9 OK for: glob@10.5.0 want: ^9.0.4
4060 silly placeDep ROOT package-json-from-dist@1.0.1 OK for: glob@10.5.0 want: ^1.0.0
4061 silly placeDep node_modules/archiver-utils path-scurry@1.11.1 OK for: glob@10.5.0 want: ^1.11.1
4062 silly fetch manifest @isaacs/cliui@^8.0.2
4063 silly packumentCache full:https://registry.npmjs.org/@isaacs%2fcliui cache-miss
4064 silly fetch manifest @pkgjs/parseargs@^0.11.0
4065 silly packumentCache full:https://registry.npmjs.org/@pkgjs%2fparseargs cache-miss
4066 silly fetch manifest brace-expansion@^2.0.2
4067 silly packumentCache full:https://registry.npmjs.org/brace-expansion cache-hit
4068 silly fetch manifest lru-cache@^10.2.0
4069 silly packumentCache full:https://registry.npmjs.org/lru-cache cache-hit
4070 http fetch GET 200 https://registry.npmjs.org/@isaacs%2fcliui 243ms (cache miss)
4071 silly packumentCache full:https://registry.npmjs.org/@isaacs%2fcliui set size:undefined disposed:false
4072 http fetch GET 200 https://registry.npmjs.org/@pkgjs%2fparseargs 466ms (cache miss)
4073 silly packumentCache full:https://registry.npmjs.org/@pkgjs%2fparseargs set size:undefined disposed:false
4074 silly placeDep ROOT @isaacs/cliui@8.0.2 OK for: jackspeak@3.4.3 want: ^8.0.2
4075 silly placeDep ROOT @pkgjs/parseargs@0.11.0 OK for: jackspeak@3.4.3 want: ^0.11.0
4076 silly fetch manifest wrap-ansi@^8.1.0
4077 silly packumentCache full:https://registry.npmjs.org/wrap-ansi cache-miss
4078 silly fetch manifest string-width@^5.1.2
4079 silly packumentCache full:https://registry.npmjs.org/string-width cache-hit
4080 silly fetch manifest wrap-ansi-cjs@npm:wrap-ansi@^7.0.0
4081 silly packumentCache full:https://registry.npmjs.org/wrap-ansi cache-miss
4082 silly fetch manifest strip-ansi-cjs@npm:strip-ansi@^6.0.1
4083 silly packumentCache full:https://registry.npmjs.org/strip-ansi cache-miss
4084 silly fetch manifest string-width-cjs@npm:string-width@^4.2.0
4085 silly packumentCache full:https://registry.npmjs.org/string-width cache-hit
4086 http cache https://registry.npmjs.org/wrap-ansi 8ms (cache hit)
4087 silly packumentCache full:https://registry.npmjs.org/wrap-ansi set size:57461 disposed:false
4088 http cache https://registry.npmjs.org/strip-ansi 9ms (cache hit)
4089 silly packumentCache full:https://registry.npmjs.org/strip-ansi set size:44998 disposed:false
4090 http cache https://registry.npmjs.org/wrap-ansi 11ms (cache hit)
4091 silly packumentCache full:https://registry.npmjs.org/wrap-ansi set size:57461 disposed:false
4092 silly packumentCache full:https://registry.npmjs.org/wrap-ansi dispose
4093 silly placeDep node_modules/@isaacs/cliui string-width@5.1.2 OK for: @isaacs/cliui@8.0.2 want: ^5.1.2
4094 silly placeDep ROOT string-width-cjs@4.2.3 OK for: @isaacs/cliui@8.0.2 want: npm:string-width@^4.2.0
4095 silly placeDep ROOT strip-ansi-cjs@6.0.1 OK for: @isaacs/cliui@8.0.2 want: npm:strip-ansi@^6.0.1
4096 silly placeDep node_modules/@isaacs/cliui wrap-ansi@8.1.0 OK for: @isaacs/cliui@8.0.2 want: ^8.1.0
4097 silly placeDep ROOT wrap-ansi-cjs@7.0.0 OK for: @isaacs/cliui@8.0.2 want: npm:wrap-ansi@^7.0.0
4098 silly fetch manifest emoji-regex@^9.2.2
4099 silly packumentCache full:https://registry.npmjs.org/emoji-regex cache-miss
4100 silly fetch manifest eastasianwidth@^0.2.0
4101 silly packumentCache full:https://registry.npmjs.org/eastasianwidth cache-miss
4102 silly fetch manifest strip-ansi@^6.0.1
4103 silly packumentCache full:https://registry.npmjs.org/strip-ansi cache-hit
4104 silly fetch manifest emoji-regex@^8.0.0
4105 silly packumentCache full:https://registry.npmjs.org/emoji-regex cache-miss
4106 silly fetch manifest is-fullwidth-code-point@^3.0.0
4107 silly packumentCache full:https://registry.npmjs.org/is-fullwidth-code-point cache-miss
4108 silly fetch manifest ansi-regex@^5.0.1
4109 silly packumentCache full:https://registry.npmjs.org/ansi-regex cache-miss
4110 http cache https://registry.npmjs.org/emoji-regex 29ms (cache hit)
4111 silly packumentCache full:https://registry.npmjs.org/emoji-regex set size:89064 disposed:false
4112 silly fetch manifest strip-ansi@^6.0.0
4113 silly packumentCache full:https://registry.npmjs.org/strip-ansi cache-hit
4114 silly fetch manifest ansi-styles@^4.0.0
4115 silly packumentCache full:https://registry.npmjs.org/ansi-styles cache-miss
4116 http cache https://registry.npmjs.org/ansi-regex 32ms (cache hit)
4117 silly packumentCache full:https://registry.npmjs.org/ansi-regex set size:48203 disposed:false
4118 silly fetch manifest string-width@^4.1.0
4119 silly packumentCache full:https://registry.npmjs.org/string-width cache-hit
4120 http cache https://registry.npmjs.org/emoji-regex 39ms (cache hit)
4121 silly packumentCache full:https://registry.npmjs.org/emoji-regex set size:89064 disposed:false
4122 silly packumentCache full:https://registry.npmjs.org/emoji-regex dispose
4123 http fetch GET 200 https://registry.npmjs.org/is-fullwidth-code-point 45ms (cache miss)
4124 silly packumentCache full:https://registry.npmjs.org/is-fullwidth-code-point set size:undefined disposed:false
4125 http cache https://registry.npmjs.org/ansi-styles 13ms (cache hit)
4126 silly packumentCache full:https://registry.npmjs.org/ansi-styles set size:71772 disposed:false
4127 http fetch GET 200 https://registry.npmjs.org/eastasianwidth 157ms (cache miss)
4128 silly packumentCache full:https://registry.npmjs.org/eastasianwidth set size:undefined disposed:false
4129 silly placeDep ROOT emoji-regex@8.0.0 OK for: string-width@4.2.3 want: ^8.0.0
4130 silly placeDep ROOT is-fullwidth-code-point@3.0.0 OK for: string-width@4.2.3 want: ^3.0.0
4131 silly placeDep node_modules/string-width-cjs strip-ansi@6.0.1 OK for: string-width@4.2.3 want: ^6.0.1
4132 silly placeDep node_modules/strip-ansi-cjs ansi-regex@5.0.1 OK for: strip-ansi@6.0.1 want: ^5.0.1
4133 silly placeDep node_modules/wrap-ansi-cjs ansi-styles@4.3.0 OK for: wrap-ansi@7.0.0 want: ^4.0.0
4134 silly placeDep node_modules/wrap-ansi-cjs string-width@4.2.3 OK for: wrap-ansi@7.0.0 want: ^4.1.0
4135 silly placeDep node_modules/wrap-ansi-cjs strip-ansi@6.0.1 OK for: wrap-ansi@7.0.0 want: ^6.0.0
4136 silly fetch manifest color-convert@^2.0.1
4137 silly packumentCache full:https://registry.npmjs.org/color-convert cache-miss
4138 http cache https://registry.npmjs.org/color-convert 4ms (cache hit)
4139 silly packumentCache full:https://registry.npmjs.org/color-convert set size:72663 disposed:false
4140 silly placeDep ROOT eastasianwidth@0.2.0 OK for: string-width@5.1.2 want: ^0.2.0
4141 silly placeDep node_modules/@isaacs/cliui emoji-regex@9.2.2 OK for: string-width@5.1.2 want: ^9.2.2
4142 silly placeDep node_modules/archiver-utils brace-expansion@2.1.4 OK for: minimatch@9.0.9 want: ^2.0.2
4143 silly fetch manifest balanced-match@^1.0.0
4144 silly packumentCache full:https://registry.npmjs.org/balanced-match cache-miss
4145 http cache https://registry.npmjs.org/balanced-match 3ms (cache hit)
4146 silly packumentCache full:https://registry.npmjs.org/balanced-match set size:39082 disposed:false
4147 silly placeDep node_modules/archiver-utils balanced-match@1.0.2 OK for: brace-expansion@2.1.4 want: ^1.0.0
4148 silly placeDep node_modules/archiver-utils lru-cache@10.4.3 OK for: path-scurry@1.11.1 want: ^10.2.0
4149 silly placeDep node_modules/cliui emoji-regex@10.6.0 OK for: string-width@7.2.0 want: ^10.3.0
4150 silly placeDep node_modules/cross-spawn isexe@2.0.0 OK for: which@2.0.2 want: ^2.0.0
4151 silly placeDep node_modules/csso mdn-data@2.0.28 OK for: css-tree@2.2.1 want: 2.0.28
4152 silly placeDep ROOT core-util-is@1.0.3 OK for: readable-stream@2.3.8 want: ~1.0.0
4153 silly placeDep ROOT isarray@1.0.0 OK for: readable-stream@2.3.8 want: ~1.0.0
4154 silly placeDep ROOT process-nextick-args@2.0.1 OK for: readable-stream@2.3.8 want: ~2.0.0
4155 silly placeDep node_modules/lazystream safe-buffer@5.1.2 OK for: readable-stream@2.3.8 want: ~5.1.1
4156 silly placeDep node_modules/lazystream string_decoder@1.1.1 OK for: readable-stream@2.3.8 want: ~1.1.1
4157 silly placeDep node_modules/mlly confbox@0.1.8 OK for: pkg-types@1.3.1 want: ^0.1.8
4158 silly placeDep node_modules/nitropack estree-walker@3.0.3 OK for: unctx@2.5.0 want: ^3.0.3
4159 silly placeDep node_modules/nitropack unplugin@2.3.11 OK for: unctx@2.5.0 want: ^2.3.11
4160 silly placeDep node_modules/readdir-glob brace-expansion@2.1.4 OK for: minimatch@5.1.9 want: ^2.0.1
4161 silly placeDep node_modules/readdir-glob balanced-match@1.0.2 OK for: brace-expansion@2.1.4 want: ^1.0.0
4162 silly placeDep node_modules/string-width-cjs ansi-regex@5.0.1 OK for: strip-ansi@6.0.1 want: ^5.0.1
4163 silly placeDep node_modules/vite-plugin-checker path-key@4.0.0 OK for: npm-run-path@6.0.0 want: ^4.0.0
4164 silly placeDep node_modules/vite-plugin-checker unicorn-magic@0.3.0 OK for: npm-run-path@6.0.0 want: ^0.3.0
4165 silly placeDep ROOT color-convert@2.0.1 OK for: ansi-styles@4.3.0 want: ^2.0.1
4166 silly fetch manifest color-name@~1.1.4
4167 silly packumentCache full:https://registry.npmjs.org/color-name cache-miss
4168 http cache https://registry.npmjs.org/color-name 7ms (cache hit)
4169 silly packumentCache full:https://registry.npmjs.org/color-name set size:20968 disposed:false
4170 silly placeDep ROOT color-name@1.1.4 OK for: color-convert@2.0.1 want: ~1.1.4
4171 silly placeDep node_modules/wrap-ansi-cjs ansi-regex@5.0.1 OK for: strip-ansi@6.0.1 want: ^5.0.1
4172 silly placeDep node_modules/wrap-ansi emoji-regex@10.6.0 OK for: string-width@7.2.0 want: ^10.3.0
4173 silly reify moves {}
4174 http cache @parcel/watcher-wasm@https://registry.npmjs.org/@parcel/watcher-wasm/-/watcher-wasm-2.6.0.tgz 0ms (cache hit)
4175 silly tarball no local data for @parcel/watcher-wasm@https://registry.npmjs.org/@parcel/watcher-wasm/-/watcher-wasm-2.6.0.tgz. Extracting by manifest.
4176 http fetch GET 200 https://registry.npmjs.org/@parcel/watcher-wasm/-/watcher-wasm-2.6.0.tgz 586ms (cache miss)
4177 silly audit bulk request {
4177 silly audit   nuxt: [ '4.5.2' ],
4177 silly audit   rolldown: [ '1.2.7' ],
4177 silly audit   '@dxup/nuxt': [ '0.5.10' ],
4177 silly audit   '@nuxt/cli': [ '3.37.0' ],
4177 silly audit   '@nuxt/devtools': [ '3.4.2' ],
4177 silly audit   vite: [ '8.2.2' ],
4177 silly audit   '@nuxt/kit': [ '4.5.2' ],
4177 silly audit   '@nuxt/nitro-server': [ '4.5.2' ],
4177 silly audit   '@nuxt/schema': [ '4.5.2' ],
4177 silly audit   '@nuxt/telemetry': [ '2.9.1' ],
4177 silly audit   '@nuxt/vite-builder': [ '4.5.2' ],
4177 silly audit   vue: [ '3.5.42' ],
4177 silly audit   '@unhead/vue': [ '3.4.0' ],
4177 silly audit   '@vue/shared': [ '3.5.42' ],
4177 silly audit   chokidar: [ '5.0.0' ],
4177 silly audit   compatx: [ '0.2.0' ],
4177 silly audit   consola: [ '3.4.2' ],
4177 silly audit   'cookie-es': [ '3.1.1', '1.2.3', '2.0.1' ],
4177 silly audit   defu: [ '6.1.7' ],
4177 silly audit   devalue: [ '5.9.2' ],
4177 silly audit   errx: [ '0.1.2' ],
4177 silly audit   'escape-string-regexp': [ '5.0.0' ],
4177 silly audit   exsolve: [ '1.1.1' ],
4177 silly audit   'fnv1a-64': [ '0.1.2' ],
4177 silly audit   hookable: [ '6.1.1', '5.5.3' ],
4177 silly audit   ignore: [ '7.0.8' ],
4177 silly audit   impound: [ '1.2.0' ],
4177 silly audit   jiti: [ '2.7.0' ],
4177 silly audit   klona: [ '2.0.6' ],
4177 silly audit   knitwork: [ '1.3.0' ],
4177 silly audit   'magic-string': [ '1.2.3', '0.30.21' ],
4177 silly audit   mlly: [ '1.8.2' ],
4177 silly audit   nanotar: [ '0.3.0' ],
4177 silly audit   nostics: [ '1.2.0' ],
4177 silly audit   nypm: [ '0.6.9' ],
4177 silly audit   'object-identity': [ '0.2.3' ],
4177 silly audit   ofetch: [ '1.5.1' ],
4177 silly audit   ohash: [ '2.0.12' ],
4177 silly audit   'on-change': [ '6.0.2' ],
4177 silly audit   'oxc-walker': [ '1.1.1' ],
4177 silly audit   pathe: [ '2.0.3' ],
4177 silly audit   'perfect-debounce': [ '2.1.0' ],
4177 silly audit   picomatch: [ '4.0.7', '2.3.2' ],
4177 silly audit   'pkg-types': [ '2.3.2', '1.3.1' ],
4177 silly audit   'rolldown-string': [ '0.3.1' ],
4177 silly audit   rou3: [ '0.9.2' ],
4177 silly audit   scule: [ '1.3.0' ],
4177 silly audit   'std-env': [ '4.2.0' ],
4177 silly audit   tinyglobby: [ '0.2.17' ],
4177 silly audit   ufo: [ '1.6.4' ],
4177 silly audit   ultrahtml: [ '1.7.0' ],
4177 silly audit   uncrypto: [ '0.1.3' ],
4177 silly audit   unctx: [ '3.0.1', '2.5.0' ],
4177 silly audit   undici: [ '8.10.1' ],
4177 silly audit   unhead: [ '3.4.0' ],
4177 silly audit   unimport: [ '6.4.0' ],
4177 silly audit   unplugin: [ '3.3.0', '2.3.11' ],
4177 silly audit   unrouting: [ '0.2.3' ],
4177 silly audit   untyped: [ '2.0.0' ],
4177 silly audit   verkit: [ '0.3.2' ],
4177 silly audit   'vue-component-type-helpers': [ '3.3.11' ],
4177 silly audit   'vue-router': [ '5.3.1' ],
4177 silly audit   '@dxup/unimport': [ '0.1.2' ],
4177 silly audit   '@vue/compiler-dom': [ '3.5.42' ],
4177 silly audit   '@bomb.sh/tab': [ '0.0.19' ],
4177 silly audit   '@clack/prompts': [ '1.7.0' ],
4177 silly audit   c12: [ '3.3.4' ],
4177 silly audit   citty: [ '0.2.2', '0.1.6' ],
4177 silly audit   confbox: [ '0.2.4', '0.3.1', '0.1.8' ],
4177 silly audit   debug: [ '4.4.3' ],
4177 silly audit   'fuse.js': [ '7.5.0' ],
4177 silly audit   fzf: [ '0.5.2' ],
4177 silly audit   giget: [ '3.3.1' ],
4177 silly audit   listhen: [ '1.10.1' ],
4177 silly audit   semver: [ '7.8.5', '6.3.1' ],
4177 silly audit   srvx: [ '0.11.22' ],
4177 silly audit   tinyclip: [ '0.1.15' ],
4177 silly audit   tinyexec: [ '1.3.1' ],
4177 silly audit   youch: [ '4.1.1' ],
4177 silly audit   '@clack/core': [ '1.4.3' ],
4177 silly audit   'fast-string-width': [ '3.0.2' ],
4177 silly audit   'fast-wrap-ansi': [ '0.2.2' ],
4177 silly audit   sisteransi: [ '1.0.5' ],
4177 silly audit   '@nuxt/devtools-kit': [ '3.4.2' ],
4177 silly audit   '@nuxt/devtools-wizard': [ '3.4.2' ],
4177 silly audit   '@vue/devtools-core': [ '8.2.1' ],
4177 silly audit   '@vue/devtools-kit': [ '8.2.1' ],
4177 silly audit   birpc: [ '4.2.0', '2.9.0' ],
4177 silly audit   destr: [ '2.0.5' ],
4177 silly audit   'error-stack-parser-es': [ '2.0.1', '1.0.5' ],
4177 silly audit   execa: [ '8.0.1' ],
4177 silly audit   'fast-npm-meta': [ '2.2.0' ],
4177 silly audit   'get-port-please': [ '3.2.0' ],
4177 silly audit   'image-meta': [ '0.2.2' ],
4177 silly audit   'is-installed-globally': [ '1.0.0' ],
4177 silly audit   'launch-editor': [ '2.14.1' ],
4177 silly audit   'local-pkg': [ '1.2.1' ],
4177 silly audit   magicast: [ '0.5.4' ],
4177 silly audit   'simple-git': [ '3.36.0' ],
4177 silly audit   sirv: [ '3.0.2' ],
4177 silly audit   'structured-clone-es': [ '2.0.1' ],
4177 silly audit   unstorage: [ '1.17.5' ],
4177 silly audit   'vite-plugin-inspect': [ '11.4.1' ],
4177 silly audit   'vite-plugin-vue-tracer': [ '1.5.0' ],
4177 silly audit   which: [ '6.0.1', '2.0.2' ],
4177 silly audit   ws: [ '8.21.3' ],
4177 silly audit   diff: [ '8.0.4' ],
4177 silly audit   rc9: [ '3.1.0' ],
4177 silly audit   '@nuxt/devalue': [ '2.0.2' ],
4177 silly audit   h3: [ '1.15.11' ],
4177 silly audit   'mocked-exports': [ '0.1.1' ],
4177 silly audit   nitropack: [ '2.13.4' ],
4177 silly audit   'vue-bundle-renderer': [ '2.3.2' ],
4177 silly audit   'vue-devtools-stub': [ '0.1.0' ],
4177 silly audit   '@vitejs/plugin-vue': [ '6.0.8' ],
4177 silly audit   '@vitejs/plugin-vue-jsx': [ '5.1.6' ],
4177 silly audit   autoprefixer: [ '10.5.4' ],
4177 silly audit   postcss: [ '8.5.28' ],
4177 silly audit   cssnano: [ '8.0.10' ],
4177 silly audit   'generic-names': [ '4.0.0' ],
4177 silly audit   'js-tokens': [ '10.0.0', '4.0.0' ],
4177 silly audit   seroval: [ '1.6.4' ],
4177 silly audit   unenv: [ '2.0.0-rc.24' ],
4177 silly audit   'vite-node': [ '6.0.0' ],
4177 silly audit   'vite-plugin-checker': [ '0.14.5' ],
4177 silly audit   '@unhead/bundler': [ '3.4.0' ],
4177 silly audit   '@rolldown/pluginutils': [ '1.0.1' ],
4177 silly audit   '@babel/core': [ '7.29.7' ],
4177 silly audit   '@babel/plugin-syntax-typescript': [ '7.29.7' ],
4177 silly audit   '@babel/plugin-transform-typescript': [ '7.29.7' ],
4177 silly audit   '@vue/babel-plugin-jsx': [ '2.0.1' ],
4177 silly audit   '@babel/code-frame': [ '7.29.7' ],
4177 silly audit   '@babel/generator': [ '7.29.8' ],
4177 silly audit   '@babel/helper-compilation-targets': [ '7.29.7' ],
4177 silly audit   '@babel/helper-module-transforms': [ '7.29.7' ],
4177 silly audit   '@babel/helpers': [ '7.29.7' ],
4177 silly audit   '@babel/parser': [ '7.29.8' ],
4177 silly audit   '@babel/template': [ '7.29.7' ],
4177 silly audit   '@babel/traverse': [ '7.29.8' ],
4177 silly audit   '@babel/types': [ '7.29.8' ],
4177 silly audit   '@jridgewell/remapping': [ '2.3.5' ],
4177 silly audit   'convert-source-map': [ '2.0.0' ],
4177 silly audit   gensync: [ '1.0.0-beta.2' ],
4177 silly audit   json5: [ '2.2.3' ],
4177 silly audit   '@babel/helper-validator-identifier': [ '7.29.7' ],
4177 silly audit   picocolors: [ '1.1.1' ],
4177 silly audit   '@jridgewell/gen-mapping': [ '0.3.13' ],
4177 silly audit   '@jridgewell/trace-mapping': [ '0.3.31' ],
4177 silly audit   jsesc: [ '3.1.0' ],
4177 silly audit   '@babel/compat-data': [ '7.29.7' ],
4177 silly audit   '@babel/helper-validator-option': [ '7.29.7' ],
4177 silly audit   browserslist: [ '4.28.8' ],
4177 silly audit   'lru-cache': [ '5.1.1', '11.5.2', '10.4.3' ],
4177 silly audit   '@babel/helper-module-imports': [ '7.29.7' ],
4177 silly audit   '@babel/helper-plugin-utils': [ '7.29.7' ],
4177 silly audit   '@babel/helper-annotate-as-pure': [ '7.29.7' ],
4177 silly audit   '@babel/helper-create-class-features-plugin': [ '7.29.7' ],
4177 silly audit   '@babel/helper-skip-transparent-expression-wrappers': [ '7.29.7' ],
4177 silly audit   '@babel/helper-member-expression-to-functions': [ '7.29.7' ],
4177 silly audit   '@babel/helper-optimise-call-expression': [ '7.29.7' ],
4177 silly audit   '@babel/helper-replace-supers': [ '7.29.7' ],
4177 silly audit   '@babel/helper-globals': [ '7.29.7' ],
4177 silly audit   '@babel/helper-string-parser': [ '7.29.7' ],
4177 silly audit   '@jridgewell/sourcemap-codec': [ '1.6.0' ],
4177 silly audit   '@jridgewell/resolve-uri': [ '3.1.2' ],
4177 silly audit   '@babel/plugin-syntax-jsx': [ '7.29.7' ],
4177 silly audit   '@vue/babel-helper-vue-transform-on': [ '2.0.1' ],
4177 silly audit   '@vue/babel-plugin-resolve-type': [ '2.0.1' ],
4177 silly audit   '@vue/compiler-sfc': [ '3.5.42' ],
4177 silly audit   '@vue/compiler-core': [ '3.5.42' ],
4177 silly audit   entities: [ '7.0.1', '4.5.0' ],
4177 silly audit   'estree-walker': [ '2.0.2', '3.0.3' ],
4177 silly audit   'source-map-js': [ '1.2.1' ],
4177 silly audit   '@vue/compiler-ssr': [ '3.5.42' ],
4177 silly audit   '@vue/devtools-shared': [ '8.2.1' ],
4177 silly audit   'caniuse-lite': [ '1.0.30001810' ],
4177 silly audit   'fraction.js': [ '5.3.4' ],
4177 silly audit   'postcss-value-parser': [ '4.2.0' ],
4177 silly audit   'baseline-browser-mapping': [ '2.11.21' ],
4177 silly audit   'electron-to-chromium': [ '1.5.422' ],
4177 silly audit   'node-releases': [ '2.0.54' ],
4177 silly audit   'update-browserslist-db': [ '1.3.2' ],
4177 silly audit   dotenv: [ '17.4.2' ],
4177 silly audit   readdirp: [ '5.1.1' ],
4177 silly audit   'cssnano-preset-default': [ '8.0.10' ],
4177 silly audit   lilconfig: [ '3.1.3' ],
4177 silly audit   'cssnano-utils': [ '6.0.4' ],
4177 silly audit   'postcss-calc': [ '10.1.1' ],
4177 silly audit   'postcss-colormin': [ '8.0.5' ],
4177 silly audit   'postcss-convert-values': [ '8.0.4' ],
4177 silly audit   'postcss-discard-comments': [ '8.0.4' ],
4177 silly audit   'postcss-discard-duplicates': [ '8.0.4' ],
4177 silly audit   'postcss-discard-empty': [ '8.0.5' ],
4177 silly audit   'postcss-discard-overridden': [ '8.0.4' ],
4177 silly audit   'postcss-merge-longhand': [ '8.0.4' ],
4177 silly audit   'postcss-merge-rules': [ '8.0.5' ],
4177 silly audit   'postcss-minify-font-values': [ '8.0.4' ],
4177 silly audit   'postcss-minify-gradients': [ '8.0.6' ],
4177 silly audit   'postcss-minify-params': [ '8.0.4' ],
4177 silly audit   'postcss-minify-selectors': [ '8.0.5' ],
4177 silly audit   'postcss-normalize-charset': [ '8.0.5' ],
4177 silly audit   'postcss-normalize-display-values': [ '8.0.4' ],
4177 silly audit   'postcss-normalize-positions': [ '8.0.4' ],
4177 silly audit   'postcss-normalize-repeat-style': [ '8.0.4' ],
4177 silly audit   'postcss-normalize-string': [ '8.0.4' ],
4177 silly audit   'postcss-normalize-timing-functions': [ '8.0.4' ],
4177 silly audit   'postcss-normalize-unicode': [ '8.0.4' ],
4177 silly audit   'postcss-normalize-url': [ '8.0.4' ],
4177 silly audit   'postcss-normalize-whitespace': [ '8.0.5' ],
4177 silly audit   'postcss-ordered-values': [ '8.0.5' ],
4177 silly audit   'postcss-reduce-initial': [ '8.0.5' ],
4177 silly audit   'postcss-reduce-transforms': [ '8.0.4' ],
4177 silly audit   'postcss-svgo': [ '8.0.6' ],
4177 silly audit   'postcss-unique-selectors': [ '8.0.4' ],
4177 silly audit   ms: [ '2.1.3' ],
4177 silly audit   'cross-spawn': [ '7.0.6' ],
4177 silly audit   'get-stream': [ '8.0.1' ],
4177 silly audit   'human-signals': [ '5.0.0' ],
4177 silly audit   'is-stream': [ '3.0.0', '2.0.1' ],
4177 silly audit   'merge-stream': [ '2.0.0' ],
4177 silly audit   'npm-run-path': [ '5.3.0', '6.0.0' ],
4177 silly audit   onetime: [ '6.0.0' ],
4177 silly audit   'signal-exit': [ '4.1.0', '3.0.7' ],
4177 silly audit   'strip-final-newline': [ '3.0.0' ],
4177 silly audit   'path-key': [ '3.1.1', '4.0.0' ],
4177 silly audit   'shebang-command': [ '2.0.0' ],
4177 silly audit   cac: [ '6.7.14', '7.0.0' ],
4177 silly audit   'fast-string-truncated-width': [ '3.0.3' ],
4177 silly audit   'loader-utils': [ '3.3.1' ],
4177 silly audit   crossws: [ '0.3.5', '0.4.12' ],
4177 silly audit   'iron-webcrypto': [ '1.2.1' ],
4177 silly audit   'node-mock-http': [ '1.0.5' ],
4177 silly audit   radix3: [ '1.1.2' ],
4177 silly audit   'es-module-lexer': [ '2.3.2' ],
4177 silly audit   'unplugin-utils': [ '0.3.2' ],
4177 silly audit   'global-directory': [ '4.0.1' ],
4177 silly audit   'is-path-inside': [ '4.0.0' ],
4177 silly audit   ini: [ '4.1.1' ],
4177 silly audit   'shell-quote': [ '1.10.0' ],
4177 silly audit   'http-shutdown': [ '1.2.2' ],
4177 silly audit   'node-forge': [ '1.4.0' ],
4177 silly audit   untun: [ '0.2.2' ],
4177 silly audit   uqr: [ '0.1.3' ],
4177 silly audit   'is-glob': [ '4.0.3' ],
4177 silly audit   'is-extglob': [ '2.1.1' ],
4177 silly audit   quansync: [ '0.2.11' ],
4177 silly audit   yallist: [ '3.1.1', '5.0.0' ],
4177 silly audit   acorn: [ '8.18.0' ],
4177 silly audit   '@cloudflare/kv-asset-handler': [ '0.4.2' ],
4177 silly audit   '@rollup/plugin-alias': [ '6.0.0' ],
4177 silly audit   '@rollup/plugin-commonjs': [ '29.0.3' ],
4177 silly audit   '@rollup/plugin-inject': [ '5.0.5' ],
4177 silly audit   '@rollup/plugin-json': [ '6.1.0' ],
4177 silly audit   '@rollup/plugin-node-resolve': [ '16.0.3' ],
4177 silly audit   '@rollup/plugin-replace': [ '6.0.3' ],
4177 silly audit   '@rollup/plugin-terser': [ '1.0.0' ],
4177 silly audit   '@vercel/nft': [ '1.11.0' ],
4177 silly audit   archiver: [ '7.0.1' ],
4177 silly audit   croner: [ '10.0.1' ],
4177 silly audit   db0: [ '0.3.4' ],
4177 silly audit   'dot-prop': [ '10.2.0' ],
4177 silly audit   esbuild: [ '0.28.2' ],
4177 silly audit   etag: [ '1.8.1' ],
4177 silly audit   globby: [ '16.2.4' ],
4177 silly audit   'gzip-size': [ '7.0.0' ],
4177 silly audit   httpxy: [ '0.5.5' ],
4177 silly audit   ioredis: [ '5.11.1' ],
4177 silly audit   mime: [ '4.1.0' ],
4177 silly audit   'node-fetch-native': [ '1.6.7' ],
4177 silly audit   'pretty-bytes': [ '7.1.3' ],
4177 silly audit   rollup: [ '4.63.1' ],
4177 silly audit   'rollup-plugin-visualizer': [ '7.1.1' ],
4177 silly audit   'serve-placeholder': [ '2.0.2' ],
4177 silly audit   'serve-static': [ '2.2.1' ],
4177 silly audit   'source-map': [ '0.7.6', '0.8.0', '0.6.1' ],
4177 silly audit   unwasm: [ '0.5.3' ],
4177 silly audit   'youch-core': [ '0.3.3' ],
4177 silly audit   '@rollup/pluginutils': [ '5.4.0' ],
4177 silly audit   commondir: [ '1.0.1' ],
4177 silly audit   fdir: [ '6.5.0' ],
4177 silly audit   'is-reference': [ '1.2.1' ],
4177 silly audit   '@types/resolve': [ '1.20.2' ],
4177 silly audit   deepmerge: [ '4.3.1' ],
4177 silly audit   'is-module': [ '1.0.0' ],
4177 silly audit   resolve: [ '1.22.12' ],
4177 silly audit   'serialize-javascript': [ '7.1.1' ],
4177 silly audit   smob: [ '1.6.2' ],
4177 silly audit   terser: [ '5.51.2' ],
4177 silly audit   '@types/estree': [ '1.0.9' ],
4177 silly audit   '@mapbox/node-pre-gyp': [ '2.0.3' ],
4177 silly audit   'acorn-import-attributes': [ '1.9.5' ],
4177 silly audit   'async-sema': [ '3.1.1' ],
4177 silly audit   bindings: [ '1.5.0' ],
4177 silly audit   glob: [ '13.0.6', '10.5.0' ],
4177 silly audit   'graceful-fs': [ '4.2.11' ],
4177 silly audit   'node-gyp-build': [ '4.8.4' ],
4177 silly audit   'resolve-from': [ '5.0.0' ],
4177 silly audit   'detect-libc': [ '2.1.2' ],
4177 silly audit   'https-proxy-agent': [ '7.0.6' ],
4177 silly audit   'node-fetch': [ '2.7.0' ],
4177 silly audit   nopt: [ '8.1.0' ],
4177 silly audit   tar: [ '7.5.22' ],
4177 silly audit   'archiver-utils': [ '5.0.2' ],
4177 silly audit   async: [ '3.2.6' ],
4177 silly audit   'buffer-crc32': [ '1.0.0' ],
4177 silly audit   'readable-stream': [ '4.7.0', '2.3.8' ],
4177 silly audit   'readdir-glob': [ '1.1.3' ],
4177 silly audit   'tar-stream': [ '3.2.1' ],
4177 silly audit   'zip-stream': [ '6.0.1' ],
4177 silly audit   lazystream: [ '1.0.1' ],
4177 silly audit   lodash: [ '4.18.1' ],
4177 silly audit   'normalize-path': [ '3.0.0' ],
4177 silly audit   'file-uri-to-path': [ '1.0.0' ],
4177 silly audit   'type-fest': [ '5.9.0' ],
4177 silly audit   '@esbuild/aix-ppc64': [ '0.28.2' ],
4177 silly audit   '@esbuild/android-arm': [ '0.28.2' ],
4177 silly audit   '@esbuild/android-arm64': [ '0.28.2' ],
4177 silly audit   '@esbuild/android-x64': [ '0.28.2' ],
4177 silly audit   '@esbuild/darwin-arm64': [ '0.28.2' ],
4177 silly audit   '@esbuild/darwin-x64': [ '0.28.2' ],
4177 silly audit   '@esbuild/freebsd-arm64': [ '0.28.2' ],
4177 silly audit   '@esbuild/freebsd-x64': [ '0.28.2' ],
4177 silly audit   '@esbuild/linux-arm': [ '0.28.2' ],
4177 silly audit   '@esbuild/linux-arm64': [ '0.28.2' ],
4177 silly audit   '@esbuild/linux-ia32': [ '0.28.2' ],
4177 silly audit   '@esbuild/linux-loong64': [ '0.28.2' ],
4177 silly audit   '@esbuild/linux-mips64el': [ '0.28.2' ],
4177 silly audit   '@esbuild/linux-ppc64': [ '0.28.2' ],
4177 silly audit   '@esbuild/linux-riscv64': [ '0.28.2' ],
4177 silly audit   '@esbuild/linux-s390x': [ '0.28.2' ],
4177 silly audit   '@esbuild/linux-x64': [ '0.28.2' ],
4177 silly audit   '@esbuild/netbsd-arm64': [ '0.28.2' ],
4177 silly audit   '@esbuild/netbsd-x64': [ '0.28.2' ],
4177 silly audit   '@esbuild/openbsd-arm64': [ '0.28.2' ],
4177 silly audit   '@esbuild/openbsd-x64': [ '0.28.2' ],
4177 silly audit   '@esbuild/openharmony-arm64': [ '0.28.2' ],
4177 silly audit   '@esbuild/sunos-x64': [ '0.28.2' ],
4177 silly audit   '@esbuild/win32-arm64': [ '0.28.2' ],
4177 silly audit   '@esbuild/win32-ia32': [ '0.28.2' ],
4177 silly audit   '@esbuild/win32-x64': [ '0.28.2' ],
4177 silly audit   minimatch: [ '10.2.6', '5.1.9', '9.0.9' ],
4177 silly audit   minipass: [ '7.1.3' ],
4177 silly audit   'path-scurry': [ '2.0.2', '1.11.1' ],
4177 silly audit   '@sindresorhus/merge-streams': [ '4.0.0' ],
4177 silly audit   'fast-glob': [ '3.3.3' ],
4177 silly audit   micromatch: [ '4.0.8' ],
4177 silly audit   slash: [ '5.1.0' ],
4177 silly audit   'unicorn-magic': [ '0.4.0', '0.3.0' ],
4177 silly audit   '@nodelib/fs.stat': [ '2.0.5' ],
4177 silly audit   '@nodelib/fs.walk': [ '1.2.8' ],
4177 silly audit   'glob-parent': [ '5.1.2' ],
4177 silly audit   merge2: [ '1.4.1' ],
4177 silly audit   '@nodelib/fs.scandir': [ '2.1.5' ],
4177 silly audit   fastq: [ '1.20.3' ],
4177 silly audit   'run-parallel': [ '1.2.0' ],
4177 silly audit   reusify: [ '1.1.0' ],
4177 silly audit   duplexer: [ '0.1.2' ],
4177 silly audit   'agent-base': [ '7.1.4' ],
4177 silly audit   '@ioredis/commands': [ '1.10.0' ],
4177 silly audit   'cluster-key-slot': [ '1.1.1' ],
4177 silly audit   denque: [ '2.1.0' ],
4177 silly audit   'redis-errors': [ '1.2.0' ],
4177 silly audit   'redis-parser': [ '3.0.0' ],
4177 silly audit   'standard-as-callback': [ '2.1.0' ],
4177 silly audit   braces: [ '3.0.3' ],
4177 silly audit   'fill-range': [ '7.1.1' ],
4177 silly audit   'to-regex-range': [ '5.0.1' ],
4177 silly audit   'brace-expansion': [ '5.0.9', '2.1.4' ],
4177 silly audit   'balanced-match': [ '4.0.4', '1.0.2' ],
4177 silly audit   'whatwg-url': [ '5.0.0' ],
4177 silly audit   abbrev: [ '3.0.1' ],
4177 silly audit   'mimic-fn': [ '4.0.0' ],
4177 silly audit   nanoid: [ '3.3.18' ],
4177 silly audit   'postcss-selector-parser': [ '7.1.6' ],
4177 silly audit   '@colordx/core': [ '5.8.0' ],
4177 silly audit   'caniuse-api': [ '4.0.0' ],
4177 silly audit   stylehacks: [ '8.0.4' ],
4177 silly audit   cssesc: [ '3.0.0' ],
4177 silly audit   'util-deprecate': [ '1.0.2' ],
4177 silly audit   svgo: [ '4.1.0' ],
4177 silly audit   'abort-controller': [ '3.0.0' ],
4177 silly audit   buffer: [ '6.0.3' ],
4177 silly audit   events: [ '3.3.0' ],
4177 silly audit   process: [ '0.11.10' ],
4177 silly audit   string_decoder: [ '1.3.0', '1.1.1' ],
4177 silly audit   'event-target-shim': [ '5.0.1' ],
4177 silly audit   'base64-js': [ '1.5.1' ],
4177 silly audit   ieee754: [ '1.2.1' ],
4177 silly audit   'es-errors': [ '1.3.0' ],
4177 silly audit   'is-core-module': [ '2.16.2' ],
4177 silly audit   'path-parse': [ '1.0.7' ],
4177 silly audit   'supports-preserve-symlinks-flag': [ '1.0.0' ],
4177 silly audit   hasown: [ '2.0.4' ],
4177 silly audit   'function-bind': [ '1.1.2' ],
4177 silly audit   '@oxc-project/types': [ '0.148.0' ],
4177 silly audit   '@rolldown/binding-android-arm-eabi': [ '1.2.7' ],
4177 silly audit   '@rolldown/binding-android-arm64': [ '1.2.7' ],
4177 silly audit   '@rolldown/binding-darwin-arm64': [ '1.2.7' ],
4177 silly audit   '@rolldown/binding-darwin-x64': [ '1.2.7' ],
4177 silly audit   '@rolldown/binding-freebsd-x64': [ '1.2.7' ],
4177 silly audit   '@rolldown/binding-linux-arm-gnueabihf': [ '1.2.7' ],
4177 silly audit   '@rolldown/binding-linux-arm64-gnu': [ '1.2.7' ],
4177 silly audit   '@rolldown/binding-linux-arm64-musl': [ '1.2.7' ],
4177 silly audit   '@rolldown/binding-linux-ppc64-gnu': [ '1.2.7' ],
4177 silly audit   '@rolldown/binding-linux-s390x-gnu': [ '1.2.7' ],
4177 silly audit   '@rolldown/binding-linux-x64-gnu': [ '1.2.7' ],
4177 silly audit   '@rolldown/binding-linux-x64-musl': [ '1.2.7' ],
4177 silly audit   '@rolldown/binding-openharmony-arm64': [ '1.2.7' ],
4177 silly audit   '@rolldown/binding-win32-arm64-msvc': [ '1.2.7' ],
4177 silly audit   '@rolldown/binding-win32-x64-msvc': [ '1.2.7' ],
4177 silly audit   '@napi-rs/lzma-linux-x64-gnu': [ '1.5.1' ],
4177 silly audit   '@rollup/rollup-android-arm-eabi': [ '4.63.1' ],
4177 silly audit   '@rollup/rollup-android-arm64': [ '4.63.1' ],
4177 silly audit   '@rollup/rollup-darwin-arm64': [ '4.63.1' ],
4177 silly audit   '@rollup/rollup-darwin-x64': [ '4.63.1' ],
4177 silly audit   '@rollup/rollup-freebsd-arm64': [ '4.63.1' ],
4177 silly audit   '@rollup/rollup-freebsd-x64': [ '4.63.1' ],
4177 silly audit   '@rollup/rollup-linux-arm-gnueabihf': [ '4.63.1' ],
4177 silly audit   '@rollup/rollup-linux-arm-musleabihf': [ '4.63.1' ],
4177 silly audit   '@rollup/rollup-linux-arm64-gnu': [ '4.63.1' ],
4177 silly audit   '@rollup/rollup-linux-arm64-musl': [ '4.63.1' ],
4177 silly audit   '@rollup/rollup-linux-loong64-gnu': [ '4.63.1' ],
4177 silly audit   '@rollup/rollup-linux-loong64-musl': [ '4.63.1' ],
4177 silly audit   '@rollup/rollup-linux-ppc64-gnu': [ '4.63.1' ],
4177 silly audit   '@rollup/rollup-linux-ppc64-musl': [ '4.63.1' ],
4177 silly audit   '@rollup/rollup-linux-riscv64-gnu': [ '4.63.1' ],
4177 silly audit   '@rollup/rollup-linux-riscv64-musl': [ '4.63.1' ],
4177 silly audit   '@rollup/rollup-linux-s390x-gnu': [ '4.63.1' ],
4177 silly audit   '@rollup/rollup-linux-x64-gnu': [ '4.63.1' ],
4177 silly audit   '@rollup/rollup-linux-x64-musl': [ '4.63.1' ],
4177 silly audit   '@rollup/rollup-openbsd-x64': [ '4.63.1' ],
4177 silly audit   '@rollup/rollup-openharmony-arm64': [ '4.63.1' ],
4177 silly audit   '@rollup/rollup-win32-arm64-msvc': [ '4.63.1' ],
4177 silly audit   '@rollup/rollup-win32-ia32-msvc': [ '4.63.1' ],
4177 silly audit   '@rollup/rollup-win32-x64-gnu': [ '4.63.1' ],
4177 silly audit   '@rollup/rollup-win32-x64-msvc': [ '4.63.1' ],
4177 silly audit   fsevents: [ '2.3.3' ],
4177 silly audit   open: [ '11.0.2' ],
4177 silly audit   yargs: [ '18.1.0' ],
4177 silly audit   'default-browser': [ '5.5.1' ],
4177 silly audit   'define-lazy-prop': [ '3.0.0' ],
4177 silly audit   'is-in-ssh': [ '1.0.0' ],
4177 silly audit   'is-inside-container': [ '1.0.0' ],
4177 silly audit   'powershell-utils': [ '0.2.1', '0.1.0' ],
4177 silly audit   'wsl-utils': [ '1.0.0' ],
4177 silly audit   'bundle-name': [ '4.1.0' ],
4177 silly audit   'default-browser-id': [ '5.0.1' ],
4177 silly audit   'run-applescript': [ '7.1.0' ],
4177 silly audit   'is-docker': [ '3.0.0' ],
4177 silly audit   'queue-microtask': [ '1.2.3' ],
4177 silly audit   encodeurl: [ '2.0.0' ],
4177 silly audit   'escape-html': [ '1.0.3' ],
4177 silly audit   parseurl: [ '1.3.3' ],
4177 silly audit   send: [ '1.2.1' ],
4177 silly audit   fresh: [ '2.0.0' ],
4177 silly audit   'http-errors': [ '2.0.1' ],
4177 silly audit   'mime-types': [ '3.0.2' ],
4177 silly audit   'on-finished': [ '2.4.1' ],
4177 silly audit   'range-parser': [ '1.3.0' ],
4177 silly audit   statuses: [ '2.0.2' ],
4177 silly audit   depd: [ '2.0.0' ],
4177 silly audit   inherits: [ '2.0.4' ],
4177 silly audit   setprototypeof: [ '1.2.0' ],
4177 silly audit   toidentifier: [ '1.0.1' ],
4177 silly audit   'mime-db': [ '1.54.0' ],
4177 silly audit   'ee-first': [ '1.1.1' ],
4177 silly audit   'shebang-regex': [ '3.0.0' ],
4177 silly audit   '@kwsites/file-exists': [ '1.1.1' ],
4177 silly audit   '@kwsites/promise-deferred': [ '1.1.1' ],
4177 silly audit   '@simple-git/args-pathspec': [ '1.0.3' ],
4177 silly audit   '@simple-git/argv-parser': [ '1.1.1' ],
4177 silly audit   '@polka/url': [ '1.0.0-next.29' ],
4177 silly audit   mrmime: [ '2.0.1' ],
4177 silly audit   totalist: [ '3.0.1' ],
4177 silly audit   'safe-buffer': [ '5.2.1', '5.1.2' ],
4177 silly audit   'css-select': [ '6.0.0' ],
4177 silly audit   'css-tree': [ '3.2.1', '2.2.1' ],
4177 silly audit   'css-what': [ '7.0.0' ],
4177 silly audit   csso: [ '5.0.5' ],
4177 silly audit   sax: [ '1.6.1' ],
4177 silly audit   commander: [ '15.0.0', '11.1.0', '2.20.3' ],
4177 silly audit   boolbase: [ '1.0.0' ],
4177 silly audit   domhandler: [ '5.0.3' ],
4177 silly audit   domutils: [ '3.2.2' ],
4177 silly audit   'nth-check': [ '2.1.1' ],
4177 silly audit   'mdn-data': [ '2.27.1', '2.0.28' ],
4177 silly audit   domelementtype: [ '2.3.0' ],
4177 silly audit   'dom-serializer': [ '2.0.0' ],
4177 silly audit   '@isaacs/fs-minipass': [ '4.0.1' ],
4177 silly audit   chownr: [ '3.0.0' ],
4177 silly audit   minizlib: [ '3.1.0' ],
4177 silly audit   b4a: [ '1.8.1' ],
4177 silly audit   'bare-fs': [ '4.8.1' ],
4177 silly audit   'fast-fifo': [ '1.3.2' ],
4177 silly audit   streamx: [ '2.28.1' ],
4177 silly audit   'bare-events': [ '2.9.2' ],
4177 silly audit   'bare-path': [ '3.1.2' ],
4177 silly audit   'bare-stream': [ '2.13.4' ],
4177 silly audit   'bare-url': [ '2.5.4' ],
4177 silly audit   teex: [ '1.0.1' ],
4177 silly audit   'events-universal': [ '1.0.1' ],
4177 silly audit   'text-decoder': [ '1.2.7' ],
4177 silly audit   '@jridgewell/source-map': [ '0.3.11' ],
4177 silly audit   'source-map-support': [ '0.5.21' ],
4177 silly audit   'buffer-from': [ '1.1.2' ],
4177 silly audit   'is-number': [ '7.0.0' ],
4177 silly audit   'tagged-tag': [ '1.0.0' ],
4177 silly audit   'strip-literal': [ '4.0.0' ],
4177 silly audit   'webpack-virtual-modules': [ '0.6.2' ],
4177 silly audit   anymatch: [ '3.1.3' ],
4177 silly audit   escalade: [ '3.2.0' ],
4177 silly audit   lightningcss: [ '1.33.0' ],
4177 silly audit   'lightningcss-android-arm64': [ '1.33.0' ],
4177 silly audit   'lightningcss-darwin-arm64': [ '1.33.0' ],
4177 silly audit   'lightningcss-darwin-x64': [ '1.33.0' ],
4177 silly audit   'lightningcss-freebsd-x64': [ '1.33.0' ],
4177 silly audit   'lightningcss-linux-arm-gnueabihf': [ '1.33.0' ],
4177 silly audit   'lightningcss-linux-arm64-gnu': [ '1.33.0' ],
4177 silly audit   'lightningcss-linux-arm64-musl': [ '1.33.0' ],
4177 silly audit   'lightningcss-linux-x64-gnu': [ '1.33.0' ],
4177 silly audit   'lightningcss-linux-x64-musl': [ '1.33.0' ],
4177 silly audit   'lightningcss-win32-arm64-msvc': [ '1.33.0' ],
4177 silly audit   'lightningcss-win32-x64-msvc': [ '1.33.0' ],
4177 silly audit   obug: [ '2.1.4' ],
4177 silly audit   'proper-lockfile': [ '4.1.2' ],
4177 silly audit   'tiny-invariant': [ '1.3.3' ],
4177 silly audit   retry: [ '0.12.0' ],
4177 silly audit   ansis: [ '4.3.1' ],
4177 silly audit   'vite-dev-rpc': [ '2.0.0' ],
4177 silly audit   'vite-hot-client': [ '2.2.0' ],
4177 silly audit   '@vue/runtime-dom': [ '3.5.42' ],
4177 silly audit   '@vue/server-renderer': [ '3.5.42' ],
4177 silly audit   '@vue/reactivity': [ '3.5.42' ],
4177 silly audit   '@vue/runtime-core': [ '3.5.42' ],
4177 silly audit   csstype: [ '3.2.3' ],
4177 silly audit   '@vue-macros/common': [ '3.1.4' ],
4177 silly audit   '@vue/devtools-api': [ '8.2.1' ],
4177 silly audit   'ast-walker-scope': [ '0.9.0' ],
4177 silly audit   'muggle-string': [ '0.4.1' ],
4177 silly audit   'ast-kit': [ '2.2.0' ],
4177 silly audit   'magic-string-ast': [ '1.0.3' ],
4177 silly audit   tr46: [ '0.0.3' ],
4177 silly audit   'webidl-conversions': [ '3.0.1' ],
4177 silly audit   isexe: [ '4.0.0', '2.0.0' ],
4177 silly audit   'is-wsl': [ '3.1.1' ],
4177 silly audit   cliui: [ '9.0.1' ],
4177 silly audit   'get-caller-file': [ '2.0.5' ],
4177 silly audit   'string-width': [ '8.2.2', '7.2.0', '5.1.2', '4.2.3' ],
4177 silly audit   y18n: [ '5.0.8' ],
4177 silly audit   'yargs-parser': [ '22.0.0' ],
4177 silly audit   'strip-ansi': [ '7.2.0', '6.0.1' ],
4177 silly audit   'wrap-ansi': [ '9.0.2', '8.1.0', '7.0.0' ],
4177 silly audit   'get-east-asian-width': [ '1.6.0' ],
4177 silly audit   'ansi-regex': [ '6.3.0', '5.0.1' ],
4177 silly audit   'ansi-styles': [ '6.2.3', '4.3.0' ],
4177 silly audit   '@poppinss/colors': [ '4.1.6' ],
4177 silly audit   '@poppinss/dumper': [ '0.7.0' ],
4177 silly audit   '@speed-highlight/core': [ '1.2.24' ],
4177 silly audit   kleur: [ '4.1.5' ],
4177 silly audit   '@sindresorhus/is': [ '7.2.0' ],
4177 silly audit   'supports-color': [ '10.2.2' ],
4177 silly audit   '@poppinss/exception': [ '1.2.3' ],
4177 silly audit   'compress-commons': [ '6.0.2' ],
4177 silly audit   'crc-32': [ '1.2.2' ],
4177 silly audit   'crc32-stream': [ '6.0.0' ],
4177 silly audit   'foreground-child': [ '3.3.1' ],
4177 silly audit   jackspeak: [ '3.4.3' ],
4177 silly audit   'package-json-from-dist': [ '1.0.1' ],
4177 silly audit   '@isaacs/cliui': [ '8.0.2' ],
4177 silly audit   '@pkgjs/parseargs': [ '0.11.0' ],
4177 silly audit   'emoji-regex': [ '8.0.0', '9.2.2', '10.6.0' ],
4177 silly audit   'is-fullwidth-code-point': [ '3.0.0' ],
4177 silly audit   eastasianwidth: [ '0.2.0' ],
4177 silly audit   'core-util-is': [ '1.0.3' ],
4177 silly audit   isarray: [ '1.0.0' ],
4177 silly audit   'process-nextick-args': [ '2.0.1' ],
4177 silly audit   'color-convert': [ '2.0.1' ],
4177 silly audit   'color-name': [ '1.1.4' ],
4177 silly audit   '@parcel/watcher-wasm': [ '2.6.0' ],
4177 silly audit   'napi-wasm': [ '1.1.0' ]
4177 silly audit }
4178 http cache color-convert@https://registry.npmjs.org/color-convert/-/color-convert-2.0.1.tgz 0ms (cache hit)
4179 http cache color-name@https://registry.npmjs.org/color-name/-/color-name-1.1.4.tgz 0ms (cache hit)
4180 http cache isarray@https://registry.npmjs.org/isarray/-/isarray-1.0.0.tgz 0ms (cache hit)
4181 http cache eastasianwidth@https://registry.npmjs.org/eastasianwidth/-/eastasianwidth-0.2.0.tgz 0ms (cache hit)
4182 http cache core-util-is@https://registry.npmjs.org/core-util-is/-/core-util-is-1.0.3.tgz 0ms (cache hit)
4183 http cache process-nextick-args@https://registry.npmjs.org/process-nextick-args/-/process-nextick-args-2.0.1.tgz 0ms (cache hit)
4184 http cache is-fullwidth-code-point@https://registry.npmjs.org/is-fullwidth-code-point/-/is-fullwidth-code-point-3.0.0.tgz 0ms (cache hit)
4185 http cache emoji-regex@https://registry.npmjs.org/emoji-regex/-/emoji-regex-8.0.0.tgz 0ms (cache hit)
4186 http cache wrap-ansi-cjs@https://registry.npmjs.org/wrap-ansi/-/wrap-ansi-7.0.0.tgz 0ms (cache hit)
4187 http cache strip-ansi-cjs@https://registry.npmjs.org/strip-ansi/-/strip-ansi-6.0.1.tgz 0ms (cache hit)
4188 http cache string-width-cjs@https://registry.npmjs.org/string-width/-/string-width-4.2.3.tgz 0ms (cache hit)
4189 http cache @isaacs/cliui@https://registry.npmjs.org/@isaacs/cliui/-/cliui-8.0.2.tgz 0ms (cache hit)
4190 http cache @pkgjs/parseargs@https://registry.npmjs.org/@pkgjs/parseargs/-/parseargs-0.11.0.tgz 0ms (cache hit)
4191 http cache package-json-from-dist@https://registry.npmjs.org/package-json-from-dist/-/package-json-from-dist-1.0.1.tgz 0ms (cache hit)
4192 http cache jackspeak@https://registry.npmjs.org/jackspeak/-/jackspeak-3.4.3.tgz 0ms (cache hit)
4193 http cache foreground-child@https://registry.npmjs.org/foreground-child/-/foreground-child-3.3.1.tgz 0ms (cache hit)
4194 http cache crc32-stream@https://registry.npmjs.org/crc32-stream/-/crc32-stream-6.0.0.tgz 0ms (cache hit)
4195 http cache compress-commons@https://registry.npmjs.org/compress-commons/-/compress-commons-6.0.2.tgz 0ms (cache hit)
4196 http cache crc-32@https://registry.npmjs.org/crc-32/-/crc-32-1.2.2.tgz 0ms (cache hit)
4197 http cache @poppinss/exception@https://registry.npmjs.org/@poppinss/exception/-/exception-1.2.3.tgz 0ms (cache hit)
4198 http cache @sindresorhus/is@https://registry.npmjs.org/@sindresorhus/is/-/is-7.2.0.tgz 0ms (cache hit)
4199 http cache @speed-highlight/core@https://registry.npmjs.org/@speed-highlight/core/-/core-1.2.24.tgz 0ms (cache hit)
4200 http cache kleur@https://registry.npmjs.org/kleur/-/kleur-4.1.5.tgz 0ms (cache hit)
4201 http cache @poppinss/dumper@https://registry.npmjs.org/@poppinss/dumper/-/dumper-0.7.0.tgz 0ms (cache hit)
4202 http cache @poppinss/colors@https://registry.npmjs.org/@poppinss/colors/-/colors-4.1.6.tgz 0ms (cache hit)
4203 http cache ansi-regex@https://registry.npmjs.org/ansi-regex/-/ansi-regex-6.3.0.tgz 0ms (cache hit)
4204 http cache ansi-styles@https://registry.npmjs.org/ansi-styles/-/ansi-styles-6.2.3.tgz 0ms (cache hit)
4205 http cache get-east-asian-width@https://registry.npmjs.org/get-east-asian-width/-/get-east-asian-width-1.6.0.tgz 0ms (cache hit)
4206 http cache wrap-ansi@https://registry.npmjs.org/wrap-ansi/-/wrap-ansi-9.0.2.tgz 0ms (cache hit)
4207 http cache strip-ansi@https://registry.npmjs.org/strip-ansi/-/strip-ansi-7.2.0.tgz 0ms (cache hit)
4208 http cache yargs-parser@https://registry.npmjs.org/yargs-parser/-/yargs-parser-22.0.0.tgz 0ms (cache hit)
4209 http cache y18n@https://registry.npmjs.org/y18n/-/y18n-5.0.8.tgz 0ms (cache hit)
4210 http cache string-width@https://registry.npmjs.org/string-width/-/string-width-8.2.2.tgz 0ms (cache hit)
4211 http cache get-caller-file@https://registry.npmjs.org/get-caller-file/-/get-caller-file-2.0.5.tgz 0ms (cache hit)
4212 http cache cliui@https://registry.npmjs.org/cliui/-/cliui-9.0.1.tgz 0ms (cache hit)
4213 http cache is-wsl@https://registry.npmjs.org/is-wsl/-/is-wsl-3.1.1.tgz 0ms (cache hit)
4214 http cache isexe@https://registry.npmjs.org/isexe/-/isexe-4.0.0.tgz 0ms (cache hit)
4215 http cache webidl-conversions@https://registry.npmjs.org/webidl-conversions/-/webidl-conversions-3.0.1.tgz 0ms (cache hit)
4216 http cache tr46@https://registry.npmjs.org/tr46/-/tr46-0.0.3.tgz 0ms (cache hit)
4217 http cache magic-string-ast@https://registry.npmjs.org/magic-string-ast/-/magic-string-ast-1.0.3.tgz 0ms (cache hit)
4218 http cache ast-kit@https://registry.npmjs.org/ast-kit/-/ast-kit-2.2.0.tgz 0ms (cache hit)
4219 http cache @vue/devtools-api@https://registry.npmjs.org/@vue/devtools-api/-/devtools-api-8.2.1.tgz 0ms (cache hit)
4220 http cache @vue-macros/common@https://registry.npmjs.org/@vue-macros/common/-/common-3.1.4.tgz 0ms (cache hit)
4221 http cache muggle-string@https://registry.npmjs.org/muggle-string/-/muggle-string-0.4.1.tgz 0ms (cache hit)
4222 http cache ast-walker-scope@https://registry.npmjs.org/ast-walker-scope/-/ast-walker-scope-0.9.0.tgz 0ms (cache hit)
4223 http cache csstype@https://registry.npmjs.org/csstype/-/csstype-3.2.3.tgz 0ms (cache hit)
4224 http cache @vue/runtime-core@https://registry.npmjs.org/@vue/runtime-core/-/runtime-core-3.5.42.tgz 0ms (cache hit)
4225 http cache @vue/reactivity@https://registry.npmjs.org/@vue/reactivity/-/reactivity-3.5.42.tgz 0ms (cache hit)
4226 http cache supports-color@https://registry.npmjs.org/supports-color/-/supports-color-10.2.2.tgz 0ms (cache hit)
4227 http cache @vue/runtime-dom@https://registry.npmjs.org/@vue/runtime-dom/-/runtime-dom-3.5.42.tgz 0ms (cache hit)
4228 http cache @vue/server-renderer@https://registry.npmjs.org/@vue/server-renderer/-/server-renderer-3.5.42.tgz 0ms (cache hit)
4229 http cache vite-dev-rpc@https://registry.npmjs.org/vite-dev-rpc/-/vite-dev-rpc-2.0.0.tgz 0ms (cache hit)
4230 http cache ansis@https://registry.npmjs.org/ansis/-/ansis-4.3.1.tgz 0ms (cache hit)
4231 http cache retry@https://registry.npmjs.org/retry/-/retry-0.12.0.tgz 0ms (cache hit)
4232 http cache proper-lockfile@https://registry.npmjs.org/proper-lockfile/-/proper-lockfile-4.1.2.tgz 0ms (cache hit)
4233 http cache tiny-invariant@https://registry.npmjs.org/tiny-invariant/-/tiny-invariant-1.3.3.tgz 0ms (cache hit)
4234 http cache obug@https://registry.npmjs.org/obug/-/obug-2.1.4.tgz 0ms (cache hit)
4235 http cache lightningcss-win32-x64-msvc@https://registry.npmjs.org/lightningcss-win32-x64-msvc/-/lightningcss-win32-x64-msvc-1.33.0.tgz 0ms (cache hit)
4236 http cache anymatch@https://registry.npmjs.org/anymatch/-/anymatch-3.1.3.tgz 0ms (cache hit)
4237 http cache escalade@https://registry.npmjs.org/escalade/-/escalade-3.2.0.tgz 0ms (cache hit)
4238 http cache webpack-virtual-modules@https://registry.npmjs.org/webpack-virtual-modules/-/webpack-virtual-modules-0.6.2.tgz 0ms (cache hit)
4239 http cache tagged-tag@https://registry.npmjs.org/tagged-tag/-/tagged-tag-1.0.0.tgz 1ms (cache hit)
4240 http cache strip-literal@https://registry.npmjs.org/strip-literal/-/strip-literal-4.0.0.tgz 0ms (cache hit)
4241 http cache is-number@https://registry.npmjs.org/is-number/-/is-number-7.0.0.tgz 0ms (cache hit)
4242 http cache lightningcss@https://registry.npmjs.org/lightningcss/-/lightningcss-1.33.0.tgz 0ms (cache hit)
4243 http cache @jridgewell/source-map@https://registry.npmjs.org/@jridgewell/source-map/-/source-map-0.3.11.tgz 0ms (cache hit)
4244 http cache buffer-from@https://registry.npmjs.org/buffer-from/-/buffer-from-1.1.2.tgz 0ms (cache hit)
4245 http cache source-map-support@https://registry.npmjs.org/source-map-support/-/source-map-support-0.5.21.tgz 0ms (cache hit)
4246 http cache text-decoder@https://registry.npmjs.org/text-decoder/-/text-decoder-1.2.7.tgz 0ms (cache hit)
4247 http cache events-universal@https://registry.npmjs.org/events-universal/-/events-universal-1.0.1.tgz 0ms (cache hit)
4248 http cache teex@https://registry.npmjs.org/teex/-/teex-1.0.1.tgz 0ms (cache hit)
4249 http cache bare-path@https://registry.npmjs.org/bare-path/-/bare-path-3.1.2.tgz 0ms (cache hit)
4250 http cache vite-hot-client@https://registry.npmjs.org/vite-hot-client/-/vite-hot-client-2.2.0.tgz 0ms (cache hit)
4251 http cache bare-events@https://registry.npmjs.org/bare-events/-/bare-events-2.9.2.tgz 0ms (cache hit)
4252 http cache bare-url@https://registry.npmjs.org/bare-url/-/bare-url-2.5.4.tgz 0ms (cache hit)
4253 http cache fast-fifo@https://registry.npmjs.org/fast-fifo/-/fast-fifo-1.3.2.tgz 0ms (cache hit)
4254 http cache bare-stream@https://registry.npmjs.org/bare-stream/-/bare-stream-2.13.4.tgz 0ms (cache hit)
4255 http cache minizlib@https://registry.npmjs.org/minizlib/-/minizlib-3.1.0.tgz 0ms (cache hit)
4256 http cache streamx@https://registry.npmjs.org/streamx/-/streamx-2.28.1.tgz 0ms (cache hit)
4257 http cache bare-fs@https://registry.npmjs.org/bare-fs/-/bare-fs-4.8.1.tgz 0ms (cache hit)
4258 http cache b4a@https://registry.npmjs.org/b4a/-/b4a-1.8.1.tgz 0ms (cache hit)
4259 http cache @isaacs/fs-minipass@https://registry.npmjs.org/@isaacs/fs-minipass/-/fs-minipass-4.0.1.tgz 0ms (cache hit)
4260 http cache chownr@https://registry.npmjs.org/chownr/-/chownr-3.0.0.tgz 0ms (cache hit)
4261 http cache dom-serializer@https://registry.npmjs.org/dom-serializer/-/dom-serializer-2.0.0.tgz 0ms (cache hit)
4262 http cache mdn-data@https://registry.npmjs.org/mdn-data/-/mdn-data-2.27.1.tgz 0ms (cache hit)
4263 http cache domelementtype@https://registry.npmjs.org/domelementtype/-/domelementtype-2.3.0.tgz 0ms (cache hit)
4264 http cache nth-check@https://registry.npmjs.org/nth-check/-/nth-check-2.1.1.tgz 0ms (cache hit)
4265 http cache domutils@https://registry.npmjs.org/domutils/-/domutils-3.2.2.tgz 0ms (cache hit)
4266 http cache domhandler@https://registry.npmjs.org/domhandler/-/domhandler-5.0.3.tgz 0ms (cache hit)
4267 http cache boolbase@https://registry.npmjs.org/boolbase/-/boolbase-1.0.0.tgz 0ms (cache hit)
4268 http cache commander@https://registry.npmjs.org/commander/-/commander-15.0.0.tgz 0ms (cache hit)
4269 http cache csso@https://registry.npmjs.org/csso/-/csso-5.0.5.tgz 0ms (cache hit)
4270 http cache sax@https://registry.npmjs.org/sax/-/sax-1.6.1.tgz 0ms (cache hit)
4271 http cache css-what@https://registry.npmjs.org/css-what/-/css-what-7.0.0.tgz 0ms (cache hit)
4272 http cache css-tree@https://registry.npmjs.org/css-tree/-/css-tree-3.2.1.tgz 0ms (cache hit)
4273 http cache css-select@https://registry.npmjs.org/css-select/-/css-select-6.0.0.tgz 0ms (cache hit)
4274 http cache totalist@https://registry.npmjs.org/totalist/-/totalist-3.0.1.tgz 0ms (cache hit)
4275 http cache safe-buffer@https://registry.npmjs.org/safe-buffer/-/safe-buffer-5.2.1.tgz 0ms (cache hit)
4276 http cache mrmime@https://registry.npmjs.org/mrmime/-/mrmime-2.0.1.tgz 0ms (cache hit)
4277 http cache @polka/url@https://registry.npmjs.org/@polka/url/-/url-1.0.0-next.29.tgz 0ms (cache hit)
4278 http cache @simple-git/argv-parser@https://registry.npmjs.org/@simple-git/argv-parser/-/argv-parser-1.1.1.tgz 0ms (cache hit)
4279 http cache @simple-git/args-pathspec@https://registry.npmjs.org/@simple-git/args-pathspec/-/args-pathspec-1.0.3.tgz 0ms (cache hit)
4280 http cache @kwsites/file-exists@https://registry.npmjs.org/@kwsites/file-exists/-/file-exists-1.1.1.tgz 0ms (cache hit)
4281 http cache shebang-regex@https://registry.npmjs.org/shebang-regex/-/shebang-regex-3.0.0.tgz 0ms (cache hit)
4282 http cache @kwsites/promise-deferred@https://registry.npmjs.org/@kwsites/promise-deferred/-/promise-deferred-1.1.1.tgz 0ms (cache hit)
4283 http cache ee-first@https://registry.npmjs.org/ee-first/-/ee-first-1.1.1.tgz 0ms (cache hit)
4284 http cache mime-db@https://registry.npmjs.org/mime-db/-/mime-db-1.54.0.tgz 0ms (cache hit)
4285 http cache toidentifier@https://registry.npmjs.org/toidentifier/-/toidentifier-1.0.1.tgz 0ms (cache hit)
4286 http cache setprototypeof@https://registry.npmjs.org/setprototypeof/-/setprototypeof-1.2.0.tgz 0ms (cache hit)
4287 http cache inherits@https://registry.npmjs.org/inherits/-/inherits-2.0.4.tgz 0ms (cache hit)
4288 http cache statuses@https://registry.npmjs.org/statuses/-/statuses-2.0.2.tgz 0ms (cache hit)
4289 http cache depd@https://registry.npmjs.org/depd/-/depd-2.0.0.tgz 0ms (cache hit)
4290 http cache range-parser@https://registry.npmjs.org/range-parser/-/range-parser-1.3.0.tgz 0ms (cache hit)
4291 http cache on-finished@https://registry.npmjs.org/on-finished/-/on-finished-2.4.1.tgz 0ms (cache hit)
4292 http cache mime-types@https://registry.npmjs.org/mime-types/-/mime-types-3.0.2.tgz 0ms (cache hit)
4293 http cache http-errors@https://registry.npmjs.org/http-errors/-/http-errors-2.0.1.tgz 0ms (cache hit)
4294 http cache fresh@https://registry.npmjs.org/fresh/-/fresh-2.0.0.tgz 0ms (cache hit)
4295 http cache send@https://registry.npmjs.org/send/-/send-1.2.1.tgz 0ms (cache hit)
4296 http cache parseurl@https://registry.npmjs.org/parseurl/-/parseurl-1.3.3.tgz 0ms (cache hit)
4297 http cache escape-html@https://registry.npmjs.org/escape-html/-/escape-html-1.0.3.tgz 0ms (cache hit)
4298 http cache encodeurl@https://registry.npmjs.org/encodeurl/-/encodeurl-2.0.0.tgz 0ms (cache hit)
4299 http cache is-docker@https://registry.npmjs.org/is-docker/-/is-docker-3.0.0.tgz 0ms (cache hit)
4300 http cache default-browser-id@https://registry.npmjs.org/default-browser-id/-/default-browser-id-5.0.1.tgz 0ms (cache hit)
4301 http cache queue-microtask@https://registry.npmjs.org/queue-microtask/-/queue-microtask-1.2.3.tgz 0ms (cache hit)
4302 http cache bundle-name@https://registry.npmjs.org/bundle-name/-/bundle-name-4.1.0.tgz 0ms (cache hit)
4303 http cache wsl-utils@https://registry.npmjs.org/wsl-utils/-/wsl-utils-1.0.0.tgz 0ms (cache hit)
4304 http cache run-applescript@https://registry.npmjs.org/run-applescript/-/run-applescript-7.1.0.tgz 0ms (cache hit)
4305 http cache powershell-utils@https://registry.npmjs.org/powershell-utils/-/powershell-utils-0.2.1.tgz 0ms (cache hit)
4306 http cache is-inside-container@https://registry.npmjs.org/is-inside-container/-/is-inside-container-1.0.0.tgz 0ms (cache hit)
4307 http cache is-in-ssh@https://registry.npmjs.org/is-in-ssh/-/is-in-ssh-1.0.0.tgz 0ms (cache hit)
4308 http cache define-lazy-prop@https://registry.npmjs.org/define-lazy-prop/-/define-lazy-prop-3.0.0.tgz 0ms (cache hit)
4309 http cache default-browser@https://registry.npmjs.org/default-browser/-/default-browser-5.5.1.tgz 0ms (cache hit)
4310 http cache open@https://registry.npmjs.org/open/-/open-11.0.2.tgz 0ms (cache hit)
4311 http cache yargs@https://registry.npmjs.org/yargs/-/yargs-18.1.0.tgz 0ms (cache hit)
4312 http cache @rollup/rollup-win32-x64-gnu@https://registry.npmjs.org/@rollup/rollup-win32-x64-gnu/-/rollup-win32-x64-gnu-4.63.1.tgz 0ms (cache hit)
4313 http cache @rolldown/binding-win32-x64-msvc@https://registry.npmjs.org/@rolldown/binding-win32-x64-msvc/-/binding-win32-x64-msvc-1.2.7.tgz 0ms (cache hit)
4314 http cache function-bind@https://registry.npmjs.org/function-bind/-/function-bind-1.1.2.tgz 0ms (cache hit)
4315 http cache path-parse@https://registry.npmjs.org/path-parse/-/path-parse-1.0.7.tgz 0ms (cache hit)
4316 http cache @rollup/rollup-win32-x64-msvc@https://registry.npmjs.org/@rollup/rollup-win32-x64-msvc/-/rollup-win32-x64-msvc-4.63.1.tgz 0ms (cache hit)
4317 http cache supports-preserve-symlinks-flag@https://registry.npmjs.org/supports-preserve-symlinks-flag/-/supports-preserve-symlinks-flag-1.0.0.tgz 0ms (cache hit)
4318 http cache hasown@https://registry.npmjs.org/hasown/-/hasown-2.0.4.tgz 0ms (cache hit)
4319 http cache is-core-module@https://registry.npmjs.org/is-core-module/-/is-core-module-2.16.2.tgz 0ms (cache hit)
4320 http cache es-errors@https://registry.npmjs.org/es-errors/-/es-errors-1.3.0.tgz 0ms (cache hit)
4321 http cache event-target-shim@https://registry.npmjs.org/event-target-shim/-/event-target-shim-5.0.1.tgz 0ms (cache hit)
4322 http cache base64-js@https://registry.npmjs.org/base64-js/-/base64-js-1.5.1.tgz 0ms (cache hit)
4323 http cache string_decoder@https://registry.npmjs.org/string_decoder/-/string_decoder-1.3.0.tgz 0ms (cache hit)
4324 http cache process@https://registry.npmjs.org/process/-/process-0.11.10.tgz 0ms (cache hit)
4325 http cache buffer@https://registry.npmjs.org/buffer/-/buffer-6.0.3.tgz 0ms (cache hit)
4326 http cache events@https://registry.npmjs.org/events/-/events-3.3.0.tgz 0ms (cache hit)
4327 http cache abort-controller@https://registry.npmjs.org/abort-controller/-/abort-controller-3.0.0.tgz 0ms (cache hit)
4328 http cache svgo@https://registry.npmjs.org/svgo/-/svgo-4.1.0.tgz 0ms (cache hit)
4329 http cache util-deprecate@https://registry.npmjs.org/util-deprecate/-/util-deprecate-1.0.2.tgz 0ms (cache hit)
4330 http cache cssesc@https://registry.npmjs.org/cssesc/-/cssesc-3.0.0.tgz 0ms (cache hit)
4331 http cache stylehacks@https://registry.npmjs.org/stylehacks/-/stylehacks-8.0.4.tgz 0ms (cache hit)
4332 http cache @colordx/core@https://registry.npmjs.org/@colordx/core/-/core-5.8.0.tgz 0ms (cache hit)
4333 http cache caniuse-api@https://registry.npmjs.org/caniuse-api/-/caniuse-api-4.0.0.tgz 0ms (cache hit)
4334 http cache postcss-selector-parser@https://registry.npmjs.org/postcss-selector-parser/-/postcss-selector-parser-7.1.6.tgz 0ms (cache hit)
4335 http cache nanoid@https://registry.npmjs.org/nanoid/-/nanoid-3.3.18.tgz 0ms (cache hit)
4336 http cache mimic-fn@https://registry.npmjs.org/mimic-fn/-/mimic-fn-4.0.0.tgz 0ms (cache hit)
4337 http cache abbrev@https://registry.npmjs.org/abbrev/-/abbrev-3.0.1.tgz 0ms (cache hit)
4338 http cache whatwg-url@https://registry.npmjs.org/whatwg-url/-/whatwg-url-5.0.0.tgz 0ms (cache hit)
4339 http cache to-regex-range@https://registry.npmjs.org/to-regex-range/-/to-regex-range-5.0.1.tgz 0ms (cache hit)
4340 http cache balanced-match@https://registry.npmjs.org/balanced-match/-/balanced-match-4.0.4.tgz 0ms (cache hit)
4341 http cache brace-expansion@https://registry.npmjs.org/brace-expansion/-/brace-expansion-5.0.9.tgz 0ms (cache hit)
4342 http cache standard-as-callback@https://registry.npmjs.org/standard-as-callback/-/standard-as-callback-2.1.0.tgz 0ms (cache hit)
4343 http cache braces@https://registry.npmjs.org/braces/-/braces-3.0.3.tgz 0ms (cache hit)
4344 http cache redis-parser@https://registry.npmjs.org/redis-parser/-/redis-parser-3.0.0.tgz 0ms (cache hit)
4345 http cache redis-errors@https://registry.npmjs.org/redis-errors/-/redis-errors-1.2.0.tgz 0ms (cache hit)
4346 http cache @oxc-project/types@https://registry.npmjs.org/@oxc-project/types/-/types-0.148.0.tgz 0ms (cache hit)
4347 http cache ieee754@https://registry.npmjs.org/ieee754/-/ieee754-1.2.1.tgz 0ms (cache hit)
4348 http cache denque@https://registry.npmjs.org/denque/-/denque-2.1.0.tgz 0ms (cache hit)
4349 http cache fill-range@https://registry.npmjs.org/fill-range/-/fill-range-7.1.1.tgz 0ms (cache hit)
4350 http cache @ioredis/commands@https://registry.npmjs.org/@ioredis/commands/-/commands-1.10.0.tgz 0ms (cache hit)
4351 http cache agent-base@https://registry.npmjs.org/agent-base/-/agent-base-7.1.4.tgz 0ms (cache hit)
4352 http cache cluster-key-slot@https://registry.npmjs.org/cluster-key-slot/-/cluster-key-slot-1.1.1.tgz 1ms (cache hit)
4353 http cache duplexer@https://registry.npmjs.org/duplexer/-/duplexer-0.1.2.tgz 0ms (cache hit)
4354 http cache reusify@https://registry.npmjs.org/reusify/-/reusify-1.1.0.tgz 0ms (cache hit)
4355 http cache run-parallel@https://registry.npmjs.org/run-parallel/-/run-parallel-1.2.0.tgz 0ms (cache hit)
4356 http cache fastq@https://registry.npmjs.org/fastq/-/fastq-1.20.3.tgz 0ms (cache hit)
4357 http cache @nodelib/fs.scandir@https://registry.npmjs.org/@nodelib/fs.scandir/-/fs.scandir-2.1.5.tgz 0ms (cache hit)
4358 http cache merge2@https://registry.npmjs.org/merge2/-/merge2-1.4.1.tgz 0ms (cache hit)
4359 http cache @nodelib/fs.walk@https://registry.npmjs.org/@nodelib/fs.walk/-/fs.walk-1.2.8.tgz 0ms (cache hit)
4360 http cache @nodelib/fs.stat@https://registry.npmjs.org/@nodelib/fs.stat/-/fs.stat-2.0.5.tgz 0ms (cache hit)
4361 http cache unicorn-magic@https://registry.npmjs.org/unicorn-magic/-/unicorn-magic-0.4.0.tgz 0ms (cache hit)
4362 http cache glob-parent@https://registry.npmjs.org/glob-parent/-/glob-parent-5.1.2.tgz 0ms (cache hit)
4363 http cache @sindresorhus/merge-streams@https://registry.npmjs.org/@sindresorhus/merge-streams/-/merge-streams-4.0.0.tgz 0ms (cache hit)
4364 http cache slash@https://registry.npmjs.org/slash/-/slash-5.1.0.tgz 0ms (cache hit)
4365 http cache fast-glob@https://registry.npmjs.org/fast-glob/-/fast-glob-3.3.3.tgz 0ms (cache hit)
4366 http cache micromatch@https://registry.npmjs.org/micromatch/-/micromatch-4.0.8.tgz 0ms (cache hit)
4367 http cache minipass@https://registry.npmjs.org/minipass/-/minipass-7.1.3.tgz 0ms (cache hit)
4368 http cache path-scurry@https://registry.npmjs.org/path-scurry/-/path-scurry-2.0.2.tgz 0ms (cache hit)
4369 http cache @esbuild/win32-x64@https://registry.npmjs.org/@esbuild/win32-x64/-/win32-x64-0.28.2.tgz 0ms (cache hit)
4370 http cache minimatch@https://registry.npmjs.org/minimatch/-/minimatch-10.2.6.tgz 0ms (cache hit)
4371 http cache type-fest@https://registry.npmjs.org/type-fest/-/type-fest-5.9.0.tgz 0ms (cache hit)
4372 http cache file-uri-to-path@https://registry.npmjs.org/file-uri-to-path/-/file-uri-to-path-1.0.0.tgz 0ms (cache hit)
4373 http cache lodash@https://registry.npmjs.org/lodash/-/lodash-4.18.1.tgz 0ms (cache hit)
4374 http cache normalize-path@https://registry.npmjs.org/normalize-path/-/normalize-path-3.0.0.tgz 0ms (cache hit)
4375 http cache lazystream@https://registry.npmjs.org/lazystream/-/lazystream-1.0.1.tgz 0ms (cache hit)
4376 http cache tar-stream@https://registry.npmjs.org/tar-stream/-/tar-stream-3.2.1.tgz 0ms (cache hit)
4377 http cache zip-stream@https://registry.npmjs.org/zip-stream/-/zip-stream-6.0.1.tgz 0ms (cache hit)
4378 http cache readable-stream@https://registry.npmjs.org/readable-stream/-/readable-stream-4.7.0.tgz 0ms (cache hit)
4379 http cache readdir-glob@https://registry.npmjs.org/readdir-glob/-/readdir-glob-1.1.3.tgz 0ms (cache hit)
4380 http cache archiver-utils@https://registry.npmjs.org/archiver-utils/-/archiver-utils-5.0.2.tgz 0ms (cache hit)
4381 http cache buffer-crc32@https://registry.npmjs.org/buffer-crc32/-/buffer-crc32-1.0.0.tgz 0ms (cache hit)
4382 http cache async@https://registry.npmjs.org/async/-/async-3.2.6.tgz 0ms (cache hit)
4383 http cache tar@https://registry.npmjs.org/tar/-/tar-7.5.22.tgz 0ms (cache hit)
4384 http cache nopt@https://registry.npmjs.org/nopt/-/nopt-8.1.0.tgz 0ms (cache hit)
4385 http cache node-fetch@https://registry.npmjs.org/node-fetch/-/node-fetch-2.7.0.tgz 0ms (cache hit)
4386 http cache node-gyp-build@https://registry.npmjs.org/node-gyp-build/-/node-gyp-build-4.8.4.tgz 0ms (cache hit)
4387 http cache https-proxy-agent@https://registry.npmjs.org/https-proxy-agent/-/https-proxy-agent-7.0.6.tgz 0ms (cache hit)
4388 http cache detect-libc@https://registry.npmjs.org/detect-libc/-/detect-libc-2.1.2.tgz 0ms (cache hit)
4389 http cache glob@https://registry.npmjs.org/glob/-/glob-13.0.6.tgz 0ms (cache hit)
4390 http cache graceful-fs@https://registry.npmjs.org/graceful-fs/-/graceful-fs-4.2.11.tgz 0ms (cache hit)
4391 http cache bindings@https://registry.npmjs.org/bindings/-/bindings-1.5.0.tgz 0ms (cache hit)
4392 http cache resolve-from@https://registry.npmjs.org/resolve-from/-/resolve-from-5.0.0.tgz 0ms (cache hit)
4393 http cache @mapbox/node-pre-gyp@https://registry.npmjs.org/@mapbox/node-pre-gyp/-/node-pre-gyp-2.0.3.tgz 0ms (cache hit)
4394 http cache async-sema@https://registry.npmjs.org/async-sema/-/async-sema-3.1.1.tgz 0ms (cache hit)
4395 http cache acorn-import-attributes@https://registry.npmjs.org/acorn-import-attributes/-/acorn-import-attributes-1.9.5.tgz 0ms (cache hit)
4396 http cache @types/estree@https://registry.npmjs.org/@types/estree/-/estree-1.0.9.tgz 0ms (cache hit)
4397 http cache terser@https://registry.npmjs.org/terser/-/terser-5.51.2.tgz 0ms (cache hit)
4398 http cache smob@https://registry.npmjs.org/smob/-/smob-1.6.2.tgz 0ms (cache hit)
4399 http cache serialize-javascript@https://registry.npmjs.org/serialize-javascript/-/serialize-javascript-7.1.1.tgz 0ms (cache hit)
4400 http cache resolve@https://registry.npmjs.org/resolve/-/resolve-1.22.12.tgz 0ms (cache hit)
4401 http cache is-module@https://registry.npmjs.org/is-module/-/is-module-1.0.0.tgz 0ms (cache hit)
4402 http cache @types/resolve@https://registry.npmjs.org/@types/resolve/-/resolve-1.20.2.tgz 0ms (cache hit)
4403 http cache deepmerge@https://registry.npmjs.org/deepmerge/-/deepmerge-4.3.1.tgz 0ms (cache hit)
4404 http cache fdir@https://registry.npmjs.org/fdir/-/fdir-6.5.0.tgz 0ms (cache hit)
4405 http cache commondir@https://registry.npmjs.org/commondir/-/commondir-1.0.1.tgz 0ms (cache hit)
4406 http cache @rollup/pluginutils@https://registry.npmjs.org/@rollup/pluginutils/-/pluginutils-5.4.0.tgz 0ms (cache hit)
4407 http cache is-reference@https://registry.npmjs.org/is-reference/-/is-reference-1.2.1.tgz 0ms (cache hit)
4408 http cache youch-core@https://registry.npmjs.org/youch-core/-/youch-core-0.3.3.tgz 0ms (cache hit)
4409 http cache unwasm@https://registry.npmjs.org/unwasm/-/unwasm-0.5.3.tgz 0ms (cache hit)
4410 http cache serve-static@https://registry.npmjs.org/serve-static/-/serve-static-2.2.1.tgz 0ms (cache hit)
4411 http cache serve-placeholder@https://registry.npmjs.org/serve-placeholder/-/serve-placeholder-2.0.2.tgz 0ms (cache hit)
4412 http cache rollup-plugin-visualizer@https://registry.npmjs.org/rollup-plugin-visualizer/-/rollup-plugin-visualizer-7.1.1.tgz 0ms (cache hit)
4413 http cache source-map@https://registry.npmjs.org/source-map/-/source-map-0.7.6.tgz 0ms (cache hit)
4414 http cache rollup@https://registry.npmjs.org/rollup/-/rollup-4.63.1.tgz 0ms (cache hit)
4415 http cache pretty-bytes@https://registry.npmjs.org/pretty-bytes/-/pretty-bytes-7.1.3.tgz 0ms (cache hit)
4416 http cache node-fetch-native@https://registry.npmjs.org/node-fetch-native/-/node-fetch-native-1.6.7.tgz 0ms (cache hit)
4417 http cache httpxy@https://registry.npmjs.org/httpxy/-/httpxy-0.5.5.tgz 0ms (cache hit)
4418 http cache ioredis@https://registry.npmjs.org/ioredis/-/ioredis-5.11.1.tgz 0ms (cache hit)
4419 http cache gzip-size@https://registry.npmjs.org/gzip-size/-/gzip-size-7.0.0.tgz 0ms (cache hit)
4420 http cache mime@https://registry.npmjs.org/mime/-/mime-4.1.0.tgz 0ms (cache hit)
4421 http cache globby@https://registry.npmjs.org/globby/-/globby-16.2.4.tgz 0ms (cache hit)
4422 http cache etag@https://registry.npmjs.org/etag/-/etag-1.8.1.tgz 0ms (cache hit)
4423 http cache esbuild@https://registry.npmjs.org/esbuild/-/esbuild-0.28.2.tgz 0ms (cache hit)
4424 http cache dot-prop@https://registry.npmjs.org/dot-prop/-/dot-prop-10.2.0.tgz 0ms (cache hit)
4425 http cache @vercel/nft@https://registry.npmjs.org/@vercel/nft/-/nft-1.11.0.tgz 0ms (cache hit)
4426 http cache @rollup/plugin-terser@https://registry.npmjs.org/@rollup/plugin-terser/-/plugin-terser-1.0.0.tgz 0ms (cache hit)
4427 http cache @rollup/plugin-replace@https://registry.npmjs.org/@rollup/plugin-replace/-/plugin-replace-6.0.3.tgz 0ms (cache hit)
4428 http cache @rollup/plugin-node-resolve@https://registry.npmjs.org/@rollup/plugin-node-resolve/-/plugin-node-resolve-16.0.3.tgz 0ms (cache hit)
4429 http cache @rollup/plugin-json@https://registry.npmjs.org/@rollup/plugin-json/-/plugin-json-6.1.0.tgz 0ms (cache hit)
4430 http cache @rollup/plugin-inject@https://registry.npmjs.org/@rollup/plugin-inject/-/plugin-inject-5.0.5.tgz 0ms (cache hit)
4431 http cache @rollup/plugin-commonjs@https://registry.npmjs.org/@rollup/plugin-commonjs/-/plugin-commonjs-29.0.3.tgz 0ms (cache hit)
4432 http cache @cloudflare/kv-asset-handler@https://registry.npmjs.org/@cloudflare/kv-asset-handler/-/kv-asset-handler-0.4.2.tgz 0ms (cache hit)
4433 http cache db0@https://registry.npmjs.org/db0/-/db0-0.3.4.tgz 0ms (cache hit)
4434 http cache croner@https://registry.npmjs.org/croner/-/croner-10.0.1.tgz 0ms (cache hit)
4435 http cache archiver@https://registry.npmjs.org/archiver/-/archiver-7.0.1.tgz 0ms (cache hit)
4436 http cache acorn@https://registry.npmjs.org/acorn/-/acorn-8.18.0.tgz 0ms (cache hit)
4437 http cache @rollup/plugin-alias@https://registry.npmjs.org/@rollup/plugin-alias/-/plugin-alias-6.0.0.tgz 0ms (cache hit)
4438 http cache yallist@https://registry.npmjs.org/yallist/-/yallist-3.1.1.tgz 0ms (cache hit)
4439 http cache quansync@https://registry.npmjs.org/quansync/-/quansync-0.2.11.tgz 0ms (cache hit)
4440 http cache is-extglob@https://registry.npmjs.org/is-extglob/-/is-extglob-2.1.1.tgz 0ms (cache hit)
4441 http cache is-glob@https://registry.npmjs.org/is-glob/-/is-glob-4.0.3.tgz 0ms (cache hit)
4442 http cache uqr@https://registry.npmjs.org/uqr/-/uqr-0.1.3.tgz 0ms (cache hit)
4443 http cache untun@https://registry.npmjs.org/untun/-/untun-0.2.2.tgz 0ms (cache hit)
4444 http cache node-forge@https://registry.npmjs.org/node-forge/-/node-forge-1.4.0.tgz 0ms (cache hit)
4445 http cache http-shutdown@https://registry.npmjs.org/http-shutdown/-/http-shutdown-1.2.2.tgz 0ms (cache hit)
4446 http cache shell-quote@https://registry.npmjs.org/shell-quote/-/shell-quote-1.10.0.tgz 0ms (cache hit)
4447 http cache ini@https://registry.npmjs.org/ini/-/ini-4.1.1.tgz 0ms (cache hit)
4448 http cache is-path-inside@https://registry.npmjs.org/is-path-inside/-/is-path-inside-4.0.0.tgz 0ms (cache hit)
4449 http cache global-directory@https://registry.npmjs.org/global-directory/-/global-directory-4.0.1.tgz 0ms (cache hit)
4450 http cache unplugin-utils@https://registry.npmjs.org/unplugin-utils/-/unplugin-utils-0.3.2.tgz 0ms (cache hit)
4451 http cache node-mock-http@https://registry.npmjs.org/node-mock-http/-/node-mock-http-1.0.5.tgz 0ms (cache hit)
4452 http cache radix3@https://registry.npmjs.org/radix3/-/radix3-1.1.2.tgz 0ms (cache hit)
4453 http cache iron-webcrypto@https://registry.npmjs.org/iron-webcrypto/-/iron-webcrypto-1.2.1.tgz 0ms (cache hit)
4454 http cache crossws@https://registry.npmjs.org/crossws/-/crossws-0.3.5.tgz 0ms (cache hit)
4455 http cache loader-utils@https://registry.npmjs.org/loader-utils/-/loader-utils-3.3.1.tgz 0ms (cache hit)
4456 http cache fast-string-truncated-width@https://registry.npmjs.org/fast-string-truncated-width/-/fast-string-truncated-width-3.0.3.tgz 0ms (cache hit)
4457 http cache shebang-command@https://registry.npmjs.org/shebang-command/-/shebang-command-2.0.0.tgz 0ms (cache hit)
4458 http cache cac@https://registry.npmjs.org/cac/-/cac-6.7.14.tgz 0ms (cache hit)
4459 http cache path-key@https://registry.npmjs.org/path-key/-/path-key-3.1.1.tgz 0ms (cache hit)
4460 http cache strip-final-newline@https://registry.npmjs.org/strip-final-newline/-/strip-final-newline-3.0.0.tgz 0ms (cache hit)
4461 http cache signal-exit@https://registry.npmjs.org/signal-exit/-/signal-exit-4.1.0.tgz 0ms (cache hit)
4462 http cache onetime@https://registry.npmjs.org/onetime/-/onetime-6.0.0.tgz 0ms (cache hit)
4463 http cache npm-run-path@https://registry.npmjs.org/npm-run-path/-/npm-run-path-5.3.0.tgz 0ms (cache hit)
4464 http cache merge-stream@https://registry.npmjs.org/merge-stream/-/merge-stream-2.0.0.tgz 0ms (cache hit)
4465 http cache es-module-lexer@https://registry.npmjs.org/es-module-lexer/-/es-module-lexer-2.3.2.tgz 0ms (cache hit)
4466 http cache is-stream@https://registry.npmjs.org/is-stream/-/is-stream-3.0.0.tgz 0ms (cache hit)
4467 http cache get-stream@https://registry.npmjs.org/get-stream/-/get-stream-8.0.1.tgz 0ms (cache hit)
4468 http cache cross-spawn@https://registry.npmjs.org/cross-spawn/-/cross-spawn-7.0.6.tgz 0ms (cache hit)
4469 http cache human-signals@https://registry.npmjs.org/human-signals/-/human-signals-5.0.0.tgz 0ms (cache hit)
4470 http cache ms@https://registry.npmjs.org/ms/-/ms-2.1.3.tgz 0ms (cache hit)
4471 http cache postcss-unique-selectors@https://registry.npmjs.org/postcss-unique-selectors/-/postcss-unique-selectors-8.0.4.tgz 0ms (cache hit)
4472 http cache postcss-svgo@https://registry.npmjs.org/postcss-svgo/-/postcss-svgo-8.0.6.tgz 0ms (cache hit)
4473 http cache postcss-reduce-initial@https://registry.npmjs.org/postcss-reduce-initial/-/postcss-reduce-initial-8.0.5.tgz 0ms (cache hit)
4474 http cache postcss-reduce-transforms@https://registry.npmjs.org/postcss-reduce-transforms/-/postcss-reduce-transforms-8.0.4.tgz 0ms (cache hit)
4475 http cache postcss-ordered-values@https://registry.npmjs.org/postcss-ordered-values/-/postcss-ordered-values-8.0.5.tgz 0ms (cache hit)
4476 http cache postcss-normalize-unicode@https://registry.npmjs.org/postcss-normalize-unicode/-/postcss-normalize-unicode-8.0.4.tgz 0ms (cache hit)
4477 http cache postcss-normalize-url@https://registry.npmjs.org/postcss-normalize-url/-/postcss-normalize-url-8.0.4.tgz 0ms (cache hit)
4478 http cache postcss-normalize-timing-functions@https://registry.npmjs.org/postcss-normalize-timing-functions/-/postcss-normalize-timing-functions-8.0.4.tgz 0ms (cache hit)
4479 http cache postcss-normalize-whitespace@https://registry.npmjs.org/postcss-normalize-whitespace/-/postcss-normalize-whitespace-8.0.5.tgz 0ms (cache hit)
4480 http cache postcss-normalize-positions@https://registry.npmjs.org/postcss-normalize-positions/-/postcss-normalize-positions-8.0.4.tgz 0ms (cache hit)
4481 http cache postcss-normalize-string@https://registry.npmjs.org/postcss-normalize-string/-/postcss-normalize-string-8.0.4.tgz 0ms (cache hit)
4482 http cache postcss-normalize-repeat-style@https://registry.npmjs.org/postcss-normalize-repeat-style/-/postcss-normalize-repeat-style-8.0.4.tgz 0ms (cache hit)
4483 http cache postcss-normalize-display-values@https://registry.npmjs.org/postcss-normalize-display-values/-/postcss-normalize-display-values-8.0.4.tgz 0ms (cache hit)
4484 http cache postcss-normalize-charset@https://registry.npmjs.org/postcss-normalize-charset/-/postcss-normalize-charset-8.0.5.tgz 0ms (cache hit)
4485 http cache postcss-minify-selectors@https://registry.npmjs.org/postcss-minify-selectors/-/postcss-minify-selectors-8.0.5.tgz 0ms (cache hit)
4486 http cache postcss-minify-params@https://registry.npmjs.org/postcss-minify-params/-/postcss-minify-params-8.0.4.tgz 0ms (cache hit)
4487 http cache postcss-minify-gradients@https://registry.npmjs.org/postcss-minify-gradients/-/postcss-minify-gradients-8.0.6.tgz 0ms (cache hit)
4488 http cache postcss-minify-font-values@https://registry.npmjs.org/postcss-minify-font-values/-/postcss-minify-font-values-8.0.4.tgz 0ms (cache hit)
4489 http cache postcss-merge-longhand@https://registry.npmjs.org/postcss-merge-longhand/-/postcss-merge-longhand-8.0.4.tgz 0ms (cache hit)
4490 http cache postcss-merge-rules@https://registry.npmjs.org/postcss-merge-rules/-/postcss-merge-rules-8.0.5.tgz 0ms (cache hit)
4491 http cache postcss-discard-overridden@https://registry.npmjs.org/postcss-discard-overridden/-/postcss-discard-overridden-8.0.4.tgz 0ms (cache hit)
4492 http cache postcss-discard-empty@https://registry.npmjs.org/postcss-discard-empty/-/postcss-discard-empty-8.0.5.tgz 0ms (cache hit)
4493 http cache postcss-discard-duplicates@https://registry.npmjs.org/postcss-discard-duplicates/-/postcss-discard-duplicates-8.0.4.tgz 0ms (cache hit)
4494 http cache postcss-convert-values@https://registry.npmjs.org/postcss-convert-values/-/postcss-convert-values-8.0.4.tgz 0ms (cache hit)
4495 http cache postcss-discard-comments@https://registry.npmjs.org/postcss-discard-comments/-/postcss-discard-comments-8.0.4.tgz 0ms (cache hit)
4496 http cache postcss-colormin@https://registry.npmjs.org/postcss-colormin/-/postcss-colormin-8.0.5.tgz 0ms (cache hit)
4497 http cache postcss-calc@https://registry.npmjs.org/postcss-calc/-/postcss-calc-10.1.1.tgz 0ms (cache hit)
4498 http cache cssnano-utils@https://registry.npmjs.org/cssnano-utils/-/cssnano-utils-6.0.4.tgz 0ms (cache hit)
4499 http cache lilconfig@https://registry.npmjs.org/lilconfig/-/lilconfig-3.1.3.tgz 0ms (cache hit)
4500 http cache cssnano-preset-default@https://registry.npmjs.org/cssnano-preset-default/-/cssnano-preset-default-8.0.10.tgz 0ms (cache hit)
4501 http cache readdirp@https://registry.npmjs.org/readdirp/-/readdirp-5.1.1.tgz 0ms (cache hit)
4502 http cache update-browserslist-db@https://registry.npmjs.org/update-browserslist-db/-/update-browserslist-db-1.3.2.tgz 0ms (cache hit)
4503 http cache node-releases@https://registry.npmjs.org/node-releases/-/node-releases-2.0.54.tgz 0ms (cache hit)
4504 http cache dotenv@https://registry.npmjs.org/dotenv/-/dotenv-17.4.2.tgz 0ms (cache hit)
4505 http cache electron-to-chromium@https://registry.npmjs.org/electron-to-chromium/-/electron-to-chromium-1.5.422.tgz 0ms (cache hit)
4506 http cache postcss-value-parser@https://registry.npmjs.org/postcss-value-parser/-/postcss-value-parser-4.2.0.tgz 0ms (cache hit)
4507 http cache caniuse-lite@https://registry.npmjs.org/caniuse-lite/-/caniuse-lite-1.0.30001810.tgz 0ms (cache hit)
4508 http cache baseline-browser-mapping@https://registry.npmjs.org/baseline-browser-mapping/-/baseline-browser-mapping-2.11.21.tgz 0ms (cache hit)
4509 http cache @vue/devtools-shared@https://registry.npmjs.org/@vue/devtools-shared/-/devtools-shared-8.2.1.tgz 0ms (cache hit)
4510 http cache @vue/compiler-ssr@https://registry.npmjs.org/@vue/compiler-ssr/-/compiler-ssr-3.5.42.tgz 0ms (cache hit)
4511 http cache source-map-js@https://registry.npmjs.org/source-map-js/-/source-map-js-1.2.1.tgz 0ms (cache hit)
4512 http cache @vue/compiler-core@https://registry.npmjs.org/@vue/compiler-core/-/compiler-core-3.5.42.tgz 0ms (cache hit)
4513 http cache estree-walker@https://registry.npmjs.org/estree-walker/-/estree-walker-2.0.2.tgz 0ms (cache hit)
4514 http cache entities@https://registry.npmjs.org/entities/-/entities-7.0.1.tgz 0ms (cache hit)
4515 http cache @vue/compiler-sfc@https://registry.npmjs.org/@vue/compiler-sfc/-/compiler-sfc-3.5.42.tgz 0ms (cache hit)
4516 http cache @babel/plugin-syntax-jsx@https://registry.npmjs.org/@babel/plugin-syntax-jsx/-/plugin-syntax-jsx-7.29.7.tgz 0ms (cache hit)
4517 http cache @jridgewell/resolve-uri@https://registry.npmjs.org/@jridgewell/resolve-uri/-/resolve-uri-3.1.2.tgz 0ms (cache hit)
4518 http cache @vue/babel-plugin-resolve-type@https://registry.npmjs.org/@vue/babel-plugin-resolve-type/-/babel-plugin-resolve-type-2.0.1.tgz 0ms (cache hit)
4519 http cache @vue/babel-helper-vue-transform-on@https://registry.npmjs.org/@vue/babel-helper-vue-transform-on/-/babel-helper-vue-transform-on-2.0.1.tgz 0ms (cache hit)
4520 http cache @jridgewell/sourcemap-codec@https://registry.npmjs.org/@jridgewell/sourcemap-codec/-/sourcemap-codec-1.6.0.tgz 0ms (cache hit)
4521 http cache @babel/helper-string-parser@https://registry.npmjs.org/@babel/helper-string-parser/-/helper-string-parser-7.29.7.tgz 0ms (cache hit)
4522 http cache @babel/helper-globals@https://registry.npmjs.org/@babel/helper-globals/-/helper-globals-7.29.7.tgz 0ms (cache hit)
4523 http cache @babel/helper-replace-supers@https://registry.npmjs.org/@babel/helper-replace-supers/-/helper-replace-supers-7.29.7.tgz 0ms (cache hit)
4524 http cache @babel/helper-member-expression-to-functions@https://registry.npmjs.org/@babel/helper-member-expression-to-functions/-/helper-member-expression-to-functions-7.29.7.tgz 0ms (cache hit)
4525 http cache @babel/helper-optimise-call-expression@https://registry.npmjs.org/@babel/helper-optimise-call-expression/-/helper-optimise-call-expression-7.29.7.tgz 0ms (cache hit)
4526 http cache @babel/helper-skip-transparent-expression-wrappers@https://registry.npmjs.org/@babel/helper-skip-transparent-expression-wrappers/-/helper-skip-transparent-expression-wrappers-7.29.7.tgz 0ms (cache hit)
4527 http cache @babel/helper-create-class-features-plugin@https://registry.npmjs.org/@babel/helper-create-class-features-plugin/-/helper-create-class-features-plugin-7.29.7.tgz 0ms (cache hit)
4528 http cache @babel/helper-annotate-as-pure@https://registry.npmjs.org/@babel/helper-annotate-as-pure/-/helper-annotate-as-pure-7.29.7.tgz 0ms (cache hit)
4529 http cache lru-cache@https://registry.npmjs.org/lru-cache/-/lru-cache-5.1.1.tgz 0ms (cache hit)
4530 http cache @babel/helper-module-imports@https://registry.npmjs.org/@babel/helper-module-imports/-/helper-module-imports-7.29.7.tgz 0ms (cache hit)
4531 http cache browserslist@https://registry.npmjs.org/browserslist/-/browserslist-4.28.8.tgz 0ms (cache hit)
4532 http cache jsesc@https://registry.npmjs.org/jsesc/-/jsesc-3.1.0.tgz 0ms (cache hit)
4533 http cache @jridgewell/trace-mapping@https://registry.npmjs.org/@jridgewell/trace-mapping/-/trace-mapping-0.3.31.tgz 0ms (cache hit)
4534 http cache @jridgewell/gen-mapping@https://registry.npmjs.org/@jridgewell/gen-mapping/-/gen-mapping-0.3.13.tgz 0ms (cache hit)
4535 http cache picocolors@https://registry.npmjs.org/picocolors/-/picocolors-1.1.1.tgz 0ms (cache hit)
4536 http cache fraction.js@https://registry.npmjs.org/fraction.js/-/fraction.js-5.3.4.tgz 0ms (cache hit)
4537 http cache @babel/compat-data@https://registry.npmjs.org/@babel/compat-data/-/compat-data-7.29.7.tgz 0ms (cache hit)
4538 http cache @babel/helper-validator-option@https://registry.npmjs.org/@babel/helper-validator-option/-/helper-validator-option-7.29.7.tgz 0ms (cache hit)
4539 http cache @babel/helper-validator-identifier@https://registry.npmjs.org/@babel/helper-validator-identifier/-/helper-validator-identifier-7.29.7.tgz 0ms (cache hit)
4540 http cache @jridgewell/remapping@https://registry.npmjs.org/@jridgewell/remapping/-/remapping-2.3.5.tgz 0ms (cache hit)
4541 http cache @babel/helper-plugin-utils@https://registry.npmjs.org/@babel/helper-plugin-utils/-/helper-plugin-utils-7.29.7.tgz 0ms (cache hit)
4542 http cache @babel/types@https://registry.npmjs.org/@babel/types/-/types-7.29.8.tgz 0ms (cache hit)
4543 http cache @babel/traverse@https://registry.npmjs.org/@babel/traverse/-/traverse-7.29.8.tgz 0ms (cache hit)
4544 http cache @babel/template@https://registry.npmjs.org/@babel/template/-/template-7.29.7.tgz 0ms (cache hit)
4545 http cache @babel/parser@https://registry.npmjs.org/@babel/parser/-/parser-7.29.8.tgz 0ms (cache hit)
4546 http cache json5@https://registry.npmjs.org/json5/-/json5-2.2.3.tgz 0ms (cache hit)
4547 http cache gensync@https://registry.npmjs.org/gensync/-/gensync-1.0.0-beta.2.tgz 0ms (cache hit)
4548 http cache @babel/helpers@https://registry.npmjs.org/@babel/helpers/-/helpers-7.29.7.tgz 0ms (cache hit)
4549 http cache convert-source-map@https://registry.npmjs.org/convert-source-map/-/convert-source-map-2.0.0.tgz 0ms (cache hit)
4550 http cache @babel/helper-module-transforms@https://registry.npmjs.org/@babel/helper-module-transforms/-/helper-module-transforms-7.29.7.tgz 0ms (cache hit)
4551 http cache @babel/helper-compilation-targets@https://registry.npmjs.org/@babel/helper-compilation-targets/-/helper-compilation-targets-7.29.7.tgz 0ms (cache hit)
4552 http cache @babel/generator@https://registry.npmjs.org/@babel/generator/-/generator-7.29.8.tgz 0ms (cache hit)
4553 http cache @babel/code-frame@https://registry.npmjs.org/@babel/code-frame/-/code-frame-7.29.7.tgz 0ms (cache hit)
4554 http cache @vue/babel-plugin-jsx@https://registry.npmjs.org/@vue/babel-plugin-jsx/-/babel-plugin-jsx-2.0.1.tgz 0ms (cache hit)
4555 http cache @rolldown/pluginutils@https://registry.npmjs.org/@rolldown/pluginutils/-/pluginutils-1.0.1.tgz 0ms (cache hit)
4556 http cache @babel/plugin-syntax-typescript@https://registry.npmjs.org/@babel/plugin-syntax-typescript/-/plugin-syntax-typescript-7.29.7.tgz 0ms (cache hit)
4557 http cache @babel/plugin-transform-typescript@https://registry.npmjs.org/@babel/plugin-transform-typescript/-/plugin-transform-typescript-7.29.7.tgz 0ms (cache hit)
4558 http cache @unhead/bundler@https://registry.npmjs.org/@unhead/bundler/-/bundler-3.4.0.tgz 0ms (cache hit)
4559 http cache @babel/core@https://registry.npmjs.org/@babel/core/-/core-7.29.7.tgz 0ms (cache hit)
4560 http cache vite-plugin-checker@https://registry.npmjs.org/vite-plugin-checker/-/vite-plugin-checker-0.14.5.tgz 0ms (cache hit)
4561 http cache unenv@https://registry.npmjs.org/unenv/-/unenv-2.0.0-rc.24.tgz 0ms (cache hit)
4562 http cache vite-node@https://registry.npmjs.org/vite-node/-/vite-node-6.0.0.tgz 0ms (cache hit)
4563 http cache seroval@https://registry.npmjs.org/seroval/-/seroval-1.6.4.tgz 0ms (cache hit)
4564 http cache generic-names@https://registry.npmjs.org/generic-names/-/generic-names-4.0.0.tgz 0ms (cache hit)
4565 http cache js-tokens@https://registry.npmjs.org/js-tokens/-/js-tokens-10.0.0.tgz 0ms (cache hit)
4566 http cache cssnano@https://registry.npmjs.org/cssnano/-/cssnano-8.0.10.tgz 0ms (cache hit)
4567 http cache postcss@https://registry.npmjs.org/postcss/-/postcss-8.5.28.tgz 0ms (cache hit)
4568 http cache @vitejs/plugin-vue@https://registry.npmjs.org/@vitejs/plugin-vue/-/plugin-vue-6.0.8.tgz 0ms (cache hit)
4569 http cache vue-devtools-stub@https://registry.npmjs.org/vue-devtools-stub/-/vue-devtools-stub-0.1.0.tgz 0ms (cache hit)
4570 http cache autoprefixer@https://registry.npmjs.org/autoprefixer/-/autoprefixer-10.5.4.tgz 0ms (cache hit)
4571 http cache @vitejs/plugin-vue-jsx@https://registry.npmjs.org/@vitejs/plugin-vue-jsx/-/plugin-vue-jsx-5.1.6.tgz 0ms (cache hit)
4572 http cache @nuxt/devalue@https://registry.npmjs.org/@nuxt/devalue/-/devalue-2.0.2.tgz 0ms (cache hit)
4573 http cache vue-bundle-renderer@https://registry.npmjs.org/vue-bundle-renderer/-/vue-bundle-renderer-2.3.2.tgz 0ms (cache hit)
4574 http cache nitropack@https://registry.npmjs.org/nitropack/-/nitropack-2.13.4.tgz 0ms (cache hit)
4575 http cache mocked-exports@https://registry.npmjs.org/mocked-exports/-/mocked-exports-0.1.1.tgz 0ms (cache hit)
4576 http cache h3@https://registry.npmjs.org/h3/-/h3-1.15.11.tgz 0ms (cache hit)
4577 http cache rc9@https://registry.npmjs.org/rc9/-/rc9-3.1.0.tgz 0ms (cache hit)
4578 http cache diff@https://registry.npmjs.org/diff/-/diff-8.0.4.tgz 0ms (cache hit)
4579 http cache ws@https://registry.npmjs.org/ws/-/ws-8.21.3.tgz 0ms (cache hit)
4580 http cache which@https://registry.npmjs.org/which/-/which-6.0.1.tgz 0ms (cache hit)
4581 http cache vite-plugin-vue-tracer@https://registry.npmjs.org/vite-plugin-vue-tracer/-/vite-plugin-vue-tracer-1.5.0.tgz 0ms (cache hit)
4582 http cache unstorage@https://registry.npmjs.org/unstorage/-/unstorage-1.17.5.tgz 0ms (cache hit)
4583 http cache structured-clone-es@https://registry.npmjs.org/structured-clone-es/-/structured-clone-es-2.0.1.tgz 0ms (cache hit)
4584 http cache sirv@https://registry.npmjs.org/sirv/-/sirv-3.0.2.tgz 0ms (cache hit)
4585 http cache simple-git@https://registry.npmjs.org/simple-git/-/simple-git-3.36.0.tgz 0ms (cache hit)
4586 http cache magicast@https://registry.npmjs.org/magicast/-/magicast-0.5.4.tgz 0ms (cache hit)
4587 http cache local-pkg@https://registry.npmjs.org/local-pkg/-/local-pkg-1.2.1.tgz 0ms (cache hit)
4588 http cache launch-editor@https://registry.npmjs.org/launch-editor/-/launch-editor-2.14.1.tgz 0ms (cache hit)
4589 http cache is-installed-globally@https://registry.npmjs.org/is-installed-globally/-/is-installed-globally-1.0.0.tgz 0ms (cache hit)
4590 http cache image-meta@https://registry.npmjs.org/image-meta/-/image-meta-0.2.2.tgz 0ms (cache hit)
4591 http cache get-port-please@https://registry.npmjs.org/get-port-please/-/get-port-please-3.2.0.tgz 0ms (cache hit)
4592 http cache fast-npm-meta@https://registry.npmjs.org/fast-npm-meta/-/fast-npm-meta-2.2.0.tgz 0ms (cache hit)
4593 http cache execa@https://registry.npmjs.org/execa/-/execa-8.0.1.tgz 0ms (cache hit)
4594 http cache vite-plugin-inspect@https://registry.npmjs.org/vite-plugin-inspect/-/vite-plugin-inspect-11.4.1.tgz 0ms (cache hit)
4595 http cache error-stack-parser-es@https://registry.npmjs.org/error-stack-parser-es/-/error-stack-parser-es-2.0.1.tgz 0ms (cache hit)
4596 http cache @vue/devtools-kit@https://registry.npmjs.org/@vue/devtools-kit/-/devtools-kit-8.2.1.tgz 0ms (cache hit)
4597 http cache destr@https://registry.npmjs.org/destr/-/destr-2.0.5.tgz 0ms (cache hit)
4598 http cache @vue/devtools-core@https://registry.npmjs.org/@vue/devtools-core/-/devtools-core-8.2.1.tgz 0ms (cache hit)
4599 http cache @nuxt/devtools-wizard@https://registry.npmjs.org/@nuxt/devtools-wizard/-/devtools-wizard-3.4.2.tgz 0ms (cache hit)
4600 http cache @nuxt/devtools-kit@https://registry.npmjs.org/@nuxt/devtools-kit/-/devtools-kit-3.4.2.tgz 0ms (cache hit)
4601 http cache birpc@https://registry.npmjs.org/birpc/-/birpc-4.2.0.tgz 0ms (cache hit)
4602 http cache sisteransi@https://registry.npmjs.org/sisteransi/-/sisteransi-1.0.5.tgz 0ms (cache hit)
4603 http cache fast-wrap-ansi@https://registry.npmjs.org/fast-wrap-ansi/-/fast-wrap-ansi-0.2.2.tgz 0ms (cache hit)
4604 http cache @clack/core@https://registry.npmjs.org/@clack/core/-/core-1.4.3.tgz 0ms (cache hit)
4605 http cache fast-string-width@https://registry.npmjs.org/fast-string-width/-/fast-string-width-3.0.2.tgz 0ms (cache hit)
4606 http cache youch@https://registry.npmjs.org/youch/-/youch-4.1.1.tgz 0ms (cache hit)
4607 http cache tinyexec@https://registry.npmjs.org/tinyexec/-/tinyexec-1.3.1.tgz 0ms (cache hit)
4608 http cache tinyclip@https://registry.npmjs.org/tinyclip/-/tinyclip-0.1.15.tgz 0ms (cache hit)
4609 http cache srvx@https://registry.npmjs.org/srvx/-/srvx-0.11.22.tgz 0ms (cache hit)
4610 http cache semver@https://registry.npmjs.org/semver/-/semver-7.8.5.tgz 0ms (cache hit)
4611 http cache listhen@https://registry.npmjs.org/listhen/-/listhen-1.10.1.tgz 0ms (cache hit)
4612 http cache giget@https://registry.npmjs.org/giget/-/giget-3.3.1.tgz 0ms (cache hit)
4613 http cache fzf@https://registry.npmjs.org/fzf/-/fzf-0.5.2.tgz 0ms (cache hit)
4614 http cache fuse.js@https://registry.npmjs.org/fuse.js/-/fuse.js-7.5.0.tgz 0ms (cache hit)
4615 http cache confbox@https://registry.npmjs.org/confbox/-/confbox-0.2.4.tgz 0ms (cache hit)
4616 http cache citty@https://registry.npmjs.org/citty/-/citty-0.2.2.tgz 0ms (cache hit)
4617 http cache debug@https://registry.npmjs.org/debug/-/debug-4.4.3.tgz 0ms (cache hit)
4618 http cache @clack/prompts@https://registry.npmjs.org/@clack/prompts/-/prompts-1.7.0.tgz 0ms (cache hit)
4619 http cache c12@https://registry.npmjs.org/c12/-/c12-3.3.4.tgz 0ms (cache hit)
4620 http cache @bomb.sh/tab@https://registry.npmjs.org/@bomb.sh/tab/-/tab-0.0.19.tgz 0ms (cache hit)
4621 http cache @vue/compiler-dom@https://registry.npmjs.org/@vue/compiler-dom/-/compiler-dom-3.5.42.tgz 0ms (cache hit)
4622 http cache @dxup/unimport@https://registry.npmjs.org/@dxup/unimport/-/unimport-0.1.2.tgz 0ms (cache hit)
4623 http cache vue-component-type-helpers@https://registry.npmjs.org/vue-component-type-helpers/-/vue-component-type-helpers-3.3.11.tgz 0ms (cache hit)
4624 http cache verkit@https://registry.npmjs.org/verkit/-/verkit-0.3.2.tgz 0ms (cache hit)
4625 http cache vue-router@https://registry.npmjs.org/vue-router/-/vue-router-5.3.1.tgz 0ms (cache hit)
4626 http cache untyped@https://registry.npmjs.org/untyped/-/untyped-2.0.0.tgz 0ms (cache hit)
4627 http cache unrouting@https://registry.npmjs.org/unrouting/-/unrouting-0.2.3.tgz 0ms (cache hit)
4628 http cache unplugin@https://registry.npmjs.org/unplugin/-/unplugin-3.3.0.tgz 0ms (cache hit)
4629 http cache unimport@https://registry.npmjs.org/unimport/-/unimport-6.4.0.tgz 0ms (cache hit)
4630 http cache uncrypto@https://registry.npmjs.org/uncrypto/-/uncrypto-0.1.3.tgz 0ms (cache hit)
4631 http cache undici@https://registry.npmjs.org/undici/-/undici-8.10.1.tgz 0ms (cache hit)
4632 http cache unctx@https://registry.npmjs.org/unctx/-/unctx-3.0.1.tgz 0ms (cache hit)
4633 http cache unhead@https://registry.npmjs.org/unhead/-/unhead-3.4.0.tgz 0ms (cache hit)
4634 http cache ultrahtml@https://registry.npmjs.org/ultrahtml/-/ultrahtml-1.7.0.tgz 0ms (cache hit)
4635 http cache ufo@https://registry.npmjs.org/ufo/-/ufo-1.6.4.tgz 0ms (cache hit)
4636 http cache std-env@https://registry.npmjs.org/std-env/-/std-env-4.2.0.tgz 0ms (cache hit)
4637 http cache tinyglobby@https://registry.npmjs.org/tinyglobby/-/tinyglobby-0.2.17.tgz 0ms (cache hit)
4638 http cache scule@https://registry.npmjs.org/scule/-/scule-1.3.0.tgz 0ms (cache hit)
4639 http cache rou3@https://registry.npmjs.org/rou3/-/rou3-0.9.2.tgz 0ms (cache hit)
4640 http cache rolldown-string@https://registry.npmjs.org/rolldown-string/-/rolldown-string-0.3.1.tgz 0ms (cache hit)
4641 http cache pkg-types@https://registry.npmjs.org/pkg-types/-/pkg-types-2.3.2.tgz 0ms (cache hit)
4642 http cache perfect-debounce@https://registry.npmjs.org/perfect-debounce/-/perfect-debounce-2.1.0.tgz 0ms (cache hit)
4643 http cache pathe@https://registry.npmjs.org/pathe/-/pathe-2.0.3.tgz 0ms (cache hit)
4644 http cache oxc-walker@https://registry.npmjs.org/oxc-walker/-/oxc-walker-1.1.1.tgz 0ms (cache hit)
4645 http cache picomatch@https://registry.npmjs.org/picomatch/-/picomatch-4.0.7.tgz 0ms (cache hit)
4646 http cache on-change@https://registry.npmjs.org/on-change/-/on-change-6.0.2.tgz 0ms (cache hit)
4647 http cache ofetch@https://registry.npmjs.org/ofetch/-/ofetch-1.5.1.tgz 0ms (cache hit)
4648 http cache object-identity@https://registry.npmjs.org/object-identity/-/object-identity-0.2.3.tgz 0ms (cache hit)
4649 http cache nypm@https://registry.npmjs.org/nypm/-/nypm-0.6.9.tgz 0ms (cache hit)
4650 http cache ohash@https://registry.npmjs.org/ohash/-/ohash-2.0.12.tgz 0ms (cache hit)
4651 http cache nanotar@https://registry.npmjs.org/nanotar/-/nanotar-0.3.0.tgz 0ms (cache hit)
4652 http cache nostics@https://registry.npmjs.org/nostics/-/nostics-1.2.0.tgz 0ms (cache hit)
4653 http cache mlly@https://registry.npmjs.org/mlly/-/mlly-1.8.2.tgz 0ms (cache hit)
4654 http cache klona@https://registry.npmjs.org/klona/-/klona-2.0.6.tgz 0ms (cache hit)
4655 http cache magic-string@https://registry.npmjs.org/magic-string/-/magic-string-1.2.3.tgz 0ms (cache hit)
4656 http cache jiti@https://registry.npmjs.org/jiti/-/jiti-2.7.0.tgz 0ms (cache hit)
4657 http cache ignore@https://registry.npmjs.org/ignore/-/ignore-7.0.8.tgz 0ms (cache hit)
4658 http cache impound@https://registry.npmjs.org/impound/-/impound-1.2.0.tgz 0ms (cache hit)
4659 http cache hookable@https://registry.npmjs.org/hookable/-/hookable-6.1.1.tgz 0ms (cache hit)
4660 http cache fnv1a-64@https://registry.npmjs.org/fnv1a-64/-/fnv1a-64-0.1.2.tgz 0ms (cache hit)
4661 http cache exsolve@https://registry.npmjs.org/exsolve/-/exsolve-1.1.1.tgz 0ms (cache hit)
4662 http cache escape-string-regexp@https://registry.npmjs.org/escape-string-regexp/-/escape-string-regexp-5.0.0.tgz 0ms (cache hit)
4663 http cache errx@https://registry.npmjs.org/errx/-/errx-0.1.2.tgz 0ms (cache hit)
4664 http cache devalue@https://registry.npmjs.org/devalue/-/devalue-5.9.2.tgz 0ms (cache hit)
4665 http cache defu@https://registry.npmjs.org/defu/-/defu-6.1.7.tgz 0ms (cache hit)
4666 http cache cookie-es@https://registry.npmjs.org/cookie-es/-/cookie-es-3.1.1.tgz 0ms (cache hit)
4667 http cache compatx@https://registry.npmjs.org/compatx/-/compatx-0.2.0.tgz 0ms (cache hit)
4668 http cache @vue/shared@https://registry.npmjs.org/@vue/shared/-/shared-3.5.42.tgz 0ms (cache hit)
4669 http cache knitwork@https://registry.npmjs.org/knitwork/-/knitwork-1.3.0.tgz 0ms (cache hit)
4670 http cache @unhead/vue@https://registry.npmjs.org/@unhead/vue/-/vue-3.4.0.tgz 0ms (cache hit)
4671 http cache chokidar@https://registry.npmjs.org/chokidar/-/chokidar-5.0.0.tgz 0ms (cache hit)
4672 http cache consola@https://registry.npmjs.org/consola/-/consola-3.4.2.tgz 0ms (cache hit)
4673 http cache vue@https://registry.npmjs.org/vue/-/vue-3.5.42.tgz 0ms (cache hit)
4674 http cache @nuxt/telemetry@https://registry.npmjs.org/@nuxt/telemetry/-/telemetry-2.9.1.tgz 0ms (cache hit)
4675 http cache @nuxt/schema@https://registry.npmjs.org/@nuxt/schema/-/schema-4.5.2.tgz 0ms (cache hit)
4676 http cache @nuxt/nitro-server@https://registry.npmjs.org/@nuxt/nitro-server/-/nitro-server-4.5.2.tgz 0ms (cache hit)
4677 http cache vite@https://registry.npmjs.org/vite/-/vite-8.2.2.tgz 0ms (cache hit)
4678 http cache @nuxt/kit@https://registry.npmjs.org/@nuxt/kit/-/kit-4.5.2.tgz 0ms (cache hit)
4679 http cache @dxup/nuxt@https://registry.npmjs.org/@dxup/nuxt/-/nuxt-0.5.10.tgz 0ms (cache hit)
4680 http cache @nuxt/devtools@https://registry.npmjs.org/@nuxt/devtools/-/devtools-3.4.2.tgz 0ms (cache hit)
4681 http cache rolldown@https://registry.npmjs.org/rolldown/-/rolldown-1.2.7.tgz 0ms (cache hit)
4682 http cache @nuxt/cli@https://registry.npmjs.org/@nuxt/cli/-/cli-3.37.0.tgz 0ms (cache hit)
4683 http cache nuxt@https://registry.npmjs.org/nuxt/-/nuxt-4.5.2.tgz 0ms (cache hit)
4684 http cache ansi-regex@https://registry.npmjs.org/ansi-regex/-/ansi-regex-5.0.1.tgz 0ms (cache hit)
4685 http cache @nuxt/vite-builder@https://registry.npmjs.org/@nuxt/vite-builder/-/vite-builder-4.5.2.tgz 0ms (cache hit)
4686 http cache strip-ansi@https://registry.npmjs.org/strip-ansi/-/strip-ansi-6.0.1.tgz 0ms (cache hit)
4687 http cache string-width@https://registry.npmjs.org/string-width/-/string-width-4.2.3.tgz 0ms (cache hit)
4688 http cache ansi-styles@https://registry.npmjs.org/ansi-styles/-/ansi-styles-4.3.0.tgz 0ms (cache hit)
4689 http cache ansi-regex@https://registry.npmjs.org/ansi-regex/-/ansi-regex-5.0.1.tgz 0ms (cache hit)
4690 http cache ansi-regex@https://registry.npmjs.org/ansi-regex/-/ansi-regex-5.0.1.tgz 0ms (cache hit)
4691 http cache strip-ansi@https://registry.npmjs.org/strip-ansi/-/strip-ansi-6.0.1.tgz 0ms (cache hit)
4692 http cache emoji-regex@https://registry.npmjs.org/emoji-regex/-/emoji-regex-9.2.2.tgz 0ms (cache hit)
4693 http cache is-stream@https://registry.npmjs.org/is-stream/-/is-stream-2.0.1.tgz 0ms (cache hit)
4694 http cache wrap-ansi@https://registry.npmjs.org/wrap-ansi/-/wrap-ansi-8.1.0.tgz 0ms (cache hit)
4695 http cache emoji-regex@https://registry.npmjs.org/emoji-regex/-/emoji-regex-10.6.0.tgz 0ms (cache hit)
4696 http cache string-width@https://registry.npmjs.org/string-width/-/string-width-5.1.2.tgz 0ms (cache hit)
4697 http cache string-width@https://registry.npmjs.org/string-width/-/string-width-7.2.0.tgz 0ms (cache hit)
4698 http cache magic-string@https://registry.npmjs.org/magic-string/-/magic-string-0.30.21.tgz 0ms (cache hit)
4699 http cache emoji-regex@https://registry.npmjs.org/emoji-regex/-/emoji-regex-10.6.0.tgz 0ms (cache hit)
4700 http cache string-width@https://registry.npmjs.org/string-width/-/string-width-7.2.0.tgz 0ms (cache hit)
4701 http cache signal-exit@https://registry.npmjs.org/signal-exit/-/signal-exit-3.0.7.tgz 0ms (cache hit)
4702 http cache picomatch@https://registry.npmjs.org/picomatch/-/picomatch-2.3.2.tgz 0ms (cache hit)
4703 http cache source-map@https://registry.npmjs.org/source-map/-/source-map-0.6.1.tgz 0ms (cache hit)
4704 http cache entities@https://registry.npmjs.org/entities/-/entities-4.5.0.tgz 0ms (cache hit)
4705 http cache powershell-utils@https://registry.npmjs.org/powershell-utils/-/powershell-utils-0.1.0.tgz 0ms (cache hit)
4706 http cache mdn-data@https://registry.npmjs.org/mdn-data/-/mdn-data-2.0.28.tgz 0ms (cache hit)
4707 http cache commander@https://registry.npmjs.org/commander/-/commander-11.1.0.tgz 0ms (cache hit)
4708 http cache css-tree@https://registry.npmjs.org/css-tree/-/css-tree-2.2.1.tgz 0ms (cache hit)
4709 http cache picomatch@https://registry.npmjs.org/picomatch/-/picomatch-2.3.2.tgz 0ms (cache hit)
4710 http cache lru-cache@https://registry.npmjs.org/lru-cache/-/lru-cache-11.5.2.tgz 0ms (cache hit)
4711 http cache string_decoder@https://registry.npmjs.org/string_decoder/-/string_decoder-1.1.1.tgz 0ms (cache hit)
4712 http cache safe-buffer@https://registry.npmjs.org/safe-buffer/-/safe-buffer-5.1.2.tgz 0ms (cache hit)
4713 http cache balanced-match@https://registry.npmjs.org/balanced-match/-/balanced-match-1.0.2.tgz 0ms (cache hit)
4714 http cache lru-cache@https://registry.npmjs.org/lru-cache/-/lru-cache-10.4.3.tgz 0ms (cache hit)
4715 http cache brace-expansion@https://registry.npmjs.org/brace-expansion/-/brace-expansion-2.1.4.tgz 0ms (cache hit)
4716 http cache minimatch@https://registry.npmjs.org/minimatch/-/minimatch-5.1.9.tgz 0ms (cache hit)
4717 http cache balanced-match@https://registry.npmjs.org/balanced-match/-/balanced-match-1.0.2.tgz 0ms (cache hit)
4718 http cache brace-expansion@https://registry.npmjs.org/brace-expansion/-/brace-expansion-2.1.4.tgz 0ms (cache hit)
4719 http cache path-scurry@https://registry.npmjs.org/path-scurry/-/path-scurry-1.11.1.tgz 0ms (cache hit)
4720 http cache minimatch@https://registry.npmjs.org/minimatch/-/minimatch-9.0.9.tgz 0ms (cache hit)
4721 http cache yallist@https://registry.npmjs.org/yallist/-/yallist-5.0.0.tgz 0ms (cache hit)
4722 http cache is-stream@https://registry.npmjs.org/is-stream/-/is-stream-2.0.1.tgz 0ms (cache hit)
4723 http cache commander@https://registry.npmjs.org/commander/-/commander-2.20.3.tgz 0ms (cache hit)
4724 http cache glob@https://registry.npmjs.org/glob/-/glob-10.5.0.tgz 0ms (cache hit)
4725 http cache error-stack-parser-es@https://registry.npmjs.org/error-stack-parser-es/-/error-stack-parser-es-1.0.5.tgz 0ms (cache hit)
4726 http cache source-map@https://registry.npmjs.org/source-map/-/source-map-0.8.0.tgz 0ms (cache hit)
4727 http cache magic-string@https://registry.npmjs.org/magic-string/-/magic-string-0.30.21.tgz 0ms (cache hit)
4728 http cache magic-string@https://registry.npmjs.org/magic-string/-/magic-string-0.30.21.tgz 0ms (cache hit)
4729 http cache magic-string@https://registry.npmjs.org/magic-string/-/magic-string-0.30.21.tgz 0ms (cache hit)
4730 http cache magic-string@https://registry.npmjs.org/magic-string/-/magic-string-0.30.21.tgz 1ms (cache hit)
4731 http cache path-key@https://registry.npmjs.org/path-key/-/path-key-4.0.0.tgz 0ms (cache hit)
4732 http cache isexe@https://registry.npmjs.org/isexe/-/isexe-2.0.0.tgz 0ms (cache hit)
4733 http cache magic-string@https://registry.npmjs.org/magic-string/-/magic-string-0.30.21.tgz 0ms (cache hit)
4734 http cache semver@https://registry.npmjs.org/semver/-/semver-6.3.1.tgz 0ms (cache hit)
4735 http cache which@https://registry.npmjs.org/which/-/which-2.0.2.tgz 0ms (cache hit)
4736 http cache semver@https://registry.npmjs.org/semver/-/semver-6.3.1.tgz 0ms (cache hit)
4737 http cache js-tokens@https://registry.npmjs.org/js-tokens/-/js-tokens-4.0.0.tgz 0ms (cache hit)
4738 http cache semver@https://registry.npmjs.org/semver/-/semver-6.3.1.tgz 0ms (cache hit)
4739 http cache unicorn-magic@https://registry.npmjs.org/unicorn-magic/-/unicorn-magic-0.3.0.tgz 0ms (cache hit)
4740 http cache cac@https://registry.npmjs.org/cac/-/cac-7.0.0.tgz 0ms (cache hit)
4741 http cache unplugin@https://registry.npmjs.org/unplugin/-/unplugin-2.3.11.tgz 0ms (cache hit)
4742 http cache path-key@https://registry.npmjs.org/path-key/-/path-key-4.0.0.tgz 0ms (cache hit)
4743 http cache npm-run-path@https://registry.npmjs.org/npm-run-path/-/npm-run-path-6.0.0.tgz 0ms (cache hit)
4744 http cache estree-walker@https://registry.npmjs.org/estree-walker/-/estree-walker-3.0.3.tgz 0ms (cache hit)
4745 http cache unctx@https://registry.npmjs.org/unctx/-/unctx-2.5.0.tgz 0ms (cache hit)
4746 http cache magic-string@https://registry.npmjs.org/magic-string/-/magic-string-0.30.21.tgz 0ms (cache hit)
4747 http cache cookie-es@https://registry.npmjs.org/cookie-es/-/cookie-es-2.0.1.tgz 0ms (cache hit)
4748 http cache cookie-es@https://registry.npmjs.org/cookie-es/-/cookie-es-1.2.3.tgz 0ms (cache hit)
4749 http cache hookable@https://registry.npmjs.org/hookable/-/hookable-5.5.3.tgz 0ms (cache hit)
4750 http cache estree-walker@https://registry.npmjs.org/estree-walker/-/estree-walker-3.0.3.tgz 0ms (cache hit)
4751 http cache lru-cache@https://registry.npmjs.org/lru-cache/-/lru-cache-11.5.2.tgz 0ms (cache hit)
4752 http cache error-stack-parser-es@https://registry.npmjs.org/error-stack-parser-es/-/error-stack-parser-es-1.0.5.tgz 0ms (cache hit)
4753 http cache cac@https://registry.npmjs.org/cac/-/cac-7.0.0.tgz 0ms (cache hit)
4754 http cache crossws@https://registry.npmjs.org/crossws/-/crossws-0.4.12.tgz 0ms (cache hit)
4755 http cache magic-string@https://registry.npmjs.org/magic-string/-/magic-string-0.30.21.tgz 0ms (cache hit)
4756 http cache citty@https://registry.npmjs.org/citty/-/citty-0.1.6.tgz 0ms (cache hit)
4757 http cache estree-walker@https://registry.npmjs.org/estree-walker/-/estree-walker-3.0.3.tgz 0ms (cache hit)
4758 http cache confbox@https://registry.npmjs.org/confbox/-/confbox-0.1.8.tgz 0ms (cache hit)
4759 http cache readable-stream@https://registry.npmjs.org/readable-stream/-/readable-stream-2.3.8.tgz 0ms (cache hit)
4760 http cache pkg-types@https://registry.npmjs.org/pkg-types/-/pkg-types-1.3.1.tgz 0ms (cache hit)
4761 http cache confbox@https://registry.npmjs.org/confbox/-/confbox-0.3.1.tgz 0ms (cache hit)
4762 silly tarball no local data for color-convert@https://registry.npmjs.org/color-convert/-/color-convert-2.0.1.tgz. Extracting by manifest.
4763 http cache hookable@https://registry.npmjs.org/hookable/-/hookable-5.5.3.tgz 0ms (cache hit)
4764 silly tarball no local data for color-name@https://registry.npmjs.org/color-name/-/color-name-1.1.4.tgz. Extracting by manifest.
4765 silly tarball no local data for isarray@https://registry.npmjs.org/isarray/-/isarray-1.0.0.tgz. Extracting by manifest.
4766 silly tarball no local data for eastasianwidth@https://registry.npmjs.org/eastasianwidth/-/eastasianwidth-0.2.0.tgz. Extracting by manifest.
4767 silly tarball no local data for core-util-is@https://registry.npmjs.org/core-util-is/-/core-util-is-1.0.3.tgz. Extracting by manifest.
4768 silly tarball no local data for process-nextick-args@https://registry.npmjs.org/process-nextick-args/-/process-nextick-args-2.0.1.tgz. Extracting by manifest.
4769 silly tarball no local data for is-fullwidth-code-point@https://registry.npmjs.org/is-fullwidth-code-point/-/is-fullwidth-code-point-3.0.0.tgz. Extracting by manifest.
4770 silly tarball no local data for emoji-regex@https://registry.npmjs.org/emoji-regex/-/emoji-regex-8.0.0.tgz. Extracting by manifest.
4771 silly tarball no local data for wrap-ansi-cjs@https://registry.npmjs.org/wrap-ansi/-/wrap-ansi-7.0.0.tgz. Extracting by manifest.
4772 silly tarball no local data for strip-ansi-cjs@https://registry.npmjs.org/strip-ansi/-/strip-ansi-6.0.1.tgz. Extracting by manifest.
4773 silly tarball no local data for string-width-cjs@https://registry.npmjs.org/string-width/-/string-width-4.2.3.tgz. Extracting by manifest.
4774 silly tarball no local data for @isaacs/cliui@https://registry.npmjs.org/@isaacs/cliui/-/cliui-8.0.2.tgz. Extracting by manifest.
4775 silly tarball no local data for @pkgjs/parseargs@https://registry.npmjs.org/@pkgjs/parseargs/-/parseargs-0.11.0.tgz. Extracting by manifest.
4776 silly tarball no local data for package-json-from-dist@https://registry.npmjs.org/package-json-from-dist/-/package-json-from-dist-1.0.1.tgz. Extracting by manifest.
4777 silly tarball no local data for jackspeak@https://registry.npmjs.org/jackspeak/-/jackspeak-3.4.3.tgz. Extracting by manifest.
4778 silly tarball no local data for foreground-child@https://registry.npmjs.org/foreground-child/-/foreground-child-3.3.1.tgz. Extracting by manifest.
4779 silly tarball no local data for crc32-stream@https://registry.npmjs.org/crc32-stream/-/crc32-stream-6.0.0.tgz. Extracting by manifest.
4780 silly tarball no local data for compress-commons@https://registry.npmjs.org/compress-commons/-/compress-commons-6.0.2.tgz. Extracting by manifest.
4781 silly tarball no local data for crc-32@https://registry.npmjs.org/crc-32/-/crc-32-1.2.2.tgz. Extracting by manifest.
4782 silly tarball no local data for @poppinss/exception@https://registry.npmjs.org/@poppinss/exception/-/exception-1.2.3.tgz. Extracting by manifest.
4783 silly tarball no local data for @sindresorhus/is@https://registry.npmjs.org/@sindresorhus/is/-/is-7.2.0.tgz. Extracting by manifest.
4784 silly tarball no local data for @speed-highlight/core@https://registry.npmjs.org/@speed-highlight/core/-/core-1.2.24.tgz. Extracting by manifest.
4785 http cache birpc@https://registry.npmjs.org/birpc/-/birpc-2.9.0.tgz 0ms (cache hit)
4786 silly tarball no local data for kleur@https://registry.npmjs.org/kleur/-/kleur-4.1.5.tgz. Extracting by manifest.
4787 silly tarball no local data for @poppinss/dumper@https://registry.npmjs.org/@poppinss/dumper/-/dumper-0.7.0.tgz. Extracting by manifest.
4788 silly tarball no local data for @poppinss/colors@https://registry.npmjs.org/@poppinss/colors/-/colors-4.1.6.tgz. Extracting by manifest.
4789 silly tarball no local data for ansi-regex@https://registry.npmjs.org/ansi-regex/-/ansi-regex-6.3.0.tgz. Extracting by manifest.
4790 silly tarball no local data for ansi-styles@https://registry.npmjs.org/ansi-styles/-/ansi-styles-6.2.3.tgz. Extracting by manifest.
4791 silly tarball no local data for get-east-asian-width@https://registry.npmjs.org/get-east-asian-width/-/get-east-asian-width-1.6.0.tgz. Extracting by manifest.
4792 silly tarball no local data for wrap-ansi@https://registry.npmjs.org/wrap-ansi/-/wrap-ansi-9.0.2.tgz. Extracting by manifest.
4793 silly tarball no local data for strip-ansi@https://registry.npmjs.org/strip-ansi/-/strip-ansi-7.2.0.tgz. Extracting by manifest.
4794 silly tarball no local data for yargs-parser@https://registry.npmjs.org/yargs-parser/-/yargs-parser-22.0.0.tgz. Extracting by manifest.
4795 silly tarball no local data for y18n@https://registry.npmjs.org/y18n/-/y18n-5.0.8.tgz. Extracting by manifest.
4796 silly tarball no local data for string-width@https://registry.npmjs.org/string-width/-/string-width-8.2.2.tgz. Extracting by manifest.
4797 silly tarball no local data for get-caller-file@https://registry.npmjs.org/get-caller-file/-/get-caller-file-2.0.5.tgz. Extracting by manifest.
4798 silly tarball no local data for cliui@https://registry.npmjs.org/cliui/-/cliui-9.0.1.tgz. Extracting by manifest.
4799 silly tarball no local data for is-wsl@https://registry.npmjs.org/is-wsl/-/is-wsl-3.1.1.tgz. Extracting by manifest.
4800 silly tarball no local data for isexe@https://registry.npmjs.org/isexe/-/isexe-4.0.0.tgz. Extracting by manifest.
4801 silly tarball no local data for webidl-conversions@https://registry.npmjs.org/webidl-conversions/-/webidl-conversions-3.0.1.tgz. Extracting by manifest.
4802 silly tarball no local data for tr46@https://registry.npmjs.org/tr46/-/tr46-0.0.3.tgz. Extracting by manifest.
4803 silly tarball no local data for magic-string-ast@https://registry.npmjs.org/magic-string-ast/-/magic-string-ast-1.0.3.tgz. Extracting by manifest.
4804 silly tarball no local data for ast-kit@https://registry.npmjs.org/ast-kit/-/ast-kit-2.2.0.tgz. Extracting by manifest.
4805 silly tarball no local data for @vue/devtools-api@https://registry.npmjs.org/@vue/devtools-api/-/devtools-api-8.2.1.tgz. Extracting by manifest.
4806 silly tarball no local data for @vue-macros/common@https://registry.npmjs.org/@vue-macros/common/-/common-3.1.4.tgz. Extracting by manifest.
4807 silly tarball no local data for muggle-string@https://registry.npmjs.org/muggle-string/-/muggle-string-0.4.1.tgz. Extracting by manifest.
4808 silly tarball no local data for ast-walker-scope@https://registry.npmjs.org/ast-walker-scope/-/ast-walker-scope-0.9.0.tgz. Extracting by manifest.
4809 silly tarball no local data for csstype@https://registry.npmjs.org/csstype/-/csstype-3.2.3.tgz. Extracting by manifest.
4810 silly tarball no local data for @vue/runtime-core@https://registry.npmjs.org/@vue/runtime-core/-/runtime-core-3.5.42.tgz. Extracting by manifest.
4811 silly tarball no local data for @vue/reactivity@https://registry.npmjs.org/@vue/reactivity/-/reactivity-3.5.42.tgz. Extracting by manifest.
4812 silly tarball no local data for supports-color@https://registry.npmjs.org/supports-color/-/supports-color-10.2.2.tgz. Extracting by manifest.
4813 silly tarball no local data for @vue/runtime-dom@https://registry.npmjs.org/@vue/runtime-dom/-/runtime-dom-3.5.42.tgz. Extracting by manifest.
4814 silly tarball no local data for @vue/server-renderer@https://registry.npmjs.org/@vue/server-renderer/-/server-renderer-3.5.42.tgz. Extracting by manifest.
4815 silly tarball no local data for vite-dev-rpc@https://registry.npmjs.org/vite-dev-rpc/-/vite-dev-rpc-2.0.0.tgz. Extracting by manifest.
4816 silly tarball no local data for ansis@https://registry.npmjs.org/ansis/-/ansis-4.3.1.tgz. Extracting by manifest.
4817 silly tarball no local data for retry@https://registry.npmjs.org/retry/-/retry-0.12.0.tgz. Extracting by manifest.
4818 silly tarball no local data for proper-lockfile@https://registry.npmjs.org/proper-lockfile/-/proper-lockfile-4.1.2.tgz. Extracting by manifest.
4819 silly tarball no local data for tiny-invariant@https://registry.npmjs.org/tiny-invariant/-/tiny-invariant-1.3.3.tgz. Extracting by manifest.
4820 silly tarball no local data for obug@https://registry.npmjs.org/obug/-/obug-2.1.4.tgz. Extracting by manifest.
4821 silly tarball no local data for lightningcss-win32-x64-msvc@https://registry.npmjs.org/lightningcss-win32-x64-msvc/-/lightningcss-win32-x64-msvc-1.33.0.tgz. Extracting by manifest.
4822 silly tarball no local data for anymatch@https://registry.npmjs.org/anymatch/-/anymatch-3.1.3.tgz. Extracting by manifest.
4823 silly tarball no local data for escalade@https://registry.npmjs.org/escalade/-/escalade-3.2.0.tgz. Extracting by manifest.
4824 silly tarball no local data for webpack-virtual-modules@https://registry.npmjs.org/webpack-virtual-modules/-/webpack-virtual-modules-0.6.2.tgz. Extracting by manifest.
4825 silly tarball no local data for tagged-tag@https://registry.npmjs.org/tagged-tag/-/tagged-tag-1.0.0.tgz. Extracting by manifest.
4826 silly tarball no local data for strip-literal@https://registry.npmjs.org/strip-literal/-/strip-literal-4.0.0.tgz. Extracting by manifest.
4827 silly tarball no local data for is-number@https://registry.npmjs.org/is-number/-/is-number-7.0.0.tgz. Extracting by manifest.
4828 silly tarball no local data for lightningcss@https://registry.npmjs.org/lightningcss/-/lightningcss-1.33.0.tgz. Extracting by manifest.
4829 silly tarball no local data for @jridgewell/source-map@https://registry.npmjs.org/@jridgewell/source-map/-/source-map-0.3.11.tgz. Extracting by manifest.
4830 silly tarball no local data for buffer-from@https://registry.npmjs.org/buffer-from/-/buffer-from-1.1.2.tgz. Extracting by manifest.
4831 silly tarball no local data for source-map-support@https://registry.npmjs.org/source-map-support/-/source-map-support-0.5.21.tgz. Extracting by manifest.
4832 silly tarball no local data for text-decoder@https://registry.npmjs.org/text-decoder/-/text-decoder-1.2.7.tgz. Extracting by manifest.
4833 silly tarball no local data for events-universal@https://registry.npmjs.org/events-universal/-/events-universal-1.0.1.tgz. Extracting by manifest.
4834 silly tarball no local data for teex@https://registry.npmjs.org/teex/-/teex-1.0.1.tgz. Extracting by manifest.
4835 silly tarball no local data for bare-path@https://registry.npmjs.org/bare-path/-/bare-path-3.1.2.tgz. Extracting by manifest.
4836 silly tarball no local data for vite-hot-client@https://registry.npmjs.org/vite-hot-client/-/vite-hot-client-2.2.0.tgz. Extracting by manifest.
4837 silly tarball no local data for bare-events@https://registry.npmjs.org/bare-events/-/bare-events-2.9.2.tgz. Extracting by manifest.
4838 silly tarball no local data for bare-url@https://registry.npmjs.org/bare-url/-/bare-url-2.5.4.tgz. Extracting by manifest.
4839 silly tarball no local data for fast-fifo@https://registry.npmjs.org/fast-fifo/-/fast-fifo-1.3.2.tgz. Extracting by manifest.
4840 silly tarball no local data for bare-stream@https://registry.npmjs.org/bare-stream/-/bare-stream-2.13.4.tgz. Extracting by manifest.
4841 silly tarball no local data for minizlib@https://registry.npmjs.org/minizlib/-/minizlib-3.1.0.tgz. Extracting by manifest.
4842 silly tarball no local data for streamx@https://registry.npmjs.org/streamx/-/streamx-2.28.1.tgz. Extracting by manifest.
4843 silly tarball no local data for bare-fs@https://registry.npmjs.org/bare-fs/-/bare-fs-4.8.1.tgz. Extracting by manifest.
4844 silly tarball no local data for b4a@https://registry.npmjs.org/b4a/-/b4a-1.8.1.tgz. Extracting by manifest.
4845 silly tarball no local data for @isaacs/fs-minipass@https://registry.npmjs.org/@isaacs/fs-minipass/-/fs-minipass-4.0.1.tgz. Extracting by manifest.
4846 silly tarball no local data for chownr@https://registry.npmjs.org/chownr/-/chownr-3.0.0.tgz. Extracting by manifest.
4847 silly tarball no local data for dom-serializer@https://registry.npmjs.org/dom-serializer/-/dom-serializer-2.0.0.tgz. Extracting by manifest.
4848 silly tarball no local data for mdn-data@https://registry.npmjs.org/mdn-data/-/mdn-data-2.27.1.tgz. Extracting by manifest.
4849 silly tarball no local data for domelementtype@https://registry.npmjs.org/domelementtype/-/domelementtype-2.3.0.tgz. Extracting by manifest.
4850 silly tarball no local data for nth-check@https://registry.npmjs.org/nth-check/-/nth-check-2.1.1.tgz. Extracting by manifest.
4851 silly tarball no local data for domutils@https://registry.npmjs.org/domutils/-/domutils-3.2.2.tgz. Extracting by manifest.
4852 silly tarball no local data for domhandler@https://registry.npmjs.org/domhandler/-/domhandler-5.0.3.tgz. Extracting by manifest.
4853 silly tarball no local data for boolbase@https://registry.npmjs.org/boolbase/-/boolbase-1.0.0.tgz. Extracting by manifest.
4854 silly tarball no local data for commander@https://registry.npmjs.org/commander/-/commander-15.0.0.tgz. Extracting by manifest.
4855 silly tarball no local data for csso@https://registry.npmjs.org/csso/-/csso-5.0.5.tgz. Extracting by manifest.
4856 silly tarball no local data for sax@https://registry.npmjs.org/sax/-/sax-1.6.1.tgz. Extracting by manifest.
4857 silly tarball no local data for css-what@https://registry.npmjs.org/css-what/-/css-what-7.0.0.tgz. Extracting by manifest.
4858 silly tarball no local data for css-tree@https://registry.npmjs.org/css-tree/-/css-tree-3.2.1.tgz. Extracting by manifest.
4859 silly tarball no local data for css-select@https://registry.npmjs.org/css-select/-/css-select-6.0.0.tgz. Extracting by manifest.
4860 silly tarball no local data for totalist@https://registry.npmjs.org/totalist/-/totalist-3.0.1.tgz. Extracting by manifest.
4861 silly tarball no local data for safe-buffer@https://registry.npmjs.org/safe-buffer/-/safe-buffer-5.2.1.tgz. Extracting by manifest.
4862 silly tarball no local data for mrmime@https://registry.npmjs.org/mrmime/-/mrmime-2.0.1.tgz. Extracting by manifest.
4863 silly tarball no local data for @polka/url@https://registry.npmjs.org/@polka/url/-/url-1.0.0-next.29.tgz. Extracting by manifest.
4864 silly tarball no local data for @simple-git/argv-parser@https://registry.npmjs.org/@simple-git/argv-parser/-/argv-parser-1.1.1.tgz. Extracting by manifest.
4865 silly tarball no local data for @simple-git/args-pathspec@https://registry.npmjs.org/@simple-git/args-pathspec/-/args-pathspec-1.0.3.tgz. Extracting by manifest.
4866 silly tarball no local data for @kwsites/file-exists@https://registry.npmjs.org/@kwsites/file-exists/-/file-exists-1.1.1.tgz. Extracting by manifest.
4867 silly tarball no local data for shebang-regex@https://registry.npmjs.org/shebang-regex/-/shebang-regex-3.0.0.tgz. Extracting by manifest.
4868 silly tarball no local data for @kwsites/promise-deferred@https://registry.npmjs.org/@kwsites/promise-deferred/-/promise-deferred-1.1.1.tgz. Extracting by manifest.
4869 silly tarball no local data for ee-first@https://registry.npmjs.org/ee-first/-/ee-first-1.1.1.tgz. Extracting by manifest.
4870 silly tarball no local data for mime-db@https://registry.npmjs.org/mime-db/-/mime-db-1.54.0.tgz. Extracting by manifest.
4871 silly tarball no local data for toidentifier@https://registry.npmjs.org/toidentifier/-/toidentifier-1.0.1.tgz. Extracting by manifest.
4872 silly tarball no local data for setprototypeof@https://registry.npmjs.org/setprototypeof/-/setprototypeof-1.2.0.tgz. Extracting by manifest.
4873 silly tarball no local data for inherits@https://registry.npmjs.org/inherits/-/inherits-2.0.4.tgz. Extracting by manifest.
4874 silly tarball no local data for statuses@https://registry.npmjs.org/statuses/-/statuses-2.0.2.tgz. Extracting by manifest.
4875 silly tarball no local data for depd@https://registry.npmjs.org/depd/-/depd-2.0.0.tgz. Extracting by manifest.
4876 silly tarball no local data for range-parser@https://registry.npmjs.org/range-parser/-/range-parser-1.3.0.tgz. Extracting by manifest.
4877 silly tarball no local data for on-finished@https://registry.npmjs.org/on-finished/-/on-finished-2.4.1.tgz. Extracting by manifest.
4878 silly tarball no local data for mime-types@https://registry.npmjs.org/mime-types/-/mime-types-3.0.2.tgz. Extracting by manifest.
4879 silly tarball no local data for http-errors@https://registry.npmjs.org/http-errors/-/http-errors-2.0.1.tgz. Extracting by manifest.
4880 silly tarball no local data for fresh@https://registry.npmjs.org/fresh/-/fresh-2.0.0.tgz. Extracting by manifest.
4881 silly tarball no local data for send@https://registry.npmjs.org/send/-/send-1.2.1.tgz. Extracting by manifest.
4882 silly tarball no local data for parseurl@https://registry.npmjs.org/parseurl/-/parseurl-1.3.3.tgz. Extracting by manifest.
4883 silly tarball no local data for escape-html@https://registry.npmjs.org/escape-html/-/escape-html-1.0.3.tgz. Extracting by manifest.
4884 silly tarball no local data for encodeurl@https://registry.npmjs.org/encodeurl/-/encodeurl-2.0.0.tgz. Extracting by manifest.
4885 silly tarball no local data for is-docker@https://registry.npmjs.org/is-docker/-/is-docker-3.0.0.tgz. Extracting by manifest.
4886 silly tarball no local data for default-browser-id@https://registry.npmjs.org/default-browser-id/-/default-browser-id-5.0.1.tgz. Extracting by manifest.
4887 silly tarball no local data for queue-microtask@https://registry.npmjs.org/queue-microtask/-/queue-microtask-1.2.3.tgz. Extracting by manifest.
4888 silly tarball no local data for bundle-name@https://registry.npmjs.org/bundle-name/-/bundle-name-4.1.0.tgz. Extracting by manifest.
4889 silly tarball no local data for wsl-utils@https://registry.npmjs.org/wsl-utils/-/wsl-utils-1.0.0.tgz. Extracting by manifest.
4890 silly tarball no local data for run-applescript@https://registry.npmjs.org/run-applescript/-/run-applescript-7.1.0.tgz. Extracting by manifest.
4891 silly tarball no local data for powershell-utils@https://registry.npmjs.org/powershell-utils/-/powershell-utils-0.2.1.tgz. Extracting by manifest.
4892 silly tarball no local data for is-inside-container@https://registry.npmjs.org/is-inside-container/-/is-inside-container-1.0.0.tgz. Extracting by manifest.
4893 silly tarball no local data for is-in-ssh@https://registry.npmjs.org/is-in-ssh/-/is-in-ssh-1.0.0.tgz. Extracting by manifest.
4894 silly tarball no local data for define-lazy-prop@https://registry.npmjs.org/define-lazy-prop/-/define-lazy-prop-3.0.0.tgz. Extracting by manifest.
4895 silly tarball no local data for default-browser@https://registry.npmjs.org/default-browser/-/default-browser-5.5.1.tgz. Extracting by manifest.
4896 silly tarball no local data for open@https://registry.npmjs.org/open/-/open-11.0.2.tgz. Extracting by manifest.
4897 silly tarball no local data for yargs@https://registry.npmjs.org/yargs/-/yargs-18.1.0.tgz. Extracting by manifest.
4898 silly tarball no local data for @rollup/rollup-win32-x64-gnu@https://registry.npmjs.org/@rollup/rollup-win32-x64-gnu/-/rollup-win32-x64-gnu-4.63.1.tgz. Extracting by manifest.
4899 silly tarball no local data for @rolldown/binding-win32-x64-msvc@https://registry.npmjs.org/@rolldown/binding-win32-x64-msvc/-/binding-win32-x64-msvc-1.2.7.tgz. Extracting by manifest.
4900 silly tarball no local data for function-bind@https://registry.npmjs.org/function-bind/-/function-bind-1.1.2.tgz. Extracting by manifest.
4901 silly tarball no local data for path-parse@https://registry.npmjs.org/path-parse/-/path-parse-1.0.7.tgz. Extracting by manifest.
4902 silly tarball no local data for @rollup/rollup-win32-x64-msvc@https://registry.npmjs.org/@rollup/rollup-win32-x64-msvc/-/rollup-win32-x64-msvc-4.63.1.tgz. Extracting by manifest.
4903 silly tarball no local data for supports-preserve-symlinks-flag@https://registry.npmjs.org/supports-preserve-symlinks-flag/-/supports-preserve-symlinks-flag-1.0.0.tgz. Extracting by manifest.
4904 silly tarball no local data for hasown@https://registry.npmjs.org/hasown/-/hasown-2.0.4.tgz. Extracting by manifest.
4905 silly tarball no local data for is-core-module@https://registry.npmjs.org/is-core-module/-/is-core-module-2.16.2.tgz. Extracting by manifest.
4906 silly tarball no local data for es-errors@https://registry.npmjs.org/es-errors/-/es-errors-1.3.0.tgz. Extracting by manifest.
4907 silly tarball no local data for event-target-shim@https://registry.npmjs.org/event-target-shim/-/event-target-shim-5.0.1.tgz. Extracting by manifest.
4908 silly tarball no local data for base64-js@https://registry.npmjs.org/base64-js/-/base64-js-1.5.1.tgz. Extracting by manifest.
4909 silly tarball no local data for string_decoder@https://registry.npmjs.org/string_decoder/-/string_decoder-1.3.0.tgz. Extracting by manifest.
4910 silly tarball no local data for process@https://registry.npmjs.org/process/-/process-0.11.10.tgz. Extracting by manifest.
4911 silly tarball no local data for buffer@https://registry.npmjs.org/buffer/-/buffer-6.0.3.tgz. Extracting by manifest.
4912 silly tarball no local data for events@https://registry.npmjs.org/events/-/events-3.3.0.tgz. Extracting by manifest.
4913 silly tarball no local data for abort-controller@https://registry.npmjs.org/abort-controller/-/abort-controller-3.0.0.tgz. Extracting by manifest.
4914 silly tarball no local data for svgo@https://registry.npmjs.org/svgo/-/svgo-4.1.0.tgz. Extracting by manifest.
4915 silly tarball no local data for util-deprecate@https://registry.npmjs.org/util-deprecate/-/util-deprecate-1.0.2.tgz. Extracting by manifest.
4916 silly tarball no local data for cssesc@https://registry.npmjs.org/cssesc/-/cssesc-3.0.0.tgz. Extracting by manifest.
4917 silly tarball no local data for stylehacks@https://registry.npmjs.org/stylehacks/-/stylehacks-8.0.4.tgz. Extracting by manifest.
4918 silly tarball no local data for @colordx/core@https://registry.npmjs.org/@colordx/core/-/core-5.8.0.tgz. Extracting by manifest.
4919 silly tarball no local data for caniuse-api@https://registry.npmjs.org/caniuse-api/-/caniuse-api-4.0.0.tgz. Extracting by manifest.
4920 silly tarball no local data for postcss-selector-parser@https://registry.npmjs.org/postcss-selector-parser/-/postcss-selector-parser-7.1.6.tgz. Extracting by manifest.
4921 silly tarball no local data for nanoid@https://registry.npmjs.org/nanoid/-/nanoid-3.3.18.tgz. Extracting by manifest.
4922 silly tarball no local data for mimic-fn@https://registry.npmjs.org/mimic-fn/-/mimic-fn-4.0.0.tgz. Extracting by manifest.
4923 silly tarball no local data for abbrev@https://registry.npmjs.org/abbrev/-/abbrev-3.0.1.tgz. Extracting by manifest.
4924 silly tarball no local data for whatwg-url@https://registry.npmjs.org/whatwg-url/-/whatwg-url-5.0.0.tgz. Extracting by manifest.
4925 silly tarball no local data for to-regex-range@https://registry.npmjs.org/to-regex-range/-/to-regex-range-5.0.1.tgz. Extracting by manifest.
4926 silly tarball no local data for balanced-match@https://registry.npmjs.org/balanced-match/-/balanced-match-4.0.4.tgz. Extracting by manifest.
4927 silly tarball no local data for brace-expansion@https://registry.npmjs.org/brace-expansion/-/brace-expansion-5.0.9.tgz. Extracting by manifest.
4928 silly tarball no local data for standard-as-callback@https://registry.npmjs.org/standard-as-callback/-/standard-as-callback-2.1.0.tgz. Extracting by manifest.
4929 silly tarball no local data for braces@https://registry.npmjs.org/braces/-/braces-3.0.3.tgz. Extracting by manifest.
4930 silly tarball no local data for redis-parser@https://registry.npmjs.org/redis-parser/-/redis-parser-3.0.0.tgz. Extracting by manifest.
4931 silly tarball no local data for redis-errors@https://registry.npmjs.org/redis-errors/-/redis-errors-1.2.0.tgz. Extracting by manifest.
4932 silly tarball no local data for @oxc-project/types@https://registry.npmjs.org/@oxc-project/types/-/types-0.148.0.tgz. Extracting by manifest.
4933 silly tarball no local data for ieee754@https://registry.npmjs.org/ieee754/-/ieee754-1.2.1.tgz. Extracting by manifest.
4934 silly tarball no local data for denque@https://registry.npmjs.org/denque/-/denque-2.1.0.tgz. Extracting by manifest.
4935 silly tarball no local data for fill-range@https://registry.npmjs.org/fill-range/-/fill-range-7.1.1.tgz. Extracting by manifest.
4936 silly tarball no local data for @ioredis/commands@https://registry.npmjs.org/@ioredis/commands/-/commands-1.10.0.tgz. Extracting by manifest.
4937 silly tarball no local data for agent-base@https://registry.npmjs.org/agent-base/-/agent-base-7.1.4.tgz. Extracting by manifest.
4938 silly tarball no local data for cluster-key-slot@https://registry.npmjs.org/cluster-key-slot/-/cluster-key-slot-1.1.1.tgz. Extracting by manifest.
4939 silly tarball no local data for duplexer@https://registry.npmjs.org/duplexer/-/duplexer-0.1.2.tgz. Extracting by manifest.
4940 silly tarball no local data for reusify@https://registry.npmjs.org/reusify/-/reusify-1.1.0.tgz. Extracting by manifest.
4941 silly tarball no local data for run-parallel@https://registry.npmjs.org/run-parallel/-/run-parallel-1.2.0.tgz. Extracting by manifest.
4942 silly tarball no local data for fastq@https://registry.npmjs.org/fastq/-/fastq-1.20.3.tgz. Extracting by manifest.
4943 silly tarball no local data for @nodelib/fs.scandir@https://registry.npmjs.org/@nodelib/fs.scandir/-/fs.scandir-2.1.5.tgz. Extracting by manifest.
4944 silly tarball no local data for merge2@https://registry.npmjs.org/merge2/-/merge2-1.4.1.tgz. Extracting by manifest.
4945 silly tarball no local data for @nodelib/fs.walk@https://registry.npmjs.org/@nodelib/fs.walk/-/fs.walk-1.2.8.tgz. Extracting by manifest.
4946 silly tarball no local data for @nodelib/fs.stat@https://registry.npmjs.org/@nodelib/fs.stat/-/fs.stat-2.0.5.tgz. Extracting by manifest.
4947 silly tarball no local data for unicorn-magic@https://registry.npmjs.org/unicorn-magic/-/unicorn-magic-0.4.0.tgz. Extracting by manifest.
4948 silly tarball no local data for glob-parent@https://registry.npmjs.org/glob-parent/-/glob-parent-5.1.2.tgz. Extracting by manifest.
4949 silly tarball no local data for @sindresorhus/merge-streams@https://registry.npmjs.org/@sindresorhus/merge-streams/-/merge-streams-4.0.0.tgz. Extracting by manifest.
4950 silly tarball no local data for slash@https://registry.npmjs.org/slash/-/slash-5.1.0.tgz. Extracting by manifest.
4951 silly tarball no local data for fast-glob@https://registry.npmjs.org/fast-glob/-/fast-glob-3.3.3.tgz. Extracting by manifest.
4952 silly tarball no local data for micromatch@https://registry.npmjs.org/micromatch/-/micromatch-4.0.8.tgz. Extracting by manifest.
4953 silly tarball no local data for minipass@https://registry.npmjs.org/minipass/-/minipass-7.1.3.tgz. Extracting by manifest.
4954 silly tarball no local data for path-scurry@https://registry.npmjs.org/path-scurry/-/path-scurry-2.0.2.tgz. Extracting by manifest.
4955 silly tarball no local data for @esbuild/win32-x64@https://registry.npmjs.org/@esbuild/win32-x64/-/win32-x64-0.28.2.tgz. Extracting by manifest.
4956 silly tarball no local data for minimatch@https://registry.npmjs.org/minimatch/-/minimatch-10.2.6.tgz. Extracting by manifest.
4957 silly tarball no local data for type-fest@https://registry.npmjs.org/type-fest/-/type-fest-5.9.0.tgz. Extracting by manifest.
4958 silly tarball no local data for file-uri-to-path@https://registry.npmjs.org/file-uri-to-path/-/file-uri-to-path-1.0.0.tgz. Extracting by manifest.
4959 silly tarball no local data for lodash@https://registry.npmjs.org/lodash/-/lodash-4.18.1.tgz. Extracting by manifest.
4960 silly tarball no local data for normalize-path@https://registry.npmjs.org/normalize-path/-/normalize-path-3.0.0.tgz. Extracting by manifest.
4961 silly tarball no local data for lazystream@https://registry.npmjs.org/lazystream/-/lazystream-1.0.1.tgz. Extracting by manifest.
4962 silly tarball no local data for tar-stream@https://registry.npmjs.org/tar-stream/-/tar-stream-3.2.1.tgz. Extracting by manifest.
4963 silly tarball no local data for zip-stream@https://registry.npmjs.org/zip-stream/-/zip-stream-6.0.1.tgz. Extracting by manifest.
4964 silly tarball no local data for readable-stream@https://registry.npmjs.org/readable-stream/-/readable-stream-4.7.0.tgz. Extracting by manifest.
4965 silly tarball no local data for readdir-glob@https://registry.npmjs.org/readdir-glob/-/readdir-glob-1.1.3.tgz. Extracting by manifest.
4966 silly tarball no local data for archiver-utils@https://registry.npmjs.org/archiver-utils/-/archiver-utils-5.0.2.tgz. Extracting by manifest.
4967 silly tarball no local data for buffer-crc32@https://registry.npmjs.org/buffer-crc32/-/buffer-crc32-1.0.0.tgz. Extracting by manifest.
4968 silly tarball no local data for async@https://registry.npmjs.org/async/-/async-3.2.6.tgz. Extracting by manifest.
4969 silly tarball no local data for tar@https://registry.npmjs.org/tar/-/tar-7.5.22.tgz. Extracting by manifest.
4970 silly tarball no local data for nopt@https://registry.npmjs.org/nopt/-/nopt-8.1.0.tgz. Extracting by manifest.
4971 silly tarball no local data for node-fetch@https://registry.npmjs.org/node-fetch/-/node-fetch-2.7.0.tgz. Extracting by manifest.
4972 silly tarball no local data for node-gyp-build@https://registry.npmjs.org/node-gyp-build/-/node-gyp-build-4.8.4.tgz. Extracting by manifest.
4973 silly tarball no local data for https-proxy-agent@https://registry.npmjs.org/https-proxy-agent/-/https-proxy-agent-7.0.6.tgz. Extracting by manifest.
4974 silly tarball no local data for detect-libc@https://registry.npmjs.org/detect-libc/-/detect-libc-2.1.2.tgz. Extracting by manifest.
4975 silly tarball no local data for glob@https://registry.npmjs.org/glob/-/glob-13.0.6.tgz. Extracting by manifest.
4976 silly tarball no local data for graceful-fs@https://registry.npmjs.org/graceful-fs/-/graceful-fs-4.2.11.tgz. Extracting by manifest.
4977 silly tarball no local data for bindings@https://registry.npmjs.org/bindings/-/bindings-1.5.0.tgz. Extracting by manifest.
4978 silly tarball no local data for resolve-from@https://registry.npmjs.org/resolve-from/-/resolve-from-5.0.0.tgz. Extracting by manifest.
4979 silly tarball no local data for @mapbox/node-pre-gyp@https://registry.npmjs.org/@mapbox/node-pre-gyp/-/node-pre-gyp-2.0.3.tgz. Extracting by manifest.
4980 silly tarball no local data for async-sema@https://registry.npmjs.org/async-sema/-/async-sema-3.1.1.tgz. Extracting by manifest.
4981 silly tarball no local data for acorn-import-attributes@https://registry.npmjs.org/acorn-import-attributes/-/acorn-import-attributes-1.9.5.tgz. Extracting by manifest.
4982 silly tarball no local data for @types/estree@https://registry.npmjs.org/@types/estree/-/estree-1.0.9.tgz. Extracting by manifest.
4983 silly tarball no local data for terser@https://registry.npmjs.org/terser/-/terser-5.51.2.tgz. Extracting by manifest.
4984 silly tarball no local data for smob@https://registry.npmjs.org/smob/-/smob-1.6.2.tgz. Extracting by manifest.
4985 silly tarball no local data for serialize-javascript@https://registry.npmjs.org/serialize-javascript/-/serialize-javascript-7.1.1.tgz. Extracting by manifest.
4986 silly tarball no local data for resolve@https://registry.npmjs.org/resolve/-/resolve-1.22.12.tgz. Extracting by manifest.
4987 silly tarball no local data for is-module@https://registry.npmjs.org/is-module/-/is-module-1.0.0.tgz. Extracting by manifest.
4988 silly tarball no local data for @types/resolve@https://registry.npmjs.org/@types/resolve/-/resolve-1.20.2.tgz. Extracting by manifest.
4989 silly tarball no local data for deepmerge@https://registry.npmjs.org/deepmerge/-/deepmerge-4.3.1.tgz. Extracting by manifest.
4990 silly tarball no local data for fdir@https://registry.npmjs.org/fdir/-/fdir-6.5.0.tgz. Extracting by manifest.
4991 silly tarball no local data for commondir@https://registry.npmjs.org/commondir/-/commondir-1.0.1.tgz. Extracting by manifest.
4992 silly tarball no local data for @rollup/pluginutils@https://registry.npmjs.org/@rollup/pluginutils/-/pluginutils-5.4.0.tgz. Extracting by manifest.
4993 silly tarball no local data for is-reference@https://registry.npmjs.org/is-reference/-/is-reference-1.2.1.tgz. Extracting by manifest.
4994 silly tarball no local data for youch-core@https://registry.npmjs.org/youch-core/-/youch-core-0.3.3.tgz. Extracting by manifest.
4995 silly tarball no local data for unwasm@https://registry.npmjs.org/unwasm/-/unwasm-0.5.3.tgz. Extracting by manifest.
4996 silly tarball no local data for serve-static@https://registry.npmjs.org/serve-static/-/serve-static-2.2.1.tgz. Extracting by manifest.
4997 silly tarball no local data for serve-placeholder@https://registry.npmjs.org/serve-placeholder/-/serve-placeholder-2.0.2.tgz. Extracting by manifest.
4998 silly tarball no local data for rollup-plugin-visualizer@https://registry.npmjs.org/rollup-plugin-visualizer/-/rollup-plugin-visualizer-7.1.1.tgz. Extracting by manifest.
4999 silly tarball no local data for source-map@https://registry.npmjs.org/source-map/-/source-map-0.7.6.tgz. Extracting by manifest.
5000 silly tarball no local data for rollup@https://registry.npmjs.org/rollup/-/rollup-4.63.1.tgz. Extracting by manifest.
5001 silly tarball no local data for pretty-bytes@https://registry.npmjs.org/pretty-bytes/-/pretty-bytes-7.1.3.tgz. Extracting by manifest.
5002 silly tarball no local data for node-fetch-native@https://registry.npmjs.org/node-fetch-native/-/node-fetch-native-1.6.7.tgz. Extracting by manifest.
5003 silly tarball no local data for httpxy@https://registry.npmjs.org/httpxy/-/httpxy-0.5.5.tgz. Extracting by manifest.
5004 silly tarball no local data for ioredis@https://registry.npmjs.org/ioredis/-/ioredis-5.11.1.tgz. Extracting by manifest.
5005 silly tarball no local data for gzip-size@https://registry.npmjs.org/gzip-size/-/gzip-size-7.0.0.tgz. Extracting by manifest.
5006 silly tarball no local data for mime@https://registry.npmjs.org/mime/-/mime-4.1.0.tgz. Extracting by manifest.
5007 silly tarball no local data for globby@https://registry.npmjs.org/globby/-/globby-16.2.4.tgz. Extracting by manifest.
5008 silly tarball no local data for etag@https://registry.npmjs.org/etag/-/etag-1.8.1.tgz. Extracting by manifest.
5009 silly tarball no local data for esbuild@https://registry.npmjs.org/esbuild/-/esbuild-0.28.2.tgz. Extracting by manifest.
5010 silly tarball no local data for dot-prop@https://registry.npmjs.org/dot-prop/-/dot-prop-10.2.0.tgz. Extracting by manifest.
5011 silly tarball no local data for @vercel/nft@https://registry.npmjs.org/@vercel/nft/-/nft-1.11.0.tgz. Extracting by manifest.
5012 silly tarball no local data for @rollup/plugin-terser@https://registry.npmjs.org/@rollup/plugin-terser/-/plugin-terser-1.0.0.tgz. Extracting by manifest.
5013 silly tarball no local data for @rollup/plugin-replace@https://registry.npmjs.org/@rollup/plugin-replace/-/plugin-replace-6.0.3.tgz. Extracting by manifest.
5014 silly tarball no local data for @rollup/plugin-node-resolve@https://registry.npmjs.org/@rollup/plugin-node-resolve/-/plugin-node-resolve-16.0.3.tgz. Extracting by manifest.
5015 silly tarball no local data for @rollup/plugin-json@https://registry.npmjs.org/@rollup/plugin-json/-/plugin-json-6.1.0.tgz. Extracting by manifest.
5016 silly tarball no local data for @rollup/plugin-inject@https://registry.npmjs.org/@rollup/plugin-inject/-/plugin-inject-5.0.5.tgz. Extracting by manifest.
5017 silly tarball no local data for @rollup/plugin-commonjs@https://registry.npmjs.org/@rollup/plugin-commonjs/-/plugin-commonjs-29.0.3.tgz. Extracting by manifest.
5018 silly tarball no local data for @cloudflare/kv-asset-handler@https://registry.npmjs.org/@cloudflare/kv-asset-handler/-/kv-asset-handler-0.4.2.tgz. Extracting by manifest.
5019 silly tarball no local data for db0@https://registry.npmjs.org/db0/-/db0-0.3.4.tgz. Extracting by manifest.
5020 silly tarball no local data for croner@https://registry.npmjs.org/croner/-/croner-10.0.1.tgz. Extracting by manifest.
5021 silly tarball no local data for archiver@https://registry.npmjs.org/archiver/-/archiver-7.0.1.tgz. Extracting by manifest.
5022 silly tarball no local data for acorn@https://registry.npmjs.org/acorn/-/acorn-8.18.0.tgz. Extracting by manifest.
5023 silly tarball no local data for @rollup/plugin-alias@https://registry.npmjs.org/@rollup/plugin-alias/-/plugin-alias-6.0.0.tgz. Extracting by manifest.
5024 silly tarball no local data for yallist@https://registry.npmjs.org/yallist/-/yallist-3.1.1.tgz. Extracting by manifest.
5025 silly tarball no local data for quansync@https://registry.npmjs.org/quansync/-/quansync-0.2.11.tgz. Extracting by manifest.
5026 silly tarball no local data for is-extglob@https://registry.npmjs.org/is-extglob/-/is-extglob-2.1.1.tgz. Extracting by manifest.
5027 silly tarball no local data for is-glob@https://registry.npmjs.org/is-glob/-/is-glob-4.0.3.tgz. Extracting by manifest.
5028 silly tarball no local data for uqr@https://registry.npmjs.org/uqr/-/uqr-0.1.3.tgz. Extracting by manifest.
5029 silly tarball no local data for untun@https://registry.npmjs.org/untun/-/untun-0.2.2.tgz. Extracting by manifest.
5030 silly tarball no local data for node-forge@https://registry.npmjs.org/node-forge/-/node-forge-1.4.0.tgz. Extracting by manifest.
5031 silly tarball no local data for http-shutdown@https://registry.npmjs.org/http-shutdown/-/http-shutdown-1.2.2.tgz. Extracting by manifest.
5032 silly tarball no local data for shell-quote@https://registry.npmjs.org/shell-quote/-/shell-quote-1.10.0.tgz. Extracting by manifest.
5033 silly tarball no local data for ini@https://registry.npmjs.org/ini/-/ini-4.1.1.tgz. Extracting by manifest.
5034 silly tarball no local data for is-path-inside@https://registry.npmjs.org/is-path-inside/-/is-path-inside-4.0.0.tgz. Extracting by manifest.
5035 silly tarball no local data for global-directory@https://registry.npmjs.org/global-directory/-/global-directory-4.0.1.tgz. Extracting by manifest.
5036 silly tarball no local data for unplugin-utils@https://registry.npmjs.org/unplugin-utils/-/unplugin-utils-0.3.2.tgz. Extracting by manifest.
5037 silly tarball no local data for node-mock-http@https://registry.npmjs.org/node-mock-http/-/node-mock-http-1.0.5.tgz. Extracting by manifest.
5038 silly tarball no local data for radix3@https://registry.npmjs.org/radix3/-/radix3-1.1.2.tgz. Extracting by manifest.
5039 silly tarball no local data for iron-webcrypto@https://registry.npmjs.org/iron-webcrypto/-/iron-webcrypto-1.2.1.tgz. Extracting by manifest.
5040 silly tarball no local data for crossws@https://registry.npmjs.org/crossws/-/crossws-0.3.5.tgz. Extracting by manifest.
5041 silly tarball no local data for loader-utils@https://registry.npmjs.org/loader-utils/-/loader-utils-3.3.1.tgz. Extracting by manifest.
5042 silly tarball no local data for fast-string-truncated-width@https://registry.npmjs.org/fast-string-truncated-width/-/fast-string-truncated-width-3.0.3.tgz. Extracting by manifest.
5043 silly tarball no local data for shebang-command@https://registry.npmjs.org/shebang-command/-/shebang-command-2.0.0.tgz. Extracting by manifest.
5044 silly tarball no local data for cac@https://registry.npmjs.org/cac/-/cac-6.7.14.tgz. Extracting by manifest.
5045 silly tarball no local data for path-key@https://registry.npmjs.org/path-key/-/path-key-3.1.1.tgz. Extracting by manifest.
5046 silly tarball no local data for strip-final-newline@https://registry.npmjs.org/strip-final-newline/-/strip-final-newline-3.0.0.tgz. Extracting by manifest.
5047 silly tarball no local data for signal-exit@https://registry.npmjs.org/signal-exit/-/signal-exit-4.1.0.tgz. Extracting by manifest.
5048 silly tarball no local data for onetime@https://registry.npmjs.org/onetime/-/onetime-6.0.0.tgz. Extracting by manifest.
5049 silly tarball no local data for npm-run-path@https://registry.npmjs.org/npm-run-path/-/npm-run-path-5.3.0.tgz. Extracting by manifest.
5050 silly tarball no local data for merge-stream@https://registry.npmjs.org/merge-stream/-/merge-stream-2.0.0.tgz. Extracting by manifest.
5051 silly tarball no local data for es-module-lexer@https://registry.npmjs.org/es-module-lexer/-/es-module-lexer-2.3.2.tgz. Extracting by manifest.
5052 silly tarball no local data for is-stream@https://registry.npmjs.org/is-stream/-/is-stream-3.0.0.tgz. Extracting by manifest.
5053 silly tarball no local data for get-stream@https://registry.npmjs.org/get-stream/-/get-stream-8.0.1.tgz. Extracting by manifest.
5054 silly tarball no local data for cross-spawn@https://registry.npmjs.org/cross-spawn/-/cross-spawn-7.0.6.tgz. Extracting by manifest.
5055 silly tarball no local data for human-signals@https://registry.npmjs.org/human-signals/-/human-signals-5.0.0.tgz. Extracting by manifest.
5056 silly tarball no local data for ms@https://registry.npmjs.org/ms/-/ms-2.1.3.tgz. Extracting by manifest.
5057 silly tarball no local data for postcss-unique-selectors@https://registry.npmjs.org/postcss-unique-selectors/-/postcss-unique-selectors-8.0.4.tgz. Extracting by manifest.
5058 silly tarball no local data for postcss-svgo@https://registry.npmjs.org/postcss-svgo/-/postcss-svgo-8.0.6.tgz. Extracting by manifest.
5059 silly tarball no local data for postcss-reduce-initial@https://registry.npmjs.org/postcss-reduce-initial/-/postcss-reduce-initial-8.0.5.tgz. Extracting by manifest.
5060 silly tarball no local data for postcss-reduce-transforms@https://registry.npmjs.org/postcss-reduce-transforms/-/postcss-reduce-transforms-8.0.4.tgz. Extracting by manifest.
5061 silly tarball no local data for postcss-ordered-values@https://registry.npmjs.org/postcss-ordered-values/-/postcss-ordered-values-8.0.5.tgz. Extracting by manifest.
5062 silly tarball no local data for postcss-normalize-unicode@https://registry.npmjs.org/postcss-normalize-unicode/-/postcss-normalize-unicode-8.0.4.tgz. Extracting by manifest.
5063 silly tarball no local data for postcss-normalize-url@https://registry.npmjs.org/postcss-normalize-url/-/postcss-normalize-url-8.0.4.tgz. Extracting by manifest.
5064 silly tarball no local data for postcss-normalize-timing-functions@https://registry.npmjs.org/postcss-normalize-timing-functions/-/postcss-normalize-timing-functions-8.0.4.tgz. Extracting by manifest.
5065 silly tarball no local data for postcss-normalize-whitespace@https://registry.npmjs.org/postcss-normalize-whitespace/-/postcss-normalize-whitespace-8.0.5.tgz. Extracting by manifest.
5066 silly tarball no local data for postcss-normalize-positions@https://registry.npmjs.org/postcss-normalize-positions/-/postcss-normalize-positions-8.0.4.tgz. Extracting by manifest.
5067 silly tarball no local data for postcss-normalize-string@https://registry.npmjs.org/postcss-normalize-string/-/postcss-normalize-string-8.0.4.tgz. Extracting by manifest.
5068 silly tarball no local data for postcss-normalize-repeat-style@https://registry.npmjs.org/postcss-normalize-repeat-style/-/postcss-normalize-repeat-style-8.0.4.tgz. Extracting by manifest.
5069 silly tarball no local data for postcss-normalize-display-values@https://registry.npmjs.org/postcss-normalize-display-values/-/postcss-normalize-display-values-8.0.4.tgz. Extracting by manifest.
5070 silly tarball no local data for postcss-normalize-charset@https://registry.npmjs.org/postcss-normalize-charset/-/postcss-normalize-charset-8.0.5.tgz. Extracting by manifest.
5071 silly tarball no local data for postcss-minify-selectors@https://registry.npmjs.org/postcss-minify-selectors/-/postcss-minify-selectors-8.0.5.tgz. Extracting by manifest.
5072 silly tarball no local data for postcss-minify-params@https://registry.npmjs.org/postcss-minify-params/-/postcss-minify-params-8.0.4.tgz. Extracting by manifest.
5073 silly tarball no local data for postcss-minify-gradients@https://registry.npmjs.org/postcss-minify-gradients/-/postcss-minify-gradients-8.0.6.tgz. Extracting by manifest.
5074 silly tarball no local data for postcss-minify-font-values@https://registry.npmjs.org/postcss-minify-font-values/-/postcss-minify-font-values-8.0.4.tgz. Extracting by manifest.
5075 silly tarball no local data for postcss-merge-longhand@https://registry.npmjs.org/postcss-merge-longhand/-/postcss-merge-longhand-8.0.4.tgz. Extracting by manifest.
5076 silly tarball no local data for postcss-merge-rules@https://registry.npmjs.org/postcss-merge-rules/-/postcss-merge-rules-8.0.5.tgz. Extracting by manifest.
5077 silly tarball no local data for postcss-discard-overridden@https://registry.npmjs.org/postcss-discard-overridden/-/postcss-discard-overridden-8.0.4.tgz. Extracting by manifest.
5078 silly tarball no local data for postcss-discard-empty@https://registry.npmjs.org/postcss-discard-empty/-/postcss-discard-empty-8.0.5.tgz. Extracting by manifest.
5079 silly tarball no local data for postcss-discard-duplicates@https://registry.npmjs.org/postcss-discard-duplicates/-/postcss-discard-duplicates-8.0.4.tgz. Extracting by manifest.
5080 silly tarball no local data for postcss-convert-values@https://registry.npmjs.org/postcss-convert-values/-/postcss-convert-values-8.0.4.tgz. Extracting by manifest.
5081 silly tarball no local data for postcss-discard-comments@https://registry.npmjs.org/postcss-discard-comments/-/postcss-discard-comments-8.0.4.tgz. Extracting by manifest.
5082 silly tarball no local data for postcss-colormin@https://registry.npmjs.org/postcss-colormin/-/postcss-colormin-8.0.5.tgz. Extracting by manifest.
5083 silly tarball no local data for postcss-calc@https://registry.npmjs.org/postcss-calc/-/postcss-calc-10.1.1.tgz. Extracting by manifest.
5084 silly tarball no local data for cssnano-utils@https://registry.npmjs.org/cssnano-utils/-/cssnano-utils-6.0.4.tgz. Extracting by manifest.
5085 silly tarball no local data for lilconfig@https://registry.npmjs.org/lilconfig/-/lilconfig-3.1.3.tgz. Extracting by manifest.
5086 silly tarball no local data for cssnano-preset-default@https://registry.npmjs.org/cssnano-preset-default/-/cssnano-preset-default-8.0.10.tgz. Extracting by manifest.
5087 silly tarball no local data for readdirp@https://registry.npmjs.org/readdirp/-/readdirp-5.1.1.tgz. Extracting by manifest.
5088 silly tarball no local data for update-browserslist-db@https://registry.npmjs.org/update-browserslist-db/-/update-browserslist-db-1.3.2.tgz. Extracting by manifest.
5089 silly tarball no local data for node-releases@https://registry.npmjs.org/node-releases/-/node-releases-2.0.54.tgz. Extracting by manifest.
5090 silly tarball no local data for dotenv@https://registry.npmjs.org/dotenv/-/dotenv-17.4.2.tgz. Extracting by manifest.
5091 silly tarball no local data for electron-to-chromium@https://registry.npmjs.org/electron-to-chromium/-/electron-to-chromium-1.5.422.tgz. Extracting by manifest.
5092 silly tarball no local data for postcss-value-parser@https://registry.npmjs.org/postcss-value-parser/-/postcss-value-parser-4.2.0.tgz. Extracting by manifest.
5093 silly tarball no local data for caniuse-lite@https://registry.npmjs.org/caniuse-lite/-/caniuse-lite-1.0.30001810.tgz. Extracting by manifest.
5094 silly tarball no local data for baseline-browser-mapping@https://registry.npmjs.org/baseline-browser-mapping/-/baseline-browser-mapping-2.11.21.tgz. Extracting by manifest.
5095 silly tarball no local data for @vue/devtools-shared@https://registry.npmjs.org/@vue/devtools-shared/-/devtools-shared-8.2.1.tgz. Extracting by manifest.
5096 silly tarball no local data for @vue/compiler-ssr@https://registry.npmjs.org/@vue/compiler-ssr/-/compiler-ssr-3.5.42.tgz. Extracting by manifest.
5097 silly tarball no local data for source-map-js@https://registry.npmjs.org/source-map-js/-/source-map-js-1.2.1.tgz. Extracting by manifest.
5098 silly tarball no local data for @vue/compiler-core@https://registry.npmjs.org/@vue/compiler-core/-/compiler-core-3.5.42.tgz. Extracting by manifest.
5099 silly tarball no local data for estree-walker@https://registry.npmjs.org/estree-walker/-/estree-walker-2.0.2.tgz. Extracting by manifest.
5100 silly tarball no local data for entities@https://registry.npmjs.org/entities/-/entities-7.0.1.tgz. Extracting by manifest.
5101 silly tarball no local data for @vue/compiler-sfc@https://registry.npmjs.org/@vue/compiler-sfc/-/compiler-sfc-3.5.42.tgz. Extracting by manifest.
5102 silly tarball no local data for @babel/plugin-syntax-jsx@https://registry.npmjs.org/@babel/plugin-syntax-jsx/-/plugin-syntax-jsx-7.29.7.tgz. Extracting by manifest.
5103 silly tarball no local data for @jridgewell/resolve-uri@https://registry.npmjs.org/@jridgewell/resolve-uri/-/resolve-uri-3.1.2.tgz. Extracting by manifest.
5104 silly tarball no local data for @vue/babel-plugin-resolve-type@https://registry.npmjs.org/@vue/babel-plugin-resolve-type/-/babel-plugin-resolve-type-2.0.1.tgz. Extracting by manifest.
5105 silly tarball no local data for @vue/babel-helper-vue-transform-on@https://registry.npmjs.org/@vue/babel-helper-vue-transform-on/-/babel-helper-vue-transform-on-2.0.1.tgz. Extracting by manifest.
5106 silly tarball no local data for @jridgewell/sourcemap-codec@https://registry.npmjs.org/@jridgewell/sourcemap-codec/-/sourcemap-codec-1.6.0.tgz. Extracting by manifest.
5107 silly tarball no local data for @babel/helper-string-parser@https://registry.npmjs.org/@babel/helper-string-parser/-/helper-string-parser-7.29.7.tgz. Extracting by manifest.
5108 silly tarball no local data for @babel/helper-globals@https://registry.npmjs.org/@babel/helper-globals/-/helper-globals-7.29.7.tgz. Extracting by manifest.
5109 silly tarball no local data for @babel/helper-replace-supers@https://registry.npmjs.org/@babel/helper-replace-supers/-/helper-replace-supers-7.29.7.tgz. Extracting by manifest.
5110 silly tarball no local data for @babel/helper-member-expression-to-functions@https://registry.npmjs.org/@babel/helper-member-expression-to-functions/-/helper-member-expression-to-functions-7.29.7.tgz. Extracting by manifest.
5111 silly tarball no local data for @babel/helper-optimise-call-expression@https://registry.npmjs.org/@babel/helper-optimise-call-expression/-/helper-optimise-call-expression-7.29.7.tgz. Extracting by manifest.
5112 silly tarball no local data for @babel/helper-skip-transparent-expression-wrappers@https://registry.npmjs.org/@babel/helper-skip-transparent-expression-wrappers/-/helper-skip-transparent-expression-wrappers-7.29.7.tgz. Extracting by manifest.
5113 silly tarball no local data for @babel/helper-create-class-features-plugin@https://registry.npmjs.org/@babel/helper-create-class-features-plugin/-/helper-create-class-features-plugin-7.29.7.tgz. Extracting by manifest.
5114 silly tarball no local data for @babel/helper-annotate-as-pure@https://registry.npmjs.org/@babel/helper-annotate-as-pure/-/helper-annotate-as-pure-7.29.7.tgz. Extracting by manifest.
5115 silly tarball no local data for lru-cache@https://registry.npmjs.org/lru-cache/-/lru-cache-5.1.1.tgz. Extracting by manifest.
5116 silly tarball no local data for @babel/helper-module-imports@https://registry.npmjs.org/@babel/helper-module-imports/-/helper-module-imports-7.29.7.tgz. Extracting by manifest.
5117 silly tarball no local data for browserslist@https://registry.npmjs.org/browserslist/-/browserslist-4.28.8.tgz. Extracting by manifest.
5118 silly tarball no local data for jsesc@https://registry.npmjs.org/jsesc/-/jsesc-3.1.0.tgz. Extracting by manifest.
5119 silly tarball no local data for @jridgewell/trace-mapping@https://registry.npmjs.org/@jridgewell/trace-mapping/-/trace-mapping-0.3.31.tgz. Extracting by manifest.
5120 silly tarball no local data for @jridgewell/gen-mapping@https://registry.npmjs.org/@jridgewell/gen-mapping/-/gen-mapping-0.3.13.tgz. Extracting by manifest.
5121 silly tarball no local data for picocolors@https://registry.npmjs.org/picocolors/-/picocolors-1.1.1.tgz. Extracting by manifest.
5122 silly tarball no local data for fraction.js@https://registry.npmjs.org/fraction.js/-/fraction.js-5.3.4.tgz. Extracting by manifest.
5123 silly tarball no local data for @babel/compat-data@https://registry.npmjs.org/@babel/compat-data/-/compat-data-7.29.7.tgz. Extracting by manifest.
5124 silly tarball no local data for @babel/helper-validator-option@https://registry.npmjs.org/@babel/helper-validator-option/-/helper-validator-option-7.29.7.tgz. Extracting by manifest.
5125 silly tarball no local data for @babel/helper-validator-identifier@https://registry.npmjs.org/@babel/helper-validator-identifier/-/helper-validator-identifier-7.29.7.tgz. Extracting by manifest.
5126 silly tarball no local data for @jridgewell/remapping@https://registry.npmjs.org/@jridgewell/remapping/-/remapping-2.3.5.tgz. Extracting by manifest.
5127 silly tarball no local data for @babel/helper-plugin-utils@https://registry.npmjs.org/@babel/helper-plugin-utils/-/helper-plugin-utils-7.29.7.tgz. Extracting by manifest.
5128 silly tarball no local data for @babel/types@https://registry.npmjs.org/@babel/types/-/types-7.29.8.tgz. Extracting by manifest.
5129 silly tarball no local data for @babel/traverse@https://registry.npmjs.org/@babel/traverse/-/traverse-7.29.8.tgz. Extracting by manifest.
5130 silly tarball no local data for @babel/template@https://registry.npmjs.org/@babel/template/-/template-7.29.7.tgz. Extracting by manifest.
5131 silly tarball no local data for @babel/parser@https://registry.npmjs.org/@babel/parser/-/parser-7.29.8.tgz. Extracting by manifest.
5132 silly tarball no local data for json5@https://registry.npmjs.org/json5/-/json5-2.2.3.tgz. Extracting by manifest.
5133 silly tarball no local data for gensync@https://registry.npmjs.org/gensync/-/gensync-1.0.0-beta.2.tgz. Extracting by manifest.
5134 silly tarball no local data for @babel/helpers@https://registry.npmjs.org/@babel/helpers/-/helpers-7.29.7.tgz. Extracting by manifest.
5135 silly tarball no local data for convert-source-map@https://registry.npmjs.org/convert-source-map/-/convert-source-map-2.0.0.tgz. Extracting by manifest.
5136 silly tarball no local data for @babel/helper-module-transforms@https://registry.npmjs.org/@babel/helper-module-transforms/-/helper-module-transforms-7.29.7.tgz. Extracting by manifest.
5137 silly tarball no local data for @babel/helper-compilation-targets@https://registry.npmjs.org/@babel/helper-compilation-targets/-/helper-compilation-targets-7.29.7.tgz. Extracting by manifest.
5138 silly tarball no local data for @babel/generator@https://registry.npmjs.org/@babel/generator/-/generator-7.29.8.tgz. Extracting by manifest.
5139 silly tarball no local data for @babel/code-frame@https://registry.npmjs.org/@babel/code-frame/-/code-frame-7.29.7.tgz. Extracting by manifest.
5140 silly tarball no local data for @vue/babel-plugin-jsx@https://registry.npmjs.org/@vue/babel-plugin-jsx/-/babel-plugin-jsx-2.0.1.tgz. Extracting by manifest.
5141 silly tarball no local data for @rolldown/pluginutils@https://registry.npmjs.org/@rolldown/pluginutils/-/pluginutils-1.0.1.tgz. Extracting by manifest.
5142 silly tarball no local data for @babel/plugin-syntax-typescript@https://registry.npmjs.org/@babel/plugin-syntax-typescript/-/plugin-syntax-typescript-7.29.7.tgz. Extracting by manifest.
5143 silly tarball no local data for @babel/plugin-transform-typescript@https://registry.npmjs.org/@babel/plugin-transform-typescript/-/plugin-transform-typescript-7.29.7.tgz. Extracting by manifest.
5144 silly tarball no local data for @unhead/bundler@https://registry.npmjs.org/@unhead/bundler/-/bundler-3.4.0.tgz. Extracting by manifest.
5145 silly tarball no local data for @babel/core@https://registry.npmjs.org/@babel/core/-/core-7.29.7.tgz. Extracting by manifest.
5146 silly tarball no local data for vite-plugin-checker@https://registry.npmjs.org/vite-plugin-checker/-/vite-plugin-checker-0.14.5.tgz. Extracting by manifest.
5147 silly tarball no local data for unenv@https://registry.npmjs.org/unenv/-/unenv-2.0.0-rc.24.tgz. Extracting by manifest.
5148 silly tarball no local data for vite-node@https://registry.npmjs.org/vite-node/-/vite-node-6.0.0.tgz. Extracting by manifest.
5149 silly tarball no local data for seroval@https://registry.npmjs.org/seroval/-/seroval-1.6.4.tgz. Extracting by manifest.
5150 silly tarball no local data for generic-names@https://registry.npmjs.org/generic-names/-/generic-names-4.0.0.tgz. Extracting by manifest.
5151 silly tarball no local data for js-tokens@https://registry.npmjs.org/js-tokens/-/js-tokens-10.0.0.tgz. Extracting by manifest.
5152 silly tarball no local data for cssnano@https://registry.npmjs.org/cssnano/-/cssnano-8.0.10.tgz. Extracting by manifest.
5153 silly tarball no local data for postcss@https://registry.npmjs.org/postcss/-/postcss-8.5.28.tgz. Extracting by manifest.
5154 silly tarball no local data for @vitejs/plugin-vue@https://registry.npmjs.org/@vitejs/plugin-vue/-/plugin-vue-6.0.8.tgz. Extracting by manifest.
5155 silly tarball no local data for vue-devtools-stub@https://registry.npmjs.org/vue-devtools-stub/-/vue-devtools-stub-0.1.0.tgz. Extracting by manifest.
5156 silly tarball no local data for autoprefixer@https://registry.npmjs.org/autoprefixer/-/autoprefixer-10.5.4.tgz. Extracting by manifest.
5157 silly tarball no local data for @vitejs/plugin-vue-jsx@https://registry.npmjs.org/@vitejs/plugin-vue-jsx/-/plugin-vue-jsx-5.1.6.tgz. Extracting by manifest.
5158 silly tarball no local data for @nuxt/devalue@https://registry.npmjs.org/@nuxt/devalue/-/devalue-2.0.2.tgz. Extracting by manifest.
5159 silly tarball no local data for vue-bundle-renderer@https://registry.npmjs.org/vue-bundle-renderer/-/vue-bundle-renderer-2.3.2.tgz. Extracting by manifest.
5160 silly tarball no local data for nitropack@https://registry.npmjs.org/nitropack/-/nitropack-2.13.4.tgz. Extracting by manifest.
5161 silly tarball no local data for mocked-exports@https://registry.npmjs.org/mocked-exports/-/mocked-exports-0.1.1.tgz. Extracting by manifest.
5162 silly tarball no local data for h3@https://registry.npmjs.org/h3/-/h3-1.15.11.tgz. Extracting by manifest.
5163 silly tarball no local data for rc9@https://registry.npmjs.org/rc9/-/rc9-3.1.0.tgz. Extracting by manifest.
5164 silly tarball no local data for diff@https://registry.npmjs.org/diff/-/diff-8.0.4.tgz. Extracting by manifest.
5165 silly tarball no local data for ws@https://registry.npmjs.org/ws/-/ws-8.21.3.tgz. Extracting by manifest.
5166 silly tarball no local data for which@https://registry.npmjs.org/which/-/which-6.0.1.tgz. Extracting by manifest.
5167 silly tarball no local data for vite-plugin-vue-tracer@https://registry.npmjs.org/vite-plugin-vue-tracer/-/vite-plugin-vue-tracer-1.5.0.tgz. Extracting by manifest.
5168 silly tarball no local data for unstorage@https://registry.npmjs.org/unstorage/-/unstorage-1.17.5.tgz. Extracting by manifest.
5169 silly tarball no local data for structured-clone-es@https://registry.npmjs.org/structured-clone-es/-/structured-clone-es-2.0.1.tgz. Extracting by manifest.
5170 silly tarball no local data for sirv@https://registry.npmjs.org/sirv/-/sirv-3.0.2.tgz. Extracting by manifest.
5171 silly tarball no local data for simple-git@https://registry.npmjs.org/simple-git/-/simple-git-3.36.0.tgz. Extracting by manifest.
5172 silly tarball no local data for magicast@https://registry.npmjs.org/magicast/-/magicast-0.5.4.tgz. Extracting by manifest.
5173 silly tarball no local data for local-pkg@https://registry.npmjs.org/local-pkg/-/local-pkg-1.2.1.tgz. Extracting by manifest.
5174 silly tarball no local data for launch-editor@https://registry.npmjs.org/launch-editor/-/launch-editor-2.14.1.tgz. Extracting by manifest.
5175 silly tarball no local data for is-installed-globally@https://registry.npmjs.org/is-installed-globally/-/is-installed-globally-1.0.0.tgz. Extracting by manifest.
5176 silly tarball no local data for image-meta@https://registry.npmjs.org/image-meta/-/image-meta-0.2.2.tgz. Extracting by manifest.
5177 silly tarball no local data for get-port-please@https://registry.npmjs.org/get-port-please/-/get-port-please-3.2.0.tgz. Extracting by manifest.
5178 silly tarball no local data for fast-npm-meta@https://registry.npmjs.org/fast-npm-meta/-/fast-npm-meta-2.2.0.tgz. Extracting by manifest.
5179 silly tarball no local data for execa@https://registry.npmjs.org/execa/-/execa-8.0.1.tgz. Extracting by manifest.
5180 silly tarball no local data for vite-plugin-inspect@https://registry.npmjs.org/vite-plugin-inspect/-/vite-plugin-inspect-11.4.1.tgz. Extracting by manifest.
5181 silly tarball no local data for error-stack-parser-es@https://registry.npmjs.org/error-stack-parser-es/-/error-stack-parser-es-2.0.1.tgz. Extracting by manifest.
5182 silly tarball no local data for @vue/devtools-kit@https://registry.npmjs.org/@vue/devtools-kit/-/devtools-kit-8.2.1.tgz. Extracting by manifest.
5183 silly tarball no local data for destr@https://registry.npmjs.org/destr/-/destr-2.0.5.tgz. Extracting by manifest.
5184 silly tarball no local data for @vue/devtools-core@https://registry.npmjs.org/@vue/devtools-core/-/devtools-core-8.2.1.tgz. Extracting by manifest.
5185 silly tarball no local data for @nuxt/devtools-wizard@https://registry.npmjs.org/@nuxt/devtools-wizard/-/devtools-wizard-3.4.2.tgz. Extracting by manifest.
5186 silly tarball no local data for @nuxt/devtools-kit@https://registry.npmjs.org/@nuxt/devtools-kit/-/devtools-kit-3.4.2.tgz. Extracting by manifest.
5187 silly tarball no local data for birpc@https://registry.npmjs.org/birpc/-/birpc-4.2.0.tgz. Extracting by manifest.
5188 silly tarball no local data for sisteransi@https://registry.npmjs.org/sisteransi/-/sisteransi-1.0.5.tgz. Extracting by manifest.
5189 silly tarball no local data for fast-wrap-ansi@https://registry.npmjs.org/fast-wrap-ansi/-/fast-wrap-ansi-0.2.2.tgz. Extracting by manifest.
5190 silly tarball no local data for @clack/core@https://registry.npmjs.org/@clack/core/-/core-1.4.3.tgz. Extracting by manifest.
5191 silly tarball no local data for fast-string-width@https://registry.npmjs.org/fast-string-width/-/fast-string-width-3.0.2.tgz. Extracting by manifest.
5192 silly tarball no local data for youch@https://registry.npmjs.org/youch/-/youch-4.1.1.tgz. Extracting by manifest.
5193 silly tarball no local data for tinyexec@https://registry.npmjs.org/tinyexec/-/tinyexec-1.3.1.tgz. Extracting by manifest.
5194 silly tarball no local data for tinyclip@https://registry.npmjs.org/tinyclip/-/tinyclip-0.1.15.tgz. Extracting by manifest.
5195 silly tarball no local data for srvx@https://registry.npmjs.org/srvx/-/srvx-0.11.22.tgz. Extracting by manifest.
5196 silly tarball no local data for semver@https://registry.npmjs.org/semver/-/semver-7.8.5.tgz. Extracting by manifest.
5197 silly tarball no local data for listhen@https://registry.npmjs.org/listhen/-/listhen-1.10.1.tgz. Extracting by manifest.
5198 silly tarball no local data for giget@https://registry.npmjs.org/giget/-/giget-3.3.1.tgz. Extracting by manifest.
5199 silly tarball no local data for fzf@https://registry.npmjs.org/fzf/-/fzf-0.5.2.tgz. Extracting by manifest.
5200 silly tarball no local data for fuse.js@https://registry.npmjs.org/fuse.js/-/fuse.js-7.5.0.tgz. Extracting by manifest.
5201 silly tarball no local data for confbox@https://registry.npmjs.org/confbox/-/confbox-0.2.4.tgz. Extracting by manifest.
5202 silly tarball no local data for citty@https://registry.npmjs.org/citty/-/citty-0.2.2.tgz. Extracting by manifest.
5203 silly tarball no local data for debug@https://registry.npmjs.org/debug/-/debug-4.4.3.tgz. Extracting by manifest.
5204 silly tarball no local data for @clack/prompts@https://registry.npmjs.org/@clack/prompts/-/prompts-1.7.0.tgz. Extracting by manifest.
5205 silly tarball no local data for c12@https://registry.npmjs.org/c12/-/c12-3.3.4.tgz. Extracting by manifest.
5206 silly tarball no local data for @bomb.sh/tab@https://registry.npmjs.org/@bomb.sh/tab/-/tab-0.0.19.tgz. Extracting by manifest.
5207 silly tarball no local data for @vue/compiler-dom@https://registry.npmjs.org/@vue/compiler-dom/-/compiler-dom-3.5.42.tgz. Extracting by manifest.
5208 silly tarball no local data for @dxup/unimport@https://registry.npmjs.org/@dxup/unimport/-/unimport-0.1.2.tgz. Extracting by manifest.
5209 silly tarball no local data for vue-component-type-helpers@https://registry.npmjs.org/vue-component-type-helpers/-/vue-component-type-helpers-3.3.11.tgz. Extracting by manifest.
5210 silly tarball no local data for verkit@https://registry.npmjs.org/verkit/-/verkit-0.3.2.tgz. Extracting by manifest.
5211 silly tarball no local data for vue-router@https://registry.npmjs.org/vue-router/-/vue-router-5.3.1.tgz. Extracting by manifest.
5212 silly tarball no local data for untyped@https://registry.npmjs.org/untyped/-/untyped-2.0.0.tgz. Extracting by manifest.
5213 silly tarball no local data for unrouting@https://registry.npmjs.org/unrouting/-/unrouting-0.2.3.tgz. Extracting by manifest.
5214 silly tarball no local data for unplugin@https://registry.npmjs.org/unplugin/-/unplugin-3.3.0.tgz. Extracting by manifest.
5215 silly tarball no local data for unimport@https://registry.npmjs.org/unimport/-/unimport-6.4.0.tgz. Extracting by manifest.
5216 silly tarball no local data for uncrypto@https://registry.npmjs.org/uncrypto/-/uncrypto-0.1.3.tgz. Extracting by manifest.
5217 silly tarball no local data for undici@https://registry.npmjs.org/undici/-/undici-8.10.1.tgz. Extracting by manifest.
5218 silly tarball no local data for unctx@https://registry.npmjs.org/unctx/-/unctx-3.0.1.tgz. Extracting by manifest.
5219 silly tarball no local data for unhead@https://registry.npmjs.org/unhead/-/unhead-3.4.0.tgz. Extracting by manifest.
5220 silly tarball no local data for ultrahtml@https://registry.npmjs.org/ultrahtml/-/ultrahtml-1.7.0.tgz. Extracting by manifest.
5221 silly tarball no local data for ufo@https://registry.npmjs.org/ufo/-/ufo-1.6.4.tgz. Extracting by manifest.
5222 silly tarball no local data for std-env@https://registry.npmjs.org/std-env/-/std-env-4.2.0.tgz. Extracting by manifest.
5223 silly tarball no local data for tinyglobby@https://registry.npmjs.org/tinyglobby/-/tinyglobby-0.2.17.tgz. Extracting by manifest.
5224 silly tarball no local data for scule@https://registry.npmjs.org/scule/-/scule-1.3.0.tgz. Extracting by manifest.
5225 silly tarball no local data for rou3@https://registry.npmjs.org/rou3/-/rou3-0.9.2.tgz. Extracting by manifest.
5226 silly tarball no local data for rolldown-string@https://registry.npmjs.org/rolldown-string/-/rolldown-string-0.3.1.tgz. Extracting by manifest.
5227 silly tarball no local data for pkg-types@https://registry.npmjs.org/pkg-types/-/pkg-types-2.3.2.tgz. Extracting by manifest.
5228 silly tarball no local data for perfect-debounce@https://registry.npmjs.org/perfect-debounce/-/perfect-debounce-2.1.0.tgz. Extracting by manifest.
5229 silly tarball no local data for pathe@https://registry.npmjs.org/pathe/-/pathe-2.0.3.tgz. Extracting by manifest.
5230 silly tarball no local data for oxc-walker@https://registry.npmjs.org/oxc-walker/-/oxc-walker-1.1.1.tgz. Extracting by manifest.
5231 silly tarball no local data for picomatch@https://registry.npmjs.org/picomatch/-/picomatch-4.0.7.tgz. Extracting by manifest.
5232 silly tarball no local data for on-change@https://registry.npmjs.org/on-change/-/on-change-6.0.2.tgz. Extracting by manifest.
5233 silly tarball no local data for ofetch@https://registry.npmjs.org/ofetch/-/ofetch-1.5.1.tgz. Extracting by manifest.
5234 silly tarball no local data for object-identity@https://registry.npmjs.org/object-identity/-/object-identity-0.2.3.tgz. Extracting by manifest.
5235 silly tarball no local data for nypm@https://registry.npmjs.org/nypm/-/nypm-0.6.9.tgz. Extracting by manifest.
5236 silly tarball no local data for ohash@https://registry.npmjs.org/ohash/-/ohash-2.0.12.tgz. Extracting by manifest.
5237 silly tarball no local data for nanotar@https://registry.npmjs.org/nanotar/-/nanotar-0.3.0.tgz. Extracting by manifest.
5238 silly tarball no local data for nostics@https://registry.npmjs.org/nostics/-/nostics-1.2.0.tgz. Extracting by manifest.
5239 silly tarball no local data for mlly@https://registry.npmjs.org/mlly/-/mlly-1.8.2.tgz. Extracting by manifest.
5240 silly tarball no local data for klona@https://registry.npmjs.org/klona/-/klona-2.0.6.tgz. Extracting by manifest.
5241 silly tarball no local data for magic-string@https://registry.npmjs.org/magic-string/-/magic-string-1.2.3.tgz. Extracting by manifest.
5242 silly tarball no local data for jiti@https://registry.npmjs.org/jiti/-/jiti-2.7.0.tgz. Extracting by manifest.
5243 silly tarball no local data for ignore@https://registry.npmjs.org/ignore/-/ignore-7.0.8.tgz. Extracting by manifest.
5244 silly tarball no local data for impound@https://registry.npmjs.org/impound/-/impound-1.2.0.tgz. Extracting by manifest.
5245 silly tarball no local data for hookable@https://registry.npmjs.org/hookable/-/hookable-6.1.1.tgz. Extracting by manifest.
5246 silly tarball no local data for fnv1a-64@https://registry.npmjs.org/fnv1a-64/-/fnv1a-64-0.1.2.tgz. Extracting by manifest.
5247 silly tarball no local data for exsolve@https://registry.npmjs.org/exsolve/-/exsolve-1.1.1.tgz. Extracting by manifest.
5248 silly tarball no local data for escape-string-regexp@https://registry.npmjs.org/escape-string-regexp/-/escape-string-regexp-5.0.0.tgz. Extracting by manifest.
5249 silly tarball no local data for errx@https://registry.npmjs.org/errx/-/errx-0.1.2.tgz. Extracting by manifest.
5250 silly tarball no local data for devalue@https://registry.npmjs.org/devalue/-/devalue-5.9.2.tgz. Extracting by manifest.
5251 silly tarball no local data for defu@https://registry.npmjs.org/defu/-/defu-6.1.7.tgz. Extracting by manifest.
5252 silly tarball no local data for cookie-es@https://registry.npmjs.org/cookie-es/-/cookie-es-3.1.1.tgz. Extracting by manifest.
5253 silly tarball no local data for compatx@https://registry.npmjs.org/compatx/-/compatx-0.2.0.tgz. Extracting by manifest.
5254 silly tarball no local data for @vue/shared@https://registry.npmjs.org/@vue/shared/-/shared-3.5.42.tgz. Extracting by manifest.
5255 silly tarball no local data for knitwork@https://registry.npmjs.org/knitwork/-/knitwork-1.3.0.tgz. Extracting by manifest.
5256 silly tarball no local data for @unhead/vue@https://registry.npmjs.org/@unhead/vue/-/vue-3.4.0.tgz. Extracting by manifest.
5257 silly tarball no local data for chokidar@https://registry.npmjs.org/chokidar/-/chokidar-5.0.0.tgz. Extracting by manifest.
5258 silly tarball no local data for consola@https://registry.npmjs.org/consola/-/consola-3.4.2.tgz. Extracting by manifest.
5259 silly tarball no local data for vue@https://registry.npmjs.org/vue/-/vue-3.5.42.tgz. Extracting by manifest.
5260 silly tarball no local data for @nuxt/telemetry@https://registry.npmjs.org/@nuxt/telemetry/-/telemetry-2.9.1.tgz. Extracting by manifest.
5261 silly tarball no local data for @nuxt/schema@https://registry.npmjs.org/@nuxt/schema/-/schema-4.5.2.tgz. Extracting by manifest.
5262 silly tarball no local data for @nuxt/nitro-server@https://registry.npmjs.org/@nuxt/nitro-server/-/nitro-server-4.5.2.tgz. Extracting by manifest.
5263 silly tarball no local data for vite@https://registry.npmjs.org/vite/-/vite-8.2.2.tgz. Extracting by manifest.
5264 silly tarball no local data for @nuxt/kit@https://registry.npmjs.org/@nuxt/kit/-/kit-4.5.2.tgz. Extracting by manifest.
5265 silly tarball no local data for @dxup/nuxt@https://registry.npmjs.org/@dxup/nuxt/-/nuxt-0.5.10.tgz. Extracting by manifest.
5266 silly tarball no local data for @nuxt/devtools@https://registry.npmjs.org/@nuxt/devtools/-/devtools-3.4.2.tgz. Extracting by manifest.
5267 silly tarball no local data for rolldown@https://registry.npmjs.org/rolldown/-/rolldown-1.2.7.tgz. Extracting by manifest.
5268 silly tarball no local data for @nuxt/cli@https://registry.npmjs.org/@nuxt/cli/-/cli-3.37.0.tgz. Extracting by manifest.
5269 silly tarball no local data for nuxt@https://registry.npmjs.org/nuxt/-/nuxt-4.5.2.tgz. Extracting by manifest.
5270 silly tarball no local data for ansi-regex@https://registry.npmjs.org/ansi-regex/-/ansi-regex-5.0.1.tgz. Extracting by manifest.
5271 silly tarball no local data for @nuxt/vite-builder@https://registry.npmjs.org/@nuxt/vite-builder/-/vite-builder-4.5.2.tgz. Extracting by manifest.
5272 silly tarball no local data for strip-ansi@https://registry.npmjs.org/strip-ansi/-/strip-ansi-6.0.1.tgz. Extracting by manifest.
5273 silly tarball no local data for string-width@https://registry.npmjs.org/string-width/-/string-width-4.2.3.tgz. Extracting by manifest.
5274 silly tarball no local data for ansi-styles@https://registry.npmjs.org/ansi-styles/-/ansi-styles-4.3.0.tgz. Extracting by manifest.
5275 silly tarball no local data for ansi-regex@https://registry.npmjs.org/ansi-regex/-/ansi-regex-5.0.1.tgz. Extracting by manifest.
5276 silly tarball no local data for ansi-regex@https://registry.npmjs.org/ansi-regex/-/ansi-regex-5.0.1.tgz. Extracting by manifest.
5277 silly tarball no local data for strip-ansi@https://registry.npmjs.org/strip-ansi/-/strip-ansi-6.0.1.tgz. Extracting by manifest.
5278 silly tarball no local data for emoji-regex@https://registry.npmjs.org/emoji-regex/-/emoji-regex-9.2.2.tgz. Extracting by manifest.
5279 silly tarball no local data for is-stream@https://registry.npmjs.org/is-stream/-/is-stream-2.0.1.tgz. Extracting by manifest.
5280 silly tarball no local data for wrap-ansi@https://registry.npmjs.org/wrap-ansi/-/wrap-ansi-8.1.0.tgz. Extracting by manifest.
5281 silly tarball no local data for emoji-regex@https://registry.npmjs.org/emoji-regex/-/emoji-regex-10.6.0.tgz. Extracting by manifest.
5282 silly tarball no local data for string-width@https://registry.npmjs.org/string-width/-/string-width-5.1.2.tgz. Extracting by manifest.
5283 silly tarball no local data for string-width@https://registry.npmjs.org/string-width/-/string-width-7.2.0.tgz. Extracting by manifest.
5284 silly tarball no local data for magic-string@https://registry.npmjs.org/magic-string/-/magic-string-0.30.21.tgz. Extracting by manifest.
5285 silly tarball no local data for emoji-regex@https://registry.npmjs.org/emoji-regex/-/emoji-regex-10.6.0.tgz. Extracting by manifest.
5286 silly tarball no local data for string-width@https://registry.npmjs.org/string-width/-/string-width-7.2.0.tgz. Extracting by manifest.
5287 silly tarball no local data for signal-exit@https://registry.npmjs.org/signal-exit/-/signal-exit-3.0.7.tgz. Extracting by manifest.
5288 silly tarball no local data for picomatch@https://registry.npmjs.org/picomatch/-/picomatch-2.3.2.tgz. Extracting by manifest.
5289 silly tarball no local data for source-map@https://registry.npmjs.org/source-map/-/source-map-0.6.1.tgz. Extracting by manifest.
5290 silly tarball no local data for entities@https://registry.npmjs.org/entities/-/entities-4.5.0.tgz. Extracting by manifest.
5291 silly tarball no local data for powershell-utils@https://registry.npmjs.org/powershell-utils/-/powershell-utils-0.1.0.tgz. Extracting by manifest.
5292 silly tarball no local data for mdn-data@https://registry.npmjs.org/mdn-data/-/mdn-data-2.0.28.tgz. Extracting by manifest.
5293 silly tarball no local data for commander@https://registry.npmjs.org/commander/-/commander-11.1.0.tgz. Extracting by manifest.
5294 silly tarball no local data for css-tree@https://registry.npmjs.org/css-tree/-/css-tree-2.2.1.tgz. Extracting by manifest.
5295 silly tarball no local data for picomatch@https://registry.npmjs.org/picomatch/-/picomatch-2.3.2.tgz. Extracting by manifest.
5296 silly tarball no local data for lru-cache@https://registry.npmjs.org/lru-cache/-/lru-cache-11.5.2.tgz. Extracting by manifest.
5297 silly tarball no local data for string_decoder@https://registry.npmjs.org/string_decoder/-/string_decoder-1.1.1.tgz. Extracting by manifest.
5298 silly tarball no local data for safe-buffer@https://registry.npmjs.org/safe-buffer/-/safe-buffer-5.1.2.tgz. Extracting by manifest.
5299 silly tarball no local data for balanced-match@https://registry.npmjs.org/balanced-match/-/balanced-match-1.0.2.tgz. Extracting by manifest.
5300 silly tarball no local data for lru-cache@https://registry.npmjs.org/lru-cache/-/lru-cache-10.4.3.tgz. Extracting by manifest.
5301 silly tarball no local data for brace-expansion@https://registry.npmjs.org/brace-expansion/-/brace-expansion-2.1.4.tgz. Extracting by manifest.
5302 silly tarball no local data for minimatch@https://registry.npmjs.org/minimatch/-/minimatch-5.1.9.tgz. Extracting by manifest.
5303 silly tarball no local data for balanced-match@https://registry.npmjs.org/balanced-match/-/balanced-match-1.0.2.tgz. Extracting by manifest.
5304 silly tarball no local data for brace-expansion@https://registry.npmjs.org/brace-expansion/-/brace-expansion-2.1.4.tgz. Extracting by manifest.
5305 silly tarball no local data for path-scurry@https://registry.npmjs.org/path-scurry/-/path-scurry-1.11.1.tgz. Extracting by manifest.
5306 silly tarball no local data for minimatch@https://registry.npmjs.org/minimatch/-/minimatch-9.0.9.tgz. Extracting by manifest.
5307 silly tarball no local data for yallist@https://registry.npmjs.org/yallist/-/yallist-5.0.0.tgz. Extracting by manifest.
5308 silly tarball no local data for is-stream@https://registry.npmjs.org/is-stream/-/is-stream-2.0.1.tgz. Extracting by manifest.
5309 silly tarball no local data for commander@https://registry.npmjs.org/commander/-/commander-2.20.3.tgz. Extracting by manifest.
5310 silly tarball no local data for glob@https://registry.npmjs.org/glob/-/glob-10.5.0.tgz. Extracting by manifest.
5311 silly tarball no local data for error-stack-parser-es@https://registry.npmjs.org/error-stack-parser-es/-/error-stack-parser-es-1.0.5.tgz. Extracting by manifest.
5312 silly tarball no local data for source-map@https://registry.npmjs.org/source-map/-/source-map-0.8.0.tgz. Extracting by manifest.
5313 silly tarball no local data for magic-string@https://registry.npmjs.org/magic-string/-/magic-string-0.30.21.tgz. Extracting by manifest.
5314 silly tarball no local data for magic-string@https://registry.npmjs.org/magic-string/-/magic-string-0.30.21.tgz. Extracting by manifest.
5315 silly tarball no local data for magic-string@https://registry.npmjs.org/magic-string/-/magic-string-0.30.21.tgz. Extracting by manifest.
5316 silly tarball no local data for magic-string@https://registry.npmjs.org/magic-string/-/magic-string-0.30.21.tgz. Extracting by manifest.
5317 silly tarball no local data for path-key@https://registry.npmjs.org/path-key/-/path-key-4.0.0.tgz. Extracting by manifest.
5318 silly tarball no local data for isexe@https://registry.npmjs.org/isexe/-/isexe-2.0.0.tgz. Extracting by manifest.
5319 silly tarball no local data for magic-string@https://registry.npmjs.org/magic-string/-/magic-string-0.30.21.tgz. Extracting by manifest.
5320 silly tarball no local data for semver@https://registry.npmjs.org/semver/-/semver-6.3.1.tgz. Extracting by manifest.
5321 silly tarball no local data for which@https://registry.npmjs.org/which/-/which-2.0.2.tgz. Extracting by manifest.
5322 silly tarball no local data for semver@https://registry.npmjs.org/semver/-/semver-6.3.1.tgz. Extracting by manifest.
5323 silly tarball no local data for js-tokens@https://registry.npmjs.org/js-tokens/-/js-tokens-4.0.0.tgz. Extracting by manifest.
5324 silly tarball no local data for semver@https://registry.npmjs.org/semver/-/semver-6.3.1.tgz. Extracting by manifest.
5325 silly tarball no local data for unicorn-magic@https://registry.npmjs.org/unicorn-magic/-/unicorn-magic-0.3.0.tgz. Extracting by manifest.
5326 silly tarball no local data for cac@https://registry.npmjs.org/cac/-/cac-7.0.0.tgz. Extracting by manifest.
5327 silly tarball no local data for unplugin@https://registry.npmjs.org/unplugin/-/unplugin-2.3.11.tgz. Extracting by manifest.
5328 silly tarball no local data for path-key@https://registry.npmjs.org/path-key/-/path-key-4.0.0.tgz. Extracting by manifest.
5329 silly tarball no local data for npm-run-path@https://registry.npmjs.org/npm-run-path/-/npm-run-path-6.0.0.tgz. Extracting by manifest.
5330 silly tarball no local data for estree-walker@https://registry.npmjs.org/estree-walker/-/estree-walker-3.0.3.tgz. Extracting by manifest.
5331 silly tarball no local data for unctx@https://registry.npmjs.org/unctx/-/unctx-2.5.0.tgz. Extracting by manifest.
5332 silly tarball no local data for magic-string@https://registry.npmjs.org/magic-string/-/magic-string-0.30.21.tgz. Extracting by manifest.
5333 silly tarball no local data for cookie-es@https://registry.npmjs.org/cookie-es/-/cookie-es-2.0.1.tgz. Extracting by manifest.
5334 silly tarball no local data for cookie-es@https://registry.npmjs.org/cookie-es/-/cookie-es-1.2.3.tgz. Extracting by manifest.
5335 silly tarball no local data for hookable@https://registry.npmjs.org/hookable/-/hookable-5.5.3.tgz. Extracting by manifest.
5336 silly tarball no local data for estree-walker@https://registry.npmjs.org/estree-walker/-/estree-walker-3.0.3.tgz. Extracting by manifest.
5337 silly tarball no local data for lru-cache@https://registry.npmjs.org/lru-cache/-/lru-cache-11.5.2.tgz. Extracting by manifest.
5338 silly tarball no local data for error-stack-parser-es@https://registry.npmjs.org/error-stack-parser-es/-/error-stack-parser-es-1.0.5.tgz. Extracting by manifest.
5339 silly tarball no local data for cac@https://registry.npmjs.org/cac/-/cac-7.0.0.tgz. Extracting by manifest.
5340 silly tarball no local data for crossws@https://registry.npmjs.org/crossws/-/crossws-0.4.12.tgz. Extracting by manifest.
5341 silly tarball no local data for magic-string@https://registry.npmjs.org/magic-string/-/magic-string-0.30.21.tgz. Extracting by manifest.
5342 silly tarball no local data for citty@https://registry.npmjs.org/citty/-/citty-0.1.6.tgz. Extracting by manifest.
5343 silly tarball no local data for estree-walker@https://registry.npmjs.org/estree-walker/-/estree-walker-3.0.3.tgz. Extracting by manifest.
5344 silly tarball no local data for confbox@https://registry.npmjs.org/confbox/-/confbox-0.1.8.tgz. Extracting by manifest.
5345 silly tarball no local data for readable-stream@https://registry.npmjs.org/readable-stream/-/readable-stream-2.3.8.tgz. Extracting by manifest.
5346 silly tarball no local data for pkg-types@https://registry.npmjs.org/pkg-types/-/pkg-types-1.3.1.tgz. Extracting by manifest.
5347 silly tarball no local data for confbox@https://registry.npmjs.org/confbox/-/confbox-0.3.1.tgz. Extracting by manifest.
5348 silly tarball no local data for hookable@https://registry.npmjs.org/hookable/-/hookable-5.5.3.tgz. Extracting by manifest.
5349 silly tarball no local data for birpc@https://registry.npmjs.org/birpc/-/birpc-2.9.0.tgz. Extracting by manifest.
5350 http fetch GET 200 https://registry.npmjs.org/eastasianwidth/-/eastasianwidth-0.2.0.tgz 747ms (cache miss)
5351 http fetch GET 200 https://registry.npmjs.org/color-name/-/color-name-1.1.4.tgz 748ms (cache miss)
5352 http fetch GET 200 https://registry.npmjs.org/color-convert/-/color-convert-2.0.1.tgz 770ms (cache miss)
5353 http fetch GET 200 https://registry.npmjs.org/isarray/-/isarray-1.0.0.tgz 769ms (cache miss)
5354 http fetch GET 200 https://registry.npmjs.org/foreground-child/-/foreground-child-3.3.1.tgz 783ms (cache miss)
5355 http fetch GET 200 https://registry.npmjs.org/crc32-stream/-/crc32-stream-6.0.0.tgz 796ms (cache miss)
5356 http fetch GET 200 https://registry.npmjs.org/compress-commons/-/compress-commons-6.0.2.tgz 809ms (cache miss)
5357 http fetch GET 200 https://registry.npmjs.org/crc-32/-/crc-32-1.2.2.tgz 861ms (cache miss)
5358 http fetch GET 200 https://registry.npmjs.org/process-nextick-args/-/process-nextick-args-2.0.1.tgz 927ms (cache miss)
5359 http fetch GET 200 https://registry.npmjs.org/wrap-ansi/-/wrap-ansi-7.0.0.tgz 960ms (cache miss)
5360 http fetch GET 200 https://registry.npmjs.org/@poppinss/exception/-/exception-1.2.3.tgz 978ms (cache miss)
5361 http fetch GET 200 https://registry.npmjs.org/core-util-is/-/core-util-is-1.0.3.tgz 992ms (cache miss)
5362 http fetch GET 200 https://registry.npmjs.org/is-wsl/-/is-wsl-3.1.1.tgz 1033ms (cache miss)
5363 http fetch GET 200 https://registry.npmjs.org/ast-walker-scope/-/ast-walker-scope-0.9.0.tgz 1108ms (cache miss)
5364 http fetch GET 200 https://registry.npmjs.org/retry/-/retry-0.12.0.tgz 1294ms (cache miss)
5365 http fetch GET 200 https://registry.npmjs.org/proper-lockfile/-/proper-lockfile-4.1.2.tgz 1329ms (cache miss)
5366 http fetch GET 200 https://registry.npmjs.org/ansi-regex/-/ansi-regex-6.3.0.tgz 1348ms (cache miss)
5367 warn tar TAR_ENTRY_ERROR UNKNOWN: unknown error, open 'C:\Users\Kawinpat\Documents\Codex\2026-09-04\new-chat\node_modules\is-number\index.js'
5368 silly tar TAR_ENTRY_ERROR UNKNOWN: unknown error, open 'C:\Users\Kawinpat\Documents\Codex\2026-09-04\new-chat\node_modules\is-number\index.js' [Error: UNKNOWN: unknown error, open 'C:\Users\Kawinpat\Documents\Codex\2026-09-04\new-chat\node_modules\is-number\index.js'] {
5368 silly tar   errno: -4094,
5368 silly tar   code: 'UNKNOWN',
5368 silly tar   syscall: 'open',
5368 silly tar   path: 'C:\\Users\\Kawinpat\\Documents\\Codex\\2026-09-04\\new-chat\\node_modules\\is-number\\index.js',
5368 silly tar   entry: Ls {
5368 silly tar     _events: [Object: null prototype] {},
5368 silly tar     _eventsCount: 0,
5368 silly tar     _maxListeners: undefined,
5368 silly tar     writable: false,
5368 silly tar     readable: false,
5368 silly tar     extended: undefined,
5368 silly tar     globalExtended: undefined,
5368 silly tar     header: Ns {
5368 silly tar       cksumValid: true,
5368 silly tar       needPax: false,
5368 silly tar       nullBlock: false,
5368 silly tar       block: undefined,
5368 silly tar       path: 'package/index.js',
5368 silly tar       mode: 420,
5368 silly tar       uid: undefined,
5368 silly tar       gid: undefined,
5368 silly tar       size: 411,
5368 silly tar       cksum: 4567,
5368 silly tar       linkpath: '',
5368 silly tar       uname: '',
5368 silly tar       gname: '',
5368 silly tar       devmaj: 0,
5368 silly tar       devmin: 0,
5368 silly tar       atime: undefined,
5368 silly tar       ctime: undefined,
5368 silly tar       mtime: 1985-10-26T08:15:00.000Z,
5368 silly tar       charset: undefined,
5368 silly tar       comment: undefined
5368 silly tar     },
5368 silly tar     startBlockSize: 512,
5368 silly tar     blockRemain: 0,
5368 silly tar     remain: 0,
5368 silly tar     type: 'File',
5368 silly tar     meta: false,
5368 silly tar     ignore: false,
5368 silly tar     path: 'index.js',
5368 silly tar     mode: 438,
5368 silly tar     uid: undefined,
5368 silly tar     gid: undefined,
5368 silly tar     uname: '',
5368 silly tar     gname: '',
5368 silly tar     size: 411,
5368 silly tar     mtime: 1985-10-26T08:15:00.000Z,
5368 silly tar     atime: undefined,
5368 silly tar     ctime: undefined,
5368 silly tar     linkpath: undefined,
5368 silly tar     dev: undefined,
5368 silly tar     ino: undefined,
5368 silly tar     nlink: undefined,
5368 silly tar     invalid: false,
5368 silly tar     absolute: 'C:/Users/Kawinpat/Documents/Codex/2026-09-04/new-chat/node_modules/is-number/index.js',
5368 silly tar     unsupported: false,
5368 silly tar     Symbol(shapeMode): false,
5368 silly tar     Symbol(kCapture): false,
5368 silly tar     Symbol(flowing): false,
5368 silly tar     Symbol(paused): true,
5368 silly tar     Symbol(pipes): [ [qt] ],
5368 silly tar     Symbol(buffer): [],
5368 silly tar     Symbol(objectMode): false,
5368 silly tar     Symbol(encoding): null,
5368 silly tar     Symbol(async): false,
5368 silly tar     Symbol(decoder): null,
5368 silly tar     Symbol(EOF): true,
5368 silly tar     Symbol(emittedEnd): true,
5368 silly tar     Symbol(emittingEnd): false,
5368 silly tar     Symbol(closed): false,
5368 silly tar     Symbol(emittedError): null,
5368 silly tar     Symbol(bufferLength): 0,
5368 silly tar     Symbol(destroyed): false,
5368 silly tar     Symbol(signal): undefined,
5368 silly tar     Symbol(aborted): false,
5368 silly tar     Symbol(dataListeners): 0,
5368 silly tar     Symbol(discarded): false
5368 silly tar   },
5368 silly tar   cwd: 'C:/Users/Kawinpat/Documents/Codex/2026-09-04/new-chat/node_modules/is-number',
5368 silly tar   tarCode: 'TAR_ENTRY_ERROR'
5368 silly tar }
5369 http fetch GET 200 https://registry.npmjs.org/ansi-styles/-/ansi-styles-6.2.3.tgz 1413ms (cache miss)
5370 http fetch GET 200 https://registry.npmjs.org/wrap-ansi/-/wrap-ansi-9.0.2.tgz 1414ms (cache miss)
5371 http fetch GET 200 https://registry.npmjs.org/escalade/-/escalade-3.2.0.tgz 1441ms (cache miss)
5372 http fetch GET 200 https://registry.npmjs.org/strip-ansi/-/strip-ansi-7.2.0.tgz 1479ms (cache miss)
5373 http fetch GET 200 https://registry.npmjs.org/string-width/-/string-width-8.2.2.tgz 1508ms (cache miss)
5374 http fetch GET 200 https://registry.npmjs.org/webidl-conversions/-/webidl-conversions-3.0.1.tgz 1513ms (cache miss)
5375 http fetch GET 200 https://registry.npmjs.org/strip-literal/-/strip-literal-4.0.0.tgz 1502ms (cache miss)
5376 http fetch GET 200 https://registry.npmjs.org/anymatch/-/anymatch-3.1.3.tgz 1512ms (cache miss)
5377 http fetch GET 200 https://registry.npmjs.org/text-decoder/-/text-decoder-1.2.7.tgz 1519ms (cache miss)
5378 http fetch GET 200 https://registry.npmjs.org/strip-ansi/-/strip-ansi-6.0.1.tgz 1584ms (cache miss)
5379 http fetch GET 200 https://registry.npmjs.org/vite-hot-client/-/vite-hot-client-2.2.0.tgz 1541ms (cache miss)
5380 http fetch GET 200 https://registry.npmjs.org/@isaacs/cliui/-/cliui-8.0.2.tgz 1601ms (cache miss)
5381 http fetch GET 200 https://registry.npmjs.org/magic-string-ast/-/magic-string-ast-1.0.3.tgz 1587ms (cache miss)
5382 http fetch GET 200 https://registry.npmjs.org/fast-fifo/-/fast-fifo-1.3.2.tgz 1570ms (cache miss)
5383 http fetch GET 200 https://registry.npmjs.org/is-fullwidth-code-point/-/is-fullwidth-code-point-3.0.0.tgz 1631ms (cache miss)
5384 http fetch GET 200 https://registry.npmjs.org/tagged-tag/-/tagged-tag-1.0.0.tgz 1622ms (cache miss)
5385 http fetch GET 200 https://registry.npmjs.org/get-caller-file/-/get-caller-file-2.0.5.tgz 1638ms (cache miss)
5386 http fetch GET 200 https://registry.npmjs.org/is-number/-/is-number-7.0.0.tgz 1646ms (cache miss)
5387 http fetch GET 200 https://registry.npmjs.org/boolbase/-/boolbase-1.0.0.tgz 1627ms (cache miss)
5388 http fetch GET 200 https://registry.npmjs.org/ansis/-/ansis-4.3.1.tgz 1658ms (cache miss)
5389 http fetch GET 200 https://registry.npmjs.org/totalist/-/totalist-3.0.1.tgz 1688ms (cache miss)
5390 http fetch GET 200 https://registry.npmjs.org/streamx/-/streamx-2.28.1.tgz 1705ms (cache miss)
5391 http fetch GET 200 https://registry.npmjs.org/safe-buffer/-/safe-buffer-5.2.1.tgz 1705ms (cache miss)
5392 http fetch GET 200 https://registry.npmjs.org/@polka/url/-/url-1.0.0-next.29.tgz 1709ms (cache miss)
5393 http fetch GET 200 https://registry.npmjs.org/shebang-regex/-/shebang-regex-3.0.0.tgz 1707ms (cache miss)
5394 http fetch GET 200 https://registry.npmjs.org/buffer-from/-/buffer-from-1.1.2.tgz 1731ms (cache miss)
5395 http fetch GET 200 https://registry.npmjs.org/vite-dev-rpc/-/vite-dev-rpc-2.0.0.tgz 1753ms (cache miss)
5396 http fetch GET 200 https://registry.npmjs.org/setprototypeof/-/setprototypeof-1.2.0.tgz 1726ms (cache miss)
5397 http fetch GET 200 https://registry.npmjs.org/toidentifier/-/toidentifier-1.0.1.tgz 1728ms (cache miss)
5398 http fetch GET 200 https://registry.npmjs.org/teex/-/teex-1.0.1.tgz 1759ms (cache miss)
5399 http fetch GET 200 https://registry.npmjs.org/ee-first/-/ee-first-1.1.1.tgz 1763ms (cache miss)
5400 http fetch GET 200 https://registry.npmjs.org/mime-types/-/mime-types-3.0.2.tgz 1796ms (cache miss)
5401 http fetch GET 200 https://registry.npmjs.org/inherits/-/inherits-2.0.4.tgz 1800ms (cache miss)
5402 http fetch GET 200 https://registry.npmjs.org/on-finished/-/on-finished-2.4.1.tgz 1798ms (cache miss)
5403 http fetch GET 200 https://registry.npmjs.org/string-width/-/string-width-4.2.3.tgz 1867ms (cache miss)
5404 http fetch GET 200 https://registry.npmjs.org/@vue-macros/common/-/common-3.1.4.tgz 1855ms (cache miss)
5405 http fetch GET 200 https://registry.npmjs.org/fresh/-/fresh-2.0.0.tgz 1810ms (cache miss)
5406 http fetch GET 200 https://registry.npmjs.org/cliui/-/cliui-9.0.1.tgz 1922ms (cache miss)
5407 http fetch GET 200 https://registry.npmjs.org/kleur/-/kleur-4.1.5.tgz 1941ms (cache miss)
5408 http fetch GET 200 https://registry.npmjs.org/get-east-asian-width/-/get-east-asian-width-1.6.0.tgz 1945ms (cache miss)
5409 http fetch GET 200 https://registry.npmjs.org/depd/-/depd-2.0.0.tgz 1895ms (cache miss)
5410 http fetch GET 200 https://registry.npmjs.org/default-browser-id/-/default-browser-id-5.0.1.tgz 1889ms (cache miss)
5411 http fetch GET 200 https://registry.npmjs.org/encodeurl/-/encodeurl-2.0.0.tgz 1891ms (cache miss)
5412 http fetch GET 200 https://registry.npmjs.org/escape-html/-/escape-html-1.0.3.tgz 1892ms (cache miss)
5413 http fetch GET 200 https://registry.npmjs.org/parseurl/-/parseurl-1.3.3.tgz 1893ms (cache miss)
5414 http fetch GET 200 https://registry.npmjs.org/emoji-regex/-/emoji-regex-8.0.0.tgz 1992ms (cache miss)
5415 http fetch GET 200 https://registry.npmjs.org/sax/-/sax-1.6.1.tgz 1942ms (cache miss)
5416 http fetch GET 200 https://registry.npmjs.org/http-errors/-/http-errors-2.0.1.tgz 1966ms (cache miss)
5417 http fetch GET 200 https://registry.npmjs.org/send/-/send-1.2.1.tgz 1968ms (cache miss)
5418 http fetch GET 200 https://registry.npmjs.org/queue-microtask/-/queue-microtask-1.2.3.tgz 1969ms (cache miss)
5419 http fetch GET 200 https://registry.npmjs.org/run-applescript/-/run-applescript-7.1.0.tgz 2029ms (cache miss)
5420 http fetch GET 200 https://registry.npmjs.org/is-inside-container/-/is-inside-container-1.0.0.tgz 2084ms (cache miss)
5421 http fetch GET 200 https://registry.npmjs.org/powershell-utils/-/powershell-utils-0.2.1.tgz 2101ms (cache miss)
5422 http fetch GET 200 https://registry.npmjs.org/define-lazy-prop/-/define-lazy-prop-3.0.0.tgz 2127ms (cache miss)
5423 http fetch GET 200 https://registry.npmjs.org/is-in-ssh/-/is-in-ssh-1.0.0.tgz 2130ms (cache miss)
5424 http fetch GET 200 https://registry.npmjs.org/default-browser/-/default-browser-5.5.1.tgz 2130ms (cache miss)
5425 http fetch GET 200 https://registry.npmjs.org/bundle-name/-/bundle-name-4.1.0.tgz 2135ms (cache miss)
5426 http fetch GET 200 https://registry.npmjs.org/path-parse/-/path-parse-1.0.7.tgz 2279ms (cache miss)
5427 http fetch GET 200 https://registry.npmjs.org/supports-color/-/supports-color-10.2.2.tgz 2384ms (cache miss)
5428 http fetch GET 200 https://registry.npmjs.org/@simple-git/args-pathspec/-/args-pathspec-1.0.3.tgz 2364ms (cache miss)
5429 http fetch GET 200 https://registry.npmjs.org/process/-/process-0.11.10.tgz 2382ms (cache miss)
5430 http fetch GET 200 https://registry.npmjs.org/string_decoder/-/string_decoder-1.3.0.tgz 2383ms (cache miss)
5431 http fetch GET 200 https://registry.npmjs.org/source-map-support/-/source-map-support-0.5.21.tgz 2430ms (cache miss)
5432 http fetch GET 200 https://registry.npmjs.org/mrmime/-/mrmime-2.0.1.tgz 2415ms (cache miss)
5433 http fetch GET 200 https://registry.npmjs.org/hasown/-/hasown-2.0.4.tgz 2475ms (cache miss)
5434 http fetch GET 200 https://registry.npmjs.org/events-universal/-/events-universal-1.0.1.tgz 2516ms (cache miss)
5435 http fetch GET 200 https://registry.npmjs.org/util-deprecate/-/util-deprecate-1.0.2.tgz 2470ms (cache miss)
5436 http fetch GET 200 https://registry.npmjs.org/stylehacks/-/stylehacks-8.0.4.tgz 2471ms (cache miss)
5437 http fetch GET 200 https://registry.npmjs.org/cssesc/-/cssesc-3.0.0.tgz 2474ms (cache miss)
5438 http fetch GET 200 https://registry.npmjs.org/base64-js/-/base64-js-1.5.1.tgz 2537ms (cache miss)
5439 http fetch GET 200 https://registry.npmjs.org/caniuse-api/-/caniuse-api-4.0.0.tgz 2546ms (cache miss)
5440 http fetch GET 200 https://registry.npmjs.org/nanoid/-/nanoid-3.3.18.tgz 2549ms (cache miss)
5441 http fetch GET 200 https://registry.npmjs.org/mimic-fn/-/mimic-fn-4.0.0.tgz 2549ms (cache miss)
5442 http fetch GET 200 https://registry.npmjs.org/to-regex-range/-/to-regex-range-5.0.1.tgz 2550ms (cache miss)
5443 http fetch GET 200 https://registry.npmjs.org/ast-kit/-/ast-kit-2.2.0.tgz 2633ms (cache miss)
5444 http fetch GET 200 https://registry.npmjs.org/abbrev/-/abbrev-3.0.1.tgz 2570ms (cache miss)
5445 http fetch GET 200 https://registry.npmjs.org/braces/-/braces-3.0.3.tgz 2569ms (cache miss)
5446 http fetch GET 200 https://registry.npmjs.org/redis-parser/-/redis-parser-3.0.0.tgz 2588ms (cache miss)
5447 http fetch GET 200 https://registry.npmjs.org/standard-as-callback/-/standard-as-callback-2.1.0.tgz 2590ms (cache miss)
5448 http fetch GET 200 https://registry.npmjs.org/is-docker/-/is-docker-3.0.0.tgz 2621ms (cache miss)
5449 http fetch GET 200 https://registry.npmjs.org/statuses/-/statuses-2.0.2.tgz 2629ms (cache miss)
5450 http fetch GET 200 https://registry.npmjs.org/redis-errors/-/redis-errors-1.2.0.tgz 2646ms (cache miss)
5451 http fetch GET 200 https://registry.npmjs.org/fill-range/-/fill-range-7.1.1.tgz 2647ms (cache miss)
5452 http fetch GET 200 https://registry.npmjs.org/wsl-utils/-/wsl-utils-1.0.0.tgz 2676ms (cache miss)
5453 http fetch GET 200 https://registry.npmjs.org/denque/-/denque-2.1.0.tgz 2716ms (cache miss)
5454 http fetch GET 200 https://registry.npmjs.org/agent-base/-/agent-base-7.1.4.tgz 2715ms (cache miss)
5455 http fetch GET 200 https://registry.npmjs.org/cluster-key-slot/-/cluster-key-slot-1.1.1.tgz 2718ms (cache miss)
5456 http fetch GET 200 https://registry.npmjs.org/duplexer/-/duplexer-0.1.2.tgz 2718ms (cache miss)
5457 http fetch GET 200 https://registry.npmjs.org/@oxc-project/types/-/types-0.148.0.tgz 2723ms (cache miss)
5458 http fetch GET 200 https://registry.npmjs.org/range-parser/-/range-parser-1.3.0.tgz 2755ms (cache miss)
5459 http fetch GET 200 https://registry.npmjs.org/fastq/-/fastq-1.20.3.tgz 2797ms (cache miss)
5460 http fetch GET 200 https://registry.npmjs.org/run-parallel/-/run-parallel-1.2.0.tgz 2801ms (cache miss)
5461 http fetch GET 200 https://registry.npmjs.org/merge2/-/merge2-1.4.1.tgz 2800ms (cache miss)
5462 http fetch GET 200 https://registry.npmjs.org/glob-parent/-/glob-parent-5.1.2.tgz 2823ms (cache miss)
5463 http fetch GET 200 https://registry.npmjs.org/@nodelib/fs.scandir/-/fs.scandir-2.1.5.tgz 2826ms (cache miss)
5464 http fetch GET 200 https://registry.npmjs.org/slash/-/slash-5.1.0.tgz 2823ms (cache miss)
5465 http fetch GET 200 https://registry.npmjs.org/@nodelib/fs.stat/-/fs.stat-2.0.5.tgz 2917ms (cache miss)
5466 http fetch GET 200 https://registry.npmjs.org/@nodelib/fs.walk/-/fs.walk-1.2.8.tgz 2919ms (cache miss)
5467 http fetch GET 200 https://registry.npmjs.org/@kwsites/promise-deferred/-/promise-deferred-1.1.1.tgz 2963ms (cache miss)
5468 http fetch GET 200 https://registry.npmjs.org/unicorn-magic/-/unicorn-magic-0.4.0.tgz 2920ms (cache miss)
5469 http fetch GET 200 https://registry.npmjs.org/@sindresorhus/is/-/is-7.2.0.tgz 3021ms (cache miss)
5470 http fetch GET 200 https://registry.npmjs.org/@sindresorhus/merge-streams/-/merge-streams-4.0.0.tgz 2931ms (cache miss)
5471 http fetch GET 200 https://registry.npmjs.org/micromatch/-/micromatch-4.0.8.tgz 2943ms (cache miss)
5472 http fetch GET 200 https://registry.npmjs.org/ieee754/-/ieee754-1.2.1.tgz 2978ms (cache miss)
5473 http fetch GET 200 https://registry.npmjs.org/file-uri-to-path/-/file-uri-to-path-1.0.0.tgz 2977ms (cache miss)
5474 http fetch GET 200 https://registry.npmjs.org/lazystream/-/lazystream-1.0.1.tgz 2975ms (cache miss)
5475 http fetch GET 200 https://registry.npmjs.org/normalize-path/-/normalize-path-3.0.0.tgz 2978ms (cache miss)
5476 http fetch GET 200 https://registry.npmjs.org/bare-events/-/bare-events-2.9.2.tgz 3204ms (cache miss)
5477 http fetch GET 200 https://registry.npmjs.org/tar-stream/-/tar-stream-3.2.1.tgz 3153ms (cache miss)
5478 http fetch GET 200 https://registry.npmjs.org/bare-stream/-/bare-stream-2.13.4.tgz 3261ms (cache miss)
5479 http fetch GET 200 https://registry.npmjs.org/open/-/open-11.0.2.tgz 3249ms (cache miss)
5480 http fetch GET 200 https://registry.npmjs.org/y18n/-/y18n-5.0.8.tgz 3339ms (cache miss)
5481 http fetch GET 200 https://registry.npmjs.org/archiver-utils/-/archiver-utils-5.0.2.tgz 3261ms (cache miss)
5482 http fetch GET 200 https://registry.npmjs.org/buffer-crc32/-/buffer-crc32-1.0.0.tgz 3283ms (cache miss)
5483 http fetch GET 200 https://registry.npmjs.org/nopt/-/nopt-8.1.0.tgz 3285ms (cache miss)
5484 http fetch GET 200 https://registry.npmjs.org/zip-stream/-/zip-stream-6.0.1.tgz 3309ms (cache miss)
5485 http fetch GET 200 https://registry.npmjs.org/detect-libc/-/detect-libc-2.1.2.tgz 3453ms (cache miss)
5486 http fetch GET 200 https://registry.npmjs.org/graceful-fs/-/graceful-fs-4.2.11.tgz 3529ms (cache miss)
5487 http fetch GET 200 https://registry.npmjs.org/https-proxy-agent/-/https-proxy-agent-7.0.6.tgz 3552ms (cache miss)
5488 http fetch GET 200 https://registry.npmjs.org/async-sema/-/async-sema-3.1.1.tgz 3546ms (cache miss)
5489 http fetch GET 200 https://registry.npmjs.org/acorn-import-attributes/-/acorn-import-attributes-1.9.5.tgz 3546ms (cache miss)
5490 http fetch GET 200 https://registry.npmjs.org/resolve-from/-/resolve-from-5.0.0.tgz 3550ms (cache miss)
5491 http fetch GET 200 https://registry.npmjs.org/@types/estree/-/estree-1.0.9.tgz 3547ms (cache miss)
5492 http fetch GET 200 https://registry.npmjs.org/serialize-javascript/-/serialize-javascript-7.1.1.tgz 3545ms (cache miss)
5493 http fetch GET 200 https://registry.npmjs.org/bindings/-/bindings-1.5.0.tgz 3579ms (cache miss)
5494 http fetch GET 200 https://registry.npmjs.org/is-module/-/is-module-1.0.0.tgz 3706ms (cache miss)
5495 http fetch GET 200 https://registry.npmjs.org/buffer/-/buffer-6.0.3.tgz 3771ms (cache miss)
5496 http fetch GET 200 https://registry.npmjs.org/@kwsites/file-exists/-/file-exists-1.1.1.tgz 3804ms (cache miss)
5497 http fetch GET 200 https://registry.npmjs.org/mime-db/-/mime-db-1.54.0.tgz 3813ms (cache miss)
5498 http fetch GET 200 https://registry.npmjs.org/@ioredis/commands/-/commands-1.10.0.tgz 3838ms (cache miss)
5499 http fetch GET 200 https://registry.npmjs.org/commondir/-/commondir-1.0.1.tgz 3866ms (cache miss)
5500 http fetch GET 200 https://registry.npmjs.org/fdir/-/fdir-6.5.0.tgz 3869ms (cache miss)
5501 http fetch GET 200 https://registry.npmjs.org/deepmerge/-/deepmerge-4.3.1.tgz 3871ms (cache miss)
5502 http fetch GET 200 https://registry.npmjs.org/@rollup/pluginutils/-/pluginutils-5.4.0.tgz 3870ms (cache miss)
5503 http fetch GET 200 https://registry.npmjs.org/youch-core/-/youch-core-0.3.3.tgz 3869ms (cache miss)
5504 http fetch GET 200 https://registry.npmjs.org/is-reference/-/is-reference-1.2.1.tgz 3871ms (cache miss)
5505 http fetch GET 200 https://registry.npmjs.org/serve-placeholder/-/serve-placeholder-2.0.2.tgz 3868ms (cache miss)
5506 http fetch GET 200 https://registry.npmjs.org/serve-static/-/serve-static-2.2.1.tgz 3961ms (cache miss)
5507 http fetch GET 200 https://registry.npmjs.org/pretty-bytes/-/pretty-bytes-7.1.3.tgz 3962ms (cache miss)
5508 http fetch GET 200 https://registry.npmjs.org/gzip-size/-/gzip-size-7.0.0.tgz 3960ms (cache miss)
5509 http fetch GET 200 https://registry.npmjs.org/readdir-glob/-/readdir-glob-1.1.3.tgz 4001ms (cache miss)
5510 http fetch GET 200 https://registry.npmjs.org/@types/resolve/-/resolve-1.20.2.tgz 4205ms (cache miss)
5511 http fetch GET 200 https://registry.npmjs.org/obug/-/obug-2.1.4.tgz 4314ms (cache miss)
5512 http fetch GET 200 https://registry.npmjs.org/db0/-/db0-0.3.4.tgz 4204ms (cache miss)
5513 http fetch GET 200 https://registry.npmjs.org/quansync/-/quansync-0.2.11.tgz 4284ms (cache miss)
5514 http fetch GET 200 https://registry.npmjs.org/is-extglob/-/is-extglob-2.1.1.tgz 4285ms (cache miss)
5515 http fetch GET 200 https://registry.npmjs.org/yallist/-/yallist-3.1.1.tgz 4287ms (cache miss)
5516 http fetch GET 200 https://registry.npmjs.org/@rollup/plugin-json/-/plugin-json-6.1.0.tgz 4291ms (cache miss)
5517 http fetch GET 200 https://registry.npmjs.org/@poppinss/colors/-/colors-4.1.6.tgz 4529ms (cache miss)
5518 http fetch GET 200 https://registry.npmjs.org/etag/-/etag-1.8.1.tgz 4397ms (cache miss)
5519 http fetch GET 200 https://registry.npmjs.org/is-glob/-/is-glob-4.0.3.tgz 4395ms (cache miss)
5520 http fetch GET 200 https://registry.npmjs.org/shell-quote/-/shell-quote-1.10.0.tgz 4394ms (cache miss)
5521 http fetch GET 200 https://registry.npmjs.org/untun/-/untun-0.2.2.tgz 4396ms (cache miss)
5522 http fetch GET 200 https://registry.npmjs.org/http-shutdown/-/http-shutdown-1.2.2.tgz 4396ms (cache miss)
5523 http fetch GET 200 https://registry.npmjs.org/is-core-module/-/is-core-module-2.16.2.tgz 4507ms (cache miss)
5524 http fetch GET 200 https://registry.npmjs.org/dot-prop/-/dot-prop-10.2.0.tgz 4464ms (cache miss)
5525 http fetch GET 200 https://registry.npmjs.org/radix3/-/radix3-1.1.2.tgz 4503ms (cache miss)
5526 http fetch GET 200 https://registry.npmjs.org/global-directory/-/global-directory-4.0.1.tgz 4505ms (cache miss)
5527 http fetch GET 200 https://registry.npmjs.org/ini/-/ini-4.1.1.tgz 4507ms (cache miss)
5528 http fetch GET 200 https://registry.npmjs.org/fast-string-truncated-width/-/fast-string-truncated-width-3.0.3.tgz 4502ms (cache miss)
5529 http fetch GET 200 https://registry.npmjs.org/unplugin-utils/-/unplugin-utils-0.3.2.tgz 4511ms (cache miss)
5530 http fetch GET 200 https://registry.npmjs.org/path-key/-/path-key-3.1.1.tgz 4508ms (cache miss)
5531 http fetch GET 200 https://registry.npmjs.org/shebang-command/-/shebang-command-2.0.0.tgz 4510ms (cache miss)
5532 http fetch GET 200 https://registry.npmjs.org/merge-stream/-/merge-stream-2.0.0.tgz 4506ms (cache miss)
5533 http fetch GET 200 https://registry.npmjs.org/iron-webcrypto/-/iron-webcrypto-1.2.1.tgz 4513ms (cache miss)
5534 http fetch GET 200 https://registry.npmjs.org/onetime/-/onetime-6.0.0.tgz 4510ms (cache miss)
5535 http fetch GET 200 https://registry.npmjs.org/is-path-inside/-/is-path-inside-4.0.0.tgz 4518ms (cache miss)
5536 http fetch GET 200 https://registry.npmjs.org/@rollup/plugin-terser/-/plugin-terser-1.0.0.tgz 4531ms (cache miss)
5537 http fetch GET 200 https://registry.npmjs.org/npm-run-path/-/npm-run-path-5.3.0.tgz 4510ms (cache miss)
5538 http fetch GET 200 https://registry.npmjs.org/strip-final-newline/-/strip-final-newline-3.0.0.tgz 4514ms (cache miss)
5539 http fetch GET 200 https://registry.npmjs.org/get-stream/-/get-stream-8.0.1.tgz 4532ms (cache miss)
5540 http fetch GET 200 https://registry.npmjs.org/cross-spawn/-/cross-spawn-7.0.6.tgz 4531ms (cache miss)
5541 http fetch GET 200 https://registry.npmjs.org/postcss-unique-selectors/-/postcss-unique-selectors-8.0.4.tgz 4530ms (cache miss)
5542 http fetch GET 200 https://registry.npmjs.org/ms/-/ms-2.1.3.tgz 4544ms (cache miss)
5543 http fetch GET 200 https://registry.npmjs.org/human-signals/-/human-signals-5.0.0.tgz 4548ms (cache miss)
5544 http fetch GET 200 https://registry.npmjs.org/postcss-svgo/-/postcss-svgo-8.0.6.tgz 4569ms (cache miss)
5545 http fetch GET 200 https://registry.npmjs.org/supports-preserve-symlinks-flag/-/supports-preserve-symlinks-flag-1.0.0.tgz 4662ms (cache miss)
5546 http fetch GET 200 https://registry.npmjs.org/postcss-reduce-initial/-/postcss-reduce-initial-8.0.5.tgz 4574ms (cache miss)
5547 http fetch GET 200 https://registry.npmjs.org/postcss-reduce-transforms/-/postcss-reduce-transforms-8.0.4.tgz 4581ms (cache miss)
5548 http fetch GET 200 https://registry.npmjs.org/postcss-normalize-positions/-/postcss-normalize-positions-8.0.4.tgz 4577ms (cache miss)
5549 http fetch GET 200 https://registry.npmjs.org/postcss-ordered-values/-/postcss-ordered-values-8.0.5.tgz 4581ms (cache miss)
5550 http fetch GET 200 https://registry.npmjs.org/postcss-normalize-string/-/postcss-normalize-string-8.0.4.tgz 4577ms (cache miss)
5551 http fetch GET 200 https://registry.npmjs.org/postcss-normalize-timing-functions/-/postcss-normalize-timing-functions-8.0.4.tgz 4580ms (cache miss)
5552 http fetch GET 200 https://registry.npmjs.org/postcss-normalize-whitespace/-/postcss-normalize-whitespace-8.0.5.tgz 4579ms (cache miss)
5553 http fetch GET 200 https://registry.npmjs.org/postcss-normalize-url/-/postcss-normalize-url-8.0.4.tgz 4581ms (cache miss)
5554 http fetch GET 200 https://registry.npmjs.org/postcss-normalize-display-values/-/postcss-normalize-display-values-8.0.4.tgz 4577ms (cache miss)
5555 http fetch GET 200 https://registry.npmjs.org/postcss-normalize-repeat-style/-/postcss-normalize-repeat-style-8.0.4.tgz 4577ms (cache miss)
5556 http fetch GET 200 https://registry.npmjs.org/postcss-normalize-charset/-/postcss-normalize-charset-8.0.5.tgz 4576ms (cache miss)
5557 http fetch GET 200 https://registry.npmjs.org/postcss-minify-params/-/postcss-minify-params-8.0.4.tgz 4576ms (cache miss)
5558 http fetch GET 200 https://registry.npmjs.org/postcss-minify-font-values/-/postcss-minify-font-values-8.0.4.tgz 4575ms (cache miss)
5559 http fetch GET 200 https://registry.npmjs.org/postcss-minify-selectors/-/postcss-minify-selectors-8.0.5.tgz 4577ms (cache miss)
5560 http fetch GET 200 https://registry.npmjs.org/postcss-minify-gradients/-/postcss-minify-gradients-8.0.6.tgz 4576ms (cache miss)
5561 http fetch GET 200 https://registry.npmjs.org/postcss-discard-overridden/-/postcss-discard-overridden-8.0.4.tgz 4574ms (cache miss)
5562 http fetch GET 200 https://registry.npmjs.org/is-stream/-/is-stream-3.0.0.tgz 4591ms (cache miss)
5563 http fetch GET 200 https://registry.npmjs.org/postcss-colormin/-/postcss-colormin-8.0.5.tgz 4575ms (cache miss)
5564 http fetch GET 200 https://registry.npmjs.org/postcss-discard-duplicates/-/postcss-discard-duplicates-8.0.4.tgz 4577ms (cache miss)
5565 http fetch GET 200 https://registry.npmjs.org/lilconfig/-/lilconfig-3.1.3.tgz 4575ms (cache miss)
5566 http fetch GET 200 https://registry.npmjs.org/update-browserslist-db/-/update-browserslist-db-1.3.2.tgz 4576ms (cache miss)
5567 http fetch GET 200 https://registry.npmjs.org/postcss-discard-comments/-/postcss-discard-comments-8.0.4.tgz 4582ms (cache miss)
5568 http fetch GET 200 https://registry.npmjs.org/cssnano-utils/-/cssnano-utils-6.0.4.tgz 4584ms (cache miss)
5569 http fetch GET 200 https://registry.npmjs.org/postcss-normalize-unicode/-/postcss-normalize-unicode-8.0.4.tgz 4599ms (cache miss)
5570 http fetch GET 200 https://registry.npmjs.org/postcss-discard-empty/-/postcss-discard-empty-8.0.5.tgz 4588ms (cache miss)
5571 http fetch GET 200 https://registry.npmjs.org/postcss-value-parser/-/postcss-value-parser-4.2.0.tgz 4581ms (cache miss)
5572 http fetch GET 200 https://registry.npmjs.org/@babel/plugin-syntax-jsx/-/plugin-syntax-jsx-7.29.7.tgz 4575ms (cache miss)
5573 http fetch GET 200 https://registry.npmjs.org/estree-walker/-/estree-walker-2.0.2.tgz 4578ms (cache miss)
5574 http fetch GET 200 https://registry.npmjs.org/@babel/helper-string-parser/-/helper-string-parser-7.29.7.tgz 4593ms (cache miss)
5575 http fetch GET 200 https://registry.npmjs.org/@babel/helper-globals/-/helper-globals-7.29.7.tgz 4613ms (cache miss)
5576 http fetch GET 200 https://registry.npmjs.org/@babel/helper-member-expression-to-functions/-/helper-member-expression-to-functions-7.29.7.tgz 4710ms (cache miss)
5577 http fetch GET 200 https://registry.npmjs.org/@babel/helper-skip-transparent-expression-wrappers/-/helper-skip-transparent-expression-wrappers-7.29.7.tgz 4709ms (cache miss)
5578 http fetch GET 200 https://registry.npmjs.org/lru-cache/-/lru-cache-5.1.1.tgz 4709ms (cache miss)
5579 http fetch GET 200 https://registry.npmjs.org/@rollup/plugin-alias/-/plugin-alias-6.0.0.tgz 4770ms (cache miss)
5580 http fetch GET 200 https://registry.npmjs.org/webpack-virtual-modules/-/webpack-virtual-modules-0.6.2.tgz 4918ms (cache miss)
5581 http fetch GET 200 https://registry.npmjs.org/@babel/helper-optimise-call-expression/-/helper-optimise-call-expression-7.29.7.tgz 4781ms (cache miss)
5582 http fetch GET 200 https://registry.npmjs.org/@babel/helper-annotate-as-pure/-/helper-annotate-as-pure-7.29.7.tgz 4837ms (cache miss)
5583 http fetch GET 200 https://registry.npmjs.org/picocolors/-/picocolors-1.1.1.tgz 4873ms (cache miss)
5584 http fetch GET 200 https://registry.npmjs.org/@babel/compat-data/-/compat-data-7.29.7.tgz 4873ms (cache miss)
5585 http fetch GET 200 https://registry.npmjs.org/@babel/helper-validator-option/-/helper-validator-option-7.29.7.tgz 4873ms (cache miss)
5586 http fetch GET 200 https://registry.npmjs.org/@babel/helper-validator-identifier/-/helper-validator-identifier-7.29.7.tgz 4889ms (cache miss)
5587 http fetch GET 200 https://registry.npmjs.org/@rollup/plugin-inject/-/plugin-inject-5.0.5.tgz 4998ms (cache miss)
5588 http fetch GET 200 https://registry.npmjs.org/gensync/-/gensync-1.0.0-beta.2.tgz 4927ms (cache miss)
5589 http fetch GET 200 https://registry.npmjs.org/convert-source-map/-/convert-source-map-2.0.0.tgz 4970ms (cache miss)
5590 http fetch GET 200 https://registry.npmjs.org/httpxy/-/httpxy-0.5.5.tgz 5054ms (cache miss)
5591 http fetch GET 200 https://registry.npmjs.org/@vue/babel-plugin-resolve-type/-/babel-plugin-resolve-type-2.0.1.tgz 5004ms (cache miss)
5592 http fetch GET 200 https://registry.npmjs.org/@rolldown/pluginutils/-/pluginutils-1.0.1.tgz 4990ms (cache miss)
5593 http fetch GET 200 https://registry.npmjs.org/readdirp/-/readdirp-5.1.1.tgz 5030ms (cache miss)
5594 http fetch GET 200 https://registry.npmjs.org/@babel/plugin-syntax-typescript/-/plugin-syntax-typescript-7.29.7.tgz 5012ms (cache miss)
5595 http fetch GET 200 https://registry.npmjs.org/generic-names/-/generic-names-4.0.0.tgz 5024ms (cache miss)
5596 http fetch GET 200 https://registry.npmjs.org/@rollup/plugin-replace/-/plugin-replace-6.0.3.tgz 5113ms (cache miss)
5597 http fetch GET 200 https://registry.npmjs.org/js-tokens/-/js-tokens-10.0.0.tgz 5094ms (cache miss)
5598 http fetch GET 200 https://registry.npmjs.org/@vue/compiler-ssr/-/compiler-ssr-3.5.42.tgz 5129ms (cache miss)
5599 http fetch GET 200 https://registry.npmjs.org/@babel/code-frame/-/code-frame-7.29.7.tgz 5101ms (cache miss)
5600 http fetch GET 200 https://registry.npmjs.org/@vue/babel-helper-vue-transform-on/-/babel-helper-vue-transform-on-2.0.1.tgz 5122ms (cache miss)
5601 http fetch GET 200 https://registry.npmjs.org/vue-devtools-stub/-/vue-devtools-stub-0.1.0.tgz 5091ms (cache miss)
5602 http fetch GET 200 https://registry.npmjs.org/cssnano/-/cssnano-8.0.10.tgz 5095ms (cache miss)
5603 warn tar TAR_ENTRY_ERROR ENOENT: no such file or directory, rename 'C:\Users\Kawinpat\Documents\Codex\2026-09-04\new-chat\node_modules\@rollup\plugin-node-resolve\dist\cjs\index.js' -> 'C:\Users\Kawinpat\Documents\Codex\2026-09-04\new-chat\node_modules\@rollup\plugin-node-resolve\dist\cjs\index.js.DELETE.319bae49b5cdad27203d7c09ec40fa9a'
5604 silly tar TAR_ENTRY_ERROR ENOENT: no such file or directory, rename 'C:\Users\Kawinpat\Documents\Codex\2026-09-04\new-chat\node_modules\@rollup\plugin-node-resolve\dist\cjs\index.js' -> 'C:\Users\Kawinpat\Documents\Codex\2026-09-04\new-chat\node_modules\@rollup\plugin-node-resolve\dist\cjs\index.js.DELETE.319bae49b5cdad27203d7c09ec40fa9a' [Error: ENOENT: no such file or directory, rename 'C:\Users\Kawinpat\Documents\Codex\2026-09-04\new-chat\node_modules\@rollup\plugin-node-resolve\dist\cjs\index.js' -> 'C:\Users\Kawinpat\Documents\Codex\2026-09-04\new-chat\node_modules\@rollup\plugin-node-resolve\dist\cjs\index.js.DELETE.319bae49b5cdad27203d7c09ec40fa9a'] {
5604 silly tar   errno: -4058,
5604 silly tar   code: 'ENOENT',
5604 silly tar   syscall: 'rename',
5604 silly tar   path: 'C:\\Users\\Kawinpat\\Documents\\Codex\\2026-09-04\\new-chat\\node_modules\\@rollup\\plugin-node-resolve\\dist\\cjs\\index.js',
5604 silly tar   dest: 'C:\\Users\\Kawinpat\\Documents\\Codex\\2026-09-04\\new-chat\\node_modules\\@rollup\\plugin-node-resolve\\dist\\cjs\\index.js.DELETE.319bae49b5cdad27203d7c09ec40fa9a',
5604 silly tar   entry: Ls {
5604 silly tar     _events: [Object: null prototype] { end: [Array] },
5604 silly tar     _eventsCount: 1,
5604 silly tar     _maxListeners: undefined,
5604 silly tar     writable: false,
5604 silly tar     readable: true,
5604 silly tar     extended: undefined,
5604 silly tar     globalExtended: undefined,
5604 silly tar     header: Ns {
5604 silly tar       cksumValid: true,
5604 silly tar       needPax: false,
5604 silly tar       nullBlock: false,
5604 silly tar       block: undefined,
5604 silly tar       path: 'package/dist/cjs/index.js',
5604 silly tar       mode: 420,
5604 silly tar       uid: 0,
5604 silly tar       gid: 0,
5604 silly tar       size: 46971,
5604 silly tar       cksum: 6163,
5604 silly tar       linkpath: '',
5604 silly tar       uname: '',
5604 silly tar       gname: '',
5604 silly tar       devmaj: 0,
5604 silly tar       devmin: 0,
5604 silly tar       atime: undefined,
5604 silly tar       ctime: undefined,
5604 silly tar       mtime: 1985-10-26T08:15:00.000Z,
5604 silly tar       charset: undefined,
5604 silly tar       comment: undefined
5604 silly tar     },
5604 silly tar     startBlockSize: 47104,
5604 silly tar     blockRemain: 0,
5604 silly tar     remain: 0,
5604 silly tar     type: 'File',
5604 silly tar     meta: false,
5604 silly tar     ignore: false,
5604 silly tar     path: 'dist/cjs/index.js',
5604 silly tar     mode: 438,
5604 silly tar     uid: 0,
5604 silly tar     gid: 0,
5604 silly tar     uname: '',
5604 silly tar     gname: '',
5604 silly tar     size: 46971,
5604 silly tar     mtime: 1985-10-26T08:15:00.000Z,
5604 silly tar     atime: undefined,
5604 silly tar     ctime: undefined,
5604 silly tar     linkpath: undefined,
5604 silly tar     dev: undefined,
5604 silly tar     ino: undefined,
5604 silly tar     nlink: undefined,
5604 silly tar     invalid: false,
5604 silly tar     absolute: 'C:/Users/Kawinpat/Documents/Codex/2026-09-04/new-chat/node_modules/@rollup/plugin-node-resolve/dist/cjs/index.js',
5604 silly tar     unsupported: false,
5604 silly tar     Symbol(shapeMode): false,
5604 silly tar     Symbol(kCapture): false,
5604 silly tar     Symbol(flowing): false,
5604 silly tar     Symbol(paused): true,
5604 silly tar     Symbol(pipes): [],
5604 silly tar     Symbol(buffer): [
5604 silly tar       <Buffer 27 75 73 65 20 73 74 72 69 63 74 27 3b 0a 0a 4f 62 6a 65 63 74 2e 64 65 66 69 6e 65 50 72 6f 70 65 72 74 79 28 65 78 70 6f 72 74 73 2c 20 27 5f 5f 65 ... 10879 more bytes>,
5604 silly tar       <Buffer 27 2c 20 27 2e 2e 27 2c 20 2e 2e 2e 6d 6f 64 75 6c 65 44 69 72 73 5d 3b 0a 20 20 20 20 2f 2f 20 63 6f 6e 74 61 69 6e 73 20 61 6e 79 20 22 22 2c 20 22 ... 16334 more bytes>,
5604 silly tar       <Buffer 20 70 61 63 6b 61 67 65 20 69 6d 70 6f 72 74 73 20 66 69 65 6c 64 0a 20 20 20 20 63 6f 6e 73 74 20 72 65 73 6f 6c 76 65 52 65 73 75 6c 74 20 3d 20 61 ... 16334 more bytes>,
5604 silly tar       <Buffer 7b 0a 20 20 20 20 20 20 20 20 72 65 74 75 72 6e 20 6e 75 6c 6c 3b 0a 20 20 20 20 20 20 7d 0a 20 20 20 20 7d 0a 0a 20 20 20 20 69 66 20 28 6f 70 74 69 ... 3224 more bytes>
5604 silly tar     ],
5604 silly tar     Symbol(objectMode): false,
5604 silly tar     Symbol(encoding): null,
5604 silly tar     Symbol(async): false,
5604 silly tar     Symbol(decoder): null,
5604 silly tar     Symbol(EOF): true,
5604 silly tar     Symbol(emittedEnd): false,
5604 silly tar     Symbol(emittingEnd): false,
5604 silly tar     Symbol(closed): false,
5604 silly tar     Symbol(emittedError): null,
5604 silly tar     Symbol(bufferLength): 46971,
5604 silly tar     Symbol(destroyed): false,
5604 silly tar     Symbol(signal): undefined,
5604 silly tar     Symbol(aborted): false,
5604 silly tar     Symbol(dataListeners): 0,
5604 silly tar     Symbol(discarded): false
5604 silly tar   },
5604 silly tar   cwd: 'C:/Users/Kawinpat/Documents/Codex/2026-09-04/new-chat/node_modules/@rollup/plugin-node-resolve',
5604 silly tar   tarCode: 'TAR_ENTRY_ERROR'
5604 silly tar }
5605 http fetch GET 200 https://registry.npmjs.org/rc9/-/rc9-3.1.0.tgz 5304ms (cache miss)
5606 http fetch GET 200 https://registry.npmjs.org/which/-/which-6.0.1.tgz 5306ms (cache miss)
5607 http fetch GET 200 https://registry.npmjs.org/vite-plugin-vue-tracer/-/vite-plugin-vue-tracer-1.5.0.tgz 5307ms (cache miss)
5608 http fetch GET 200 https://registry.npmjs.org/whatwg-url/-/whatwg-url-5.0.0.tgz 5458ms (cache miss)
5609 http fetch GET 200 https://registry.npmjs.org/@jridgewell/source-map/-/source-map-0.3.11.tgz 5537ms (cache miss)
5610 warn tar TAR_ENTRY_ERROR UNKNOWN: unknown error, open 'C:\Users\Kawinpat\Documents\Codex\2026-09-04\new-chat\node_modules\@nuxt\devtools-wizard\package.json'
5611 silly tar TAR_ENTRY_ERROR UNKNOWN: unknown error, open 'C:\Users\Kawinpat\Documents\Codex\2026-09-04\new-chat\node_modules\@nuxt\devtools-wizard\package.json' [Error: UNKNOWN: unknown error, open 'C:\Users\Kawinpat\Documents\Codex\2026-09-04\new-chat\node_modules\@nuxt\devtools-wizard\package.json'] {
5611 silly tar   errno: -4094,
5611 silly tar   code: 'UNKNOWN',
5611 silly tar   syscall: 'open',
5611 silly tar   path: 'C:\\Users\\Kawinpat\\Documents\\Codex\\2026-09-04\\new-chat\\node_modules\\@nuxt\\devtools-wizard\\package.json',
5611 silly tar   entry: Ls {
5611 silly tar     _events: [Object: null prototype] {},
5611 silly tar     _eventsCount: 0,
5611 silly tar     _maxListeners: undefined,
5611 silly tar     writable: false,
5611 silly tar     readable: false,
5611 silly tar     extended: undefined,
5611 silly tar     globalExtended: undefined,
5611 silly tar     header: Ns {
5611 silly tar       cksumValid: true,
5611 silly tar       needPax: false,
5611 silly tar       nullBlock: false,
5611 silly tar       block: undefined,
5611 silly tar       path: 'package/package.json',
5611 silly tar       mode: 420,
5611 silly tar       uid: 0,
5611 silly tar       gid: 0,
5611 silly tar       size: 898,
5611 silly tar       cksum: 5701,
5611 silly tar       linkpath: '',
5611 silly tar       uname: '',
5611 silly tar       gname: '',
5611 silly tar       devmaj: 0,
5611 silly tar       devmin: 0,
5611 silly tar       atime: undefined,
5611 silly tar       ctime: undefined,
5611 silly tar       mtime: 1985-10-26T08:15:00.000Z,
5611 silly tar       charset: undefined,
5611 silly tar       comment: undefined
5611 silly tar     },
5611 silly tar     startBlockSize: 1024,
5611 silly tar     blockRemain: 0,
5611 silly tar     remain: 0,
5611 silly tar     type: 'File',
5611 silly tar     meta: false,
5611 silly tar     ignore: false,
5611 silly tar     path: 'package.json',
5611 silly tar     mode: 438,
5611 silly tar     uid: 0,
5611 silly tar     gid: 0,
5611 silly tar     uname: '',
5611 silly tar     gname: '',
5611 silly tar     size: 898,
5611 silly tar     mtime: 1985-10-26T08:15:00.000Z,
5611 silly tar     atime: undefined,
5611 silly tar     ctime: undefined,
5611 silly tar     linkpath: undefined,
5611 silly tar     dev: undefined,
5611 silly tar     ino: undefined,
5611 silly tar     nlink: undefined,
5611 silly tar     invalid: false,
5611 silly tar     absolute: 'C:/Users/Kawinpat/Documents/Codex/2026-09-04/new-chat/node_modules/@nuxt/devtools-wizard/package.json',
5611 silly tar     unsupported: false,
5611 silly tar     Symbol(shapeMode): false,
5611 silly tar     Symbol(kCapture): false,
5611 silly tar     Symbol(flowing): false,
5611 silly tar     Symbol(paused): true,
5611 silly tar     Symbol(pipes): [ [qt] ],
5611 silly tar     Symbol(buffer): [],
5611 silly tar     Symbol(objectMode): false,
5611 silly tar     Symbol(encoding): null,
5611 silly tar     Symbol(async): false,
5611 silly tar     Symbol(decoder): null,
5611 silly tar     Symbol(EOF): true,
5611 silly tar     Symbol(emittedEnd): true,
5611 silly tar     Symbol(emittingEnd): false,
5611 silly tar     Symbol(closed): false,
5611 silly tar     Symbol(emittedError): null,
5611 silly tar     Symbol(bufferLength): 0,
5611 silly tar     Symbol(destroyed): false,
5611 silly tar     Symbol(signal): undefined,
5611 silly tar     Symbol(aborted): false,
5611 silly tar     Symbol(dataListeners): 0,
5611 silly tar     Symbol(discarded): false
5611 silly tar   },
5611 silly tar   cwd: 'C:/Users/Kawinpat/Documents/Codex/2026-09-04/new-chat/node_modules/@nuxt/devtools-wizard',
5611 silly tar   tarCode: 'TAR_ENTRY_ERROR'
5611 silly tar }
5612 http fetch GET 200 https://registry.npmjs.org/sirv/-/sirv-3.0.2.tgz 5390ms (cache miss)
5613 http fetch GET 200 https://registry.npmjs.org/b4a/-/b4a-1.8.1.tgz 5631ms (cache miss)
5614 http fetch GET 200 https://registry.npmjs.org/structured-clone-es/-/structured-clone-es-2.0.1.tgz 5441ms (cache miss)
5615 http fetch GET 200 https://registry.npmjs.org/is-installed-globally/-/is-installed-globally-1.0.0.tgz 5439ms (cache miss)
5616 http fetch GET 200 https://registry.npmjs.org/@nuxt/devalue/-/devalue-2.0.2.tgz 5449ms (cache miss)
5617 http fetch GET 200 https://registry.npmjs.org/get-port-please/-/get-port-please-3.2.0.tgz 5438ms (cache miss)
5618 http fetch GET 200 https://registry.npmjs.org/node-gyp-build/-/node-gyp-build-4.8.4.tgz 5643ms (cache miss)
5619 http fetch GET 200 https://registry.npmjs.org/@vitejs/plugin-vue-jsx/-/plugin-vue-jsx-5.1.6.tgz 5529ms (cache miss)
5620 http fetch GET 200 https://registry.npmjs.org/@vue/devtools-shared/-/devtools-shared-8.2.1.tgz 5571ms (cache miss)
5621 http fetch GET 200 https://registry.npmjs.org/error-stack-parser-es/-/error-stack-parser-es-2.0.1.tgz 5547ms (cache miss)
5622 http fetch GET 200 https://registry.npmjs.org/@babel/helper-plugin-utils/-/helper-plugin-utils-7.29.7.tgz 5658ms (cache miss)
5623 http fetch GET 200 https://registry.npmjs.org/birpc/-/birpc-4.2.0.tgz 5626ms (cache miss)
5624 http fetch GET 200 https://registry.npmjs.org/fast-wrap-ansi/-/fast-wrap-ansi-0.2.2.tgz 5626ms (cache miss)
5625 http fetch GET 200 https://registry.npmjs.org/sisteransi/-/sisteransi-1.0.5.tgz 5627ms (cache miss)
5626 http fetch GET 200 https://registry.npmjs.org/tinyclip/-/tinyclip-0.1.15.tgz 5626ms (cache miss)
5627 http fetch GET 200 https://registry.npmjs.org/destr/-/destr-2.0.5.tgz 5635ms (cache miss)
5628 http fetch GET 200 https://registry.npmjs.org/tinyexec/-/tinyexec-1.3.1.tgz 5628ms (cache miss)
5629 http fetch GET 200 https://registry.npmjs.org/@babel/helper-replace-supers/-/helper-replace-supers-7.29.7.tgz 5683ms (cache miss)
5630 http fetch GET 200 https://registry.npmjs.org/domelementtype/-/domelementtype-2.3.0.tgz 5842ms (cache miss)
5631 http fetch GET 200 https://registry.npmjs.org/fast-string-width/-/fast-string-width-3.0.2.tgz 5949ms (cache miss)
5632 http fetch GET 200 https://registry.npmjs.org/citty/-/citty-0.2.2.tgz 5979ms (cache miss)
5633 http fetch GET 200 https://registry.npmjs.org/tr46/-/tr46-0.0.3.tgz 6236ms (cache miss)
5634 http fetch GET 200 https://registry.npmjs.org/node-releases/-/node-releases-2.0.54.tgz 6230ms (cache miss)
5635 http fetch GET 200 https://registry.npmjs.org/debug/-/debug-4.4.3.tgz 6159ms (cache miss)
5636 http fetch GET 200 https://registry.npmjs.org/vue-component-type-helpers/-/vue-component-type-helpers-3.3.11.tgz 6156ms (cache miss)
5637 http fetch GET 200 https://registry.npmjs.org/yargs-parser/-/yargs-parser-22.0.0.tgz 6415ms (cache miss)
5638 http fetch GET 200 https://registry.npmjs.org/@vue/babel-plugin-jsx/-/babel-plugin-jsx-2.0.1.tgz 6206ms (cache miss)
5639 http fetch GET 200 https://registry.npmjs.org/function-bind/-/function-bind-1.1.2.tgz 6354ms (cache miss)
5640 http fetch GET 200 https://registry.npmjs.org/jsesc/-/jsesc-3.1.0.tgz 6271ms (cache miss)
5641 http fetch GET 200 https://registry.npmjs.org/globby/-/globby-16.2.4.tgz 6350ms (cache miss)
5642 http fetch GET 200 https://registry.npmjs.org/cssnano-preset-default/-/cssnano-preset-default-8.0.10.tgz 6323ms (cache miss)
5643 http fetch GET 200 https://registry.npmjs.org/uncrypto/-/uncrypto-0.1.3.tgz 6423ms (cache miss)
5644 http fetch GET 200 https://registry.npmjs.org/std-env/-/std-env-4.2.0.tgz 6423ms (cache miss)
5645 http fetch GET 200 https://registry.npmjs.org/scule/-/scule-1.3.0.tgz 6450ms (cache miss)
5646 http fetch GET 200 https://registry.npmjs.org/tinyglobby/-/tinyglobby-0.2.17.tgz 6451ms (cache miss)
5647 http fetch GET 200 https://registry.npmjs.org/perfect-debounce/-/perfect-debounce-2.1.0.tgz 6454ms (cache miss)
5648 http fetch GET 200 https://registry.npmjs.org/oxc-walker/-/oxc-walker-1.1.1.tgz 6452ms (cache miss)
5649 http fetch GET 200 https://registry.npmjs.org/object-identity/-/object-identity-0.2.3.tgz 6460ms (cache miss)
5650 http fetch GET 200 https://registry.npmjs.org/klona/-/klona-2.0.6.tgz 6471ms (cache miss)
5651 http fetch GET 200 https://registry.npmjs.org/pathe/-/pathe-2.0.3.tgz 6484ms (cache miss)
5652 http fetch GET 200 https://registry.npmjs.org/rolldown-string/-/rolldown-string-0.3.1.tgz 6486ms (cache miss)
5653 http fetch GET 200 https://registry.npmjs.org/node-fetch/-/node-fetch-2.7.0.tgz 6653ms (cache miss)
5654 http fetch GET 200 https://registry.npmjs.org/nypm/-/nypm-0.6.9.tgz 6510ms (cache miss)
5655 http fetch GET 200 https://registry.npmjs.org/errx/-/errx-0.1.2.tgz 6505ms (cache miss)
5656 http fetch GET 200 https://registry.npmjs.org/exsolve/-/exsolve-1.1.1.tgz 6508ms (cache miss)
5657 http fetch GET 200 https://registry.npmjs.org/escape-string-regexp/-/escape-string-regexp-5.0.0.tgz 6513ms (cache miss)
5658 http fetch GET 200 https://registry.npmjs.org/fnv1a-64/-/fnv1a-64-0.1.2.tgz 6515ms (cache miss)
5659 http fetch GET 200 https://registry.npmjs.org/@dxup/unimport/-/unimport-0.1.2.tgz 6537ms (cache miss)
5660 http fetch GET 200 https://registry.npmjs.org/impound/-/impound-1.2.0.tgz 6516ms (cache miss)
5661 http fetch GET 200 https://registry.npmjs.org/defu/-/defu-6.1.7.tgz 6562ms (cache miss)
5662 http fetch GET 200 https://registry.npmjs.org/knitwork/-/knitwork-1.3.0.tgz 6644ms (cache miss)
5663 http fetch GET 200 https://registry.npmjs.org/cookie-es/-/cookie-es-3.1.1.tgz 6647ms (cache miss)
5664 http fetch GET 200 https://registry.npmjs.org/compatx/-/compatx-0.2.0.tgz 6647ms (cache miss)
5665 http fetch GET 200 https://registry.npmjs.org/esbuild/-/esbuild-0.28.2.tgz 6805ms (cache miss)
5666 http fetch GET 200 https://registry.npmjs.org/@vitejs/plugin-vue/-/plugin-vue-6.0.8.tgz 6716ms (cache miss)
5667 http fetch GET 200 https://registry.npmjs.org/@nuxt/devtools-wizard/-/devtools-wizard-3.4.2.tgz 6738ms (cache miss)
5668 http fetch GET 200 https://registry.npmjs.org/ansi-regex/-/ansi-regex-5.0.1.tgz 6705ms (cache miss)
5669 http fetch GET 200 https://registry.npmjs.org/strip-ansi/-/strip-ansi-6.0.1.tgz 6733ms (cache miss)
5670 http fetch GET 200 https://registry.npmjs.org/strip-ansi/-/strip-ansi-6.0.1.tgz 6737ms (cache miss)
5671 http fetch GET 200 https://registry.npmjs.org/ansi-styles/-/ansi-styles-4.3.0.tgz 6775ms (cache miss)
5672 http fetch GET 200 https://registry.npmjs.org/@nuxt/telemetry/-/telemetry-2.9.1.tgz 6791ms (cache miss)
5673 http fetch GET 200 https://registry.npmjs.org/string-width/-/string-width-4.2.3.tgz 6783ms (cache miss)
5674 http fetch GET 200 https://registry.npmjs.org/emoji-regex/-/emoji-regex-9.2.2.tgz 6785ms (cache miss)
5675 http fetch GET 200 https://registry.npmjs.org/is-stream/-/is-stream-2.0.1.tgz 6784ms (cache miss)
5676 http fetch GET 200 https://registry.npmjs.org/fast-npm-meta/-/fast-npm-meta-2.2.0.tgz 6862ms (cache miss)
5677 http fetch GET 200 https://registry.npmjs.org/signal-exit/-/signal-exit-3.0.7.tgz 6849ms (cache miss)
5678 http fetch GET 200 https://registry.npmjs.org/emoji-regex/-/emoji-regex-10.6.0.tgz 6853ms (cache miss)
5679 http fetch GET 200 https://registry.npmjs.org/string-width/-/string-width-7.2.0.tgz 6896ms (cache miss)
5680 http fetch GET 200 https://registry.npmjs.org/string-width/-/string-width-5.1.2.tgz 6902ms (cache miss)
5681 http fetch GET 200 https://registry.npmjs.org/ansi-regex/-/ansi-regex-5.0.1.tgz 6937ms (cache miss)
5682 http fetch GET 200 https://registry.npmjs.org/ansi-regex/-/ansi-regex-5.0.1.tgz 6936ms (cache miss)
5683 http fetch GET 200 https://registry.npmjs.org/verkit/-/verkit-0.3.2.tgz 6986ms (cache miss)
5684 http fetch GET 200 https://registry.npmjs.org/@vue/devtools-api/-/devtools-api-8.2.1.tgz 7241ms (cache miss)
5685 http fetch GET 200 https://registry.npmjs.org/event-target-shim/-/event-target-shim-5.0.1.tgz 7179ms (cache miss)
5686 http fetch GET 200 https://registry.npmjs.org/powershell-utils/-/powershell-utils-0.1.0.tgz 6933ms (cache miss)
5687 http fetch GET 200 https://registry.npmjs.org/@clack/core/-/core-1.4.3.tgz 7019ms (cache miss)
5688 http fetch GET 200 https://registry.npmjs.org/pkg-types/-/pkg-types-2.3.2.tgz 7015ms (cache miss)
5689 http fetch GET 200 https://registry.npmjs.org/smob/-/smob-1.6.2.tgz 7176ms (cache miss)
5690 http fetch GET 200 https://registry.npmjs.org/string_decoder/-/string_decoder-1.1.1.tgz 6971ms (cache miss)
5691 http fetch GET 200 https://registry.npmjs.org/safe-buffer/-/safe-buffer-5.1.2.tgz 6972ms (cache miss)
5692 http fetch GET 200 https://registry.npmjs.org/balanced-match/-/balanced-match-1.0.2.tgz 7048ms (cache miss)
5693 http fetch GET 200 https://registry.npmjs.org/minimatch/-/minimatch-5.1.9.tgz 7047ms (cache miss)
5694 http fetch GET 200 https://registry.npmjs.org/brace-expansion/-/brace-expansion-2.1.4.tgz 7048ms (cache miss)
5695 http fetch GET 200 https://registry.npmjs.org/@vue/shared/-/shared-3.5.42.tgz 7087ms (cache miss)
5696 http fetch GET 200 https://registry.npmjs.org/wrap-ansi/-/wrap-ansi-8.1.0.tgz 7062ms (cache miss)
5697 http fetch GET 200 https://registry.npmjs.org/yallist/-/yallist-5.0.0.tgz 7042ms (cache miss)
5698 http fetch GET 200 https://registry.npmjs.org/error-stack-parser-es/-/error-stack-parser-es-1.0.5.tgz 7049ms (cache miss)
5699 http fetch GET 200 https://registry.npmjs.org/path-key/-/path-key-4.0.0.tgz 7046ms (cache miss)
5700 http fetch GET 200 https://registry.npmjs.org/isexe/-/isexe-2.0.0.tgz 7048ms (cache miss)
5701 http fetch GET 200 https://registry.npmjs.org/js-tokens/-/js-tokens-4.0.0.tgz 7045ms (cache miss)
5702 http fetch GET 200 https://registry.npmjs.org/which/-/which-2.0.2.tgz 7053ms (cache miss)
5703 http fetch GET 200 https://registry.npmjs.org/unicorn-magic/-/unicorn-magic-0.3.0.tgz 7064ms (cache miss)
5704 http fetch GET 200 https://registry.npmjs.org/npm-run-path/-/npm-run-path-6.0.0.tgz 7062ms (cache miss)
5705 http fetch GET 200 https://registry.npmjs.org/cac/-/cac-7.0.0.tgz 7064ms (cache miss)
5706 http fetch GET 200 https://registry.npmjs.org/hookable/-/hookable-5.5.3.tgz 7060ms (cache miss)
5707 http fetch GET 200 https://registry.npmjs.org/cookie-es/-/cookie-es-2.0.1.tgz 7064ms (cache miss)
5708 http fetch GET 200 https://registry.npmjs.org/estree-walker/-/estree-walker-3.0.3.tgz 7066ms (cache miss)
5709 http fetch GET 200 https://registry.npmjs.org/hookable/-/hookable-6.1.1.tgz 7133ms (cache miss)
5710 http fetch GET 200 https://registry.npmjs.org/citty/-/citty-0.1.6.tgz 7062ms (cache miss)
5711 http fetch GET 200 https://registry.npmjs.org/birpc/-/birpc-2.9.0.tgz 7037ms (cache miss)
5712 http fetch GET 200 https://registry.npmjs.org/unctx/-/unctx-2.5.0.tgz 7069ms (cache miss)
5713 http fetch GET 200 https://registry.npmjs.org/cookie-es/-/cookie-es-1.2.3.tgz 7072ms (cache miss)
5714 http fetch GET 200 https://registry.npmjs.org/uqr/-/uqr-0.1.3.tgz 7288ms (cache miss)
5715 http fetch GET 200 https://registry.npmjs.org/is-stream/-/is-stream-2.0.1.tgz 7097ms (cache miss)
5716 http fetch GET 200 https://registry.npmjs.org/@dxup/nuxt/-/nuxt-0.5.10.tgz 7136ms (cache miss)
5717 http fetch GET 200 https://registry.npmjs.org/unrouting/-/unrouting-0.2.3.tgz 7285ms (cache miss)
5718 http fetch GET 200 https://registry.npmjs.org/emoji-regex/-/emoji-regex-10.6.0.tgz 7233ms (cache miss)
5719 http fetch GET 200 https://registry.npmjs.org/string-width/-/string-width-7.2.0.tgz 7233ms (cache miss)
5720 http fetch GET 200 https://registry.npmjs.org/magic-string/-/magic-string-1.2.3.tgz 7336ms (cache miss)
5721 http fetch GET 200 https://registry.npmjs.org/tiny-invariant/-/tiny-invariant-1.3.3.tgz 7628ms (cache miss)
5722 http fetch GET 200 https://registry.npmjs.org/@jridgewell/resolve-uri/-/resolve-uri-3.1.2.tgz 7499ms (cache miss)
5723 http fetch GET 200 https://registry.npmjs.org/balanced-match/-/balanced-match-1.0.2.tgz 7468ms (cache miss)
5724 http fetch GET 200 https://registry.npmjs.org/error-stack-parser-es/-/error-stack-parser-es-1.0.5.tgz 7515ms (cache miss)
5725 http fetch GET 200 https://registry.npmjs.org/path-key/-/path-key-4.0.0.tgz 7521ms (cache miss)
5726 http fetch GET 200 https://registry.npmjs.org/hookable/-/hookable-5.5.3.tgz 7513ms (cache miss)
5727 http fetch GET 200 https://registry.npmjs.org/estree-walker/-/estree-walker-3.0.3.tgz 7520ms (cache miss)
5728 http fetch GET 200 https://registry.npmjs.org/estree-walker/-/estree-walker-3.0.3.tgz 7516ms (cache miss)
5729 http fetch GET 200 https://registry.npmjs.org/croner/-/croner-10.0.1.tgz 7741ms (cache miss)
5730 http fetch GET 200 https://registry.npmjs.org/archiver/-/archiver-7.0.1.tgz 7745ms (cache miss)
5731 http fetch GET 200 https://registry.npmjs.org/brace-expansion/-/brace-expansion-2.1.4.tgz 7554ms (cache miss)
5732 http fetch GET 200 https://registry.npmjs.org/ignore/-/ignore-7.0.8.tgz 7613ms (cache miss)
5733 http fetch GET 200 https://registry.npmjs.org/@pkgjs/parseargs/-/parseargs-0.11.0.tgz 7959ms (cache miss)
5734 http fetch GET 200 https://registry.npmjs.org/reusify/-/reusify-1.1.0.tgz 7934ms (cache miss)
5735 http fetch GET 200 https://registry.npmjs.org/local-pkg/-/local-pkg-1.2.1.tgz 7790ms (cache miss)
5736 http fetch GET 200 https://registry.npmjs.org/@clack/prompts/-/prompts-1.7.0.tgz 7813ms (cache miss)
5737 http fetch GET 200 https://registry.npmjs.org/browserslist/-/browserslist-4.28.8.tgz 7878ms (cache miss)
5738 http fetch GET 200 https://registry.npmjs.org/@vue/server-renderer/-/server-renderer-3.5.42.tgz 8091ms (cache miss)
5739 http fetch GET 200 https://registry.npmjs.org/c12/-/c12-3.3.4.tgz 7852ms (cache miss)
5740 http fetch GET 200 https://registry.npmjs.org/chownr/-/chownr-3.0.0.tgz 8084ms (cache miss)
5741 http fetch GET 200 https://registry.npmjs.org/@rollup/plugin-node-resolve/-/plugin-node-resolve-16.0.3.tgz 7987ms (cache miss)
5742 http fetch GET 200 https://registry.npmjs.org/package-json-from-dist/-/package-json-from-dist-1.0.1.tgz 8136ms (cache miss)
5743 http fetch GET 200 https://registry.npmjs.org/image-meta/-/image-meta-0.2.2.tgz 7929ms (cache miss)
5744 http fetch GET 200 https://registry.npmjs.org/csstype/-/csstype-3.2.3.tgz 8161ms (cache miss)
5745 http fetch GET 200 https://registry.npmjs.org/commander/-/commander-15.0.0.tgz 8142ms (cache miss)
5746 http fetch GET 200 https://registry.npmjs.org/cac/-/cac-7.0.0.tgz 7835ms (cache miss)
5747 http fetch GET 200 https://registry.npmjs.org/chokidar/-/chokidar-5.0.0.tgz 7978ms (cache miss)
5748 http fetch GET 200 https://registry.npmjs.org/@cloudflare/kv-asset-handler/-/kv-asset-handler-0.4.2.tgz 8187ms (cache miss)
5749 http fetch GET 200 https://registry.npmjs.org/@vue/devtools-core/-/devtools-core-8.2.1.tgz 8095ms (cache miss)
5750 http fetch GET 200 https://registry.npmjs.org/commander/-/commander-2.20.3.tgz 8014ms (cache miss)
5751 http fetch GET 200 https://registry.npmjs.org/semver/-/semver-6.3.1.tgz 8184ms (cache miss)
5752 http fetch GET 200 https://registry.npmjs.org/semver/-/semver-6.3.1.tgz 8184ms (cache miss)
5753 http fetch GET 200 https://registry.npmjs.org/semver/-/semver-6.3.1.tgz 8185ms (cache miss)
5754 http fetch GET 200 https://registry.npmjs.org/rou3/-/rou3-0.9.2.tgz 8335ms (cache miss)
5755 http fetch GET 200 https://registry.npmjs.org/@vue/reactivity/-/reactivity-3.5.42.tgz 8592ms (cache miss)
5756 http fetch GET 200 https://registry.npmjs.org/@isaacs/fs-minipass/-/fs-minipass-4.0.1.tgz 8583ms (cache miss)
5757 http fetch GET 200 https://registry.npmjs.org/baseline-browser-mapping/-/baseline-browser-mapping-2.11.21.tgz 8506ms (cache miss)
5758 http fetch GET 200 https://registry.npmjs.org/@nuxt/kit/-/kit-4.5.2.tgz 8430ms (cache miss)
5759 http fetch GET 200 https://registry.npmjs.org/nanotar/-/nanotar-0.3.0.tgz 8521ms (cache miss)
5760 http fetch GET 200 https://registry.npmjs.org/electron-to-chromium/-/electron-to-chromium-1.5.422.tgz 8676ms (cache miss)
5761 http fetch GET 200 https://registry.npmjs.org/launch-editor/-/launch-editor-2.14.1.tgz 8624ms (cache miss)
5762 http fetch GET 200 https://registry.npmjs.org/dom-serializer/-/dom-serializer-2.0.0.tgz 8841ms (cache miss)
5763 http fetch GET 200 https://registry.npmjs.org/unctx/-/unctx-3.0.1.tgz 8635ms (cache miss)
5764 http fetch GET 200 https://registry.npmjs.org/@babel/helper-module-imports/-/helper-module-imports-7.29.7.tgz 8720ms (cache miss)
5765 http fetch GET 200 https://registry.npmjs.org/ufo/-/ufo-1.6.4.tgz 8730ms (cache miss)
5766 http fetch GET 200 https://registry.npmjs.org/es-errors/-/es-errors-1.3.0.tgz 8955ms (cache miss)
5767 http fetch GET 200 https://registry.npmjs.org/@rollup/plugin-commonjs/-/plugin-commonjs-29.0.3.tgz 8934ms (cache miss)
5768 http fetch GET 200 https://registry.npmjs.org/lightningcss/-/lightningcss-1.33.0.tgz 9061ms (cache miss)
5769 http fetch GET 200 https://registry.npmjs.org/balanced-match/-/balanced-match-4.0.4.tgz 9033ms (cache miss)
5770 http fetch GET 200 https://registry.npmjs.org/picomatch/-/picomatch-4.0.7.tgz 8856ms (cache miss)
5771 http fetch GET 200 https://registry.npmjs.org/abort-controller/-/abort-controller-3.0.0.tgz 9088ms (cache miss)
5772 http fetch GET 200 https://registry.npmjs.org/pkg-types/-/pkg-types-1.3.1.tgz 8815ms (cache miss)
5773 http fetch GET 200 https://registry.npmjs.org/brace-expansion/-/brace-expansion-5.0.9.tgz 9103ms (cache miss)
5774 http fetch GET 200 https://registry.npmjs.org/domhandler/-/domhandler-5.0.3.tgz 9155ms (cache miss)
5775 http fetch GET 200 https://registry.npmjs.org/picomatch/-/picomatch-2.3.2.tgz 8933ms (cache miss)
5776 http fetch GET 200 https://registry.npmjs.org/es-module-lexer/-/es-module-lexer-2.3.2.tgz 9093ms (cache miss)
5777 http fetch GET 200 https://registry.npmjs.org/mlly/-/mlly-1.8.2.tgz 8975ms (cache miss)
5778 http fetch GET 200 https://registry.npmjs.org/picomatch/-/picomatch-2.3.2.tgz 8951ms (cache miss)
5779 http fetch GET 200 https://registry.npmjs.org/dotenv/-/dotenv-17.4.2.tgz 9121ms (cache miss)
5780 http fetch GET 200 https://registry.npmjs.org/@nuxt/schema/-/schema-4.5.2.tgz 9050ms (cache miss)
5781 http fetch GET 200 https://registry.npmjs.org/cac/-/cac-6.7.14.tgz 9195ms (cache miss)
5782 http fetch GET 200 https://registry.npmjs.org/execa/-/execa-8.0.1.tgz 9188ms (cache miss)
5783 http fetch GET 200 https://registry.npmjs.org/loader-utils/-/loader-utils-3.3.1.tgz 9292ms (cache miss)
5784 http fetch GET 200 https://registry.npmjs.org/vue-bundle-renderer/-/vue-bundle-renderer-2.3.2.tgz 9276ms (cache miss)
5785 http fetch GET 200 https://registry.npmjs.org/@babel/plugin-transform-typescript/-/plugin-transform-typescript-7.29.7.tgz 9387ms (cache miss)
5786 http fetch GET 200 https://registry.npmjs.org/acorn/-/acorn-8.18.0.tgz 9586ms (cache miss)
5787 http fetch GET 200 https://registry.npmjs.org/h3/-/h3-1.15.11.tgz 9599ms (cache miss)
5788 http fetch GET 200 https://registry.npmjs.org/@vue/runtime-core/-/runtime-core-3.5.42.tgz 9833ms (cache miss)
5789 http fetch GET 200 https://registry.npmjs.org/mocked-exports/-/mocked-exports-0.1.1.tgz 9618ms (cache miss)
5790 http fetch GET 200 https://registry.npmjs.org/@vue/compiler-core/-/compiler-core-3.5.42.tgz 9678ms (cache miss)
5791 http fetch GET 200 https://registry.npmjs.org/@vue/devtools-kit/-/devtools-kit-8.2.1.tgz 9664ms (cache miss)
5792 http fetch GET 200 https://registry.npmjs.org/magicast/-/magicast-0.5.4.tgz 9723ms (cache miss)
5793 http fetch GET 200 https://registry.npmjs.org/jackspeak/-/jackspeak-3.4.3.tgz 10172ms (cache miss)
5794 http fetch GET 200 https://registry.npmjs.org/postcss-convert-values/-/postcss-convert-values-8.0.4.tgz 10082ms (cache miss)
5795 http fetch GET 200 https://registry.npmjs.org/minipass/-/minipass-7.1.3.tgz 10169ms (cache miss)
5796 http fetch GET 200 https://registry.npmjs.org/unwasm/-/unwasm-0.5.3.tgz 10145ms (cache miss)
5797 http fetch GET 200 https://registry.npmjs.org/seroval/-/seroval-1.6.4.tgz 10061ms (cache miss)
5798 http fetch GET 200 https://registry.npmjs.org/@babel/helper-compilation-targets/-/helper-compilation-targets-7.29.7.tgz 10073ms (cache miss)
5799 http fetch GET 200 https://registry.npmjs.org/@nuxt/vite-builder/-/vite-builder-4.5.2.tgz 10000ms (cache miss)
5800 http fetch GET 200 https://registry.npmjs.org/ohash/-/ohash-2.0.12.tgz 10129ms (cache miss)
5801 http fetch GET 200 https://registry.npmjs.org/commander/-/commander-11.1.0.tgz 10086ms (cache miss)
5802 http fetch GET 200 https://registry.npmjs.org/source-map-js/-/source-map-js-1.2.1.tgz 10219ms (cache miss)
5803 http fetch GET 200 https://registry.npmjs.org/postcss-calc/-/postcss-calc-10.1.1.tgz 10229ms (cache miss)
5804 http fetch GET 200 https://registry.npmjs.org/source-map/-/source-map-0.7.6.tgz 10285ms (cache miss)
5805 http fetch GET 200 https://registry.npmjs.org/@babel/helper-module-transforms/-/helper-module-transforms-7.29.7.tgz 10321ms (cache miss)
5806 http fetch GET 200 https://registry.npmjs.org/path-scurry/-/path-scurry-2.0.2.tgz 10562ms (cache miss)
5807 http fetch GET 200 https://registry.npmjs.org/@bomb.sh/tab/-/tab-0.0.19.tgz 10429ms (cache miss)
5808 http fetch GET 200 https://registry.npmjs.org/devalue/-/devalue-5.9.2.tgz 10490ms (cache miss)
5809 http fetch GET 200 https://registry.npmjs.org/magic-string/-/magic-string-0.30.21.tgz 10792ms (cache miss)
5810 http fetch GET 200 https://registry.npmjs.org/@babel/template/-/template-7.29.7.tgz 10965ms (cache miss)
5811 http fetch GET 200 https://registry.npmjs.org/magic-string/-/magic-string-0.30.21.tgz 11032ms (cache miss)
5812 http fetch GET 200 https://registry.npmjs.org/ws/-/ws-8.21.3.tgz 11125ms (cache miss)
5813 http fetch GET 200 https://registry.npmjs.org/magic-string/-/magic-string-0.30.21.tgz 11035ms (cache miss)
5814 http fetch GET 200 https://registry.npmjs.org/magic-string/-/magic-string-0.30.21.tgz 11040ms (cache miss)
5815 http fetch GET 200 https://registry.npmjs.org/magic-string/-/magic-string-0.30.21.tgz 11052ms (cache miss)
5816 http fetch GET 200 https://registry.npmjs.org/magic-string/-/magic-string-0.30.21.tgz 11056ms (cache miss)
5817 http fetch GET 200 https://registry.npmjs.org/magic-string/-/magic-string-0.30.21.tgz 11372ms (cache miss)
5818 http fetch GET 200 https://registry.npmjs.org/magic-string/-/magic-string-0.30.21.tgz 11397ms (cache miss)
5819 http fetch GET 200 https://registry.npmjs.org/giget/-/giget-3.3.1.tgz 11493ms (cache miss)
5820 http fetch GET 200 https://registry.npmjs.org/fraction.js/-/fraction.js-5.3.4.tgz 11546ms (cache miss)
5821 http fetch GET 200 https://registry.npmjs.org/untyped/-/untyped-2.0.0.tgz 11548ms (cache miss)
5822 http fetch GET 200 https://registry.npmjs.org/unimport/-/unimport-6.4.0.tgz 11567ms (cache miss)
5823 http fetch GET 200 https://registry.npmjs.org/minizlib/-/minizlib-3.1.0.tgz 11987ms (cache miss)
5824 http fetch GET 200 https://registry.npmjs.org/@vue/compiler-dom/-/compiler-dom-3.5.42.tgz 11766ms (cache miss)
5825 http fetch GET 200 https://registry.npmjs.org/@babel/helper-create-class-features-plugin/-/helper-create-class-features-plugin-7.29.7.tgz 11859ms (cache miss)
5826 http fetch GET 200 https://registry.npmjs.org/@vue/runtime-dom/-/runtime-dom-3.5.42.tgz 12052ms (cache miss)
5827 http fetch GET 200 https://registry.npmjs.org/json5/-/json5-2.2.3.tgz 11967ms (cache miss)
5828 http fetch GET 200 https://registry.npmjs.org/ofetch/-/ofetch-1.5.1.tgz 11988ms (cache miss)
5829 http fetch GET 200 https://registry.npmjs.org/muggle-string/-/muggle-string-0.4.1.tgz 12294ms (cache miss)
5830 http fetch GET 200 https://registry.npmjs.org/postcss-merge-rules/-/postcss-merge-rules-8.0.5.tgz 12298ms (cache miss)
5831 http fetch GET 200 https://registry.npmjs.org/fzf/-/fzf-0.5.2.tgz 12260ms (cache miss)
5832 http fetch GET 200 https://registry.npmjs.org/source-map/-/source-map-0.8.0.tgz 12187ms (cache miss)
5833 http fetch GET 200 https://registry.npmjs.org/bare-path/-/bare-path-3.1.2.tgz 12500ms (cache miss)
5834 http fetch GET 200 https://registry.npmjs.org/mime/-/mime-4.1.0.tgz 12634ms (cache miss)
5835 http fetch GET 200 https://registry.npmjs.org/unplugin/-/unplugin-3.3.0.tgz 12553ms (cache miss)
5836 http fetch GET 200 https://registry.npmjs.org/path-scurry/-/path-scurry-1.11.1.tgz 12505ms (cache miss)
5837 http fetch GET 200 https://registry.npmjs.org/vite-node/-/vite-node-6.0.0.tgz 12737ms (cache miss)
5838 http fetch GET 200 https://registry.npmjs.org/nth-check/-/nth-check-2.1.1.tgz 12919ms (cache miss)
5839 http fetch GET 200 https://registry.npmjs.org/fuse.js/-/fuse.js-7.5.0.tgz 12752ms (cache miss)
5840 http fetch GET 200 https://registry.npmjs.org/events/-/events-3.3.0.tgz 13040ms (cache miss)
5841 http fetch GET 200 https://registry.npmjs.org/listhen/-/listhen-1.10.1.tgz 12864ms (cache miss)
5842 http fetch GET 200 https://registry.npmjs.org/mdn-data/-/mdn-data-2.27.1.tgz 13081ms (cache miss)
5843 http fetch GET 200 https://registry.npmjs.org/readable-stream/-/readable-stream-2.3.8.tgz 12782ms (cache miss)
5844 http fetch GET 200 https://registry.npmjs.org/@poppinss/dumper/-/dumper-0.7.0.tgz 13288ms (cache miss)
5845 http fetch GET 200 https://registry.npmjs.org/@nuxt/devtools-kit/-/devtools-kit-3.4.2.tgz 13224ms (cache miss)
5846 http fetch GET 200 https://registry.npmjs.org/@rollup/rollup-win32-x64-gnu/-/rollup-win32-x64-gnu-4.63.1.tgz 13414ms (cache miss)
5847 http fetch GET 200 https://registry.npmjs.org/@babel/parser/-/parser-7.29.8.tgz 13474ms (cache miss)
5848 http fetch GET 200 https://registry.npmjs.org/ultrahtml/-/ultrahtml-1.7.0.tgz 13438ms (cache miss)
5849 http fetch GET 200 https://registry.npmjs.org/@simple-git/argv-parser/-/argv-parser-1.1.1.tgz 13725ms (cache miss)
5850 http fetch GET 200 https://registry.npmjs.org/@jridgewell/remapping/-/remapping-2.3.5.tgz 13660ms (cache miss)
5851 http fetch GET 200 https://registry.npmjs.org/@jridgewell/gen-mapping/-/gen-mapping-0.3.13.tgz 13742ms (cache miss)
5852 http fetch GET 200 https://registry.npmjs.org/@jridgewell/sourcemap-codec/-/sourcemap-codec-1.6.0.tgz 13753ms (cache miss)
5853 http fetch GET 200 https://registry.npmjs.org/@rollup/rollup-win32-x64-msvc/-/rollup-win32-x64-msvc-4.63.1.tgz 13898ms (cache miss)
5854 http fetch GET 200 https://registry.npmjs.org/source-map/-/source-map-0.6.1.tgz 13677ms (cache miss)
5855 http fetch GET 200 https://registry.npmjs.org/confbox/-/confbox-0.2.4.tgz 13942ms (cache miss)
5856 http fetch GET 200 https://registry.npmjs.org/mdn-data/-/mdn-data-2.0.28.tgz 13885ms (cache miss)
5857 http fetch GET 200 https://registry.npmjs.org/nostics/-/nostics-1.2.0.tgz 14080ms (cache miss)
5858 http fetch GET 200 https://registry.npmjs.org/bare-fs/-/bare-fs-4.8.1.tgz 14430ms (cache miss)
5859 http fetch GET 200 https://registry.npmjs.org/@vue/compiler-sfc/-/compiler-sfc-3.5.42.tgz 14278ms (cache miss)
5860 http fetch GET 200 https://registry.npmjs.org/lru-cache/-/lru-cache-10.4.3.tgz 14262ms (cache miss)
5861 http fetch GET 200 https://registry.npmjs.org/signal-exit/-/signal-exit-4.1.0.tgz 14590ms (cache miss)
5862 http fetch GET 200 https://registry.npmjs.org/jiti/-/jiti-2.7.0.tgz 14579ms (cache miss)
5863 http fetch GET 200 https://registry.npmjs.org/confbox/-/confbox-0.3.1.tgz 14538ms (cache miss)
5864 http fetch GET 200 https://registry.npmjs.org/node-fetch-native/-/node-fetch-native-1.6.7.tgz 14929ms (cache miss)
5865 http fetch GET 200 https://registry.npmjs.org/node-mock-http/-/node-mock-http-1.0.5.tgz 15087ms (cache miss)
5866 http fetch GET 200 https://registry.npmjs.org/postcss-selector-parser/-/postcss-selector-parser-7.1.6.tgz 15187ms (cache miss)
5867 http fetch GET 200 https://registry.npmjs.org/on-change/-/on-change-6.0.2.tgz 15141ms (cache miss)
5868 http fetch GET 200 https://registry.npmjs.org/@mapbox/node-pre-gyp/-/node-pre-gyp-2.0.3.tgz 15366ms (cache miss)
5869 http fetch GET 200 https://registry.npmjs.org/isexe/-/isexe-4.0.0.tgz 15653ms (cache miss)
5870 http fetch GET 200 https://registry.npmjs.org/consola/-/consola-3.4.2.tgz 15377ms (cache miss)
5871 http fetch GET 200 https://registry.npmjs.org/css-what/-/css-what-7.0.0.tgz 15782ms (cache miss)
5872 http fetch GET 200 https://registry.npmjs.org/confbox/-/confbox-0.1.8.tgz 15476ms (cache miss)
5873 http fetch GET 200 https://registry.npmjs.org/unplugin/-/unplugin-2.3.11.tgz 15531ms (cache miss)
5874 http fetch GET 200 https://registry.npmjs.org/readable-stream/-/readable-stream-4.7.0.tgz 15815ms (cache miss)
5875 http fetch GET 200 https://registry.npmjs.org/@nuxt/cli/-/cli-3.37.0.tgz 15876ms (cache miss)
5876 http fetch GET 200 https://registry.npmjs.org/@jridgewell/trace-mapping/-/trace-mapping-0.3.31.tgz 16105ms (cache miss)
5877 http fetch GET 200 https://registry.npmjs.org/srvx/-/srvx-0.11.22.tgz 16070ms (cache miss)
5878 http fetch GET 200 https://registry.npmjs.org/@vercel/nft/-/nft-1.11.0.tgz 16325ms (cache miss)
5879 http fetch GET 200 https://registry.npmjs.org/semver/-/semver-7.8.5.tgz 16240ms (cache miss)
5880 http fetch GET 200 https://registry.npmjs.org/@nuxt/nitro-server/-/nitro-server-4.5.2.tgz 16306ms (cache miss)
5881 http fetch GET 200 https://registry.npmjs.org/postcss/-/postcss-8.5.28.tgz 16613ms (cache miss)
5882 http fetch GET 200 https://registry.npmjs.org/@babel/generator/-/generator-7.29.8.tgz 16864ms (cache miss)
5883 http fetch GET 200 https://registry.npmjs.org/youch/-/youch-4.1.1.tgz 16953ms (cache miss)
5884 http fetch GET 200 https://registry.npmjs.org/rollup/-/rollup-4.63.1.tgz 17081ms (cache miss)
5885 http fetch GET 200 https://registry.npmjs.org/crossws/-/crossws-0.3.5.tgz 17099ms (cache miss)
5886 http fetch GET 200 https://registry.npmjs.org/yargs/-/yargs-18.1.0.tgz 17293ms (cache miss)
5887 http fetch GET 200 https://registry.npmjs.org/vue/-/vue-3.5.42.tgz 17224ms (cache miss)
5888 http fetch GET 200 https://registry.npmjs.org/terser/-/terser-5.51.2.tgz 17450ms (cache miss)
5889 http fetch GET 200 https://registry.npmjs.org/fast-glob/-/fast-glob-3.3.3.tgz 17541ms (cache miss)
5890 http fetch GET 200 https://registry.npmjs.org/domutils/-/domutils-3.2.2.tgz 17667ms (cache miss)
5891 http fetch GET 200 https://registry.npmjs.org/vite/-/vite-8.2.2.tgz 17413ms (cache miss)
5892 http fetch GET 200 https://registry.npmjs.org/rolldown/-/rolldown-1.2.7.tgz 17427ms (cache miss)
5893 http fetch GET 200 https://registry.npmjs.org/@unhead/vue/-/vue-3.4.0.tgz 17500ms (cache miss)
5894 http fetch GET 200 https://registry.npmjs.org/minimatch/-/minimatch-10.2.6.tgz 17701ms (cache miss)
5895 http fetch GET 200 https://registry.npmjs.org/node-forge/-/node-forge-1.4.0.tgz 17682ms (cache miss)
5896 http fetch GET 200 https://registry.npmjs.org/minimatch/-/minimatch-9.0.9.tgz 17529ms (cache miss)
5897 http fetch GET 200 https://registry.npmjs.org/bare-url/-/bare-url-2.5.4.tgz 17882ms (cache miss)
5898 http fetch GET 200 https://registry.npmjs.org/vite-plugin-inspect/-/vite-plugin-inspect-11.4.1.tgz 17861ms (cache miss)
5899 http fetch GET 200 https://registry.npmjs.org/entities/-/entities-4.5.0.tgz 18292ms (cache miss)
5900 http fetch GET 200 https://registry.npmjs.org/glob/-/glob-10.5.0.tgz 18298ms (cache miss)
5901 warn deprecated glob@10.5.0: Old versions of glob are not supported, and contain widely publicized security vulnerabilities, which have been fixed in the current version. Please update. Support for old versions may be purchased (at exorbitant rates) by contacting i@izs.me
5902 http fetch GET 200 https://registry.npmjs.org/vue-router/-/vue-router-5.3.1.tgz 18415ms (cache miss)
5903 http fetch GET 200 https://registry.npmjs.org/@babel/traverse/-/traverse-7.29.8.tgz 18494ms (cache miss)
5904 http fetch GET 200 https://registry.npmjs.org/crossws/-/crossws-0.4.12.tgz 18503ms (cache miss)
5905 http fetch GET 200 https://registry.npmjs.org/rollup-plugin-visualizer/-/rollup-plugin-visualizer-7.1.1.tgz 18738ms (cache miss)
5906 http fetch GET 200 https://registry.npmjs.org/glob/-/glob-13.0.6.tgz 18773ms (cache miss)
5907 http fetch GET 200 https://registry.npmjs.org/autoprefixer/-/autoprefixer-10.5.4.tgz 18783ms (cache miss)
5908 http fetch GET 200 https://registry.npmjs.org/async/-/async-3.2.6.tgz 18974ms (cache miss)
5909 http fetch GET 200 https://registry.npmjs.org/lightningcss-win32-x64-msvc/-/lightningcss-win32-x64-msvc-1.33.0.tgz 19160ms (cache miss)
5910 http fetch GET 200 https://registry.npmjs.org/ioredis/-/ioredis-5.11.1.tgz 19386ms (cache miss)
5911 http fetch GET 200 https://registry.npmjs.org/csso/-/csso-5.0.5.tgz 19497ms (cache miss)
5912 http fetch GET 200 https://registry.npmjs.org/unhead/-/unhead-3.4.0.tgz 19852ms (cache miss)
5913 http fetch GET 200 https://registry.npmjs.org/resolve/-/resolve-1.22.12.tgz 20120ms (cache miss)
5914 http fetch GET 200 https://registry.npmjs.org/@esbuild/win32-x64/-/win32-x64-0.28.2.tgz 20354ms (cache miss)
5915 http fetch GET 200 https://registry.npmjs.org/postcss-merge-longhand/-/postcss-merge-longhand-8.0.4.tgz 20312ms (cache miss)
5916 http fetch GET 200 https://registry.npmjs.org/@unhead/bundler/-/bundler-3.4.0.tgz 20353ms (cache miss)
5917 http fetch GET 200 https://registry.npmjs.org/vite-plugin-checker/-/vite-plugin-checker-0.14.5.tgz 20365ms (cache miss)
5918 http fetch GET 200 https://registry.npmjs.org/entities/-/entities-7.0.1.tgz 20684ms (cache miss)
5919 http fetch GET 200 https://registry.npmjs.org/lru-cache/-/lru-cache-11.5.2.tgz 20932ms (cache miss)
5920 http fetch GET 200 https://registry.npmjs.org/lru-cache/-/lru-cache-11.5.2.tgz 20970ms (cache miss)
5921 http fetch GET 200 https://registry.npmjs.org/@colordx/core/-/core-5.8.0.tgz 21250ms (cache miss)
5922 http fetch GET 200 https://registry.npmjs.org/diff/-/diff-8.0.4.tgz 21105ms (cache miss)
5923 http fetch GET 200 https://registry.npmjs.org/css-select/-/css-select-6.0.0.tgz 21307ms (cache miss)
5924 http fetch GET 200 https://registry.npmjs.org/@babel/core/-/core-7.29.7.tgz 21196ms (cache miss)
5925 http fetch GET 200 https://registry.npmjs.org/svgo/-/svgo-4.1.0.tgz 21392ms (cache miss)
5926 http fetch GET 200 https://registry.npmjs.org/unstorage/-/unstorage-1.17.5.tgz 21342ms (cache miss)
5927 http fetch GET 200 https://registry.npmjs.org/simple-git/-/simple-git-3.36.0.tgz 21455ms (cache miss)
5928 http fetch GET 200 https://registry.npmjs.org/type-fest/-/type-fest-5.9.0.tgz 21650ms (cache miss)
5929 http fetch GET 200 https://registry.npmjs.org/@rolldown/binding-win32-x64-msvc/-/binding-win32-x64-msvc-1.2.7.tgz 21818ms (cache miss)
5930 http fetch GET 200 https://registry.npmjs.org/@babel/types/-/types-7.29.8.tgz 22346ms (cache miss)
5931 http fetch GET 200 https://registry.npmjs.org/undici/-/undici-8.10.1.tgz 22878ms (cache miss)
5932 http fetch GET 200 https://registry.npmjs.org/@babel/helpers/-/helpers-7.29.7.tgz 23351ms (cache miss)
5933 http fetch GET 200 https://registry.npmjs.org/tar/-/tar-7.5.22.tgz 23762ms (cache miss)
5934 http fetch GET 200 https://registry.npmjs.org/@speed-highlight/core/-/core-1.2.24.tgz 23956ms (cache miss)
5935 http fetch GET 200 https://registry.npmjs.org/css-tree/-/css-tree-2.2.1.tgz 23638ms (cache miss)
5936 http fetch GET 200 https://registry.npmjs.org/@nuxt/devtools/-/devtools-3.4.2.tgz 23672ms (cache miss)
5937 http fetch GET 200 https://registry.npmjs.org/css-tree/-/css-tree-3.2.1.tgz 24338ms (cache miss)
5938 http fetch GET 200 https://registry.npmjs.org/nuxt/-/nuxt-4.5.2.tgz 24297ms (cache miss)
5939 http fetch GET 200 https://registry.npmjs.org/nitropack/-/nitropack-2.13.4.tgz 24562ms (cache miss)
5940 http fetch GET 200 https://registry.npmjs.org/unenv/-/unenv-2.0.0-rc.24.tgz 25018ms (cache miss)
5941 http fetch GET 200 https://registry.npmjs.org/lodash/-/lodash-4.18.1.tgz 26983ms (cache miss)
5942 http fetch GET 200 https://registry.npmjs.org/caniuse-lite/-/caniuse-lite-1.0.30001810.tgz 28027ms (cache miss)
5943 info run esbuild@0.28.2 postinstall node_modules/esbuild node install.js
5944 info run esbuild@0.28.2 postinstall { code: 0, signal: null }
5945 verbose audit error FetchError: network timeout at: https://registry.npmjs.org/-/npm/v1/security/advisories/bulk
5945 verbose audit error     at Timeout.<anonymous> (C:\Users\Kawinpat\AppData\Roaming\nvm\v24.14.1\node_modules\npm\node_modules\minipass-fetch\lib\index.js:108:18)
5945 verbose audit error     at listOnTimeout (node:internal/timers:605:17)
5945 verbose audit error     at process.processTimers (node:internal/timers:541:7) {
5945 verbose audit error   code: 'FETCH_ERROR',
5945 verbose audit error   errno: 'FETCH_ERROR',
5945 verbose audit error   type: 'request-timeout'
5945 verbose audit error }
5946 silly audit error undefined
5947 silly audit report null
5948 silly ADD node_modules/color-name
5949 silly ADD node_modules/color-convert
5950 silly ADD node_modules/process-nextick-args
5951 silly ADD node_modules/isarray
5952 silly ADD node_modules/core-util-is
5953 silly ADD node_modules/eastasianwidth
5954 silly ADD node_modules/is-fullwidth-code-point
5955 silly ADD node_modules/emoji-regex
5956 silly ADD node_modules/wrap-ansi-cjs
5957 silly ADD node_modules/wrap-ansi-cjs/node_modules/ansi-regex
5958 silly ADD node_modules/wrap-ansi-cjs/node_modules/strip-ansi
5959 silly ADD node_modules/wrap-ansi-cjs/node_modules/string-width
5960 silly ADD node_modules/wrap-ansi-cjs/node_modules/ansi-styles
5961 silly ADD node_modules/strip-ansi-cjs
5962 silly ADD node_modules/strip-ansi-cjs/node_modules/ansi-regex
5963 silly ADD node_modules/string-width-cjs
5964 silly ADD node_modules/string-width-cjs/node_modules/ansi-regex
5965 silly ADD node_modules/string-width-cjs/node_modules/strip-ansi
5966 silly ADD node_modules/@pkgjs/parseargs
5967 silly ADD node_modules/@isaacs/cliui
5968 silly ADD node_modules/@isaacs/cliui/node_modules/emoji-regex
5969 silly ADD node_modules/@isaacs/cliui/node_modules/wrap-ansi
5970 silly ADD node_modules/@isaacs/cliui/node_modules/string-width
5971 silly ADD node_modules/package-json-from-dist
5972 silly ADD node_modules/jackspeak
5973 silly ADD node_modules/foreground-child
5974 silly ADD node_modules/crc32-stream
5975 silly ADD node_modules/crc-32
5976 silly ADD node_modules/compress-commons
5977 silly ADD node_modules/compress-commons/node_modules/is-stream
5978 silly ADD node_modules/@poppinss/exception
5979 silly ADD node_modules/supports-color
5980 silly ADD node_modules/@sindresorhus/is
5981 silly ADD node_modules/kleur
5982 silly ADD node_modules/@speed-highlight/core
5983 silly ADD node_modules/@poppinss/dumper
5984 silly ADD node_modules/@poppinss/colors
5985 silly ADD node_modules/ansi-styles
5986 silly ADD node_modules/ansi-regex
5987 silly ADD node_modules/get-east-asian-width
5988 silly ADD node_modules/wrap-ansi
5989 silly ADD node_modules/wrap-ansi/node_modules/emoji-regex
5990 silly ADD node_modules/wrap-ansi/node_modules/string-width
5991 silly ADD node_modules/strip-ansi
5992 silly ADD node_modules/yargs-parser
5993 silly ADD node_modules/y18n
5994 silly ADD node_modules/string-width
5995 silly ADD node_modules/get-caller-file
5996 silly ADD node_modules/cliui
5997 silly ADD node_modules/cliui/node_modules/emoji-regex
5998 silly ADD node_modules/cliui/node_modules/string-width
5999 silly ADD node_modules/is-wsl
6000 silly ADD node_modules/isexe
6001 silly ADD node_modules/webidl-conversions
6002 silly ADD node_modules/tr46
6003 silly ADD node_modules/magic-string-ast
6004 silly ADD node_modules/magic-string-ast/node_modules/magic-string
6005 silly ADD node_modules/ast-kit
6006 silly ADD node_modules/muggle-string
6007 silly ADD node_modules/ast-walker-scope
6008 silly ADD node_modules/@vue/devtools-api
6009 silly ADD node_modules/@vue-macros/common
6010 silly ADD node_modules/csstype
6011 silly ADD node_modules/@vue/runtime-core
6012 silly ADD node_modules/@vue/reactivity
6013 silly ADD node_modules/@vue/server-renderer
6014 silly ADD node_modules/@vue/runtime-dom
6015 silly ADD node_modules/vite-hot-client
6016 silly ADD node_modules/vite-dev-rpc
6017 silly ADD node_modules/ansis
6018 silly ADD node_modules/retry
6019 silly ADD node_modules/tiny-invariant
6020 silly ADD node_modules/proper-lockfile
6021 silly ADD node_modules/proper-lockfile/node_modules/signal-exit
6022 silly ADD node_modules/obug
6023 silly ADD node_modules/lightningcss-win32-x64-msvc
6024 silly ADD node_modules/lightningcss
6025 silly ADD node_modules/escalade
6026 silly ADD node_modules/anymatch
6027 silly ADD node_modules/anymatch/node_modules/picomatch
6028 silly ADD node_modules/webpack-virtual-modules
6029 silly ADD node_modules/strip-literal
6030 silly ADD node_modules/tagged-tag
6031 silly ADD node_modules/is-number
6032 silly ADD node_modules/buffer-from
6033 silly ADD node_modules/source-map-support
6034 silly ADD node_modules/source-map-support/node_modules/source-map
6035 silly ADD node_modules/@jridgewell/source-map
6036 silly ADD node_modules/text-decoder
6037 silly ADD node_modules/events-universal
6038 silly ADD node_modules/teex
6039 silly ADD node_modules/bare-url
6040 silly ADD node_modules/bare-stream
6041 silly ADD node_modules/bare-path
6042 silly ADD node_modules/bare-events
6043 silly ADD node_modules/streamx
6044 silly ADD node_modules/fast-fifo
6045 silly ADD node_modules/bare-fs
6046 silly ADD node_modules/b4a
6047 silly ADD node_modules/minizlib
6048 silly ADD node_modules/chownr
6049 silly ADD node_modules/@isaacs/fs-minipass
6050 silly ADD node_modules/dom-serializer
6051 silly ADD node_modules/dom-serializer/node_modules/entities
6052 silly ADD node_modules/domelementtype
6053 silly ADD node_modules/mdn-data
6054 silly ADD node_modules/nth-check
6055 silly ADD node_modules/domutils
6056 silly ADD node_modules/domhandler
6057 silly ADD node_modules/boolbase
6058 silly ADD node_modules/commander
6059 silly ADD node_modules/sax
6060 silly ADD node_modules/csso
6061 silly ADD node_modules/csso/node_modules/mdn-data
6062 silly ADD node_modules/csso/node_modules/css-tree
6063 silly ADD node_modules/css-what
6064 silly ADD node_modules/css-tree
6065 silly ADD node_modules/css-select
6066 silly ADD node_modules/safe-buffer
6067 silly ADD node_modules/totalist
6068 silly ADD node_modules/mrmime
6069 silly ADD node_modules/@polka/url
6070 silly ADD node_modules/@simple-git/argv-parser
6071 silly ADD node_modules/@simple-git/args-pathspec
6072 silly ADD node_modules/@kwsites/promise-deferred
6073 silly ADD node_modules/@kwsites/file-exists
6074 silly ADD node_modules/shebang-regex
6075 silly ADD node_modules/ee-first
6076 silly ADD node_modules/mime-db
6077 silly ADD node_modules/toidentifier
6078 silly ADD node_modules/setprototypeof
6079 silly ADD node_modules/inherits
6080 silly ADD node_modules/depd
6081 silly ADD node_modules/statuses
6082 silly ADD node_modules/range-parser
6083 silly ADD node_modules/on-finished
6084 silly ADD node_modules/mime-types
6085 silly ADD node_modules/http-errors
6086 silly ADD node_modules/fresh
6087 silly ADD node_modules/send
6088 silly ADD node_modules/parseurl
6089 silly ADD node_modules/escape-html
6090 silly ADD node_modules/encodeurl
6091 silly ADD node_modules/queue-microtask
6092 silly ADD node_modules/is-docker
6093 silly ADD node_modules/run-applescript
6094 silly ADD node_modules/default-browser-id
6095 silly ADD node_modules/bundle-name
6096 silly ADD node_modules/wsl-utils
6097 silly ADD node_modules/wsl-utils/node_modules/powershell-utils
6098 silly ADD node_modules/powershell-utils
6099 silly ADD node_modules/is-inside-container
6100 silly ADD node_modules/is-in-ssh
6101 silly ADD node_modules/define-lazy-prop
6102 silly ADD node_modules/default-browser
6103 silly ADD node_modules/yargs
6104 silly ADD node_modules/open
6105 silly ADD node_modules/@rollup/rollup-win32-x64-msvc
6106 silly ADD node_modules/@rollup/rollup-win32-x64-gnu
6107 silly ADD node_modules/@rolldown/binding-win32-x64-msvc
6108 silly ADD node_modules/@oxc-project/types
6109 silly ADD node_modules/function-bind
6110 silly ADD node_modules/hasown
6111 silly ADD node_modules/supports-preserve-symlinks-flag
6112 silly ADD node_modules/path-parse
6113 silly ADD node_modules/is-core-module
6114 silly ADD node_modules/es-errors
6115 silly ADD node_modules/ieee754
6116 silly ADD node_modules/base64-js
6117 silly ADD node_modules/event-target-shim
6118 silly ADD node_modules/string_decoder
6119 silly ADD node_modules/process
6120 silly ADD node_modules/events
6121 silly ADD node_modules/buffer
6122 silly ADD node_modules/abort-controller
6123 silly ADD node_modules/svgo
6124 silly ADD node_modules/svgo/node_modules/commander
6125 silly ADD node_modules/util-deprecate
6126 silly ADD node_modules/cssesc
6127 silly ADD node_modules/stylehacks
6128 silly ADD node_modules/caniuse-api
6129 silly ADD node_modules/@colordx/core
6130 silly ADD node_modules/postcss-selector-parser
6131 silly ADD node_modules/nanoid
6132 silly ADD node_modules/mimic-fn
6133 silly ADD node_modules/abbrev
6134 silly ADD node_modules/whatwg-url
6135 silly ADD node_modules/balanced-match
6136 silly ADD node_modules/brace-expansion
6137 silly ADD node_modules/to-regex-range
6138 silly ADD node_modules/fill-range
6139 silly ADD node_modules/braces
6140 silly ADD node_modules/standard-as-callback
6141 silly ADD node_modules/redis-parser
6142 silly ADD node_modules/redis-errors
6143 silly ADD node_modules/denque
6144 silly ADD node_modules/cluster-key-slot
6145 silly ADD node_modules/@ioredis/commands
6146 silly ADD node_modules/agent-base
6147 silly ADD node_modules/duplexer
6148 silly ADD node_modules/reusify
6149 silly ADD node_modules/run-parallel
6150 silly ADD node_modules/fastq
6151 silly ADD node_modules/@nodelib/fs.scandir
6152 silly ADD node_modules/merge2
6153 silly ADD node_modules/glob-parent
6154 silly ADD node_modules/@nodelib/fs.walk
6155 silly ADD node_modules/@nodelib/fs.stat
6156 silly ADD node_modules/unicorn-magic
6157 silly ADD node_modules/slash
6158 silly ADD node_modules/micromatch
6159 silly ADD node_modules/micromatch/node_modules/picomatch
6160 silly ADD node_modules/fast-glob
6161 silly ADD node_modules/@sindresorhus/merge-streams
6162 silly ADD node_modules/path-scurry
6163 silly ADD node_modules/path-scurry/node_modules/lru-cache
6164 silly ADD node_modules/minipass
6165 silly ADD node_modules/minimatch
6166 silly ADD node_modules/@esbuild/win32-x64
6167 silly ADD node_modules/type-fest
6168 silly ADD node_modules/file-uri-to-path
6169 silly ADD node_modules/normalize-path
6170 silly ADD node_modules/lodash
6171 silly ADD node_modules/lazystream
6172 silly ADD node_modules/lazystream/node_modules/string_decoder
6173 silly ADD node_modules/lazystream/node_modules/safe-buffer
6174 silly ADD node_modules/lazystream/node_modules/readable-stream
6175 silly ADD node_modules/zip-stream
6176 silly ADD node_modules/tar-stream
6177 silly ADD node_modules/readdir-glob
6178 silly ADD node_modules/readdir-glob/node_modules/balanced-match
6179 silly ADD node_modules/readdir-glob/node_modules/brace-expansion
6180 silly ADD node_modules/readdir-glob/node_modules/minimatch
6181 silly ADD node_modules/readable-stream
6182 silly ADD node_modules/buffer-crc32
6183 silly ADD node_modules/async
6184 silly ADD node_modules/archiver-utils
6185 silly ADD node_modules/archiver-utils/node_modules/lru-cache
6186 silly ADD node_modules/archiver-utils/node_modules/balanced-match
6187 silly ADD node_modules/archiver-utils/node_modules/brace-expansion
6188 silly ADD node_modules/archiver-utils/node_modules/path-scurry
6189 silly ADD node_modules/archiver-utils/node_modules/minimatch
6190 silly ADD node_modules/archiver-utils/node_modules/is-stream
6191 silly ADD node_modules/archiver-utils/node_modules/glob
6192 silly ADD node_modules/tar
6193 silly ADD node_modules/tar/node_modules/yallist
6194 silly ADD node_modules/nopt
6195 silly ADD node_modules/node-fetch
6196 silly ADD node_modules/https-proxy-agent
6197 silly ADD node_modules/detect-libc
6198 silly ADD node_modules/resolve-from
6199 silly ADD node_modules/node-gyp-build
6200 silly ADD node_modules/graceful-fs
6201 silly ADD node_modules/glob
6202 silly ADD node_modules/bindings
6203 silly ADD node_modules/async-sema
6204 silly ADD node_modules/acorn-import-attributes
6205 silly ADD node_modules/@mapbox/node-pre-gyp
6206 silly ADD node_modules/@types/estree
6207 silly ADD node_modules/terser
6208 silly ADD node_modules/terser/node_modules/commander
6209 silly ADD node_modules/smob
6210 silly ADD node_modules/serialize-javascript
6211 silly ADD node_modules/resolve
6212 silly ADD node_modules/is-module
6213 silly ADD node_modules/deepmerge
6214 silly ADD node_modules/@types/resolve
6215 silly ADD node_modules/is-reference
6216 silly ADD node_modules/fdir
6217 silly ADD node_modules/commondir
6218 silly ADD node_modules/@rollup/pluginutils
6219 silly ADD node_modules/youch-core
6220 silly ADD node_modules/youch-core/node_modules/error-stack-parser-es
6221 silly ADD node_modules/unwasm
6222 silly ADD node_modules/unwasm/node_modules/magic-string
6223 silly ADD node_modules/source-map
6224 silly ADD node_modules/serve-static
6225 silly ADD node_modules/serve-placeholder
6226 silly ADD node_modules/rollup-plugin-visualizer
6227 silly ADD node_modules/rollup-plugin-visualizer/node_modules/source-map
6228 silly ADD node_modules/rollup
6229 silly ADD node_modules/pretty-bytes
6230 silly ADD node_modules/node-fetch-native
6231 silly ADD node_modules/mime
6232 silly ADD node_modules/ioredis
6233 silly ADD node_modules/httpxy
6234 silly ADD node_modules/gzip-size
6235 silly ADD node_modules/globby
6236 silly ADD node_modules/etag
6237 silly ADD node_modules/esbuild
6238 silly ADD node_modules/dot-prop
6239 silly ADD node_modules/db0
6240 silly ADD node_modules/croner
6241 silly ADD node_modules/archiver
6242 silly ADD node_modules/@vercel/nft
6243 silly ADD node_modules/@rollup/plugin-terser
6244 silly ADD node_modules/@rollup/plugin-replace
6245 silly ADD node_modules/@rollup/plugin-replace/node_modules/magic-string
6246 silly ADD node_modules/@rollup/plugin-node-resolve
6247 silly ADD node_modules/@rollup/plugin-json
6248 silly ADD node_modules/@rollup/plugin-inject
6249 silly ADD node_modules/@rollup/plugin-inject/node_modules/magic-string
6250 silly ADD node_modules/@rollup/plugin-commonjs
6251 silly ADD node_modules/@rollup/plugin-commonjs/node_modules/magic-string
6252 silly ADD node_modules/@rollup/plugin-alias
6253 silly ADD node_modules/@cloudflare/kv-asset-handler
6254 silly ADD node_modules/acorn
6255 silly ADD node_modules/yallist
6256 silly ADD node_modules/quansync
6257 silly ADD node_modules/is-extglob
6258 silly ADD node_modules/is-glob
6259 silly ADD node_modules/uqr
6260 silly ADD node_modules/untun
6261 silly ADD node_modules/node-forge
6262 silly ADD node_modules/http-shutdown
6263 silly ADD node_modules/@parcel/watcher-wasm
6264 silly ADD node_modules/shell-quote
6265 silly ADD node_modules/ini
6266 silly ADD node_modules/is-path-inside
6267 silly ADD node_modules/global-directory
6268 silly ADD node_modules/unplugin-utils
6269 silly ADD node_modules/es-module-lexer
6270 silly ADD node_modules/radix3
6271 silly ADD node_modules/node-mock-http
6272 silly ADD node_modules/iron-webcrypto
6273 silly ADD node_modules/crossws
6274 silly ADD node_modules/loader-utils
6275 silly ADD node_modules/fast-string-truncated-width
6276 silly ADD node_modules/cac
6277 silly ADD node_modules/shebang-command
6278 silly ADD node_modules/path-key
6279 silly ADD node_modules/strip-final-newline
6280 silly ADD node_modules/signal-exit
6281 silly ADD node_modules/onetime
6282 silly ADD node_modules/npm-run-path
6283 silly ADD node_modules/npm-run-path/node_modules/path-key
6284 silly ADD node_modules/merge-stream
6285 silly ADD node_modules/is-stream
6286 silly ADD node_modules/human-signals
6287 silly ADD node_modules/get-stream
6288 silly ADD node_modules/cross-spawn
6289 silly ADD node_modules/cross-spawn/node_modules/isexe
6290 silly ADD node_modules/cross-spawn/node_modules/which
6291 silly ADD node_modules/ms
6292 silly ADD node_modules/postcss-unique-selectors
6293 silly ADD node_modules/postcss-svgo
6294 silly ADD node_modules/postcss-reduce-transforms
6295 silly ADD node_modules/postcss-reduce-initial
6296 silly ADD node_modules/postcss-ordered-values
6297 silly ADD node_modules/postcss-normalize-whitespace
6298 silly ADD node_modules/postcss-normalize-url
6299 silly ADD node_modules/postcss-normalize-unicode
6300 silly ADD node_modules/postcss-normalize-timing-functions
6301 silly ADD node_modules/postcss-normalize-string
6302 silly ADD node_modules/postcss-normalize-repeat-style
6303 silly ADD node_modules/postcss-normalize-positions
6304 silly ADD node_modules/postcss-normalize-display-values
6305 silly ADD node_modules/postcss-normalize-charset
6306 silly ADD node_modules/postcss-minify-selectors
6307 silly ADD node_modules/postcss-minify-params
6308 silly ADD node_modules/postcss-minify-gradients
6309 silly ADD node_modules/postcss-minify-font-values
6310 silly ADD node_modules/postcss-merge-rules
6311 silly ADD node_modules/postcss-merge-longhand
6312 silly ADD node_modules/postcss-discard-overridden
6313 silly ADD node_modules/postcss-discard-empty
6314 silly ADD node_modules/postcss-discard-duplicates
6315 silly ADD node_modules/postcss-discard-comments
6316 silly ADD node_modules/postcss-convert-values
6317 silly ADD node_modules/postcss-colormin
6318 silly ADD node_modules/postcss-calc
6319 silly ADD node_modules/cssnano-utils
6320 silly ADD node_modules/lilconfig
6321 silly ADD node_modules/cssnano-preset-default
6322 silly ADD node_modules/readdirp
6323 silly ADD node_modules/dotenv
6324 silly ADD node_modules/update-browserslist-db
6325 silly ADD node_modules/node-releases
6326 silly ADD node_modules/electron-to-chromium
6327 silly ADD node_modules/baseline-browser-mapping
6328 silly ADD node_modules/postcss-value-parser
6329 silly ADD node_modules/fraction.js
6330 silly ADD node_modules/caniuse-lite
6331 silly ADD node_modules/@vue/devtools-shared
6332 silly ADD node_modules/@vue/compiler-ssr
6333 silly ADD node_modules/source-map-js
6334 silly ADD node_modules/estree-walker
6335 silly ADD node_modules/entities
6336 silly ADD node_modules/@vue/compiler-core
6337 silly ADD node_modules/@vue/compiler-sfc
6338 silly ADD node_modules/@vue/compiler-sfc/node_modules/magic-string
6339 silly ADD node_modules/@vue/babel-plugin-resolve-type
6340 silly ADD node_modules/@vue/babel-helper-vue-transform-on
6341 silly ADD node_modules/@babel/plugin-syntax-jsx
6342 silly ADD node_modules/@jridgewell/resolve-uri
6343 silly ADD node_modules/@jridgewell/sourcemap-codec
6344 silly ADD node_modules/@babel/helper-string-parser
6345 silly ADD node_modules/@babel/helper-globals
6346 silly ADD node_modules/@babel/helper-replace-supers
6347 silly ADD node_modules/@babel/helper-optimise-call-expression
6348 silly ADD node_modules/@babel/helper-member-expression-to-functions
6349 silly ADD node_modules/@babel/helper-skip-transparent-expression-wrappers
6350 silly ADD node_modules/@babel/helper-create-class-features-plugin
6351 silly ADD node_modules/@babel/helper-create-class-features-plugin/node_modules/semver
6352 silly ADD node_modules/@babel/helper-annotate-as-pure
6353 silly ADD node_modules/@babel/helper-plugin-utils
6354 silly ADD node_modules/@babel/helper-module-imports
6355 silly ADD node_modules/lru-cache
6356 silly ADD node_modules/browserslist
6357 silly ADD node_modules/@babel/helper-validator-option
6358 silly ADD node_modules/@babel/compat-data
6359 silly ADD node_modules/jsesc
6360 silly ADD node_modules/@jridgewell/trace-mapping
6361 silly ADD node_modules/@jridgewell/gen-mapping
6362 silly ADD node_modules/picocolors
6363 silly ADD node_modules/@babel/helper-validator-identifier
6364 silly ADD node_modules/json5
6365 silly ADD node_modules/gensync
6366 silly ADD node_modules/convert-source-map
6367 silly ADD node_modules/@jridgewell/remapping
6368 silly ADD node_modules/@babel/types
6369 silly ADD node_modules/@babel/traverse
6370 silly ADD node_modules/@babel/template
6371 silly ADD node_modules/@babel/parser
6372 silly ADD node_modules/@babel/helpers
6373 silly ADD node_modules/@babel/helper-module-transforms
6374 silly ADD node_modules/@babel/helper-compilation-targets
6375 silly ADD node_modules/@babel/helper-compilation-targets/node_modules/semver
6376 silly ADD node_modules/@babel/generator
6377 silly ADD node_modules/@babel/code-frame
6378 silly ADD node_modules/@babel/code-frame/node_modules/js-tokens
6379 silly ADD node_modules/@vue/babel-plugin-jsx
6380 silly ADD node_modules/@babel/plugin-transform-typescript
6381 silly ADD node_modules/@babel/plugin-syntax-typescript
6382 silly ADD node_modules/@babel/core
6383 silly ADD node_modules/@babel/core/node_modules/semver
6384 silly ADD node_modules/@rolldown/pluginutils
6385 silly ADD node_modules/@unhead/bundler
6386 silly ADD node_modules/vite-plugin-checker
6387 silly ADD node_modules/vite-plugin-checker/node_modules/unicorn-magic
6388 silly ADD node_modules/vite-plugin-checker/node_modules/path-key
6389 silly ADD node_modules/vite-plugin-checker/node_modules/npm-run-path
6390 silly ADD node_modules/vite-node
6391 silly ADD node_modules/vite-node/node_modules/cac
6392 silly ADD node_modules/unenv
6393 silly ADD node_modules/seroval
6394 silly ADD node_modules/js-tokens
6395 silly ADD node_modules/generic-names
6396 silly ADD node_modules/cssnano
6397 silly ADD node_modules/postcss
6398 silly ADD node_modules/autoprefixer
6399 silly ADD node_modules/@vitejs/plugin-vue-jsx
6400 silly ADD node_modules/@vitejs/plugin-vue
6401 silly ADD node_modules/vue-devtools-stub
6402 silly ADD node_modules/vue-bundle-renderer
6403 silly ADD node_modules/nitropack
6404 silly ADD node_modules/nitropack/node_modules/unplugin
6405 silly ADD node_modules/nitropack/node_modules/estree-walker
6406 silly ADD node_modules/nitropack/node_modules/unctx
6407 silly ADD node_modules/nitropack/node_modules/magic-string
6408 silly ADD node_modules/nitropack/node_modules/hookable
6409 silly ADD node_modules/nitropack/node_modules/cookie-es
6410 silly ADD node_modules/mocked-exports
6411 silly ADD node_modules/h3
6412 silly ADD node_modules/h3/node_modules/cookie-es
6413 silly ADD node_modules/@nuxt/devalue
6414 silly ADD node_modules/rc9
6415 silly ADD node_modules/diff
6416 silly ADD node_modules/ws
6417 silly ADD node_modules/which
6418 silly ADD node_modules/vite-plugin-vue-tracer
6419 silly ADD node_modules/vite-plugin-vue-tracer/node_modules/estree-walker
6420 silly ADD node_modules/vite-plugin-inspect
6421 silly ADD node_modules/vite-plugin-inspect/node_modules/error-stack-parser-es
6422 silly ADD node_modules/unstorage
6423 silly ADD node_modules/unstorage/node_modules/lru-cache
6424 silly ADD node_modules/structured-clone-es
6425 silly ADD node_modules/sirv
6426 silly ADD node_modules/simple-git
6427 silly ADD node_modules/magicast
6428 silly ADD node_modules/local-pkg
6429 silly ADD node_modules/launch-editor
6430 silly ADD node_modules/is-installed-globally
6431 silly ADD node_modules/image-meta
6432 silly ADD node_modules/get-port-please
6433 silly ADD node_modules/fast-npm-meta
6434 silly ADD node_modules/fast-npm-meta/node_modules/cac
6435 silly ADD node_modules/execa
6436 silly ADD node_modules/error-stack-parser-es
6437 silly ADD node_modules/destr
6438 silly ADD node_modules/birpc
6439 silly ADD node_modules/@vue/devtools-kit
6440 silly ADD node_modules/@vue/devtools-kit/node_modules/hookable
6441 silly ADD node_modules/@vue/devtools-kit/node_modules/birpc
6442 silly ADD node_modules/@vue/devtools-core
6443 silly ADD node_modules/@nuxt/devtools-wizard
6444 silly ADD node_modules/@nuxt/devtools-kit
6445 silly ADD node_modules/sisteransi
6446 silly ADD node_modules/fast-wrap-ansi
6447 silly ADD node_modules/fast-string-width
6448 silly ADD node_modules/@clack/core
6449 silly ADD node_modules/youch
6450 silly ADD node_modules/tinyexec
6451 silly ADD node_modules/tinyclip
6452 silly ADD node_modules/srvx
6453 silly ADD node_modules/semver
6454 silly ADD node_modules/listhen
6455 silly ADD node_modules/listhen/node_modules/crossws
6456 silly ADD node_modules/giget
6457 silly ADD node_modules/fzf
6458 silly ADD node_modules/fuse.js
6459 silly ADD node_modules/debug
6460 silly ADD node_modules/confbox
6461 silly ADD node_modules/citty
6462 silly ADD node_modules/c12
6463 silly ADD node_modules/@clack/prompts
6464 silly ADD node_modules/@bomb.sh/tab
6465 silly ADD node_modules/@vue/compiler-dom
6466 silly ADD node_modules/@dxup/unimport
6467 silly ADD node_modules/vue-router
6468 silly ADD node_modules/vue-router/node_modules/magic-string
6469 silly ADD node_modules/vue-component-type-helpers
6470 silly ADD node_modules/verkit
6471 silly ADD node_modules/untyped
6472 silly ADD node_modules/untyped/node_modules/citty
6473 silly ADD node_modules/unrouting
6474 silly ADD node_modules/unplugin
6475 silly ADD node_modules/unimport
6476 silly ADD node_modules/unimport/node_modules/estree-walker
6477 silly ADD node_modules/unhead
6478 silly ADD node_modules/undici
6479 silly ADD node_modules/unctx
6480 silly ADD node_modules/uncrypto
6481 silly ADD node_modules/ultrahtml
6482 silly ADD node_modules/ufo
6483 silly ADD node_modules/tinyglobby
6484 silly ADD node_modules/std-env
6485 silly ADD node_modules/scule
6486 silly ADD node_modules/rou3
6487 silly ADD node_modules/rolldown-string
6488 silly ADD node_modules/pkg-types
6489 silly ADD node_modules/pkg-types/node_modules/confbox
6490 silly ADD node_modules/picomatch
6491 silly ADD node_modules/perfect-debounce
6492 silly ADD node_modules/pathe
6493 silly ADD node_modules/oxc-walker
6494 silly ADD node_modules/on-change
6495 silly ADD node_modules/ohash
6496 silly ADD node_modules/ofetch
6497 silly ADD node_modules/object-identity
6498 silly ADD node_modules/nypm
6499 silly ADD node_modules/nostics
6500 silly ADD node_modules/nanotar
6501 silly ADD node_modules/mlly
6502 silly ADD node_modules/mlly/node_modules/confbox
6503 silly ADD node_modules/mlly/node_modules/pkg-types
6504 silly ADD node_modules/magic-string
6505 silly ADD node_modules/knitwork
6506 silly ADD node_modules/klona
6507 silly ADD node_modules/jiti
6508 silly ADD node_modules/impound
6509 silly ADD node_modules/ignore
6510 silly ADD node_modules/hookable
6511 silly ADD node_modules/fnv1a-64
6512 silly ADD node_modules/exsolve
6513 silly ADD node_modules/escape-string-regexp
6514 silly ADD node_modules/errx
6515 silly ADD node_modules/devalue
6516 silly ADD node_modules/defu
6517 silly ADD node_modules/cookie-es
6518 silly ADD node_modules/consola
6519 silly ADD node_modules/compatx
6520 silly ADD node_modules/chokidar
6521 silly ADD node_modules/@vue/shared
6522 silly ADD node_modules/@unhead/vue
6523 silly ADD node_modules/vue
6524 silly ADD node_modules/@nuxt/vite-builder
6525 silly ADD node_modules/@nuxt/telemetry
6526 silly ADD node_modules/@nuxt/schema
6527 silly ADD node_modules/@nuxt/nitro-server
6528 silly ADD node_modules/@nuxt/kit
6529 silly ADD node_modules/vite
6530 silly ADD node_modules/@nuxt/devtools
6531 silly ADD node_modules/@nuxt/cli
6532 silly ADD node_modules/@dxup/nuxt
6533 silly ADD node_modules/rolldown
6534 silly ADD node_modules/nuxt
6535 verbose cwd C:\Users\Kawinpat\Documents\Codex\2026-09-04\new-chat
6536 verbose os Windows_NT 10.0.19045
6537 verbose node v24.14.1
6538 verbose npm  v11.12.1
6539 notice
6539 notice New minor version of npm available! 11.12.1 -> 11.19.1
6539 notice Changelog: https://github.com/npm/cli/releases/tag/v11.19.1
6539 notice To update run: npm install -g npm@11.19.1
6539 notice  { force: true, Symbol(proc-log.meta): true }
6540 verbose exit 0
6541 info ok
