0 verbose cli C:\Program Files\nodejs\node.exe C:\Program Files\nodejs\node_modules\npm\bin\npm-cli.js
1 info using npm@11.12.1
2 info using node@v24.14.1
3 silly config load:file:C:\Users\Kawinpat\AppData\Roaming\nvm\v24.14.1\node_modules\npm\npmrc
4 silly config load:file:C:\Users\Kawinpat\Documents\Codex\2026-09-04\new-chat\.npmrc
5 silly config load:file:C:\Users\Kawinpat\.npmrc
6 silly config load:file:C:\Program Files\nodejs\etc\npmrc
7 verbose title npm install
8 verbose argv "install" "--cache" ".npm-cache" "--loglevel" "error"
9 verbose logfile logs-max:10 dir:C:\Users\Kawinpat\Documents\Codex\2026-09-04\new-chat\.npm-cache\_logs\2026-09-04T10_31_57_668Z-
10 verbose logfile C:\Users\Kawinpat\Documents\Codex\2026-09-04\new-chat\.npm-cache\_logs\2026-09-04T10_31_57_668Z-debug-0.log
11 silly logfile done cleaning log files
12 silly packumentCache heap:4496293888 maxSize:1124073472 maxEntrySize:562036736
13 silly idealTree buildDeps
14 silly fetch manifest nuxt@^4.1.0
15 silly packumentCache full:https://registry.npmjs.org/nuxt cache-miss
16 http cache https://registry.npmjs.org/nuxt 20ms (cache hit)
17 silly packumentCache full:https://registry.npmjs.org/nuxt set size:1602905 disposed:false
18 silly fetch manifest @parcel/watcher@^2.1.0
19 silly packumentCache full:https://registry.npmjs.org/@parcel%2fwatcher cache-miss
20 http cache https://registry.npmjs.org/@parcel%2fwatcher 4ms (cache hit)
21 silly packumentCache full:https://registry.npmjs.org/@parcel%2fwatcher set size:124080 disposed:false
22 silly fetch manifest @types/node@>=18.12.0
23 silly packumentCache full:https://registry.npmjs.org/@types%2fnode cache-miss
24 http cache https://registry.npmjs.org/@types%2fnode 23ms (cache hit)
25 silly packumentCache full:https://registry.npmjs.org/@types%2fnode set size:11100097 disposed:false
26 silly fetch manifest rolldown@~1.2.1
27 silly packumentCache full:https://registry.npmjs.org/rolldown cache-miss
28 http cache https://registry.npmjs.org/rolldown 14ms (cache hit)
29 silly packumentCache full:https://registry.npmjs.org/rolldown set size:3808254 disposed:false
30 silly placeDep ROOT nuxt@4.5.2 OK for:  want: ^4.1.0
31 silly placeDep ROOT rolldown@1.2.7 OK for: nuxt@4.5.2 want: ~1.2.1
32 silly fetch manifest ufo@^1.6.4
33 silly packumentCache full:https://registry.npmjs.org/ufo cache-miss
34 silly fetch manifest vue@^3.5.40
35 silly packumentCache full:https://registry.npmjs.org/vue cache-miss
36 silly fetch manifest defu@^6.1.7
37 silly packumentCache full:https://registry.npmjs.org/defu cache-miss
38 silly fetch manifest errx@^0.1.2
39 silly packumentCache full:https://registry.npmjs.org/errx cache-miss
40 silly fetch manifest jiti@^2.7.0
41 silly packumentCache full:https://registry.npmjs.org/jiti cache-miss
42 http cache https://registry.npmjs.org/ufo 19ms (cache hit)
43 silly packumentCache full:https://registry.npmjs.org/ufo set size:169119 disposed:false
44 silly fetch manifest mlly@^1.8.2
45 silly packumentCache full:https://registry.npmjs.org/mlly cache-miss
46 http cache https://registry.npmjs.org/errx 21ms (cache hit)
47 silly packumentCache full:https://registry.npmjs.org/errx set size:13986 disposed:false
48 silly fetch manifest nypm@^0.6.9
49 silly packumentCache full:https://registry.npmjs.org/nypm cache-miss
50 http cache https://registry.npmjs.org/vue 32ms (cache hit)
51 silly packumentCache full:https://registry.npmjs.org/vue set size:2100753 disposed:false
52 silly fetch manifest rou3@^0.9.1
53 silly packumentCache full:https://registry.npmjs.org/rou3 cache-miss
54 http cache https://registry.npmjs.org/defu 51ms (cache hit)
55 silly packumentCache full:https://registry.npmjs.org/defu set size:87806 disposed:false
56 silly fetch manifest klona@^2.0.6
57 silly packumentCache full:https://registry.npmjs.org/klona cache-miss
58 http cache https://registry.npmjs.org/jiti 55ms (cache hit)
59 silly packumentCache full:https://registry.npmjs.org/jiti set size:387989 disposed:false
60 silly fetch manifest ohash@^2.0.11
61 silly packumentCache full:https://registry.npmjs.org/ohash cache-miss
62 http cache https://registry.npmjs.org/nypm 53ms (cache hit)
63 silly packumentCache full:https://registry.npmjs.org/nypm set size:86489 disposed:false
64 silly fetch manifest pathe@^2.0.3
65 silly packumentCache full:https://registry.npmjs.org/pathe cache-miss
66 http cache https://registry.npmjs.org/mlly 58ms (cache hit)
67 silly packumentCache full:https://registry.npmjs.org/mlly set size:209209 disposed:false
68 silly fetch manifest scule@^1.3.0
69 silly packumentCache full:https://registry.npmjs.org/scule cache-miss
70 http cache https://registry.npmjs.org/rou3 32ms (cache hit)
71 silly packumentCache full:https://registry.npmjs.org/rou3 set size:91714 disposed:false
72 silly fetch manifest unctx@^3.0.0
73 silly packumentCache full:https://registry.npmjs.org/unctx cache-miss
74 http cache https://registry.npmjs.org/klona 32ms (cache hit)
75 silly packumentCache full:https://registry.npmjs.org/klona set size:42195 disposed:false
76 silly fetch manifest ignore@^7.0.6
77 silly packumentCache full:https://registry.npmjs.org/ignore cache-miss
78 http cache https://registry.npmjs.org/ohash 25ms (cache hit)
79 silly packumentCache full:https://registry.npmjs.org/ohash set size:71846 disposed:false
80 silly fetch manifest ofetch@^1.5.1
81 silly packumentCache full:https://registry.npmjs.org/ofetch cache-miss
82 http cache https://registry.npmjs.org/scule 18ms (cache hit)
83 silly packumentCache full:https://registry.npmjs.org/scule set size:38557 disposed:false
84 silly fetch manifest undici@^8.10.0
85 silly packumentCache full:https://registry.npmjs.org/undici cache-miss
86 http cache https://registry.npmjs.org/pathe 30ms (cache hit)
87 silly packumentCache full:https://registry.npmjs.org/pathe set size:68788 disposed:false
88 silly fetch manifest unhead@^3.3.1
89 silly packumentCache full:https://registry.npmjs.org/unhead cache-miss
90 http cache https://registry.npmjs.org/unctx 28ms (cache hit)
91 silly packumentCache full:https://registry.npmjs.org/unctx set size:98214 disposed:false
92 silly fetch manifest verkit@^0.3.1
93 silly packumentCache full:https://registry.npmjs.org/verkit cache-miss
94 http cache https://registry.npmjs.org/ofetch 26ms (cache hit)
95 silly packumentCache full:https://registry.npmjs.org/ofetch set size:75280 disposed:false
96 silly fetch manifest compatx@^0.2.0
97 silly packumentCache full:https://registry.npmjs.org/compatx cache-miss
98 http cache https://registry.npmjs.org/ignore 34ms (cache hit)
99 silly packumentCache full:https://registry.npmjs.org/ignore set size:251191 disposed:false
100 silly fetch manifest consola@^3.4.2
101 silly packumentCache full:https://registry.npmjs.org/consola cache-miss
102 http cache https://registry.npmjs.org/undici 41ms (cache hit)
103 silly packumentCache full:https://registry.npmjs.org/undici set size:1538249 disposed:false
104 silly fetch manifest devalue@^5.9.0
105 silly packumentCache full:https://registry.npmjs.org/devalue cache-miss
106 http cache https://registry.npmjs.org/verkit 70ms (cache hit)
107 silly packumentCache full:https://registry.npmjs.org/verkit set size:31383 disposed:false
108 silly fetch manifest exsolve@^1.1.1
109 silly packumentCache full:https://registry.npmjs.org/exsolve cache-miss
110 http cache https://registry.npmjs.org/unhead 83ms (cache hit)
111 silly packumentCache full:https://registry.npmjs.org/unhead set size:860746 disposed:false
112 silly fetch manifest impound@^1.1.6
113 silly packumentCache full:https://registry.npmjs.org/impound cache-miss
114 http cache https://registry.npmjs.org/compatx 103ms (cache hit)
115 silly packumentCache full:https://registry.npmjs.org/compatx set size:24619 disposed:false
116 silly fetch manifest nanotar@^0.3.0
117 silly packumentCache full:https://registry.npmjs.org/nanotar cache-miss
118 http cache https://registry.npmjs.org/consola 100ms (cache hit)
119 silly packumentCache full:https://registry.npmjs.org/consola set size:324648 disposed:false
120 silly fetch manifest nostics@^1.2.0
121 silly packumentCache full:https://registry.npmjs.org/nostics cache-miss
122 http cache https://registry.npmjs.org/devalue 59ms (cache hit)
123 silly packumentCache full:https://registry.npmjs.org/devalue set size:123988 disposed:false
124 silly fetch manifest std-env@^4.2.0
125 silly packumentCache full:https://registry.npmjs.org/std-env cache-miss
126 http cache https://registry.npmjs.org/exsolve 53ms (cache hit)
127 silly packumentCache full:https://registry.npmjs.org/exsolve set size:60813 disposed:false
128 silly fetch manifest untyped@^2.0.0
129 silly packumentCache full:https://registry.npmjs.org/untyped cache-miss
130 http cache https://registry.npmjs.org/impound 42ms (cache hit)
131 silly packumentCache full:https://registry.npmjs.org/impound set size:42552 disposed:false
132 silly fetch manifest chokidar@^5.0.0
133 silly packumentCache full:https://registry.npmjs.org/chokidar cache-miss
134 http cache https://registry.npmjs.org/nanotar 22ms (cache hit)
135 silly packumentCache full:https://registry.npmjs.org/nanotar set size:10161 disposed:false
136 silly fetch manifest fnv1a-64@^0.1.2
137 silly packumentCache full:https://registry.npmjs.org/fnv1a-64 cache-miss
138 http cache https://registry.npmjs.org/nostics 20ms (cache hit)
139 silly packumentCache full:https://registry.npmjs.org/nostics set size:43063 disposed:false
140 silly fetch manifest hookable@^6.1.1
141 silly packumentCache full:https://registry.npmjs.org/hookable cache-miss
142 http cache https://registry.npmjs.org/std-env 21ms (cache hit)
143 silly packumentCache full:https://registry.npmjs.org/std-env set size:90491 disposed:false
144 silly fetch manifest knitwork@^1.3.0
145 silly packumentCache full:https://registry.npmjs.org/knitwork cache-miss
146 http cache https://registry.npmjs.org/untyped 23ms (cache hit)
147 silly packumentCache full:https://registry.npmjs.org/untyped set size:138665 disposed:false
148 silly fetch manifest uncrypto@^0.1.3
149 silly packumentCache full:https://registry.npmjs.org/uncrypto cache-miss
150 http cache https://registry.npmjs.org/chokidar 25ms (cache hit)
151 silly packumentCache full:https://registry.npmjs.org/chokidar set size:255902 disposed:false
152 silly fetch manifest unimport@^6.4.0
153 silly packumentCache full:https://registry.npmjs.org/unimport cache-miss
154 http cache https://registry.npmjs.org/fnv1a-64 26ms (cache hit)
155 silly packumentCache full:https://registry.npmjs.org/fnv1a-64 set size:12995 disposed:false
156 silly fetch manifest unplugin@^3.3.0
157 silly packumentCache full:https://registry.npmjs.org/unplugin cache-miss
158 http cache https://registry.npmjs.org/hookable 29ms (cache hit)
159 silly packumentCache full:https://registry.npmjs.org/hookable set size:114658 disposed:false
160 silly fetch manifest @nuxt/cli@^3.37.0
161 silly packumentCache full:https://registry.npmjs.org/@nuxt%2fcli cache-miss
162 http cache https://registry.npmjs.org/knitwork 27ms (cache hit)
163 silly packumentCache full:https://registry.npmjs.org/knitwork set size:35116 disposed:false
164 silly fetch manifest @nuxt/kit@4.5.2
165 silly packumentCache full:https://registry.npmjs.org/@nuxt%2fkit cache-miss
166 http cache https://registry.npmjs.org/uncrypto 29ms (cache hit)
167 silly packumentCache full:https://registry.npmjs.org/uncrypto set size:15333 disposed:false
168 silly fetch manifest cookie-es@^3.1.1
169 silly packumentCache full:https://registry.npmjs.org/cookie-es cache-miss
170 http cache https://registry.npmjs.org/unimport 29ms (cache hit)
171 silly packumentCache full:https://registry.npmjs.org/unimport set size:454456 disposed:false
172 silly fetch manifest on-change@^6.0.2
173 silly packumentCache full:https://registry.npmjs.org/on-change cache-miss
174 http cache https://registry.npmjs.org/unplugin 33ms (cache hit)
175 silly packumentCache full:https://registry.npmjs.org/unplugin set size:411824 disposed:false
176 silly fetch manifest picomatch@^4.0.5
177 silly packumentCache full:https://registry.npmjs.org/picomatch cache-miss
178 http cache https://registry.npmjs.org/@nuxt%2fcli 30ms (cache hit)
179 silly packumentCache full:https://registry.npmjs.org/@nuxt%2fcli set size:293723 disposed:false
180 silly fetch manifest pkg-types@^2.3.1
181 silly packumentCache full:https://registry.npmjs.org/pkg-types cache-miss
182 http cache https://registry.npmjs.org/@nuxt%2fkit 33ms (cache hit)
183 silly packumentCache full:https://registry.npmjs.org/@nuxt%2fkit set size:402804 disposed:false
184 silly fetch manifest ultrahtml@^1.7.0
185 silly packumentCache full:https://registry.npmjs.org/ultrahtml cache-miss
186 http cache https://registry.npmjs.org/cookie-es 29ms (cache hit)
187 silly packumentCache full:https://registry.npmjs.org/cookie-es set size:30011 disposed:false
188 silly fetch manifest unrouting@^0.2.2
189 silly packumentCache full:https://registry.npmjs.org/unrouting cache-miss
190 http cache https://registry.npmjs.org/picomatch 17ms (cache hit)
191 silly packumentCache full:https://registry.npmjs.org/picomatch set size:134451 disposed:false
192 silly fetch manifest @dxup/nuxt@^0.5.6
193 silly packumentCache full:https://registry.npmjs.org/@dxup%2fnuxt cache-miss
194 http cache https://registry.npmjs.org/on-change 26ms (cache hit)
195 silly packumentCache full:https://registry.npmjs.org/on-change set size:112652 disposed:false
196 silly fetch manifest oxc-walker@^1.1.1
197 silly packumentCache full:https://registry.npmjs.org/oxc-walker cache-miss
198 http cache https://registry.npmjs.org/pkg-types 20ms (cache hit)
199 silly packumentCache full:https://registry.npmjs.org/pkg-types set size:92578 disposed:false
200 silly fetch manifest tinyglobby@^0.2.17
201 silly packumentCache full:https://registry.npmjs.org/tinyglobby cache-miss
202 http cache https://registry.npmjs.org/ultrahtml 19ms (cache hit)
203 silly packumentCache full:https://registry.npmjs.org/ultrahtml set size:122052 disposed:false
204 silly fetch manifest vue-router@^5.2.0
205 silly packumentCache full:https://registry.npmjs.org/vue-router cache-miss
206 http cache https://registry.npmjs.org/unrouting 19ms (cache hit)
207 silly packumentCache full:https://registry.npmjs.org/unrouting set size:48869 disposed:false
208 silly fetch manifest @unhead/vue@^3.3.1
209 silly packumentCache full:https://registry.npmjs.org/@unhead%2fvue cache-miss
210 http cache https://registry.npmjs.org/@dxup%2fnuxt 18ms (cache hit)
211 silly packumentCache full:https://registry.npmjs.org/@dxup%2fnuxt set size:60029 disposed:false
212 silly fetch manifest @vue/shared@^3.5.40
213 silly packumentCache full:https://registry.npmjs.org/@vue%2fshared cache-miss
214 http cache https://registry.npmjs.org/oxc-walker 18ms (cache hit)
215 silly packumentCache full:https://registry.npmjs.org/oxc-walker set size:50935 disposed:false
216 silly fetch manifest @nuxt/schema@4.5.2
217 silly packumentCache full:https://registry.npmjs.org/@nuxt%2fschema cache-miss
218 http cache https://registry.npmjs.org/tinyglobby 15ms (cache hit)
219 silly packumentCache full:https://registry.npmjs.org/tinyglobby set size:54291 disposed:false
220 silly fetch manifest magic-string@^1.1.0
221 silly packumentCache full:https://registry.npmjs.org/magic-string cache-miss
222 http cache https://registry.npmjs.org/vue-router 16ms (cache hit)
223 silly packumentCache full:https://registry.npmjs.org/vue-router set size:1013948 disposed:false
224 silly fetch manifest @nuxt/devtools@^3.4.1
225 silly packumentCache full:https://registry.npmjs.org/@nuxt%2fdevtools cache-miss
226 http cache https://registry.npmjs.org/@nuxt%2fschema 22ms (cache hit)
227 silly packumentCache full:https://registry.npmjs.org/@nuxt%2fschema set size:410792 disposed:false
228 silly fetch manifest @nuxt/telemetry@^2.8.0
229 silly packumentCache full:https://registry.npmjs.org/@nuxt%2ftelemetry cache-miss
230 http cache https://registry.npmjs.org/@unhead%2fvue 32ms (cache hit)
231 silly packumentCache full:https://registry.npmjs.org/@unhead%2fvue set size:910296 disposed:false
232 silly fetch manifest object-identity@^0.2.3
233 silly packumentCache full:https://registry.npmjs.org/object-identity cache-miss
234 http cache https://registry.npmjs.org/@vue%2fshared 39ms (cache hit)
235 silly packumentCache full:https://registry.npmjs.org/@vue%2fshared set size:742110 disposed:false
236 silly fetch manifest rolldown-string@^0.3.1
237 silly packumentCache full:https://registry.npmjs.org/rolldown-string cache-miss
238 http cache https://registry.npmjs.org/magic-string 40ms (cache hit)
239 silly packumentCache full:https://registry.npmjs.org/magic-string set size:352504 disposed:false
240 silly fetch manifest perfect-debounce@^2.1.0
241 silly packumentCache full:https://registry.npmjs.org/perfect-debounce cache-miss
242 http cache https://registry.npmjs.org/@nuxt%2fdevtools 38ms (cache hit)
243 silly packumentCache full:https://registry.npmjs.org/@nuxt%2fdevtools set size:710406 disposed:false
244 silly fetch manifest @nuxt/nitro-server@4.5.2
245 silly packumentCache full:https://registry.npmjs.org/@nuxt%2fnitro-server cache-miss
246 http cache https://registry.npmjs.org/object-identity 32ms (cache hit)
247 silly packumentCache full:https://registry.npmjs.org/object-identity set size:36305 disposed:false
248 silly fetch manifest @nuxt/vite-builder@4.5.2
249 silly packumentCache full:https://registry.npmjs.org/@nuxt%2fvite-builder cache-miss
250 http cache https://registry.npmjs.org/@nuxt%2ftelemetry 43ms (cache hit)
251 silly packumentCache full:https://registry.npmjs.org/@nuxt%2ftelemetry set size:252624 disposed:false
252 silly fetch manifest escape-string-regexp@^5.0.0
253 silly packumentCache full:https://registry.npmjs.org/escape-string-regexp cache-miss
254 http cache https://registry.npmjs.org/rolldown-string 41ms (cache hit)
255 silly packumentCache full:https://registry.npmjs.org/rolldown-string set size:18972 disposed:false
256 silly fetch manifest vue-component-type-helpers@^3.3.9
257 silly packumentCache full:https://registry.npmjs.org/vue-component-type-helpers cache-miss
258 http cache https://registry.npmjs.org/perfect-debounce 37ms (cache hit)
259 silly packumentCache full:https://registry.npmjs.org/perfect-debounce set size:28201 disposed:false
260 silly fetch manifest @oxc-project/types@=0.148.0
261 silly packumentCache full:https://registry.npmjs.org/@oxc-project%2ftypes cache-miss
262 http cache https://registry.npmjs.org/@nuxt%2fnitro-server 28ms (cache hit)
263 silly packumentCache full:https://registry.npmjs.org/@nuxt%2fnitro-server set size:76684 disposed:false
264 silly fetch manifest @rolldown/pluginutils@^1.0.0
265 silly packumentCache full:https://registry.npmjs.org/@rolldown%2fpluginutils cache-miss
266 http cache https://registry.npmjs.org/escape-string-regexp 19ms (cache hit)
267 silly packumentCache full:https://registry.npmjs.org/escape-string-regexp set size:22244 disposed:false
268 silly fetch manifest @rolldown/binding-darwin-x64@1.2.7
269 silly packumentCache full:https://registry.npmjs.org/@rolldown%2fbinding-darwin-x64 cache-miss
270 http cache https://registry.npmjs.org/@nuxt%2fvite-builder 29ms (cache hit)
271 silly packumentCache full:https://registry.npmjs.org/@nuxt%2fvite-builder set size:449855 disposed:false
272 silly fetch manifest @rolldown/binding-freebsd-x64@1.2.7
273 silly packumentCache full:https://registry.npmjs.org/@rolldown%2fbinding-freebsd-x64 cache-miss
274 http cache https://registry.npmjs.org/vue-component-type-helpers 20ms (cache hit)
275 silly packumentCache full:https://registry.npmjs.org/vue-component-type-helpers set size:292341 disposed:false
276 silly fetch manifest @rolldown/binding-darwin-arm64@1.2.7
277 silly packumentCache full:https://registry.npmjs.org/@rolldown%2fbinding-darwin-arm64 cache-miss
278 http cache https://registry.npmjs.org/@oxc-project%2ftypes 19ms (cache hit)
279 silly packumentCache full:https://registry.npmjs.org/@oxc-project%2ftypes set size:253335 disposed:false
280 silly fetch manifest @rolldown/binding-android-arm64@1.2.7
281 silly packumentCache full:https://registry.npmjs.org/@rolldown%2fbinding-android-arm64 cache-miss
282 http cache https://registry.npmjs.org/@rolldown%2fpluginutils 19ms (cache hit)
283 silly packumentCache full:https://registry.npmjs.org/@rolldown%2fpluginutils set size:300388 disposed:false
284 silly fetch manifest @rolldown/binding-linux-x64-gnu@1.2.7
285 silly packumentCache full:https://registry.npmjs.org/@rolldown%2fbinding-linux-x64-gnu cache-miss
286 http cache https://registry.npmjs.org/@rolldown%2fbinding-darwin-arm64 16ms (cache hit)
287 silly packumentCache full:https://registry.npmjs.org/@rolldown%2fbinding-darwin-arm64 set size:1405498 disposed:false
288 silly fetch manifest @rolldown/binding-linux-x64-musl@1.2.7
289 silly packumentCache full:https://registry.npmjs.org/@rolldown%2fbinding-linux-x64-musl cache-miss
290 http cache https://registry.npmjs.org/@rolldown%2fbinding-freebsd-x64 29ms (cache hit)
291 silly packumentCache full:https://registry.npmjs.org/@rolldown%2fbinding-freebsd-x64 set size:1073414 disposed:false
292 silly fetch manifest @rolldown/binding-win32-x64-msvc@1.2.7
293 silly packumentCache full:https://registry.npmjs.org/@rolldown%2fbinding-win32-x64-msvc cache-miss
294 http cache https://registry.npmjs.org/@rolldown%2fbinding-darwin-x64 42ms (cache hit)
295 silly packumentCache full:https://registry.npmjs.org/@rolldown%2fbinding-darwin-x64 set size:1393657 disposed:false
296 silly fetch manifest @rolldown/binding-linux-arm64-gnu@1.2.7
297 silly packumentCache full:https://registry.npmjs.org/@rolldown%2fbinding-linux-arm64-gnu cache-miss
298 http cache https://registry.npmjs.org/@rolldown%2fbinding-android-arm64 43ms (cache hit)
299 silly packumentCache full:https://registry.npmjs.org/@rolldown%2fbinding-android-arm64 set size:180054 disposed:false
300 silly fetch manifest @rolldown/binding-linux-ppc64-gnu@1.2.7
301 silly packumentCache full:https://registry.npmjs.org/@rolldown%2fbinding-linux-ppc64-gnu cache-miss
302 http cache https://registry.npmjs.org/@rolldown%2fbinding-linux-x64-gnu 46ms (cache hit)
303 silly packumentCache full:https://registry.npmjs.org/@rolldown%2fbinding-linux-x64-gnu set size:1419345 disposed:false
304 silly fetch manifest @rolldown/binding-linux-s390x-gnu@1.2.7
305 silly packumentCache full:https://registry.npmjs.org/@rolldown%2fbinding-linux-s390x-gnu cache-miss
306 http cache https://registry.npmjs.org/@rolldown%2fbinding-linux-arm64-gnu 28ms (cache hit)
307 silly packumentCache full:https://registry.npmjs.org/@rolldown%2fbinding-linux-arm64-gnu set size:1431220 disposed:false
308 silly fetch manifest @rolldown/binding-android-arm-eabi@1.2.7
309 silly packumentCache full:https://registry.npmjs.org/@rolldown%2fbinding-android-arm-eabi cache-miss
310 http cache https://registry.npmjs.org/@rolldown%2fbinding-win32-x64-msvc 48ms (cache hit)
311 silly packumentCache full:https://registry.npmjs.org/@rolldown%2fbinding-win32-x64-msvc set size:1411929 disposed:false
312 silly fetch manifest @rolldown/binding-linux-arm64-musl@1.2.7
313 silly packumentCache full:https://registry.npmjs.org/@rolldown%2fbinding-linux-arm64-musl cache-miss
314 http cache https://registry.npmjs.org/@rolldown%2fbinding-linux-x64-musl 72ms (cache hit)
315 silly packumentCache full:https://registry.npmjs.org/@rolldown%2fbinding-linux-x64-musl set size:1424055 disposed:false
316 silly fetch manifest @rolldown/binding-win32-arm64-msvc@1.2.7
317 silly packumentCache full:https://registry.npmjs.org/@rolldown%2fbinding-win32-arm64-msvc cache-miss
318 http cache https://registry.npmjs.org/@rolldown%2fbinding-linux-ppc64-gnu 55ms (cache hit)
319 silly packumentCache full:https://registry.npmjs.org/@rolldown%2fbinding-linux-ppc64-gnu set size:67808 disposed:false
320 silly fetch manifest @rolldown/binding-openharmony-arm64@1.2.7
321 silly packumentCache full:https://registry.npmjs.org/@rolldown%2fbinding-openharmony-arm64 cache-miss
322 http cache https://registry.npmjs.org/@rolldown%2fbinding-linux-s390x-gnu 45ms (cache hit)
323 silly packumentCache full:https://registry.npmjs.org/@rolldown%2fbinding-linux-s390x-gnu set size:67804 disposed:false
324 silly fetch manifest @rolldown/binding-linux-arm-gnueabihf@1.2.7
325 silly packumentCache full:https://registry.npmjs.org/@rolldown%2fbinding-linux-arm-gnueabihf cache-miss
326 http cache https://registry.npmjs.org/@rolldown%2fbinding-android-arm-eabi 34ms (cache hit)
327 silly packumentCache full:https://registry.npmjs.org/@rolldown%2fbinding-android-arm-eabi set size:15925 disposed:false
328 http cache https://registry.npmjs.org/@rolldown%2fbinding-linux-arm64-musl 28ms (cache hit)
329 silly packumentCache full:https://registry.npmjs.org/@rolldown%2fbinding-linux-arm64-musl set size:1435895 disposed:false
330 http cache https://registry.npmjs.org/@rolldown%2fbinding-win32-arm64-msvc 24ms (cache hit)
331 silly packumentCache full:https://registry.npmjs.org/@rolldown%2fbinding-win32-arm64-msvc set size:1426147 disposed:false
332 http cache https://registry.npmjs.org/@rolldown%2fbinding-openharmony-arm64 31ms (cache hit)
333 silly packumentCache full:https://registry.npmjs.org/@rolldown%2fbinding-openharmony-arm64 set size:142187 disposed:false
334 http cache https://registry.npmjs.org/@rolldown%2fbinding-linux-arm-gnueabihf 33ms (cache hit)
335 silly packumentCache full:https://registry.npmjs.org/@rolldown%2fbinding-linux-arm-gnueabihf set size:1440847 disposed:false
336 silly fetch manifest typescript@*
337 silly packumentCache full:https://registry.npmjs.org/typescript cache-miss
338 http cache https://registry.npmjs.org/typescript 30ms (cache hit)
339 silly packumentCache full:https://registry.npmjs.org/typescript set size:15635352 disposed:false
340 silly fetch manifest oxc-parser@>=0.140.0
341 silly packumentCache full:https://registry.npmjs.org/oxc-parser cache-miss
342 http cache https://registry.npmjs.org/oxc-parser 6ms (cache hit)
343 silly packumentCache full:https://registry.npmjs.org/oxc-parser set size:614643 disposed:false
344 silly fetch manifest @farmfe/core@*
345 silly packumentCache full:https://registry.npmjs.org/@farmfe%2fcore cache-miss
346 http cache https://registry.npmjs.org/@farmfe%2fcore 7ms (cache hit)
347 silly packumentCache full:https://registry.npmjs.org/@farmfe%2fcore set size:1180909 disposed:false
348 silly fetch manifest @rspack/core@*
349 silly packumentCache full:https://registry.npmjs.org/@rspack%2fcore cache-miss
350 http cache https://registry.npmjs.org/@rspack%2fcore 12ms (cache hit)
351 silly packumentCache full:https://registry.npmjs.org/@rspack%2fcore set size:4465877 disposed:false
352 silly fetch manifest @module-federation/runtime-tools@^0.24.1 || ^2.0.0
353 silly packumentCache full:https://registry.npmjs.org/@module-federation%2fruntime-tools cache-miss
354 http cache https://registry.npmjs.org/@module-federation%2fruntime-tools 11ms (cache hit)
355 silly packumentCache full:https://registry.npmjs.org/@module-federation%2fruntime-tools set size:3810650 disposed:false
356 silly fetch manifest @swc/helpers@^0.5.23
357 silly packumentCache full:https://registry.npmjs.org/@swc%2fhelpers cache-miss
358 http cache https://registry.npmjs.org/@swc%2fhelpers 6ms (cache hit)
359 silly packumentCache full:https://registry.npmjs.org/@swc%2fhelpers set size:775458 disposed:false
360 silly fetch manifest bun-types-no-globals@*
361 silly packumentCache full:https://registry.npmjs.org/bun-types-no-globals cache-miss
362 http cache https://registry.npmjs.org/bun-types-no-globals 5ms (cache hit)
363 silly packumentCache full:https://registry.npmjs.org/bun-types-no-globals set size:456848 disposed:false
364 silly fetch manifest esbuild@*
365 silly packumentCache full:https://registry.npmjs.org/esbuild cache-miss
366 http cache https://registry.npmjs.org/esbuild 5ms (cache hit)
367 silly packumentCache full:https://registry.npmjs.org/esbuild set size:1264676 disposed:false
368 silly fetch manifest rollup@*
369 silly packumentCache full:https://registry.npmjs.org/rollup cache-miss
370 http cache https://registry.npmjs.org/rollup 15ms (cache hit)
371 silly packumentCache full:https://registry.npmjs.org/rollup set size:6315915 disposed:false
372 silly fetch manifest unloader@*
373 silly packumentCache full:https://registry.npmjs.org/unloader cache-miss
374 http cache https://registry.npmjs.org/unloader 5ms (cache hit)
375 silly packumentCache full:https://registry.npmjs.org/unloader set size:70170 disposed:false
376 silly fetch manifest vite@*
377 silly packumentCache full:https://registry.npmjs.org/vite cache-miss
378 http cache https://registry.npmjs.org/vite 78ms (cache hit)
379 silly packumentCache full:https://registry.npmjs.org/vite set size:38933730 disposed:false
380 silly fetch manifest @vitejs/devtools@^0.4.0 || ^0.5.0
381 silly packumentCache full:https://registry.npmjs.org/@vitejs%2fdevtools cache-miss
382 http cache https://registry.npmjs.org/@vitejs%2fdevtools 6ms (cache hit)
383 silly packumentCache full:https://registry.npmjs.org/@vitejs%2fdevtools set size:314596 disposed:false
384 silly fetch manifest @vitejs/devtools-oxc@^0.5.2
385 silly packumentCache full:https://registry.npmjs.org/@vitejs%2fdevtools-oxc cache-miss
386 http cache https://registry.npmjs.org/@vitejs%2fdevtools-oxc 5ms (cache hit)
387 silly packumentCache full:https://registry.npmjs.org/@vitejs%2fdevtools-oxc set size:68259 disposed:false
388 silly fetch manifest @vitejs/devtools-rolldown@^0.5.2
389 silly packumentCache full:https://registry.npmjs.org/@vitejs%2fdevtools-rolldown cache-miss
390 http cache https://registry.npmjs.org/@vitejs%2fdevtools-rolldown 4ms (cache hit)
391 silly packumentCache full:https://registry.npmjs.org/@vitejs%2fdevtools-rolldown set size:226145 disposed:false
392 silly fetch manifest @vitejs/devtools-vite@^0.5.2
393 silly packumentCache full:https://registry.npmjs.org/@vitejs%2fdevtools-vite cache-miss
394 http cache https://registry.npmjs.org/@vitejs%2fdevtools-vite 3ms (cache hit)
395 silly packumentCache full:https://registry.npmjs.org/@vitejs%2fdevtools-vite set size:154997 disposed:false
396 silly fetch manifest @vitejs/devtools-vitest@^0.5.2
397 silly packumentCache full:https://registry.npmjs.org/@vitejs%2fdevtools-vitest cache-miss
398 http cache https://registry.npmjs.org/@vitejs%2fdevtools-vitest 4ms (cache hit)
399 silly packumentCache full:https://registry.npmjs.org/@vitejs%2fdevtools-vitest set size:48315 disposed:false
400 silly fetch manifest vitest@*
401 silly packumentCache full:https://registry.npmjs.org/vitest cache-miss
402 http cache https://registry.npmjs.org/vitest 8ms (cache hit)
403 silly packumentCache full:https://registry.npmjs.org/vitest set size:2258289 disposed:false
404 silly fetch manifest @edge-runtime/vm@*
405 silly packumentCache full:https://registry.npmjs.org/@edge-runtime%2fvm cache-miss
406 http cache https://registry.npmjs.org/@edge-runtime%2fvm 5ms (cache hit)
407 silly packumentCache full:https://registry.npmjs.org/@edge-runtime%2fvm set size:269934 disposed:false
408 silly fetch manifest @opentelemetry/api@^1.9.0
409 silly packumentCache full:https://registry.npmjs.org/@opentelemetry%2fapi cache-miss
410 http cache https://registry.npmjs.org/@opentelemetry%2fapi 4ms (cache hit)
411 silly packumentCache full:https://registry.npmjs.org/@opentelemetry%2fapi set size:272967 disposed:false
412 silly fetch manifest @vitest/browser-playwright@5.0.0
413 silly packumentCache full:https://registry.npmjs.org/@vitest%2fbrowser-playwright cache-miss
414 http cache https://registry.npmjs.org/@vitest%2fbrowser-playwright 4ms (cache hit)
415 silly packumentCache full:https://registry.npmjs.org/@vitest%2fbrowser-playwright set size:155085 disposed:false
416 silly fetch manifest playwright@*
417 silly packumentCache full:https://registry.npmjs.org/playwright cache-miss
418 http cache https://registry.npmjs.org/playwright 34ms (cache hit)
419 silly packumentCache full:https://registry.npmjs.org/playwright set size:16704372 disposed:false
420 silly fetch manifest @vitest/browser-preview@5.0.0
421 silly packumentCache full:https://registry.npmjs.org/@vitest%2fbrowser-preview cache-miss
422 http cache https://registry.npmjs.org/@vitest%2fbrowser-preview 4ms (cache hit)
423 silly packumentCache full:https://registry.npmjs.org/@vitest%2fbrowser-preview set size:148874 disposed:false
424 silly fetch manifest @vitest/browser-webdriverio@^5.0.0-beta.5 || >=5.0.0
425 silly packumentCache full:https://registry.npmjs.org/@vitest%2fbrowser-webdriverio cache-miss
426 http cache https://registry.npmjs.org/@vitest%2fbrowser-webdriverio 4ms (cache hit)
427 silly packumentCache full:https://registry.npmjs.org/@vitest%2fbrowser-webdriverio set size:140979 disposed:false
428 silly fetch manifest webdriverio@*
429 silly packumentCache full:https://registry.npmjs.org/webdriverio cache-miss
430 http cache https://registry.npmjs.org/webdriverio 10ms (cache hit)
431 silly packumentCache full:https://registry.npmjs.org/webdriverio set size:3166662 disposed:false
432 silly fetch manifest puppeteer-core@>=22.x <=24.x
433 silly packumentCache full:https://registry.npmjs.org/puppeteer-core cache-miss
434 http cache https://registry.npmjs.org/puppeteer-core 6ms (cache hit)
435 silly packumentCache full:https://registry.npmjs.org/puppeteer-core set size:1580758 disposed:false
436 silly fetch manifest @vitest/coverage-istanbul@5.0.0
437 silly packumentCache full:https://registry.npmjs.org/@vitest%2fcoverage-istanbul cache-miss
438 http cache https://registry.npmjs.org/@vitest%2fcoverage-istanbul 6ms (cache hit)
439 silly packumentCache full:https://registry.npmjs.org/@vitest%2fcoverage-istanbul set size:709991 disposed:false
440 silly fetch manifest @vitest/coverage-v8@5.0.0
441 silly packumentCache full:https://registry.npmjs.org/@vitest%2fcoverage-v8 cache-miss
442 http cache https://registry.npmjs.org/@vitest%2fcoverage-v8 5ms (cache hit)
443 silly packumentCache full:https://registry.npmjs.org/@vitest%2fcoverage-v8 set size:546351 disposed:false
444 silly fetch manifest @vitest/browser@5.0.0
445 silly packumentCache full:https://registry.npmjs.org/@vitest%2fbrowser cache-miss
446 http cache https://registry.npmjs.org/@vitest%2fbrowser 4ms (cache hit)
447 silly packumentCache full:https://registry.npmjs.org/@vitest%2fbrowser set size:808924 disposed:false
448 silly fetch manifest @vitest/ui@5.0.0
449 silly packumentCache full:https://registry.npmjs.org/@vitest%2fui cache-miss
450 http cache https://registry.npmjs.org/@vitest%2fui 6ms (cache hit)
451 silly packumentCache full:https://registry.npmjs.org/@vitest%2fui set size:1295965 disposed:false
452 silly fetch manifest happy-dom@*
453 silly packumentCache full:https://registry.npmjs.org/happy-dom cache-miss
454 http cache https://registry.npmjs.org/happy-dom 8ms (cache hit)
455 silly packumentCache full:https://registry.npmjs.org/happy-dom set size:2537374 disposed:false
456 silly fetch manifest jsdom@*
457 silly packumentCache full:https://registry.npmjs.org/jsdom cache-miss
458 http cache https://registry.npmjs.org/jsdom 8ms (cache hit)
459 silly packumentCache full:https://registry.npmjs.org/jsdom set size:1074418 disposed:false
460 silly fetch manifest canvas@^3.0.0
461 silly packumentCache full:https://registry.npmjs.org/canvas cache-miss
462 http cache https://registry.npmjs.org/canvas 4ms (cache hit)
463 silly packumentCache full:https://registry.npmjs.org/canvas set size:353371 disposed:false
464 silly fetch manifest less@^4.0.0
465 silly packumentCache full:https://registry.npmjs.org/less cache-miss
466 http cache https://registry.npmjs.org/less 5ms (cache hit)
467 silly packumentCache full:https://registry.npmjs.org/less set size:516551 disposed:false
468 silly fetch manifest sass@^1.70.0
469 silly packumentCache full:https://registry.npmjs.org/sass cache-miss
470 http cache https://registry.npmjs.org/sass 5ms (cache hit)
471 silly packumentCache full:https://registry.npmjs.org/sass set size:750020 disposed:false
472 silly fetch manifest sass-embedded@^1.70.0
473 silly packumentCache full:https://registry.npmjs.org/sass-embedded cache-miss
474 http cache https://registry.npmjs.org/sass-embedded 5ms (cache hit)
475 silly packumentCache full:https://registry.npmjs.org/sass-embedded set size:432743 disposed:false
476 silly fetch manifest stylus@>=0.54.8
477 silly packumentCache full:https://registry.npmjs.org/stylus cache-miss
478 http cache https://registry.npmjs.org/stylus 4ms (cache hit)
479 silly packumentCache full:https://registry.npmjs.org/stylus set size:286766 disposed:false
480 silly fetch manifest sugarss@^5.0.0
481 silly packumentCache full:https://registry.npmjs.org/sugarss cache-miss
482 http cache https://registry.npmjs.org/sugarss 5ms (cache hit)
483 silly packumentCache full:https://registry.npmjs.org/sugarss set size:44975 disposed:false
484 silly fetch manifest postcss@^8.3.3
485 silly packumentCache full:https://registry.npmjs.org/postcss cache-miss
486 http cache https://registry.npmjs.org/postcss 8ms (cache hit)
487 silly packumentCache full:https://registry.npmjs.org/postcss set size:766699 disposed:false
488 silly fetch manifest terser@^5.16.0
489 silly packumentCache full:https://registry.npmjs.org/terser cache-miss
490 http cache https://registry.npmjs.org/terser 10ms (cache hit)
491 silly packumentCache full:https://registry.npmjs.org/terser set size:827672 disposed:false
492 silly fetch manifest tsx@^4.8.1
493 silly packumentCache full:https://registry.npmjs.org/tsx cache-miss
494 http cache https://registry.npmjs.org/tsx 6ms (cache hit)
495 silly packumentCache full:https://registry.npmjs.org/tsx set size:344351 disposed:false
496 silly fetch manifest yaml@^2.4.2
497 silly packumentCache full:https://registry.npmjs.org/yaml cache-miss
498 http cache https://registry.npmjs.org/yaml 5ms (cache hit)
499 silly packumentCache full:https://registry.npmjs.org/yaml set size:385754 disposed:false
500 silly fetch manifest webpack@*
501 silly packumentCache full:https://registry.npmjs.org/webpack cache-miss
502 http cache https://registry.npmjs.org/webpack 13ms (cache hit)
503 silly packumentCache full:https://registry.npmjs.org/webpack set size:5175310 disposed:false
504 silly fetch manifest vite@>=6.4.2
505 silly packumentCache full:https://registry.npmjs.org/vite cache-miss
506 http cache https://registry.npmjs.org/vite 74ms (cache hit)
507 silly packumentCache full:https://registry.npmjs.org/vite set size:38933730 disposed:false
508 silly fetch manifest esbuild@^0.27.0 || ^0.28.0
509 silly packumentCache full:https://registry.npmjs.org/esbuild cache-miss
510 http cache https://registry.npmjs.org/esbuild 6ms (cache hit)
511 silly packumentCache full:https://registry.npmjs.org/esbuild set size:1264676 disposed:false
512 silly fetch manifest oxc-parser@*
513 silly packumentCache full:https://registry.npmjs.org/oxc-parser cache-hit
514 silly fetch manifest @oxc-project/types@>=0.98.0
515 silly packumentCache full:https://registry.npmjs.org/@oxc-project%2ftypes cache-hit
516 silly fetch manifest oxc-parser@>=0.98.0
517 silly packumentCache full:https://registry.npmjs.org/oxc-parser cache-hit
518 silly fetch manifest @pinia/colada@>=0.21.2
519 silly packumentCache full:https://registry.npmjs.org/@pinia%2fcolada cache-miss
520 http cache https://registry.npmjs.org/@pinia%2fcolada 4ms (cache hit)
521 silly packumentCache full:https://registry.npmjs.org/@pinia%2fcolada set size:316646 disposed:false
522 silly fetch manifest pinia@^2.2.6 || ^3.0.0 || ^4.0.2
523 silly packumentCache full:https://registry.npmjs.org/pinia cache-miss
524 http cache https://registry.npmjs.org/pinia 4ms (cache hit)
525 silly packumentCache full:https://registry.npmjs.org/pinia set size:564495 disposed:false
526 silly fetch manifest @vue/devtools-api@^8.1.5
527 silly packumentCache full:https://registry.npmjs.org/@vue%2fdevtools-api cache-miss
528 http cache https://registry.npmjs.org/@vue%2fdevtools-api 6ms (cache hit)
529 silly packumentCache full:https://registry.npmjs.org/@vue%2fdevtools-api set size:366528 disposed:false
530 silly fetch manifest typescript@>=5.6.0
531 silly packumentCache full:https://registry.npmjs.org/typescript cache-miss
532 http cache https://registry.npmjs.org/typescript 31ms (cache hit)
533 silly packumentCache full:https://registry.npmjs.org/typescript set size:15635352 disposed:false
534 silly fetch manifest @vue/compiler-sfc@^3.5.34 || ^4.0.0
535 silly packumentCache full:https://registry.npmjs.org/@vue%2fcompiler-sfc cache-miss
536 http cache https://registry.npmjs.org/@vue%2fcompiler-sfc 14ms (cache hit)
537 silly packumentCache full:https://registry.npmjs.org/@vue%2fcompiler-sfc set size:1025710 disposed:false
538 silly fetch manifest vite@^7.3.0 || ^8.0.0
539 silly packumentCache full:https://registry.npmjs.org/vite cache-miss
540 http cache https://registry.npmjs.org/vite 122ms (cache hit)
541 silly packumentCache full:https://registry.npmjs.org/vite set size:38933730 disposed:false
542 silly fetch manifest webpack@>=5.0.0
543 silly packumentCache full:https://registry.npmjs.org/webpack cache-miss
544 http cache https://registry.npmjs.org/webpack 21ms (cache hit)
545 silly packumentCache full:https://registry.npmjs.org/webpack set size:5175310 disposed:false
546 silly fetch manifest @vitejs/devtools@*
547 silly packumentCache full:https://registry.npmjs.org/@vitejs%2fdevtools cache-hit
548 silly fetch manifest @vitejs/devtools-oxc@^0.7.2
549 silly packumentCache full:https://registry.npmjs.org/@vitejs%2fdevtools-oxc cache-hit
550 silly fetch manifest @vitejs/devtools-rolldown@^0.7.2
551 silly packumentCache full:https://registry.npmjs.org/@vitejs%2fdevtools-rolldown cache-hit
552 silly fetch manifest @vitejs/devtools-vite@^0.7.2
553 silly packumentCache full:https://registry.npmjs.org/@vitejs%2fdevtools-vite cache-hit
554 silly fetch manifest @types/node@^20.19.0 || >=22.12.0
555 silly packumentCache full:https://registry.npmjs.org/@types%2fnode cache-miss
556 http cache https://registry.npmjs.org/@types%2fnode 25ms (cache hit)
557 silly packumentCache full:https://registry.npmjs.org/@types%2fnode set size:11100097 disposed:false
558 silly fetch manifest jiti@>=1.21.0
559 silly packumentCache full:https://registry.npmjs.org/jiti cache-hit
560 silly fetch manifest postcss@^8.5.26
561 silly packumentCache full:https://registry.npmjs.org/postcss cache-hit
562 silly fetch manifest @babel/plugin-proposal-decorators@^7.25.0 || ^8.0.0
563 silly packumentCache full:https://registry.npmjs.org/@babel%2fplugin-proposal-decorators cache-miss
564 http cache https://registry.npmjs.org/@babel%2fplugin-proposal-decorators 6ms (cache hit)
565 silly packumentCache full:https://registry.npmjs.org/@babel%2fplugin-proposal-decorators set size:387831 disposed:false
566 silly fetch manifest @babel/core@^8.0.0
567 silly packumentCache full:https://registry.npmjs.org/@babel%2fcore cache-miss
568 http cache https://registry.npmjs.org/@babel%2fcore 5ms (cache hit)
569 silly packumentCache full:https://registry.npmjs.org/@babel%2fcore set size:788273 disposed:false
570 silly fetch manifest @babel/plugin-syntax-typescript@^7.25.0 || ^8.0.0
571 silly packumentCache full:https://registry.npmjs.org/@babel%2fplugin-syntax-typescript cache-miss
572 http cache https://registry.npmjs.org/@babel%2fplugin-syntax-typescript 34ms (cache hit)
573 silly packumentCache full:https://registry.npmjs.org/@babel%2fplugin-syntax-typescript set size:221236 disposed:false
574 silly fetch manifest @rollup/plugin-babel@^6.0.0 || ^7.0.0
575 silly packumentCache full:https://registry.npmjs.org/@rollup%2fplugin-babel cache-miss
576 http cache https://registry.npmjs.org/@rollup%2fplugin-babel 5ms (cache hit)
577 silly packumentCache full:https://registry.npmjs.org/@rollup%2fplugin-babel set size:95668 disposed:false
578 silly fetch manifest @babel/core@^7.0.0
579 silly packumentCache full:https://registry.npmjs.org/@babel%2fcore cache-hit
580 silly fetch manifest @types/babel__core@^7.1.9
581 silly packumentCache full:https://registry.npmjs.org/@types%2fbabel__core cache-miss
582 http cache https://registry.npmjs.org/@types%2fbabel__core 3ms (cache hit)
583 silly packumentCache full:https://registry.npmjs.org/@types%2fbabel__core set size:88676 disposed:false
584 silly fetch manifest rollup@^2.0.0||^3.0.0||^4.0.0
585 silly packumentCache full:https://registry.npmjs.org/rollup cache-miss
586 http cache https://registry.npmjs.org/rollup 15ms (cache hit)
587 silly packumentCache full:https://registry.npmjs.org/rollup set size:6315915 disposed:false
588 silly fetch manifest nuxt@^4.5.2
589 silly packumentCache full:https://registry.npmjs.org/nuxt cache-miss
590 http cache https://registry.npmjs.org/nuxt 6ms (cache hit)
591 silly packumentCache full:https://registry.npmjs.org/nuxt set size:1602905 disposed:false
592 silly fetch manifest @babel/plugin-syntax-jsx@^7.25.0 || ^8.0.0
593 silly packumentCache full:https://registry.npmjs.org/@babel%2fplugin-syntax-jsx cache-miss
594 http cache https://registry.npmjs.org/@babel%2fplugin-syntax-jsx 4ms (cache hit)
595 silly packumentCache full:https://registry.npmjs.org/@babel%2fplugin-syntax-jsx set size:194952 disposed:false
596 silly fetch manifest nuxt@4.5.2
597 silly packumentCache full:https://registry.npmjs.org/nuxt cache-miss
598 http cache https://registry.npmjs.org/nuxt 6ms (cache hit)
599 silly packumentCache full:https://registry.npmjs.org/nuxt set size:1602905 disposed:false
600 silly fetch manifest rollup-plugin-visualizer@^6.0.0 || ^7.0.1
601 silly packumentCache full:https://registry.npmjs.org/rollup-plugin-visualizer cache-miss
602 http cache https://registry.npmjs.org/rollup-plugin-visualizer 4ms (cache hit)
603 silly packumentCache full:https://registry.npmjs.org/rollup-plugin-visualizer set size:465872 disposed:false
604 silly fetch manifest rollup@2.x || 3.x || 4.x
605 silly packumentCache full:https://registry.npmjs.org/rollup cache-miss
606 http cache https://registry.npmjs.org/rollup 15ms (cache hit)
607 silly packumentCache full:https://registry.npmjs.org/rollup set size:6315915 disposed:false
608 silly placeDep ROOT @dxup/nuxt@0.5.10 OK for: nuxt@4.5.2 want: ^0.5.6
609 silly placeDep ROOT @nuxt/cli@3.37.0 OK for: nuxt@4.5.2 want: ^3.37.0
610 silly placeDep ROOT @nuxt/devtools@3.4.2 OK for: nuxt@4.5.2 want: ^3.4.1
611 silly placeDep ROOT vite@8.2.2 OK for: @nuxt/devtools@3.4.2 want: >=6.0
612 silly placeDep ROOT @nuxt/kit@4.5.2 OK for: nuxt@4.5.2 want: 4.5.2
613 silly placeDep ROOT @nuxt/nitro-server@4.5.2 OK for: nuxt@4.5.2 want: 4.5.2
614 silly placeDep ROOT @nuxt/schema@4.5.2 OK for: nuxt@4.5.2 want: 4.5.2
615 silly placeDep ROOT @nuxt/telemetry@2.9.1 OK for: nuxt@4.5.2 want: ^2.8.0
616 silly placeDep ROOT @nuxt/vite-builder@4.5.2 OK for: nuxt@4.5.2 want: 4.5.2
617 silly placeDep ROOT vue@3.5.42 OK for: @nuxt/vite-builder@4.5.2 want: ^3.3.4
618 silly placeDep ROOT @unhead/vue@3.4.0 OK for: nuxt@4.5.2 want: ^3.3.1
619 silly placeDep ROOT @vue/shared@3.5.42 OK for: nuxt@4.5.2 want: ^3.5.40
620 silly placeDep ROOT chokidar@5.0.0 OK for: nuxt@4.5.2 want: ^5.0.0
621 silly placeDep ROOT compatx@0.2.0 OK for: nuxt@4.5.2 want: ^0.2.0
622 silly placeDep ROOT consola@3.4.2 OK for: nuxt@4.5.2 want: ^3.4.2
623 silly placeDep ROOT cookie-es@3.1.1 OK for: nuxt@4.5.2 want: ^3.1.1
624 silly placeDep ROOT defu@6.1.7 OK for: nuxt@4.5.2 want: ^6.1.7
625 silly placeDep ROOT devalue@5.9.2 OK for: nuxt@4.5.2 want: ^5.9.0
626 silly placeDep ROOT errx@0.1.2 OK for: nuxt@4.5.2 want: ^0.1.2
627 silly placeDep ROOT escape-string-regexp@5.0.0 OK for: nuxt@4.5.2 want: ^5.0.0
628 silly placeDep ROOT exsolve@1.1.1 OK for: nuxt@4.5.2 want: ^1.1.1
629 silly placeDep ROOT fnv1a-64@0.1.2 OK for: nuxt@4.5.2 want: ^0.1.2
630 silly placeDep ROOT hookable@6.1.1 OK for: nuxt@4.5.2 want: ^6.1.1
631 silly placeDep ROOT ignore@7.0.8 OK for: nuxt@4.5.2 want: ^7.0.6
632 silly placeDep ROOT impound@1.2.0 OK for: nuxt@4.5.2 want: ^1.1.6
633 silly placeDep ROOT jiti@2.7.0 OK for: nuxt@4.5.2 want: ^2.7.0
634 silly placeDep ROOT klona@2.0.6 OK for: nuxt@4.5.2 want: ^2.0.6
635 silly placeDep ROOT knitwork@1.3.0 OK for: nuxt@4.5.2 want: ^1.3.0
636 silly placeDep ROOT magic-string@1.2.3 OK for: nuxt@4.5.2 want: ^1.1.0
637 silly placeDep ROOT mlly@1.8.2 OK for: nuxt@4.5.2 want: ^1.8.2
638 silly placeDep ROOT nanotar@0.3.0 OK for: nuxt@4.5.2 want: ^0.3.0
639 silly placeDep ROOT nostics@1.2.0 OK for: nuxt@4.5.2 want: ^1.2.0
640 silly placeDep ROOT nypm@0.6.9 OK for: nuxt@4.5.2 want: ^0.6.9
641 silly placeDep ROOT object-identity@0.2.3 OK for: nuxt@4.5.2 want: ^0.2.3
642 silly placeDep ROOT ofetch@1.5.1 OK for: nuxt@4.5.2 want: ^1.5.1
643 silly placeDep ROOT ohash@2.0.12 OK for: nuxt@4.5.2 want: ^2.0.11
644 silly placeDep ROOT on-change@6.0.2 OK for: nuxt@4.5.2 want: ^6.0.2
645 silly placeDep ROOT oxc-walker@1.1.1 OK for: nuxt@4.5.2 want: ^1.1.1
646 silly placeDep ROOT pathe@2.0.3 OK for: nuxt@4.5.2 want: ^2.0.3
647 silly placeDep ROOT perfect-debounce@2.1.0 OK for: nuxt@4.5.2 want: ^2.1.0
648 silly placeDep ROOT picomatch@4.0.7 OK for: nuxt@4.5.2 want: ^4.0.5
649 silly placeDep ROOT pkg-types@2.3.2 OK for: nuxt@4.5.2 want: ^2.3.1
650 silly placeDep ROOT rolldown-string@0.3.1 OK for: nuxt@4.5.2 want: ^0.3.1
651 silly placeDep ROOT rou3@0.9.2 OK for: nuxt@4.5.2 want: ^0.9.1
652 silly placeDep ROOT scule@1.3.0 OK for: nuxt@4.5.2 want: ^1.3.0
653 silly placeDep ROOT std-env@4.2.0 OK for: nuxt@4.5.2 want: ^4.2.0
654 silly placeDep ROOT tinyglobby@0.2.17 OK for: nuxt@4.5.2 want: ^0.2.17
655 silly placeDep ROOT ufo@1.6.4 OK for: nuxt@4.5.2 want: ^1.6.4
656 silly placeDep ROOT ultrahtml@1.7.0 OK for: nuxt@4.5.2 want: ^1.7.0
657 silly placeDep ROOT uncrypto@0.1.3 OK for: nuxt@4.5.2 want: ^0.1.3
658 silly placeDep ROOT unctx@3.0.1 OK for: nuxt@4.5.2 want: ^3.0.0
659 silly placeDep ROOT undici@8.10.1 OK for: nuxt@4.5.2 want: ^8.10.0
660 silly placeDep ROOT unhead@3.4.0 OK for: nuxt@4.5.2 want: ^3.3.1
661 silly placeDep ROOT unimport@6.4.0 OK for: nuxt@4.5.2 want: ^6.4.0
662 silly placeDep ROOT unplugin@3.3.0 OK for: nuxt@4.5.2 want: ^3.3.0
663 silly placeDep ROOT unrouting@0.2.3 OK for: nuxt@4.5.2 want: ^0.2.2
664 silly placeDep ROOT untyped@2.0.0 OK for: nuxt@4.5.2 want: ^2.0.0
665 silly placeDep ROOT verkit@0.3.2 OK for: nuxt@4.5.2 want: ^0.3.1
666 silly placeDep ROOT vue-component-type-helpers@3.3.11 OK for: nuxt@4.5.2 want: ^3.3.9
667 silly placeDep ROOT vue-router@5.3.1 OK for: nuxt@4.5.2 want: ^5.2.0
668 silly fetch manifest @nuxt/kit@^4.5.2
669 silly packumentCache full:https://registry.npmjs.org/@nuxt%2fkit cache-hit
670 silly fetch manifest magic-string@^1.2.2
671 silly packumentCache full:https://registry.npmjs.org/magic-string cache-hit
672 silly fetch manifest @dxup/unimport@^0.1.2
673 silly packumentCache full:https://registry.npmjs.org/@dxup%2funimport cache-miss
674 silly fetch manifest @vue/compiler-dom@^3.5.41
675 silly packumentCache full:https://registry.npmjs.org/@vue%2fcompiler-dom cache-miss
676 silly fetch manifest c12@^3.3.4
677 silly packumentCache full:https://registry.npmjs.org/c12 cache-miss
678 silly fetch manifest fzf@^0.5.2
679 silly packumentCache full:https://registry.npmjs.org/fzf cache-miss
680 silly fetch manifest nypm@^0.6.8
681 silly packumentCache full:https://registry.npmjs.org/nypm cache-hit
682 silly fetch manifest srvx@^0.11.22
683 silly packumentCache full:https://registry.npmjs.org/srvx cache-miss
684 http cache https://registry.npmjs.org/@dxup%2funimport 11ms (cache hit)
685 silly packumentCache full:https://registry.npmjs.org/@dxup%2funimport set size:9291 disposed:false
686 silly fetch manifest citty@^0.2.2
687 silly packumentCache full:https://registry.npmjs.org/citty cache-miss
688 http cache https://registry.npmjs.org/@vue%2fcompiler-dom 14ms (cache hit)
689 silly packumentCache full:https://registry.npmjs.org/@vue%2fcompiler-dom set size:876500 disposed:false
690 silly fetch manifest debug@^4.4.3
691 silly packumentCache full:https://registry.npmjs.org/debug cache-miss
692 http cache https://registry.npmjs.org/c12 19ms (cache hit)
693 silly packumentCache full:https://registry.npmjs.org/c12 set size:193126 disposed:false
694 silly fetch manifest giget@^3.3.0
695 silly packumentCache full:https://registry.npmjs.org/giget cache-miss
696 http cache https://registry.npmjs.org/fzf 22ms (cache hit)
697 silly packumentCache full:https://registry.npmjs.org/fzf set size:31333 disposed:false
698 silly fetch manifest youch@^4.1.1
699 silly packumentCache full:https://registry.npmjs.org/youch cache-miss
700 http cache https://registry.npmjs.org/srvx 24ms (cache hit)
701 silly packumentCache full:https://registry.npmjs.org/srvx set size:319691 disposed:false
702 silly fetch manifest semver@^7.8.5
703 silly packumentCache full:https://registry.npmjs.org/semver cache-miss
704 http cache https://registry.npmjs.org/debug 18ms (cache hit)
705 silly packumentCache full:https://registry.npmjs.org/debug set size:195840 disposed:false
706 silly fetch manifest confbox@^0.2.4
707 silly packumentCache full:https://registry.npmjs.org/confbox cache-miss
708 http cache https://registry.npmjs.org/citty 31ms (cache hit)
709 silly packumentCache full:https://registry.npmjs.org/citty set size:38628 disposed:false
710 silly fetch manifest exsolve@^1.1.0
711 silly packumentCache full:https://registry.npmjs.org/exsolve cache-hit
712 silly fetch manifest fuse.js@^7.4.2
713 silly packumentCache full:https://registry.npmjs.org/fuse.js cache-miss
714 http cache https://registry.npmjs.org/giget 23ms (cache hit)
715 silly packumentCache full:https://registry.npmjs.org/giget set size:102437 disposed:false
716 silly fetch manifest listhen@^1.10.0
717 silly packumentCache full:https://registry.npmjs.org/listhen cache-miss
718 http cache https://registry.npmjs.org/youch 25ms (cache hit)
719 silly packumentCache full:https://registry.npmjs.org/youch set size:154842 disposed:false
720 silly fetch manifest tinyclip@^0.1.15
721 silly packumentCache full:https://registry.npmjs.org/tinyclip cache-miss
722 http cache https://registry.npmjs.org/semver 24ms (cache hit)
723 silly packumentCache full:https://registry.npmjs.org/semver set size:246069 disposed:false
724 silly fetch manifest tinyexec@^1.2.4
725 silly packumentCache full:https://registry.npmjs.org/tinyexec cache-miss
726 http cache https://registry.npmjs.org/confbox 24ms (cache hit)
727 silly packumentCache full:https://registry.npmjs.org/confbox set size:49622 disposed:false
728 silly fetch manifest @bomb.sh/tab@^0.0.19
729 silly packumentCache full:https://registry.npmjs.org/@bomb.sh%2ftab cache-miss
730 http cache https://registry.npmjs.org/fuse.js 22ms (cache hit)
731 silly packumentCache full:https://registry.npmjs.org/fuse.js set size:396889 disposed:false
732 silly fetch manifest @clack/prompts@^1.7.0
733 silly packumentCache full:https://registry.npmjs.org/@clack%2fprompts cache-miss
734 http cache https://registry.npmjs.org/listhen 23ms (cache hit)
735 silly packumentCache full:https://registry.npmjs.org/listhen set size:202573 disposed:false
736 silly fetch manifest ws@^8.21.1
737 silly packumentCache full:https://registry.npmjs.org/ws cache-miss
738 http cache https://registry.npmjs.org/tinyclip 27ms (cache hit)
739 silly packumentCache full:https://registry.npmjs.org/tinyclip set size:27184 disposed:false
740 silly fetch manifest sirv@^3.0.2
741 silly packumentCache full:https://registry.npmjs.org/sirv cache-miss
742 http cache https://registry.npmjs.org/tinyexec 24ms (cache hit)
743 silly packumentCache full:https://registry.npmjs.org/tinyexec set size:68252 disposed:false
744 silly fetch manifest birpc@^4.0.0
745 silly packumentCache full:https://registry.npmjs.org/birpc cache-miss
746 http cache https://registry.npmjs.org/@bomb.sh%2ftab 20ms (cache hit)
747 silly packumentCache full:https://registry.npmjs.org/@bomb.sh%2ftab set size:79908 disposed:false
748 silly fetch manifest destr@^2.0.5
749 silly packumentCache full:https://registry.npmjs.org/destr cache-miss
750 http cache https://registry.npmjs.org/@clack%2fprompts 18ms (cache hit)
751 silly packumentCache full:https://registry.npmjs.org/@clack%2fprompts set size:176111 disposed:false
752 silly fetch manifest execa@^8.0.1
753 silly packumentCache full:https://registry.npmjs.org/execa cache-miss
754 http cache https://registry.npmjs.org/ws 16ms (cache hit)
755 silly packumentCache full:https://registry.npmjs.org/ws set size:447661 disposed:false
756 silly fetch manifest which@^6.0.1
757 silly packumentCache full:https://registry.npmjs.org/which cache-miss
758 http cache https://registry.npmjs.org/birpc 18ms (cache hit)
759 silly packumentCache full:https://registry.npmjs.org/birpc set size:112277 disposed:false
760 silly fetch manifest magicast@^0.5.4
761 silly packumentCache full:https://registry.npmjs.org/magicast cache-miss
762 http cache https://registry.npmjs.org/sirv 24ms (cache hit)
763 silly packumentCache full:https://registry.npmjs.org/sirv set size:119203 disposed:false
764 silly fetch manifest @nuxt/kit@^4.5.1
765 silly packumentCache full:https://registry.npmjs.org/@nuxt%2fkit cache-hit
766 silly fetch manifest local-pkg@^1.2.1
767 silly packumentCache full:https://registry.npmjs.org/local-pkg cache-miss
768 http cache https://registry.npmjs.org/destr 23ms (cache hit)
769 silly packumentCache full:https://registry.npmjs.org/destr set size:65344 disposed:false
770 silly fetch manifest unstorage@^1.17.5
771 silly packumentCache full:https://registry.npmjs.org/unstorage cache-miss
772 http cache https://registry.npmjs.org/execa 22ms (cache hit)
773 silly packumentCache full:https://registry.npmjs.org/execa set size:188760 disposed:false
774 silly fetch manifest image-meta@^0.2.2
775 silly packumentCache full:https://registry.npmjs.org/image-meta cache-miss
776 http cache https://registry.npmjs.org/which 20ms (cache hit)
777 silly packumentCache full:https://registry.npmjs.org/which set size:70087 disposed:false
778 silly fetch manifest simple-git@^3.36.0
779 silly packumentCache full:https://registry.npmjs.org/simple-git cache-miss
780 http cache https://registry.npmjs.org/local-pkg 16ms (cache hit)
781 silly packumentCache full:https://registry.npmjs.org/local-pkg set size:42521 disposed:false
782 silly fetch manifest fast-npm-meta@^2.2.0
783 silly packumentCache full:https://registry.npmjs.org/fast-npm-meta cache-miss
784 http cache https://registry.npmjs.org/magicast 22ms (cache hit)
785 silly packumentCache full:https://registry.npmjs.org/magicast set size:87467 disposed:false
786 silly fetch manifest launch-editor@^2.14.1
787 silly packumentCache full:https://registry.npmjs.org/launch-editor cache-miss
788 http cache https://registry.npmjs.org/unstorage 18ms (cache hit)
789 silly packumentCache full:https://registry.npmjs.org/unstorage set size:362113 disposed:false
790 silly fetch manifest get-port-please@^3.2.0
791 silly packumentCache full:https://registry.npmjs.org/get-port-please cache-miss
792 http cache https://registry.npmjs.org/image-meta 20ms (cache hit)
793 silly packumentCache full:https://registry.npmjs.org/image-meta set size:16982 disposed:false
794 silly fetch manifest @vue/devtools-kit@^8.2.1
795 silly packumentCache full:https://registry.npmjs.org/@vue%2fdevtools-kit cache-miss
796 http cache https://registry.npmjs.org/simple-git 20ms (cache hit)
797 silly packumentCache full:https://registry.npmjs.org/simple-git set size:688732 disposed:false
798 silly fetch manifest @nuxt/devtools-kit@3.4.2
799 silly packumentCache full:https://registry.npmjs.org/@nuxt%2fdevtools-kit cache-miss
800 http cache https://registry.npmjs.org/fast-npm-meta 25ms (cache hit)
801 silly packumentCache full:https://registry.npmjs.org/fast-npm-meta set size:59383 disposed:false
802 silly fetch manifest @vue/devtools-core@^8.2.1
803 silly packumentCache full:https://registry.npmjs.org/@vue%2fdevtools-core cache-miss
804 http cache https://registry.npmjs.org/launch-editor 28ms (cache hit)
805 silly packumentCache full:https://registry.npmjs.org/launch-editor set size:46130 disposed:false
806 silly fetch manifest structured-clone-es@^2.0.1
807 silly packumentCache full:https://registry.npmjs.org/structured-clone-es cache-miss
808 http cache https://registry.npmjs.org/get-port-please 25ms (cache hit)
809 silly packumentCache full:https://registry.npmjs.org/get-port-please set size:58285 disposed:false
810 silly fetch manifest vite-plugin-inspect@^11.4.1
811 silly packumentCache full:https://registry.npmjs.org/vite-plugin-inspect cache-miss
812 http cache https://registry.npmjs.org/@vue%2fdevtools-kit 25ms (cache hit)
813 silly packumentCache full:https://registry.npmjs.org/@vue%2fdevtools-kit set size:200321 disposed:false
814 silly fetch manifest @nuxt/devtools-wizard@3.4.2
815 silly packumentCache full:https://registry.npmjs.org/@nuxt%2fdevtools-wizard cache-miss
816 http cache https://registry.npmjs.org/@nuxt%2fdevtools-kit 21ms (cache hit)
817 silly packumentCache full:https://registry.npmjs.org/@nuxt%2fdevtools-kit set size:357170 disposed:false
818 silly fetch manifest error-stack-parser-es@^2.0.1
819 silly packumentCache full:https://registry.npmjs.org/error-stack-parser-es cache-miss
820 http cache https://registry.npmjs.org/@vue%2fdevtools-core 22ms (cache hit)
821 silly packumentCache full:https://registry.npmjs.org/@vue%2fdevtools-core set size:203102 disposed:false
822 silly fetch manifest is-installed-globally@^1.0.0
823 silly packumentCache full:https://registry.npmjs.org/is-installed-globally cache-miss
824 http cache https://registry.npmjs.org/structured-clone-es 22ms (cache hit)
825 silly packumentCache full:https://registry.npmjs.org/structured-clone-es set size:16652 disposed:false
826 silly fetch manifest vite-plugin-vue-tracer@^1.4.0
827 silly packumentCache full:https://registry.npmjs.org/vite-plugin-vue-tracer cache-miss
828 http cache https://registry.npmjs.org/vite-plugin-inspect 20ms (cache hit)
829 silly packumentCache full:https://registry.npmjs.org/vite-plugin-inspect set size:450236 disposed:false
830 silly fetch manifest lightningcss@^1.33.0
831 silly packumentCache full:https://registry.npmjs.org/lightningcss cache-miss
832 http cache https://registry.npmjs.org/@nuxt%2fdevtools-wizard 24ms (cache hit)
833 silly packumentCache full:https://registry.npmjs.org/@nuxt%2fdevtools-wizard set size:277455 disposed:false
834 silly fetch manifest fsevents@~2.3.3
835 silly packumentCache full:https://registry.npmjs.org/fsevents cache-miss
836 http cache https://registry.npmjs.org/error-stack-parser-es 24ms (cache hit)
837 silly packumentCache full:https://registry.npmjs.org/error-stack-parser-es set size:24410 disposed:false
838 silly fetch manifest rc9@^3.0.1
839 silly packumentCache full:https://registry.npmjs.org/rc9 cache-miss
840 http cache https://registry.npmjs.org/is-installed-globally 21ms (cache hit)
841 silly packumentCache full:https://registry.npmjs.org/is-installed-globally set size:19693 disposed:false
842 silly fetch manifest h3@^1.15.11
843 silly packumentCache full:https://registry.npmjs.org/h3 cache-miss
844 http cache https://registry.npmjs.org/vite-plugin-vue-tracer 24ms (cache hit)
845 silly packumentCache full:https://registry.npmjs.org/vite-plugin-vue-tracer set size:60576 disposed:false
846 silly fetch manifest nitropack@^2.13.4
847 silly packumentCache full:https://registry.npmjs.org/nitropack cache-miss
848 http cache https://registry.npmjs.org/lightningcss 22ms (cache hit)
849 silly packumentCache full:https://registry.npmjs.org/lightningcss set size:191065 disposed:false
850 silly fetch manifest @nuxt/devalue@^2.0.2
851 silly packumentCache full:https://registry.npmjs.org/@nuxt%2fdevalue cache-miss
852 http cache https://registry.npmjs.org/fsevents 24ms (cache hit)
853 silly packumentCache full:https://registry.npmjs.org/fsevents set size:182472 disposed:false
854 silly fetch manifest mocked-exports@^0.1.1
855 silly packumentCache full:https://registry.npmjs.org/mocked-exports cache-miss
856 http cache https://registry.npmjs.org/rc9 24ms (cache hit)
857 silly packumentCache full:https://registry.npmjs.org/rc9 set size:64811 disposed:false
858 silly fetch manifest vue-devtools-stub@^0.1.0
859 silly packumentCache full:https://registry.npmjs.org/vue-devtools-stub cache-miss
860 http cache https://registry.npmjs.org/h3 23ms (cache hit)
861 silly packumentCache full:https://registry.npmjs.org/h3 set size:487506 disposed:false
862 silly fetch manifest vue-bundle-renderer@^2.3.1
863 silly packumentCache full:https://registry.npmjs.org/vue-bundle-renderer cache-miss
864 http cache https://registry.npmjs.org/nitropack 25ms (cache hit)
865 silly packumentCache full:https://registry.npmjs.org/nitropack set size:734997 disposed:false
866 silly fetch manifest unenv@^2.0.0-rc.24
867 silly packumentCache full:https://registry.npmjs.org/unenv cache-miss
868 http cache https://registry.npmjs.org/@nuxt%2fdevalue 33ms (cache hit)
869 silly packumentCache full:https://registry.npmjs.org/@nuxt%2fdevalue set size:38212 disposed:false
870 silly fetch manifest cssnano@^8.0.2
871 silly packumentCache full:https://registry.npmjs.org/cssnano cache-miss
872 http cache https://registry.npmjs.org/mocked-exports 28ms (cache hit)
873 silly packumentCache full:https://registry.npmjs.org/mocked-exports set size:7870 disposed:false
874 silly fetch manifest postcss@^8.5.25
875 silly packumentCache full:https://registry.npmjs.org/postcss cache-hit
876 silly fetch manifest seroval@^1.6.2
877 silly packumentCache full:https://registry.npmjs.org/seroval cache-miss
878 http cache https://registry.npmjs.org/vue-devtools-stub 28ms (cache hit)
879 silly packumentCache full:https://registry.npmjs.org/vue-devtools-stub set size:12121 disposed:false
880 silly fetch manifest js-tokens@^10.0.0
881 silly packumentCache full:https://registry.npmjs.org/js-tokens cache-miss
882 http cache https://registry.npmjs.org/vue-bundle-renderer 25ms (cache hit)
883 silly packumentCache full:https://registry.npmjs.org/vue-bundle-renderer set size:140372 disposed:false
884 silly fetch manifest vite-node@^6.0.0
885 silly packumentCache full:https://registry.npmjs.org/vite-node cache-miss
886 http cache https://registry.npmjs.org/unenv 18ms (cache hit)
887 silly packumentCache full:https://registry.npmjs.org/unenv set size:236480 disposed:false
888 silly fetch manifest autoprefixer@^10.5.4
889 silly packumentCache full:https://registry.npmjs.org/autoprefixer cache-miss
890 http cache https://registry.npmjs.org/cssnano 20ms (cache hit)
891 silly packumentCache full:https://registry.npmjs.org/cssnano set size:514404 disposed:false
892 silly fetch manifest generic-names@^4.0.0
893 silly packumentCache full:https://registry.npmjs.org/generic-names cache-miss
894 http cache https://registry.npmjs.org/js-tokens 21ms (cache hit)
895 silly packumentCache full:https://registry.npmjs.org/js-tokens set size:41947 disposed:false
896 silly fetch manifest @vitejs/plugin-vue@^6.0.8
897 silly packumentCache full:https://registry.npmjs.org/@vitejs%2fplugin-vue cache-miss
898 http cache https://registry.npmjs.org/seroval 26ms (cache hit)
899 silly packumentCache full:https://registry.npmjs.org/seroval set size:227350 disposed:false
900 silly fetch manifest vite-plugin-checker@^0.14.5
901 silly packumentCache full:https://registry.npmjs.org/vite-plugin-checker cache-miss
902 http cache https://registry.npmjs.org/vite-node 33ms (cache hit)
903 silly packumentCache full:https://registry.npmjs.org/vite-node set size:1079451 disposed:false
904 silly fetch manifest @vitejs/plugin-vue-jsx@^5.1.6
905 silly packumentCache full:https://registry.npmjs.org/@vitejs%2fplugin-vue-jsx cache-miss
906 http cache https://registry.npmjs.org/autoprefixer 68ms (cache hit)
907 silly packumentCache full:https://registry.npmjs.org/autoprefixer set size:1366815 disposed:false
908 silly fetch manifest @vue/shared@3.5.42
909 silly packumentCache full:https://registry.npmjs.org/@vue%2fshared cache-hit
910 silly fetch manifest @vue/runtime-dom@3.5.42
911 silly packumentCache full:https://registry.npmjs.org/@vue%2fruntime-dom cache-miss
912 http cache https://registry.npmjs.org/generic-names 74ms (cache hit)
913 silly packumentCache full:https://registry.npmjs.org/generic-names set size:18672 disposed:false
914 silly fetch manifest @vue/compiler-dom@3.5.42
915 silly packumentCache full:https://registry.npmjs.org/@vue%2fcompiler-dom cache-hit
916 silly fetch manifest @vue/compiler-sfc@3.5.42
917 silly packumentCache full:https://registry.npmjs.org/@vue%2fcompiler-sfc cache-miss
918 http cache https://registry.npmjs.org/vite-plugin-checker 68ms (cache hit)
919 silly packumentCache full:https://registry.npmjs.org/vite-plugin-checker set size:258154 disposed:false
920 silly fetch manifest @vue/server-renderer@3.5.42
921 silly packumentCache full:https://registry.npmjs.org/@vue%2fserver-renderer cache-miss
922 http cache https://registry.npmjs.org/@vitejs%2fplugin-vue 79ms (cache hit)
923 silly packumentCache full:https://registry.npmjs.org/@vitejs%2fplugin-vue set size:425431 disposed:false
924 silly fetch manifest unhead@3.4.0
925 silly packumentCache full:https://registry.npmjs.org/unhead cache-hit
926 silly fetch manifest @unhead/bundler@3.4.0
927 silly packumentCache full:https://registry.npmjs.org/@unhead%2fbundler cache-miss
928 http cache https://registry.npmjs.org/@vitejs%2fplugin-vue-jsx 59ms (cache hit)
929 silly packumentCache full:https://registry.npmjs.org/@vitejs%2fplugin-vue-jsx set size:178807 disposed:false
930 silly fetch manifest readdirp@^5.0.0
931 silly packumentCache full:https://registry.npmjs.org/readdirp cache-miss
932 http cache https://registry.npmjs.org/@vue%2fruntime-dom 23ms (cache hit)
933 silly packumentCache full:https://registry.npmjs.org/@vue%2fruntime-dom set size:869872 disposed:false
934 silly fetch manifest unplugin@^3.0.0
935 silly packumentCache full:https://registry.npmjs.org/unplugin cache-hit
936 silly fetch manifest unplugin-utils@^0.3.1
937 silly packumentCache full:https://registry.npmjs.org/unplugin-utils cache-miss
938 http cache https://registry.npmjs.org/@vue%2fserver-renderer 27ms (cache hit)
939 silly packumentCache full:https://registry.npmjs.org/@vue%2fserver-renderer set size:843066 disposed:false
940 silly fetch manifest es-module-lexer@^2.0.0
941 silly packumentCache full:https://registry.npmjs.org/es-module-lexer cache-miss
942 http cache https://registry.npmjs.org/@vue%2fcompiler-sfc 39ms (cache hit)
943 silly packumentCache full:https://registry.npmjs.org/@vue%2fcompiler-sfc set size:1025710 disposed:false
944 silly fetch manifest @jridgewell/trace-mapping@^0.3.31
945 silly packumentCache full:https://registry.npmjs.org/@jridgewell%2ftrace-mapping cache-miss
946 http cache https://registry.npmjs.org/@unhead%2fbundler 36ms (cache hit)
947 silly packumentCache full:https://registry.npmjs.org/@unhead%2fbundler set size:87494 disposed:false
948 silly fetch manifest @jridgewell/sourcemap-codec@^1.5.5
949 silly packumentCache full:https://registry.npmjs.org/@jridgewell%2fsourcemap-codec cache-miss
950 http cache https://registry.npmjs.org/readdirp 35ms (cache hit)
951 silly packumentCache full:https://registry.npmjs.org/readdirp set size:110119 disposed:false
952 silly fetch manifest acorn@^8.16.0
953 silly packumentCache full:https://registry.npmjs.org/acorn cache-miss
954 http cache https://registry.npmjs.org/unplugin-utils 32ms (cache hit)
955 silly packumentCache full:https://registry.npmjs.org/unplugin-utils set size:26075 disposed:false
956 silly fetch manifest pkg-types@^1.3.1
957 silly packumentCache full:https://registry.npmjs.org/pkg-types cache-hit
958 silly fetch manifest ufo@^1.6.3
959 silly packumentCache full:https://registry.npmjs.org/ufo cache-hit
960 silly fetch manifest node-fetch-native@^1.6.7
961 silly packumentCache full:https://registry.npmjs.org/node-fetch-native cache-miss
962 http cache https://registry.npmjs.org/@jridgewell%2ftrace-mapping 19ms (cache hit)
963 silly packumentCache full:https://registry.npmjs.org/@jridgewell%2ftrace-mapping set size:170909 disposed:false
964 silly fetch manifest ufo@^1.6.1
965 silly packumentCache full:https://registry.npmjs.org/ufo cache-hit
966 silly fetch manifest confbox@^0.3.0
967 silly packumentCache full:https://registry.npmjs.org/confbox cache-hit
968 silly fetch manifest fdir@^6.5.0
969 silly packumentCache full:https://registry.npmjs.org/fdir cache-miss
970 http cache https://registry.npmjs.org/es-module-lexer 33ms (cache hit)
971 silly packumentCache full:https://registry.npmjs.org/es-module-lexer set size:214894 disposed:false
972 silly fetch manifest acorn@^8.18.0
973 silly packumentCache full:https://registry.npmjs.org/acorn cache-miss
974 http cache https://registry.npmjs.org/@jridgewell%2fsourcemap-codec 29ms (cache hit)
975 silly packumentCache full:https://registry.npmjs.org/@jridgewell%2fsourcemap-codec set size:65255 disposed:false
976 silly fetch manifest estree-walker@^3.0.3
977 silly packumentCache full:https://registry.npmjs.org/estree-walker cache-miss
978 http cache https://registry.npmjs.org/acorn 30ms (cache hit)
979 silly packumentCache full:https://registry.npmjs.org/acorn set size:383439 disposed:false
980 silly fetch manifest strip-literal@^4.0.0
981 silly packumentCache full:https://registry.npmjs.org/strip-literal cache-miss
982 http cache https://registry.npmjs.org/node-fetch-native 34ms (cache hit)
983 silly packumentCache full:https://registry.npmjs.org/node-fetch-native set size:114626 disposed:false
984 silly fetch manifest unplugin-utils@^0.3.2
985 silly packumentCache full:https://registry.npmjs.org/unplugin-utils cache-hit
986 silly fetch manifest @jridgewell/remapping@^2.3.5
987 silly packumentCache full:https://registry.npmjs.org/@jridgewell%2fremapping cache-miss
988 http cache https://registry.npmjs.org/acorn 25ms (cache hit)
989 silly packumentCache full:https://registry.npmjs.org/acorn set size:383439 disposed:false
990 silly packumentCache full:https://registry.npmjs.org/acorn dispose
991 silly fetch manifest webpack-virtual-modules@^0.6.2
992 silly packumentCache full:https://registry.npmjs.org/webpack-virtual-modules cache-miss
993 http cache https://registry.npmjs.org/fdir 40ms (cache hit)
994 silly packumentCache full:https://registry.npmjs.org/fdir set size:136182 disposed:false
995 silly fetch manifest citty@^0.1.6
996 silly packumentCache full:https://registry.npmjs.org/citty cache-hit
997 silly fetch manifest magic-string@^0.30.21
998 silly packumentCache full:https://registry.npmjs.org/magic-string cache-hit
999 silly fetch manifest muggle-string@^0.4.1
1000 silly packumentCache full:https://registry.npmjs.org/muggle-string cache-miss
1001 http cache https://registry.npmjs.org/estree-walker 35ms (cache hit)
1002 silly packumentCache full:https://registry.npmjs.org/estree-walker set size:60887 disposed:false
1003 silly fetch manifest ast-walker-scope@^0.9.0
1004 silly packumentCache full:https://registry.npmjs.org/ast-walker-scope cache-miss
1005 http cache https://registry.npmjs.org/@jridgewell%2fremapping 22ms (cache hit)
1006 silly packumentCache full:https://registry.npmjs.org/@jridgewell%2fremapping set size:23809 disposed:false
1007 silly fetch manifest @vue-macros/common@^3.1.3
1008 silly packumentCache full:https://registry.npmjs.org/@vue-macros%2fcommon cache-miss
1009 http cache https://registry.npmjs.org/strip-literal 35ms (cache hit)
1010 silly packumentCache full:https://registry.npmjs.org/strip-literal set size:47617 disposed:false
1011 http cache https://registry.npmjs.org/webpack-virtual-modules 19ms (cache hit)
1012 silly packumentCache full:https://registry.npmjs.org/webpack-virtual-modules set size:74780 disposed:false
1013 http cache https://registry.npmjs.org/muggle-string 15ms (cache hit)
1014 silly packumentCache full:https://registry.npmjs.org/muggle-string set size:19006 disposed:false
1015 http cache https://registry.npmjs.org/ast-walker-scope 14ms (cache hit)
1016 silly packumentCache full:https://registry.npmjs.org/ast-walker-scope set size:60514 disposed:false
1017 http cache https://registry.npmjs.org/@vue-macros%2fcommon 12ms (cache hit)
1018 silly packumentCache full:https://registry.npmjs.org/@vue-macros%2fcommon set size:273818 disposed:false
1019 silly placeDep ROOT @dxup/unimport@0.1.2 OK for: @dxup/nuxt@0.5.10 want: ^0.1.2
1020 silly placeDep ROOT @vue/compiler-dom@3.5.42 OK for: @dxup/nuxt@0.5.10 want: ^3.5.41
1021 silly fetch manifest @vue/compiler-core@3.5.42
1022 silly packumentCache full:https://registry.npmjs.org/@vue%2fcompiler-core cache-miss
1023 http cache https://registry.npmjs.org/@vue%2fcompiler-core 21ms (cache hit)
1024 silly packumentCache full:https://registry.npmjs.org/@vue%2fcompiler-core set size:871235 disposed:false
1025 silly fetch manifest magicast@*
1026 silly packumentCache full:https://registry.npmjs.org/magicast cache-hit
1027 silly fetch manifest @parcel/watcher@^2.5.6
1028 silly packumentCache full:https://registry.npmjs.org/@parcel%2fwatcher cache-hit
1029 silly fetch manifest cac@^6.7.14
1030 silly packumentCache full:https://registry.npmjs.org/cac cache-miss
1031 http cache https://registry.npmjs.org/cac 11ms (cache hit)
1032 silly packumentCache full:https://registry.npmjs.org/cac set size:375942 disposed:false
1033 silly fetch manifest commander@^13.1.0 || ^14.0.0 || ^15.0.0
1034 silly packumentCache full:https://registry.npmjs.org/commander cache-miss
1035 http cache https://registry.npmjs.org/commander 8ms (cache hit)
1036 silly packumentCache full:https://registry.npmjs.org/commander set size:353104 disposed:false
1037 silly placeDep ROOT @bomb.sh/tab@0.0.19 OK for: @nuxt/cli@3.37.0 want: ^0.0.19
1038 silly placeDep ROOT @clack/prompts@1.7.0 OK for: @nuxt/cli@3.37.0 want: ^1.7.0
1039 silly placeDep ROOT c12@3.3.4 OK for: @nuxt/cli@3.37.0 want: ^3.3.4
1040 silly placeDep ROOT citty@0.2.2 OK for: @nuxt/cli@3.37.0 want: ^0.2.2
1041 silly placeDep ROOT confbox@0.2.4 OK for: @nuxt/cli@3.37.0 want: ^0.2.4
1042 silly placeDep ROOT debug@4.4.3 OK for: @nuxt/cli@3.37.0 want: ^4.4.3
1043 silly placeDep ROOT fuse.js@7.5.0 OK for: @nuxt/cli@3.37.0 want: ^7.4.2
1044 silly placeDep ROOT fzf@0.5.2 OK for: @nuxt/cli@3.37.0 want: ^0.5.2
1045 silly placeDep ROOT giget@3.3.1 OK for: @nuxt/cli@3.37.0 want: ^3.3.0
1046 silly placeDep ROOT listhen@1.10.1 OK for: @nuxt/cli@3.37.0 want: ^1.10.0
1047 silly placeDep ROOT semver@7.8.5 OK for: @nuxt/cli@3.37.0 want: ^7.8.5
1048 silly placeDep ROOT srvx@0.11.22 OK for: @nuxt/cli@3.37.0 want: ^0.11.22
1049 silly placeDep ROOT tinyclip@0.1.15 OK for: @nuxt/cli@3.37.0 want: ^0.1.15
1050 silly placeDep ROOT tinyexec@1.3.1 OK for: @nuxt/cli@3.37.0 want: ^1.2.4
1051 silly placeDep ROOT youch@4.1.1 OK for: @nuxt/cli@3.37.0 want: ^4.1.1
1052 silly fetch manifest fast-string-width@^3.0.2
1053 silly packumentCache full:https://registry.npmjs.org/fast-string-width cache-miss
1054 silly fetch manifest fast-wrap-ansi@^0.2.0
1055 silly packumentCache full:https://registry.npmjs.org/fast-wrap-ansi cache-miss
1056 silly fetch manifest sisteransi@^1.0.5
1057 silly packumentCache full:https://registry.npmjs.org/sisteransi cache-miss
1058 silly fetch manifest @clack/core@1.4.3
1059 silly packumentCache full:https://registry.npmjs.org/@clack%2fcore cache-miss
1060 silly fetch manifest giget@^3.2.0
1061 silly packumentCache full:https://registry.npmjs.org/giget cache-hit
1062 silly fetch manifest dotenv@^17.3.1
1063 silly packumentCache full:https://registry.npmjs.org/dotenv cache-miss
1064 http cache https://registry.npmjs.org/fast-string-width 24ms (cache hit)
1065 silly packumentCache full:https://registry.npmjs.org/fast-string-width set size:22460 disposed:false
1066 silly fetch manifest ms@^2.1.3
1067 silly packumentCache full:https://registry.npmjs.org/ms cache-miss
1068 http cache https://registry.npmjs.org/fast-wrap-ansi 27ms (cache hit)
1069 silly packumentCache full:https://registry.npmjs.org/fast-wrap-ansi set size:18468 disposed:false
1070 silly fetch manifest @parcel/watcher-wasm@^2.5.6
1071 silly packumentCache full:https://registry.npmjs.org/@parcel%2fwatcher-wasm cache-miss
1072 http cache https://registry.npmjs.org/@clack%2fcore 28ms (cache hit)
1073 silly packumentCache full:https://registry.npmjs.org/@clack%2fcore set size:146938 disposed:false
1074 silly fetch manifest crossws@^0.4.10
1075 silly packumentCache full:https://registry.npmjs.org/crossws cache-miss
1076 http cache https://registry.npmjs.org/sisteransi 32ms (cache hit)
1077 silly packumentCache full:https://registry.npmjs.org/sisteransi set size:25723 disposed:false
1078 silly fetch manifest http-shutdown@^1.2.2
1079 silly packumentCache full:https://registry.npmjs.org/http-shutdown cache-miss
1080 http cache https://registry.npmjs.org/dotenv 29ms (cache hit)
1081 silly packumentCache full:https://registry.npmjs.org/dotenv set size:277821 disposed:false
1082 silly fetch manifest node-forge@^1.4.0
1083 silly packumentCache full:https://registry.npmjs.org/node-forge cache-miss
1084 http cache https://registry.npmjs.org/ms 22ms (cache hit)
1085 silly packumentCache full:https://registry.npmjs.org/ms set size:92208 disposed:false
1086 silly fetch manifest untun@^0.2.2
1087 silly packumentCache full:https://registry.npmjs.org/untun cache-miss
1088 http cache https://registry.npmjs.org/crossws 22ms (cache hit)
1089 silly packumentCache full:https://registry.npmjs.org/crossws set size:120040 disposed:false
1090 silly fetch manifest uqr@^0.1.3
1091 silly packumentCache full:https://registry.npmjs.org/uqr cache-miss
1092 http cache https://registry.npmjs.org/node-forge 18ms (cache hit)
1093 silly packumentCache full:https://registry.npmjs.org/node-forge set size:394631 disposed:false
1094 silly fetch manifest @poppinss/colors@^4.1.6
1095 silly packumentCache full:https://registry.npmjs.org/@poppinss%2fcolors cache-miss
1096 http cache https://registry.npmjs.org/http-shutdown 27ms (cache hit)
1097 silly packumentCache full:https://registry.npmjs.org/http-shutdown set size:17686 disposed:false
1098 silly fetch manifest @poppinss/dumper@^0.7.0
1099 silly packumentCache full:https://registry.npmjs.org/@poppinss%2fdumper cache-miss
1100 http cache https://registry.npmjs.org/@parcel%2fwatcher-wasm 34ms (cache hit)
1101 silly packumentCache full:https://registry.npmjs.org/@parcel%2fwatcher-wasm set size:31369 disposed:false
1102 silly fetch manifest @speed-highlight/core@^1.2.14
1103 silly packumentCache full:https://registry.npmjs.org/@speed-highlight%2fcore cache-miss
1104 http cache https://registry.npmjs.org/untun 27ms (cache hit)
1105 silly packumentCache full:https://registry.npmjs.org/untun set size:20868 disposed:false
1106 silly fetch manifest youch-core@^0.3.3
1107 silly packumentCache full:https://registry.npmjs.org/youch-core cache-miss
1108 http cache https://registry.npmjs.org/uqr 28ms (cache hit)
1109 silly packumentCache full:https://registry.npmjs.org/uqr set size:23560 disposed:false
1110 http cache https://registry.npmjs.org/@poppinss%2fcolors 35ms (cache hit)
1111 silly packumentCache full:https://registry.npmjs.org/@poppinss%2fcolors set size:139208 disposed:false
1112 http cache https://registry.npmjs.org/@poppinss%2fdumper 36ms (cache hit)
1113 silly packumentCache full:https://registry.npmjs.org/@poppinss%2fdumper set size:90076 disposed:false
1114 http cache https://registry.npmjs.org/@speed-highlight%2fcore 37ms (cache hit)
1115 silly packumentCache full:https://registry.npmjs.org/@speed-highlight%2fcore set size:125776 disposed:false
1116 http cache https://registry.npmjs.org/youch-core 25ms (cache hit)
1117 silly packumentCache full:https://registry.npmjs.org/youch-core set size:45040 disposed:false
1118 silly placeDep ROOT @clack/core@1.4.3 OK for: @clack/prompts@1.7.0 want: 1.4.3
1119 silly placeDep ROOT fast-string-width@3.0.2 OK for: @clack/prompts@1.7.0 want: ^3.0.2
1120 silly placeDep ROOT fast-wrap-ansi@0.2.2 OK for: @clack/prompts@1.7.0 want: ^0.2.0
1121 silly placeDep ROOT sisteransi@1.0.5 OK for: @clack/prompts@1.7.0 want: ^1.0.5
1122 silly fetch manifest fast-string-truncated-width@^3.0.2
1123 silly packumentCache full:https://registry.npmjs.org/fast-string-truncated-width cache-miss
1124 http cache https://registry.npmjs.org/fast-string-truncated-width 3ms (cache hit)
1125 silly packumentCache full:https://registry.npmjs.org/fast-string-truncated-width set size:23965 disposed:false
1126 silly fetch manifest bufferutil@^4.0.1
1127 silly packumentCache full:https://registry.npmjs.org/bufferutil cache-miss
1128 http cache https://registry.npmjs.org/bufferutil 16ms (cache hit)
1129 silly packumentCache full:https://registry.npmjs.org/bufferutil set size:52668 disposed:false
1130 silly fetch manifest utf-8-validate@>=5.0.2
1131 silly packumentCache full:https://registry.npmjs.org/utf-8-validate cache-miss
1132 http cache https://registry.npmjs.org/utf-8-validate 10ms (cache hit)
1133 silly packumentCache full:https://registry.npmjs.org/utf-8-validate set size:77012 disposed:false
1134 silly fetch manifest @azure/app-configuration@^1.8.0
1135 silly packumentCache full:https://registry.npmjs.org/@azure%2fapp-configuration cache-miss
1136 http cache https://registry.npmjs.org/@azure%2fapp-configuration 11ms (cache hit)
1137 silly packumentCache full:https://registry.npmjs.org/@azure%2fapp-configuration set size:4264111 disposed:false
1138 silly fetch manifest @azure/cosmos@^4.2.0
1139 silly packumentCache full:https://registry.npmjs.org/@azure%2fcosmos cache-miss
1140 http cache https://registry.npmjs.org/@azure%2fcosmos 19ms (cache hit)
1141 silly packumentCache full:https://registry.npmjs.org/@azure%2fcosmos set size:6950654 disposed:false
1142 silly fetch manifest @azure/data-tables@^13.3.0
1143 silly packumentCache full:https://registry.npmjs.org/@azure%2fdata-tables cache-miss
1144 http cache https://registry.npmjs.org/@azure%2fdata-tables 15ms (cache hit)
1145 silly packumentCache full:https://registry.npmjs.org/@azure%2fdata-tables set size:3655328 disposed:false
1146 silly fetch manifest @azure/identity@^4.6.0
1147 silly packumentCache full:https://registry.npmjs.org/@azure%2fidentity cache-miss
1148 http cache https://registry.npmjs.org/@azure%2fidentity 14ms (cache hit)
1149 silly packumentCache full:https://registry.npmjs.org/@azure%2fidentity set size:6097700 disposed:false
1150 silly fetch manifest @azure/keyvault-secrets@^4.9.0
1151 silly packumentCache full:https://registry.npmjs.org/@azure%2fkeyvault-secrets cache-miss
1152 http cache https://registry.npmjs.org/@azure%2fkeyvault-secrets 23ms (cache hit)
1153 silly packumentCache full:https://registry.npmjs.org/@azure%2fkeyvault-secrets set size:4226133 disposed:false
1154 silly fetch manifest @azure/storage-blob@^12.26.0
1155 silly packumentCache full:https://registry.npmjs.org/@azure%2fstorage-blob cache-miss
1156 http cache https://registry.npmjs.org/@azure%2fstorage-blob 11ms (cache hit)
1157 silly packumentCache full:https://registry.npmjs.org/@azure%2fstorage-blob set size:4730988 disposed:false
1158 silly fetch manifest @capacitor/preferences@^6 || ^7 || ^8
1159 silly packumentCache full:https://registry.npmjs.org/@capacitor%2fpreferences cache-miss
1160 http cache https://registry.npmjs.org/@capacitor%2fpreferences 13ms (cache hit)
1161 silly packumentCache full:https://registry.npmjs.org/@capacitor%2fpreferences set size:4875278 disposed:false
1162 silly fetch manifest @capacitor/core@>=8.0.0
1163 silly packumentCache full:https://registry.npmjs.org/@capacitor%2fcore cache-miss
1164 http cache https://registry.npmjs.org/@capacitor%2fcore 19ms (cache hit)
1165 silly packumentCache full:https://registry.npmjs.org/@capacitor%2fcore set size:4791017 disposed:false
1166 silly fetch manifest @deno/kv@>=0.9.0
1167 silly packumentCache full:https://registry.npmjs.org/@deno%2fkv cache-miss
1168 http cache https://registry.npmjs.org/@deno%2fkv 4ms (cache hit)
1169 silly packumentCache full:https://registry.npmjs.org/@deno%2fkv set size:37246 disposed:false
1170 silly fetch manifest @netlify/blobs@^6.5.0 || ^7.0.0 || ^8.1.0 || ^9.0.0 || ^10.0.0
1171 silly packumentCache full:https://registry.npmjs.org/@netlify%2fblobs cache-miss
1172 http cache https://registry.npmjs.org/@netlify%2fblobs 13ms (cache hit)
1173 silly packumentCache full:https://registry.npmjs.org/@netlify%2fblobs set size:444020 disposed:false
1174 silly fetch manifest @planetscale/database@^1.19.0
1175 silly packumentCache full:https://registry.npmjs.org/@planetscale%2fdatabase cache-miss
1176 http cache https://registry.npmjs.org/@planetscale%2fdatabase 9ms (cache hit)
1177 silly packumentCache full:https://registry.npmjs.org/@planetscale%2fdatabase set size:131439 disposed:false
1178 silly fetch manifest @upstash/redis@^1.34.3
1179 silly packumentCache full:https://registry.npmjs.org/@upstash%2fredis cache-miss
1180 http cache https://registry.npmjs.org/@upstash%2fredis 22ms (cache hit)
1181 silly packumentCache full:https://registry.npmjs.org/@upstash%2fredis set size:3933824 disposed:false
1182 silly fetch manifest @vercel/blob@>=0.27.1
1183 silly packumentCache full:https://registry.npmjs.org/@vercel%2fblob cache-miss
1184 http cache https://registry.npmjs.org/@vercel%2fblob 23ms (cache hit)
1185 silly packumentCache full:https://registry.npmjs.org/@vercel%2fblob set size:1054009 disposed:false
1186 silly fetch manifest @vercel/functions@^2.2.12 || ^3.0.0
1187 silly packumentCache full:https://registry.npmjs.org/@vercel%2ffunctions cache-miss
1188 http cache https://registry.npmjs.org/@vercel%2ffunctions 4ms (cache hit)
1189 silly packumentCache full:https://registry.npmjs.org/@vercel%2ffunctions set size:245457 disposed:false
1190 silly fetch manifest @aws-sdk/credential-provider-web-identity@*
1191 silly packumentCache full:https://registry.npmjs.org/@aws-sdk%2fcredential-provider-web-identity cache-miss
1192 http cache https://registry.npmjs.org/@aws-sdk%2fcredential-provider-web-identity 6ms (cache hit)
1193 silly packumentCache full:https://registry.npmjs.org/@aws-sdk%2fcredential-provider-web-identity set size:1058699 disposed:false
1194 silly fetch manifest @vercel/kv@^1 || ^2 || ^3
1195 silly packumentCache full:https://registry.npmjs.org/@vercel%2fkv cache-miss
1196 http cache https://registry.npmjs.org/@vercel%2fkv 4ms (cache hit)
1197 silly packumentCache full:https://registry.npmjs.org/@vercel%2fkv set size:112611 disposed:false
1198 silly fetch manifest aws4fetch@^1.0.20
1199 silly packumentCache full:https://registry.npmjs.org/aws4fetch cache-miss
1200 http cache https://registry.npmjs.org/aws4fetch 4ms (cache hit)
1201 silly packumentCache full:https://registry.npmjs.org/aws4fetch set size:75112 disposed:false
1202 silly fetch manifest db0@>=0.2.1
1203 silly packumentCache full:https://registry.npmjs.org/db0 cache-miss
1204 http cache https://registry.npmjs.org/db0 4ms (cache hit)
1205 silly packumentCache full:https://registry.npmjs.org/db0 set size:77956 disposed:false
1206 silly fetch manifest idb-keyval@^6.2.1
1207 silly packumentCache full:https://registry.npmjs.org/idb-keyval cache-miss
1208 http cache https://registry.npmjs.org/idb-keyval 3ms (cache hit)
1209 silly packumentCache full:https://registry.npmjs.org/idb-keyval set size:140904 disposed:false
1210 silly fetch manifest ioredis@^5.4.2
1211 silly packumentCache full:https://registry.npmjs.org/ioredis cache-miss
1212 http cache https://registry.npmjs.org/ioredis 4ms (cache hit)
1213 silly packumentCache full:https://registry.npmjs.org/ioredis set size:859203 disposed:false
1214 silly fetch manifest uploadthing@^7.4.4
1215 silly packumentCache full:https://registry.npmjs.org/uploadthing cache-miss
1216 http cache https://registry.npmjs.org/uploadthing 6ms (cache hit)
1217 silly packumentCache full:https://registry.npmjs.org/uploadthing set size:1017149 disposed:false
1218 silly fetch manifest express@*
1219 silly packumentCache full:https://registry.npmjs.org/express cache-miss
1220 http cache https://registry.npmjs.org/express 6ms (cache hit)
1221 silly packumentCache full:https://registry.npmjs.org/express set size:804975 disposed:false
1222 silly fetch manifest h3@*
1223 silly packumentCache full:https://registry.npmjs.org/h3 cache-hit
1224 silly fetch manifest crossws@^0.4.12
1225 silly packumentCache full:https://registry.npmjs.org/crossws cache-hit
1226 silly fetch manifest srvx@>=0.11.5
1227 silly packumentCache full:https://registry.npmjs.org/srvx cache-hit
1228 silly fetch manifest ocache@>=0.3.0
1229 silly packumentCache full:https://registry.npmjs.org/ocache cache-miss
1230 http cache https://registry.npmjs.org/ocache 5ms (cache hit)
1231 silly packumentCache full:https://registry.npmjs.org/ocache set size:27860 disposed:false
1232 silly fetch manifest tailwindcss@^3.0.0 || ^4.0.0-beta.0
1233 silly packumentCache full:https://registry.npmjs.org/tailwindcss cache-miss
1234 http cache https://registry.npmjs.org/tailwindcss 26ms (cache hit)
1235 silly packumentCache full:https://registry.npmjs.org/tailwindcss set size:10875803 disposed:false
1236 silly fetch manifest vite@>=6.0
1237 silly packumentCache full:https://registry.npmjs.org/vite cache-miss
1238 http cache https://registry.npmjs.org/vite 83ms (cache hit)
1239 silly packumentCache full:https://registry.npmjs.org/vite set size:38933730 disposed:false
1240 silly fetch manifest vue@^3.0.0
1241 silly packumentCache full:https://registry.npmjs.org/vue cache-miss
1242 http cache https://registry.npmjs.org/vue 8ms (cache hit)
1243 silly packumentCache full:https://registry.npmjs.org/vue set size:2100753 disposed:false
1244 silly fetch manifest vue@^3.5.0
1245 silly packumentCache full:https://registry.npmjs.org/vue cache-miss
1246 http cache https://registry.npmjs.org/vue 7ms (cache hit)
1247 silly packumentCache full:https://registry.npmjs.org/vue set size:2100753 disposed:false
1248 silly placeDep ROOT @nuxt/devtools-kit@3.4.2 OK for: @nuxt/devtools@3.4.2 want: 3.4.2
1249 silly placeDep ROOT @nuxt/devtools-wizard@3.4.2 OK for: @nuxt/devtools@3.4.2 want: 3.4.2
1250 silly placeDep ROOT @vue/devtools-core@8.2.1 OK for: @nuxt/devtools@3.4.2 want: ^8.2.1
1251 silly placeDep ROOT @vue/devtools-kit@8.2.1 OK for: @nuxt/devtools@3.4.2 want: ^8.2.1
1252 silly placeDep ROOT birpc@4.2.0 OK for: @nuxt/devtools@3.4.2 want: ^4.0.0
1253 silly placeDep ROOT destr@2.0.5 OK for: @nuxt/devtools@3.4.2 want: ^2.0.5
1254 silly placeDep ROOT error-stack-parser-es@2.0.1 OK for: @nuxt/devtools@3.4.2 want: ^2.0.1
1255 silly placeDep ROOT execa@8.0.1 OK for: @nuxt/devtools@3.4.2 want: ^8.0.1
1256 silly placeDep ROOT fast-npm-meta@2.2.0 OK for: @nuxt/devtools@3.4.2 want: ^2.2.0
1257 silly placeDep ROOT get-port-please@3.2.0 OK for: @nuxt/devtools@3.4.2 want: ^3.2.0
1258 silly placeDep ROOT image-meta@0.2.2 OK for: @nuxt/devtools@3.4.2 want: ^0.2.2
1259 silly placeDep ROOT is-installed-globally@1.0.0 OK for: @nuxt/devtools@3.4.2 want: ^1.0.0
1260 silly placeDep ROOT launch-editor@2.14.1 OK for: @nuxt/devtools@3.4.2 want: ^2.14.1
1261 silly placeDep ROOT local-pkg@1.2.1 OK for: @nuxt/devtools@3.4.2 want: ^1.2.1
1262 silly placeDep ROOT magicast@0.5.4 OK for: @nuxt/devtools@3.4.2 want: ^0.5.4
1263 silly placeDep ROOT simple-git@3.36.0 OK for: @nuxt/devtools@3.4.2 want: ^3.36.0
1264 silly placeDep ROOT sirv@3.0.2 OK for: @nuxt/devtools@3.4.2 want: ^3.0.2
1265 silly placeDep ROOT structured-clone-es@2.0.1 OK for: @nuxt/devtools@3.4.2 want: ^2.0.1
1266 silly placeDep ROOT unstorage@1.17.5 OK for: @nuxt/devtools@3.4.2 want: ^1.17.5
1267 silly placeDep ROOT vite-plugin-inspect@11.4.1 OK for: @nuxt/devtools@3.4.2 want: ^11.4.1
1268 silly placeDep ROOT vite-plugin-vue-tracer@1.5.0 OK for: @nuxt/devtools@3.4.2 want: ^1.4.0
1269 silly placeDep ROOT which@6.0.1 OK for: @nuxt/devtools@3.4.2 want: ^6.0.1
1270 silly placeDep ROOT ws@8.21.3 OK for: @nuxt/devtools@3.4.2 want: ^8.21.1
1271 silly fetch manifest diff@^8.0.4
1272 silly packumentCache full:https://registry.npmjs.org/diff cache-miss
1273 silly fetch manifest @vue/devtools-shared@^8.2.1
1274 silly packumentCache full:https://registry.npmjs.org/@vue%2fdevtools-shared cache-miss
1275 silly fetch manifest birpc@^2.6.1
1276 silly packumentCache full:https://registry.npmjs.org/birpc cache-hit
1277 silly fetch manifest hookable@^5.5.3
1278 silly packumentCache full:https://registry.npmjs.org/hookable cache-hit
1279 silly fetch manifest @vue/devtools-shared@^8.2.1
1280 silly packumentCache full:https://registry.npmjs.org/@vue%2fdevtools-shared cache-miss
1281 silly fetch manifest onetime@^6.0.0
1282 silly packumentCache full:https://registry.npmjs.org/onetime cache-miss
1283 silly fetch manifest is-stream@^3.0.0
1284 silly packumentCache full:https://registry.npmjs.org/is-stream cache-miss
1285 http cache https://registry.npmjs.org/diff 13ms (cache hit)
1286 silly packumentCache full:https://registry.npmjs.org/diff set size:154400 disposed:false
1287 silly fetch manifest get-stream@^8.0.1
1288 silly packumentCache full:https://registry.npmjs.org/get-stream cache-miss
1289 http cache https://registry.npmjs.org/@vue%2fdevtools-shared 19ms (cache hit)
1290 silly packumentCache full:https://registry.npmjs.org/@vue%2fdevtools-shared set size:187446 disposed:false
1291 silly fetch manifest cross-spawn@^7.0.3
1292 silly packumentCache full:https://registry.npmjs.org/cross-spawn cache-miss
1293 http cache https://registry.npmjs.org/is-stream 19ms (cache hit)
1294 silly packumentCache full:https://registry.npmjs.org/is-stream set size:18582 disposed:false
1295 silly fetch manifest signal-exit@^4.1.0
1296 silly packumentCache full:https://registry.npmjs.org/signal-exit cache-miss
1297 http cache https://registry.npmjs.org/onetime 22ms (cache hit)
1298 silly packumentCache full:https://registry.npmjs.org/onetime set size:32314 disposed:false
1299 silly fetch manifest merge-stream@^2.0.0
1300 silly packumentCache full:https://registry.npmjs.org/merge-stream cache-miss
1301 http cache https://registry.npmjs.org/@vue%2fdevtools-shared 26ms (cache hit)
1302 silly packumentCache full:https://registry.npmjs.org/@vue%2fdevtools-shared set size:187446 disposed:false
1303 silly packumentCache full:https://registry.npmjs.org/@vue%2fdevtools-shared dispose
1304 silly fetch manifest npm-run-path@^5.1.0
1305 silly packumentCache full:https://registry.npmjs.org/npm-run-path cache-miss
1306 http cache https://registry.npmjs.org/get-stream 16ms (cache hit)
1307 silly packumentCache full:https://registry.npmjs.org/get-stream set size:57536 disposed:false
1308 silly fetch manifest human-signals@^5.0.0
1309 silly packumentCache full:https://registry.npmjs.org/human-signals cache-miss
1310 http cache https://registry.npmjs.org/merge-stream 14ms (cache hit)
1311 silly packumentCache full:https://registry.npmjs.org/merge-stream set size:22168 disposed:false
1312 silly fetch manifest strip-final-newline@^3.0.0
1313 silly packumentCache full:https://registry.npmjs.org/strip-final-newline cache-miss
1314 http cache https://registry.npmjs.org/cross-spawn 19ms (cache hit)
1315 silly packumentCache full:https://registry.npmjs.org/cross-spawn set size:109066 disposed:false
1316 silly fetch manifest cac@^7.0.0
1317 silly packumentCache full:https://registry.npmjs.org/cac cache-hit
1318 silly fetch manifest global-directory@^4.0.1
1319 silly packumentCache full:https://registry.npmjs.org/global-directory cache-miss
1320 http cache https://registry.npmjs.org/signal-exit 20ms (cache hit)
1321 silly packumentCache full:https://registry.npmjs.org/signal-exit set size:53489 disposed:false
1322 silly fetch manifest is-path-inside@^4.0.0
1323 silly packumentCache full:https://registry.npmjs.org/is-path-inside cache-miss
1324 http cache https://registry.npmjs.org/npm-run-path 19ms (cache hit)
1325 silly packumentCache full:https://registry.npmjs.org/npm-run-path set size:33596 disposed:false
1326 silly fetch manifest picocolors@^1.1.1
1327 silly packumentCache full:https://registry.npmjs.org/picocolors cache-miss
1328 http cache https://registry.npmjs.org/strip-final-newline 17ms (cache hit)
1329 silly packumentCache full:https://registry.npmjs.org/strip-final-newline set size:9328 disposed:false
1330 silly fetch manifest shell-quote@^1.8.4
1331 silly packumentCache full:https://registry.npmjs.org/shell-quote cache-miss
1332 http cache https://registry.npmjs.org/global-directory 16ms (cache hit)
1333 silly packumentCache full:https://registry.npmjs.org/global-directory set size:8560 disposed:false
1334 silly fetch manifest quansync@^0.2.11
1335 silly packumentCache full:https://registry.npmjs.org/quansync cache-miss
1336 http cache https://registry.npmjs.org/is-path-inside 15ms (cache hit)
1337 silly packumentCache full:https://registry.npmjs.org/is-path-inside set size:23585 disposed:false
1338 silly fetch manifest @babel/types@^7.29.7
1339 silly packumentCache full:https://registry.npmjs.org/@babel%2ftypes cache-miss
1340 http cache https://registry.npmjs.org/human-signals 24ms (cache hit)
1341 silly packumentCache full:https://registry.npmjs.org/human-signals set size:47322 disposed:false
1342 silly fetch manifest @babel/parser@^7.29.7
1343 silly packumentCache full:https://registry.npmjs.org/@babel%2fparser cache-miss
1344 http cache https://registry.npmjs.org/picocolors 16ms (cache hit)
1345 silly packumentCache full:https://registry.npmjs.org/picocolors set size:16648 disposed:false
1346 silly fetch manifest source-map-js@^1.2.1
1347 silly packumentCache full:https://registry.npmjs.org/source-map-js cache-miss
1348 http cache https://registry.npmjs.org/shell-quote 22ms (cache hit)
1349 silly packumentCache full:https://registry.npmjs.org/shell-quote set size:72517 disposed:false
1350 silly fetch manifest @kwsites/file-exists@^1.1.1
1351 silly packumentCache full:https://registry.npmjs.org/@kwsites%2ffile-exists cache-miss
1352 http cache https://registry.npmjs.org/quansync 24ms (cache hit)
1353 silly packumentCache full:https://registry.npmjs.org/quansync set size:63829 disposed:false
1354 silly fetch manifest @kwsites/promise-deferred@^1.1.1
1355 silly packumentCache full:https://registry.npmjs.org/@kwsites%2fpromise-deferred cache-miss
1356 http cache https://registry.npmjs.org/@babel%2ftypes 25ms (cache hit)
1357 silly packumentCache full:https://registry.npmjs.org/@babel%2ftypes set size:502938 disposed:false
1358 silly fetch manifest @simple-git/args-pathspec@^1.0.3
1359 silly packumentCache full:https://registry.npmjs.org/@simple-git%2fargs-pathspec cache-miss
1360 http cache https://registry.npmjs.org/@babel%2fparser 29ms (cache hit)
1361 silly packumentCache full:https://registry.npmjs.org/@babel%2fparser set size:737961 disposed:false
1362 silly fetch manifest @simple-git/argv-parser@^1.1.0
1363 silly packumentCache full:https://registry.npmjs.org/@simple-git%2fargv-parser cache-miss
1364 http cache https://registry.npmjs.org/source-map-js 36ms (cache hit)
1365 silly packumentCache full:https://registry.npmjs.org/source-map-js set size:62640 disposed:false
1366 silly fetch manifest @polka/url@^1.0.0-next.24
1367 silly packumentCache full:https://registry.npmjs.org/@polka%2furl cache-miss
1368 http cache https://registry.npmjs.org/@kwsites%2ffile-exists 26ms (cache hit)
1369 silly packumentCache full:https://registry.npmjs.org/@kwsites%2ffile-exists set size:10491 disposed:false
1370 silly fetch manifest mrmime@^2.0.0
1371 silly packumentCache full:https://registry.npmjs.org/mrmime cache-miss
1372 http cache https://registry.npmjs.org/@kwsites%2fpromise-deferred 25ms (cache hit)
1373 silly packumentCache full:https://registry.npmjs.org/@kwsites%2fpromise-deferred set size:18336 disposed:false
1374 silly fetch manifest totalist@^3.0.0
1375 silly packumentCache full:https://registry.npmjs.org/totalist cache-miss
1376 http cache https://registry.npmjs.org/@simple-git%2fargs-pathspec 21ms (cache hit)
1377 silly packumentCache full:https://registry.npmjs.org/@simple-git%2fargs-pathspec set size:6056 disposed:false
1378 silly fetch manifest h3@^1.15.10
1379 silly packumentCache full:https://registry.npmjs.org/h3 cache-hit
1380 silly fetch manifest anymatch@^3.1.3
1381 silly packumentCache full:https://registry.npmjs.org/anymatch cache-miss
1382 http cache https://registry.npmjs.org/@simple-git%2fargv-parser 14ms (cache hit)
1383 silly packumentCache full:https://registry.npmjs.org/@simple-git%2fargv-parser set size:10009 disposed:false
1384 silly fetch manifest lru-cache@^11.2.7
1385 silly packumentCache full:https://registry.npmjs.org/lru-cache cache-miss
1386 http cache https://registry.npmjs.org/@polka%2furl 14ms (cache hit)
1387 silly packumentCache full:https://registry.npmjs.org/@polka%2furl set size:42587 disposed:false
1388 silly fetch manifest obug@^2.1.1
1389 silly packumentCache full:https://registry.npmjs.org/obug cache-miss
1390 http cache https://registry.npmjs.org/mrmime 13ms (cache hit)
1391 silly packumentCache full:https://registry.npmjs.org/mrmime set size:17044 disposed:false
1392 silly fetch manifest open@^11.0.0
1393 silly packumentCache full:https://registry.npmjs.org/open cache-miss
1394 http cache https://registry.npmjs.org/totalist 14ms (cache hit)
1395 silly packumentCache full:https://registry.npmjs.org/totalist set size:22268 disposed:false
1396 silly fetch manifest ansis@^4.3.0
1397 silly packumentCache full:https://registry.npmjs.org/ansis cache-miss
1398 http cache https://registry.npmjs.org/anymatch 13ms (cache hit)
1399 silly packumentCache full:https://registry.npmjs.org/anymatch set size:42974 disposed:false
1400 silly fetch manifest vite-dev-rpc@^2.0.0
1401 silly packumentCache full:https://registry.npmjs.org/vite-dev-rpc cache-miss
1402 http cache https://registry.npmjs.org/obug 12ms (cache hit)
1403 silly packumentCache full:https://registry.npmjs.org/obug set size:49983 disposed:false
1404 silly fetch manifest error-stack-parser-es@^1.0.5
1405 silly packumentCache full:https://registry.npmjs.org/error-stack-parser-es cache-hit
1406 silly fetch manifest isexe@^4.0.0
1407 silly packumentCache full:https://registry.npmjs.org/isexe cache-miss
1408 http cache https://registry.npmjs.org/lru-cache 17ms (cache hit)
1409 silly packumentCache full:https://registry.npmjs.org/lru-cache set size:460407 disposed:false
1410 http cache https://registry.npmjs.org/open 21ms (cache hit)
1411 silly packumentCache full:https://registry.npmjs.org/open set size:140850 disposed:false
1412 http cache https://registry.npmjs.org/vite-dev-rpc 19ms (cache hit)
1413 silly packumentCache full:https://registry.npmjs.org/vite-dev-rpc set size:43107 disposed:false
1414 http cache https://registry.npmjs.org/isexe 17ms (cache hit)
1415 silly packumentCache full:https://registry.npmjs.org/isexe set size:31756 disposed:false
1416 http cache https://registry.npmjs.org/ansis 23ms (cache hit)
1417 silly packumentCache full:https://registry.npmjs.org/ansis set size:228409 disposed:false
1418 silly placeDep ROOT diff@8.0.4 OK for: @nuxt/devtools-wizard@3.4.2 want: ^8.0.4
1419 silly placeDep ROOT rc9@3.1.0 OK for: @nuxt/kit@4.5.2 want: ^3.0.1
1420 silly fetch manifest xml2js@^0.6.2
1421 silly packumentCache full:https://registry.npmjs.org/xml2js cache-miss
1422 http cache https://registry.npmjs.org/xml2js 4ms (cache hit)
1423 silly packumentCache full:https://registry.npmjs.org/xml2js set size:198018 disposed:false
1424 silly placeDep ROOT @nuxt/devalue@2.0.2 OK for: @nuxt/nitro-server@4.5.2 want: ^2.0.2
1425 silly placeDep ROOT h3@1.15.11 OK for: @nuxt/nitro-server@4.5.2 want: ^1.15.11
1426 silly placeDep ROOT mocked-exports@0.1.1 OK for: @nuxt/nitro-server@4.5.2 want: ^0.1.1
1427 silly placeDep ROOT nitropack@2.13.4 OK for: @nuxt/nitro-server@4.5.2 want: ^2.13.4
1428 silly placeDep ROOT vue-bundle-renderer@2.3.2 OK for: @nuxt/nitro-server@4.5.2 want: ^2.3.1
1429 silly placeDep ROOT vue-devtools-stub@0.1.0 OK for: @nuxt/nitro-server@4.5.2 want: ^0.1.0
1430 silly fetch manifest radix3@^1.1.2
1431 silly packumentCache full:https://registry.npmjs.org/radix3 cache-miss
1432 silly fetch manifest crossws@^0.3.5
1433 silly packumentCache full:https://registry.npmjs.org/crossws cache-hit
1434 silly fetch manifest cookie-es@^1.2.3
1435 silly packumentCache full:https://registry.npmjs.org/cookie-es cache-hit
1436 silly fetch manifest iron-webcrypto@^1.2.1
1437 silly packumentCache full:https://registry.npmjs.org/iron-webcrypto cache-miss
1438 silly fetch manifest node-mock-http@^1.0.4
1439 silly packumentCache full:https://registry.npmjs.org/node-mock-http cache-miss
1440 silly fetch manifest @cloudflare/kv-asset-handler@^0.4.2
1441 silly packumentCache full:https://registry.npmjs.org/@cloudflare%2fkv-asset-handler cache-miss
1442 silly fetch manifest @rollup/plugin-alias@^6.0.0
1443 silly packumentCache full:https://registry.npmjs.org/@rollup%2fplugin-alias cache-miss
1444 http cache https://registry.npmjs.org/radix3 11ms (cache hit)
1445 silly packumentCache full:https://registry.npmjs.org/radix3 set size:36680 disposed:false
1446 silly fetch manifest @rollup/plugin-commonjs@^29.0.2
1447 silly packumentCache full:https://registry.npmjs.org/@rollup%2fplugin-commonjs cache-miss
1448 http cache https://registry.npmjs.org/iron-webcrypto 11ms (cache hit)
1449 silly packumentCache full:https://registry.npmjs.org/iron-webcrypto set size:132942 disposed:false
1450 silly fetch manifest @rollup/plugin-inject@^5.0.5
1451 silly packumentCache full:https://registry.npmjs.org/@rollup%2fplugin-inject cache-miss
1452 http cache https://registry.npmjs.org/@cloudflare%2fkv-asset-handler 11ms (cache hit)
1453 silly packumentCache full:https://registry.npmjs.org/@cloudflare%2fkv-asset-handler set size:83933 disposed:false
1454 silly fetch manifest @rollup/plugin-json@^6.1.0
1455 silly packumentCache full:https://registry.npmjs.org/@rollup%2fplugin-json cache-miss
1456 http cache https://registry.npmjs.org/node-mock-http 15ms (cache hit)
1457 silly packumentCache full:https://registry.npmjs.org/node-mock-http set size:28745 disposed:false
1458 silly fetch manifest @rollup/plugin-node-resolve@^16.0.3
1459 silly packumentCache full:https://registry.npmjs.org/@rollup%2fplugin-node-resolve cache-miss
1460 http cache https://registry.npmjs.org/@rollup%2fplugin-alias 14ms (cache hit)
1461 silly packumentCache full:https://registry.npmjs.org/@rollup%2fplugin-alias set size:83815 disposed:false
1462 silly fetch manifest @rollup/plugin-replace@^6.0.3
1463 silly packumentCache full:https://registry.npmjs.org/@rollup%2fplugin-replace cache-miss
1464 http cache https://registry.npmjs.org/@rollup%2fplugin-commonjs 14ms (cache hit)
1465 silly packumentCache full:https://registry.npmjs.org/@rollup%2fplugin-commonjs set size:339171 disposed:false
1466 silly fetch manifest @rollup/plugin-terser@^1.0.0
1467 silly packumentCache full:https://registry.npmjs.org/@rollup%2fplugin-terser cache-miss
1468 http cache https://registry.npmjs.org/@rollup%2fplugin-inject 17ms (cache hit)
1469 silly packumentCache full:https://registry.npmjs.org/@rollup%2fplugin-inject set size:42787 disposed:false
1470 silly fetch manifest @vercel/nft@^1.5.0
1471 silly packumentCache full:https://registry.npmjs.org/@vercel%2fnft cache-miss
1472 http cache https://registry.npmjs.org/@rollup%2fplugin-replace 14ms (cache hit)
1473 silly packumentCache full:https://registry.npmjs.org/@rollup%2fplugin-replace set size:99018 disposed:false
1474 silly fetch manifest archiver@^7.0.1
1475 silly packumentCache full:https://registry.npmjs.org/archiver cache-miss
1476 http cache https://registry.npmjs.org/@rollup%2fplugin-node-resolve 18ms (cache hit)
1477 silly packumentCache full:https://registry.npmjs.org/@rollup%2fplugin-node-resolve set size:210808 disposed:false
1478 silly fetch manifest cookie-es@^2.0.1
1479 silly packumentCache full:https://registry.npmjs.org/cookie-es cache-hit
1480 silly fetch manifest croner@^10.0.1
1481 silly packumentCache full:https://registry.npmjs.org/croner cache-miss
1482 http cache https://registry.npmjs.org/@rollup%2fplugin-json 22ms (cache hit)
1483 silly packumentCache full:https://registry.npmjs.org/@rollup%2fplugin-json set size:42633 disposed:false
1484 silly fetch manifest db0@^0.3.4
1485 silly packumentCache full:https://registry.npmjs.org/db0 cache-hit
1486 silly fetch manifest dot-prop@^10.1.0
1487 silly packumentCache full:https://registry.npmjs.org/dot-prop cache-miss
1488 http cache https://registry.npmjs.org/@rollup%2fplugin-terser 16ms (cache hit)
1489 silly packumentCache full:https://registry.npmjs.org/@rollup%2fplugin-terser set size:36022 disposed:false
1490 silly fetch manifest esbuild@^0.28.0
1491 silly packumentCache full:https://registry.npmjs.org/esbuild cache-miss
1492 http cache https://registry.npmjs.org/@vercel%2fnft 18ms (cache hit)
1493 silly packumentCache full:https://registry.npmjs.org/@vercel%2fnft set size:597448 disposed:false
1494 silly fetch manifest etag@^1.8.1
1495 silly packumentCache full:https://registry.npmjs.org/etag cache-miss
1496 http cache https://registry.npmjs.org/archiver 24ms (cache hit)
1497 silly packumentCache full:https://registry.npmjs.org/archiver set size:169973 disposed:false
1498 silly fetch manifest globby@^16.2.0
1499 silly packumentCache full:https://registry.npmjs.org/globby cache-miss
1500 http cache https://registry.npmjs.org/dot-prop 21ms (cache hit)
1501 silly packumentCache full:https://registry.npmjs.org/dot-prop set size:77505 disposed:false
1502 silly fetch manifest gzip-size@^7.0.0
1503 silly packumentCache full:https://registry.npmjs.org/gzip-size cache-miss
1504 http cache https://registry.npmjs.org/croner 27ms (cache hit)
1505 silly packumentCache full:https://registry.npmjs.org/croner set size:731243 disposed:false
1506 silly fetch manifest httpxy@^0.5.1
1507 silly packumentCache full:https://registry.npmjs.org/httpxy cache-miss
1508 http cache https://registry.npmjs.org/etag 20ms (cache hit)
1509 silly packumentCache full:https://registry.npmjs.org/etag set size:30032 disposed:false
1510 silly fetch manifest ioredis@^5.10.1
1511 silly packumentCache full:https://registry.npmjs.org/ioredis cache-hit
1512 silly fetch manifest mime@^4.1.0
1513 silly packumentCache full:https://registry.npmjs.org/mime cache-miss
1514 http cache https://registry.npmjs.org/esbuild 36ms (cache hit)
1515 silly packumentCache full:https://registry.npmjs.org/esbuild set size:1264676 disposed:false
1516 silly fetch manifest pretty-bytes@^7.1.0
1517 silly packumentCache full:https://registry.npmjs.org/pretty-bytes cache-miss
1518 http cache https://registry.npmjs.org/globby 32ms (cache hit)
1519 silly packumentCache full:https://registry.npmjs.org/globby set size:171193 disposed:false
1520 silly fetch manifest rollup@^4.60.2
1521 silly packumentCache full:https://registry.npmjs.org/rollup cache-miss
1522 http cache https://registry.npmjs.org/httpxy 28ms (cache hit)
1523 silly packumentCache full:https://registry.npmjs.org/httpxy set size:59408 disposed:false
1524 silly fetch manifest rollup-plugin-visualizer@^7.0.1
1525 silly packumentCache full:https://registry.npmjs.org/rollup-plugin-visualizer cache-hit
1526 silly fetch manifest serve-placeholder@^2.0.2
1527 silly packumentCache full:https://registry.npmjs.org/serve-placeholder cache-miss
1528 http cache https://registry.npmjs.org/gzip-size 37ms (cache hit)
1529 silly packumentCache full:https://registry.npmjs.org/gzip-size set size:35291 disposed:false
1530 silly fetch manifest serve-static@^2.2.1
1531 silly packumentCache full:https://registry.npmjs.org/serve-static cache-miss
1532 http cache https://registry.npmjs.org/pretty-bytes 17ms (cache hit)
1533 silly packumentCache full:https://registry.npmjs.org/pretty-bytes set size:70470 disposed:false
1534 silly fetch manifest source-map@^0.7.6
1535 silly packumentCache full:https://registry.npmjs.org/source-map cache-miss
1536 http cache https://registry.npmjs.org/serve-placeholder 11ms (cache hit)
1537 silly packumentCache full:https://registry.npmjs.org/serve-placeholder set size:46333 disposed:false
1538 silly fetch manifest unctx@^2.5.0
1539 silly packumentCache full:https://registry.npmjs.org/unctx cache-hit
1540 silly fetch manifest unenv@2.0.0-rc.24
1541 silly packumentCache full:https://registry.npmjs.org/unenv cache-hit
1542 silly fetch manifest unwasm@^0.5.3
1543 silly packumentCache full:https://registry.npmjs.org/unwasm cache-miss
1544 http cache https://registry.npmjs.org/mime 34ms (cache hit)
1545 silly packumentCache full:https://registry.npmjs.org/mime set size:119236 disposed:false
1546 http cache https://registry.npmjs.org/serve-static 16ms (cache hit)
1547 silly packumentCache full:https://registry.npmjs.org/serve-static set size:150391 disposed:false
1548 http cache https://registry.npmjs.org/rollup 32ms (cache hit)
1549 silly packumentCache full:https://registry.npmjs.org/rollup set size:6315915 disposed:false
1550 http cache https://registry.npmjs.org/source-map 69ms (cache hit)
1551 silly packumentCache full:https://registry.npmjs.org/source-map set size:231637 disposed:false
1552 http cache https://registry.npmjs.org/unwasm 69ms (cache hit)
1553 silly packumentCache full:https://registry.npmjs.org/unwasm set size:69567 disposed:false
1554 silly fetch manifest vite@^8.2.0
1555 silly packumentCache full:https://registry.npmjs.org/vite cache-miss
1556 http cache https://registry.npmjs.org/vite 80ms (cache hit)
1557 silly packumentCache full:https://registry.npmjs.org/vite set size:38933730 disposed:false
1558 silly fetch manifest vue@^3.3.4
1559 silly packumentCache full:https://registry.npmjs.org/vue cache-miss
1560 http cache https://registry.npmjs.org/vue 9ms (cache hit)
1561 silly packumentCache full:https://registry.npmjs.org/vue set size:2100753 disposed:false
1562 silly fetch manifest @biomejs/biome@>=2.4.12
1563 silly packumentCache full:https://registry.npmjs.org/@biomejs%2fbiome cache-miss
1564 http cache https://registry.npmjs.org/@biomejs%2fbiome 4ms (cache hit)
1565 silly packumentCache full:https://registry.npmjs.org/@biomejs%2fbiome set size:371841 disposed:false
1566 silly fetch manifest eslint@>=9.39.4
1567 silly packumentCache full:https://registry.npmjs.org/eslint cache-miss
1568 http cache https://registry.npmjs.org/eslint 8ms (cache hit)
1569 silly packumentCache full:https://registry.npmjs.org/eslint set size:2070000 disposed:false
1570 silly fetch manifest meow@^13.2.0 || ^14.0.0
1571 silly packumentCache full:https://registry.npmjs.org/meow cache-miss
1572 http cache https://registry.npmjs.org/meow 4ms (cache hit)
1573 silly packumentCache full:https://registry.npmjs.org/meow set size:128964 disposed:false
1574 silly fetch manifest optionator@^0.9.4
1575 silly packumentCache full:https://registry.npmjs.org/optionator cache-miss
1576 http cache https://registry.npmjs.org/optionator 5ms (cache hit)
1577 silly packumentCache full:https://registry.npmjs.org/optionator set size:49651 disposed:false
1578 silly fetch manifest oxlint@>=1
1579 silly packumentCache full:https://registry.npmjs.org/oxlint cache-miss
1580 http cache https://registry.npmjs.org/oxlint 5ms (cache hit)
1581 silly packumentCache full:https://registry.npmjs.org/oxlint set size:481701 disposed:false
1582 silly fetch manifest oxlint-tsgolint@>=7.0.2001
1583 silly packumentCache full:https://registry.npmjs.org/oxlint-tsgolint cache-miss
1584 http cache https://registry.npmjs.org/oxlint-tsgolint 4ms (cache hit)
1585 silly packumentCache full:https://registry.npmjs.org/oxlint-tsgolint set size:136590 disposed:false
1586 silly fetch manifest vite-plus@*
1587 silly packumentCache full:https://registry.npmjs.org/vite-plus cache-miss
1588 http cache https://registry.npmjs.org/vite-plus 6ms (cache hit)
1589 silly packumentCache full:https://registry.npmjs.org/vite-plus set size:1549208 disposed:false
1590 silly fetch manifest @vitest/browser-playwright@4.1.11
1591 silly packumentCache full:https://registry.npmjs.org/@vitest%2fbrowser-playwright cache-hit
1592 silly fetch manifest vitest@4.1.11
1593 silly packumentCache full:https://registry.npmjs.org/vitest cache-miss
1594 http cache https://registry.npmjs.org/vitest 8ms (cache hit)
1595 silly packumentCache full:https://registry.npmjs.org/vitest set size:2258289 disposed:false
1596 silly fetch manifest @types/node@^20.0.0 || ^22.0.0 || >=24.0.0
1597 silly packumentCache full:https://registry.npmjs.org/@types%2fnode cache-miss
1598 http cache https://registry.npmjs.org/@types%2fnode 23ms (cache hit)
1599 silly packumentCache full:https://registry.npmjs.org/@types%2fnode set size:11100097 disposed:false
1600 silly fetch manifest @vitest/browser-preview@4.1.11
1601 silly packumentCache full:https://registry.npmjs.org/@vitest%2fbrowser-preview cache-hit
1602 silly fetch manifest @vitest/browser-webdriverio@4.1.11
1603 silly packumentCache full:https://registry.npmjs.org/@vitest%2fbrowser-webdriverio cache-hit
1604 silly fetch manifest @vitest/coverage-istanbul@4.1.11
1605 silly packumentCache full:https://registry.npmjs.org/@vitest%2fcoverage-istanbul cache-hit
1606 silly fetch manifest @vitest/coverage-v8@4.1.11
1607 silly packumentCache full:https://registry.npmjs.org/@vitest%2fcoverage-v8 cache-hit
1608 silly fetch manifest @vitest/browser@4.1.11
1609 silly packumentCache full:https://registry.npmjs.org/@vitest%2fbrowser cache-hit
1610 silly fetch manifest @vitest/ui@4.1.11
1611 silly packumentCache full:https://registry.npmjs.org/@vitest%2fui cache-miss
1612 http cache https://registry.npmjs.org/@vitest%2fui 7ms (cache hit)
1613 silly packumentCache full:https://registry.npmjs.org/@vitest%2fui set size:1295965 disposed:false
1614 silly fetch manifest stylelint@>=16.26.1
1615 silly packumentCache full:https://registry.npmjs.org/stylelint cache-miss
1616 http cache https://registry.npmjs.org/stylelint 5ms (cache hit)
1617 silly packumentCache full:https://registry.npmjs.org/stylelint set size:1368003 disposed:false
1618 silly fetch manifest vue-tsc@~2.2.10 || ^3.0.0
1619 silly packumentCache full:https://registry.npmjs.org/vue-tsc cache-miss
1620 http cache https://registry.npmjs.org/vue-tsc 10ms (cache hit)
1621 silly packumentCache full:https://registry.npmjs.org/vue-tsc set size:773267 disposed:false
1622 silly placeDep ROOT @vitejs/plugin-vue@6.0.8 OK for: @nuxt/vite-builder@4.5.2 want: ^6.0.8
1623 silly placeDep ROOT @vitejs/plugin-vue-jsx@5.1.6 OK for: @nuxt/vite-builder@4.5.2 want: ^5.1.6
1624 silly placeDep ROOT autoprefixer@10.5.4 OK for: @nuxt/vite-builder@4.5.2 want: ^10.5.4
1625 silly placeDep ROOT postcss@8.5.28 OK for: autoprefixer@10.5.4 want: ^8.1.0
1626 silly placeDep ROOT cssnano@8.0.10 OK for: @nuxt/vite-builder@4.5.2 want: ^8.0.2
1627 silly placeDep ROOT generic-names@4.0.0 OK for: @nuxt/vite-builder@4.5.2 want: ^4.0.0
1628 silly placeDep ROOT js-tokens@10.0.0 OK for: @nuxt/vite-builder@4.5.2 want: ^10.0.0
1629 silly placeDep ROOT seroval@1.6.4 OK for: @nuxt/vite-builder@4.5.2 want: ^1.6.2
1630 silly placeDep ROOT unenv@2.0.0-rc.24 OK for: @nuxt/vite-builder@4.5.2 want: ^2.0.0-rc.24
1631 silly placeDep ROOT vite-node@6.0.0 OK for: @nuxt/vite-builder@4.5.2 want: ^6.0.0
1632 silly placeDep ROOT vite-plugin-checker@0.14.5 OK for: @nuxt/vite-builder@4.5.2 want: ^0.14.5
1633 silly fetch manifest @rolldown/pluginutils@^1.0.1
1634 silly packumentCache full:https://registry.npmjs.org/@rolldown%2fpluginutils cache-hit
1635 silly fetch manifest @babel/core@^7.29.0
1636 silly packumentCache full:https://registry.npmjs.org/@babel%2fcore cache-hit
1637 silly fetch manifest @rolldown/pluginutils@^1.0.1
1638 silly packumentCache full:https://registry.npmjs.org/@rolldown%2fpluginutils cache-hit
1639 silly fetch manifest @vue/babel-plugin-jsx@^2.0.1
1640 silly packumentCache full:https://registry.npmjs.org/@vue%2fbabel-plugin-jsx cache-miss
1641 silly fetch manifest @babel/plugin-syntax-typescript@^7.29.7
1642 silly packumentCache full:https://registry.npmjs.org/@babel%2fplugin-syntax-typescript cache-hit
1643 silly fetch manifest @babel/plugin-transform-typescript@^7.29.7
1644 silly packumentCache full:https://registry.npmjs.org/@babel%2fplugin-transform-typescript cache-miss
1645 silly fetch manifest fraction.js@^5.3.4
1646 silly packumentCache full:https://registry.npmjs.org/fraction.js cache-miss
1647 silly fetch manifest browserslist@^4.28.6
1648 silly packumentCache full:https://registry.npmjs.org/browserslist cache-miss
1649 silly fetch manifest caniuse-lite@^1.0.30001806
1650 silly packumentCache full:https://registry.npmjs.org/caniuse-lite cache-miss
1651 http cache https://registry.npmjs.org/@babel%2fplugin-transform-typescript 8ms (cache hit)
1652 silly packumentCache full:https://registry.npmjs.org/@babel%2fplugin-transform-typescript set size:402797 disposed:false
1653 silly fetch manifest postcss-value-parser@^4.2.0
1654 silly packumentCache full:https://registry.npmjs.org/postcss-value-parser cache-miss
1655 http cache https://registry.npmjs.org/@vue%2fbabel-plugin-jsx 15ms (cache hit)
1656 silly packumentCache full:https://registry.npmjs.org/@vue%2fbabel-plugin-jsx set size:91931 disposed:false
1657 silly fetch manifest nanoid@^3.3.18
1658 silly packumentCache full:https://registry.npmjs.org/nanoid cache-miss
1659 http cache https://registry.npmjs.org/fraction.js 15ms (cache hit)
1660 silly packumentCache full:https://registry.npmjs.org/fraction.js set size:149386 disposed:false
1661 silly fetch manifest lilconfig@^3.1.3
1662 silly packumentCache full:https://registry.npmjs.org/lilconfig cache-miss
1663 http cache https://registry.npmjs.org/browserslist 19ms (cache hit)
1664 silly packumentCache full:https://registry.npmjs.org/browserslist set size:518659 disposed:false
1665 silly fetch manifest cssnano-preset-default@^8.0.10
1666 silly packumentCache full:https://registry.npmjs.org/cssnano-preset-default cache-miss
1667 http cache https://registry.npmjs.org/caniuse-lite 27ms (cache hit)
1668 silly packumentCache full:https://registry.npmjs.org/caniuse-lite set size:2313344 disposed:false
1669 silly fetch manifest loader-utils@^3.2.0
1670 silly packumentCache full:https://registry.npmjs.org/loader-utils cache-miss
1671 http cache https://registry.npmjs.org/postcss-value-parser 43ms (cache hit)
1672 silly packumentCache full:https://registry.npmjs.org/postcss-value-parser set size:73526 disposed:false
1673 silly fetch manifest npm-run-path@^6.0.0
1674 silly packumentCache full:https://registry.npmjs.org/npm-run-path cache-hit
1675 silly fetch manifest tiny-invariant@^1.3.3
1676 silly packumentCache full:https://registry.npmjs.org/tiny-invariant cache-miss
1677 http cache https://registry.npmjs.org/nanoid 47ms (cache hit)
1678 silly packumentCache full:https://registry.npmjs.org/nanoid set size:342705 disposed:false
1679 silly fetch manifest proper-lockfile@^4.1.2
1680 silly packumentCache full:https://registry.npmjs.org/proper-lockfile cache-miss
1681 http cache https://registry.npmjs.org/lilconfig 47ms (cache hit)
1682 silly packumentCache full:https://registry.npmjs.org/lilconfig set size:45636 disposed:false
1683 silly fetch manifest @babel/code-frame@^7.29.0
1684 silly packumentCache full:https://registry.npmjs.org/@babel%2fcode-frame cache-miss
1685 http cache https://registry.npmjs.org/cssnano-preset-default 43ms (cache hit)
1686 silly packumentCache full:https://registry.npmjs.org/cssnano-preset-default set size:386854 disposed:false
1687 http cache https://registry.npmjs.org/loader-utils 25ms (cache hit)
1688 silly packumentCache full:https://registry.npmjs.org/loader-utils set size:168663 disposed:false
1689 http cache https://registry.npmjs.org/tiny-invariant 18ms (cache hit)
1690 silly packumentCache full:https://registry.npmjs.org/tiny-invariant set size:98310 disposed:false
1691 http cache https://registry.npmjs.org/@babel%2fcode-frame 14ms (cache hit)
1692 silly packumentCache full:https://registry.npmjs.org/@babel%2fcode-frame set size:206617 disposed:false
1693 http cache https://registry.npmjs.org/proper-lockfile 18ms (cache hit)
1694 silly packumentCache full:https://registry.npmjs.org/proper-lockfile set size:82421 disposed:false
1695 silly fetch manifest @unhead/cli@^3.4.0
1696 silly packumentCache full:https://registry.npmjs.org/@unhead%2fcli cache-miss
1697 http cache https://registry.npmjs.org/@unhead%2fcli 4ms (cache hit)
1698 silly packumentCache full:https://registry.npmjs.org/@unhead%2fcli set size:47407 disposed:false
1699 silly fetch manifest @vitejs/devtools-kit@^0.4.1
1700 silly packumentCache full:https://registry.npmjs.org/@vitejs%2fdevtools-kit cache-miss
1701 http cache https://registry.npmjs.org/@vitejs%2fdevtools-kit 4ms (cache hit)
1702 silly packumentCache full:https://registry.npmjs.org/@vitejs%2fdevtools-kit set size:222835 disposed:false
1703 silly fetch manifest lightningcss@>=1.20.0
1704 silly packumentCache full:https://registry.npmjs.org/lightningcss cache-hit
1705 silly fetch manifest rolldown@>=1.0.0
1706 silly packumentCache full:https://registry.npmjs.org/rolldown cache-miss
1707 http cache https://registry.npmjs.org/rolldown 10ms (cache hit)
1708 silly packumentCache full:https://registry.npmjs.org/rolldown set size:3808254 disposed:false
1709 silly placeDep ROOT @unhead/bundler@3.4.0 OK for: @unhead/vue@3.4.0 want: 3.4.0
1710 silly placeDep ROOT @rolldown/pluginutils@1.0.1 OK for: @vitejs/plugin-vue@6.0.8 want: ^1.0.1
1711 silly placeDep ROOT @babel/core@7.29.7 OK for: @vitejs/plugin-vue-jsx@5.1.6 want: ^7.29.0
1712 silly placeDep ROOT @babel/plugin-syntax-typescript@7.29.7 OK for: @vitejs/plugin-vue-jsx@5.1.6 want: ^7.29.7
1713 silly placeDep ROOT @babel/plugin-transform-typescript@7.29.7 OK for: @vitejs/plugin-vue-jsx@5.1.6 want: ^7.29.7
1714 silly placeDep ROOT @vue/babel-plugin-jsx@2.0.1 OK for: @vitejs/plugin-vue-jsx@5.1.6 want: ^2.0.1
1715 silly fetch manifest json5@^2.2.3
1716 silly packumentCache full:https://registry.npmjs.org/json5 cache-miss
1717 silly fetch manifest semver@^6.3.1
1718 silly packumentCache full:https://registry.npmjs.org/semver cache-hit
1719 silly fetch manifest gensync@^1.0.0-beta.2
1720 silly packumentCache full:https://registry.npmjs.org/gensync cache-miss
1721 silly fetch manifest @babel/helpers@^7.29.7
1722 silly packumentCache full:https://registry.npmjs.org/@babel%2fhelpers cache-miss
1723 silly fetch manifest @babel/template@^7.29.7
1724 silly packumentCache full:https://registry.npmjs.org/@babel%2ftemplate cache-miss
1725 silly fetch manifest @babel/traverse@^7.29.7
1726 silly packumentCache full:https://registry.npmjs.org/@babel%2ftraverse cache-miss
1727 http cache https://registry.npmjs.org/gensync 17ms (cache hit)
1728 silly packumentCache full:https://registry.npmjs.org/gensync set size:15068 disposed:false
1729 silly fetch manifest @babel/generator@^7.29.7
1730 silly packumentCache full:https://registry.npmjs.org/@babel%2fgenerator cache-miss
1731 http cache https://registry.npmjs.org/@babel%2fhelpers 19ms (cache hit)
1732 silly packumentCache full:https://registry.npmjs.org/@babel%2fhelpers set size:398496 disposed:false
1733 silly fetch manifest @babel/code-frame@^7.29.7
1734 silly packumentCache full:https://registry.npmjs.org/@babel%2fcode-frame cache-hit
1735 silly fetch manifest convert-source-map@^2.0.0
1736 silly packumentCache full:https://registry.npmjs.org/convert-source-map cache-miss
1737 http cache https://registry.npmjs.org/json5 27ms (cache hit)
1738 silly packumentCache full:https://registry.npmjs.org/json5 set size:86136 disposed:false
1739 silly fetch manifest @babel/helper-module-transforms@^7.29.7
1740 silly packumentCache full:https://registry.npmjs.org/@babel%2fhelper-module-transforms cache-miss
1741 http cache https://registry.npmjs.org/@babel%2ftemplate 28ms (cache hit)
1742 silly packumentCache full:https://registry.npmjs.org/@babel%2ftemplate set size:237074 disposed:false
1743 silly fetch manifest @babel/helper-compilation-targets@^7.29.7
1744 silly packumentCache full:https://registry.npmjs.org/@babel%2fhelper-compilation-targets cache-miss
1745 http cache https://registry.npmjs.org/@babel%2ftraverse 33ms (cache hit)
1746 silly packumentCache full:https://registry.npmjs.org/@babel%2ftraverse set size:564759 disposed:false
1747 silly fetch manifest @babel/helper-plugin-utils@^7.29.7
1748 silly packumentCache full:https://registry.npmjs.org/@babel%2fhelper-plugin-utils cache-miss
1749 http cache https://registry.npmjs.org/@babel%2fgenerator 42ms (cache hit)
1750 silly packumentCache full:https://registry.npmjs.org/@babel%2fgenerator set size:522841 disposed:false
1751 silly fetch manifest @babel/helper-plugin-utils@^7.29.7
1752 silly packumentCache full:https://registry.npmjs.org/@babel%2fhelper-plugin-utils cache-miss
1753 http cache https://registry.npmjs.org/convert-source-map 40ms (cache hit)
1754 silly packumentCache full:https://registry.npmjs.org/convert-source-map set size:66997 disposed:false
1755 silly fetch manifest @babel/helper-annotate-as-pure@^7.29.7
1756 silly packumentCache full:https://registry.npmjs.org/@babel%2fhelper-annotate-as-pure cache-miss
1757 http cache https://registry.npmjs.org/@babel%2fhelper-module-transforms 41ms (cache hit)
1758 silly packumentCache full:https://registry.npmjs.org/@babel%2fhelper-module-transforms set size:346454 disposed:false
1759 silly fetch manifest @babel/helper-create-class-features-plugin@^7.29.7
1760 silly packumentCache full:https://registry.npmjs.org/@babel%2fhelper-create-class-features-plugin cache-miss
1761 http cache https://registry.npmjs.org/@babel%2fhelper-compilation-targets 39ms (cache hit)
1762 silly packumentCache full:https://registry.npmjs.org/@babel%2fhelper-compilation-targets set size:229541 disposed:false
1763 silly fetch manifest @babel/helper-skip-transparent-expression-wrappers@^7.29.7
1764 silly packumentCache full:https://registry.npmjs.org/@babel%2fhelper-skip-transparent-expression-wrappers cache-miss
1765 http cache https://registry.npmjs.org/@babel%2fhelper-plugin-utils 32ms (cache hit)
1766 silly packumentCache full:https://registry.npmjs.org/@babel%2fhelper-plugin-utils set size:175564 disposed:false
1767 silly fetch manifest @babel/types@^7.28.4
1768 silly packumentCache full:https://registry.npmjs.org/@babel%2ftypes cache-hit
1769 silly fetch manifest @babel/template@^7.27.2
1770 silly packumentCache full:https://registry.npmjs.org/@babel%2ftemplate cache-hit
1771 silly fetch manifest @babel/traverse@^7.28.4
1772 silly packumentCache full:https://registry.npmjs.org/@babel%2ftraverse cache-hit
1773 silly fetch manifest @babel/plugin-syntax-jsx@^7.27.1
1774 silly packumentCache full:https://registry.npmjs.org/@babel%2fplugin-syntax-jsx cache-hit
1775 silly fetch manifest @babel/helper-plugin-utils@^7.27.1
1776 silly packumentCache full:https://registry.npmjs.org/@babel%2fhelper-plugin-utils cache-hit
1777 silly fetch manifest @babel/helper-module-imports@^7.27.1
1778 silly packumentCache full:https://registry.npmjs.org/@babel%2fhelper-module-imports cache-miss
1779 http cache https://registry.npmjs.org/@babel%2fhelper-annotate-as-pure 28ms (cache hit)
1780 silly packumentCache full:https://registry.npmjs.org/@babel%2fhelper-annotate-as-pure set size:181560 disposed:false
1781 silly fetch manifest @vue/babel-plugin-resolve-type@2.0.1
1782 silly packumentCache full:https://registry.npmjs.org/@vue%2fbabel-plugin-resolve-type cache-miss
1783 http cache https://registry.npmjs.org/@babel%2fhelper-plugin-utils 34ms (cache hit)
1784 silly packumentCache full:https://registry.npmjs.org/@babel%2fhelper-plugin-utils set size:175564 disposed:false
1785 silly packumentCache full:https://registry.npmjs.org/@babel%2fhelper-plugin-utils dispose
1786 silly fetch manifest @vue/babel-helper-vue-transform-on@2.0.1
1787 silly packumentCache full:https://registry.npmjs.org/@vue%2fbabel-helper-vue-transform-on cache-miss
1788 http cache https://registry.npmjs.org/@babel%2fhelper-skip-transparent-expression-wrappers 26ms (cache hit)
1789 silly packumentCache full:https://registry.npmjs.org/@babel%2fhelper-skip-transparent-expression-wrappers set size:105696 disposed:false
1790 http cache https://registry.npmjs.org/@babel%2fhelper-create-class-features-plugin 32ms (cache hit)
1791 silly packumentCache full:https://registry.npmjs.org/@babel%2fhelper-create-class-features-plugin set size:382403 disposed:false
1792 http cache https://registry.npmjs.org/@babel%2fhelper-module-imports 28ms (cache hit)
1793 silly packumentCache full:https://registry.npmjs.org/@babel%2fhelper-module-imports set size:203392 disposed:false
1794 http cache https://registry.npmjs.org/@vue%2fbabel-plugin-resolve-type 21ms (cache hit)
1795 silly packumentCache full:https://registry.npmjs.org/@vue%2fbabel-plugin-resolve-type set size:41438 disposed:false
1796 http cache https://registry.npmjs.org/@vue%2fbabel-helper-vue-transform-on 21ms (cache hit)
1797 silly packumentCache full:https://registry.npmjs.org/@vue%2fbabel-helper-vue-transform-on set size:43173 disposed:false
1798 silly placeDep ROOT @babel/code-frame@7.29.7 OK for: @babel/core@7.29.7 want: ^7.29.7
1799 silly placeDep ROOT @babel/generator@7.29.8 OK for: @babel/core@7.29.7 want: ^7.29.7
1800 silly placeDep ROOT @babel/helper-compilation-targets@7.29.7 OK for: @babel/core@7.29.7 want: ^7.29.7
1801 silly placeDep ROOT @babel/helper-module-transforms@7.29.7 OK for: @babel/core@7.29.7 want: ^7.29.7
1802 silly placeDep ROOT @babel/helpers@7.29.7 OK for: @babel/core@7.29.7 want: ^7.29.7
1803 silly placeDep ROOT @babel/parser@7.29.8 OK for: @babel/core@7.29.7 want: ^7.29.7
1804 silly placeDep ROOT @babel/template@7.29.7 OK for: @babel/core@7.29.7 want: ^7.29.7
1805 silly placeDep ROOT @babel/traverse@7.29.8 OK for: @babel/core@7.29.7 want: ^7.29.7
1806 silly placeDep ROOT @babel/types@7.29.8 OK for: @babel/core@7.29.7 want: ^7.29.7
1807 silly placeDep ROOT @jridgewell/remapping@2.3.5 OK for: @babel/core@7.29.7 want: ^2.3.5
1808 silly placeDep ROOT convert-source-map@2.0.0 OK for: @babel/core@7.29.7 want: ^2.0.0
1809 silly placeDep ROOT gensync@1.0.0-beta.2 OK for: @babel/core@7.29.7 want: ^1.0.0-beta.2
1810 silly placeDep ROOT json5@2.2.3 OK for: @babel/core@7.29.7 want: ^2.2.3
1811 silly placeDep node_modules/@babel/core semver@6.3.1 OK for: @babel/core@7.29.7 want: ^6.3.1
1812 silly fetch manifest js-tokens@^4.0.0
1813 silly packumentCache full:https://registry.npmjs.org/js-tokens cache-hit
1814 silly fetch manifest @babel/helper-validator-identifier@^7.29.7
1815 silly packumentCache full:https://registry.npmjs.org/@babel%2fhelper-validator-identifier cache-miss
1816 silly fetch manifest jsesc@^3.0.2
1817 silly packumentCache full:https://registry.npmjs.org/jsesc cache-miss
1818 silly fetch manifest @babel/types@^7.29.8
1819 silly packumentCache full:https://registry.npmjs.org/@babel%2ftypes cache-hit
1820 silly fetch manifest @babel/parser@^7.29.8
1821 silly packumentCache full:https://registry.npmjs.org/@babel%2fparser cache-hit
1822 silly fetch manifest @jridgewell/gen-mapping@^0.3.12
1823 silly packumentCache full:https://registry.npmjs.org/@jridgewell%2fgen-mapping cache-miss
1824 silly fetch manifest @jridgewell/trace-mapping@^0.3.28
1825 silly packumentCache full:https://registry.npmjs.org/@jridgewell%2ftrace-mapping cache-hit
1826 silly fetch manifest lru-cache@^5.1.1
1827 silly packumentCache full:https://registry.npmjs.org/lru-cache cache-hit
1828 silly fetch manifest browserslist@^4.24.0
1829 silly packumentCache full:https://registry.npmjs.org/browserslist cache-hit
1830 silly fetch manifest @babel/compat-data@^7.29.7
1831 silly packumentCache full:https://registry.npmjs.org/@babel%2fcompat-data cache-miss
1832 silly fetch manifest @babel/helper-validator-option@^7.29.7
1833 silly packumentCache full:https://registry.npmjs.org/@babel%2fhelper-validator-option cache-miss
1834 http cache https://registry.npmjs.org/@jridgewell%2fgen-mapping 30ms (cache hit)
1835 silly packumentCache full:https://registry.npmjs.org/@jridgewell%2fgen-mapping set size:75941 disposed:false
1836 silly fetch manifest @babel/helper-module-imports@^7.29.7
1837 silly packumentCache full:https://registry.npmjs.org/@babel%2fhelper-module-imports cache-hit
1838 silly fetch manifest @babel/helper-validator-identifier@^7.29.7
1839 silly packumentCache full:https://registry.npmjs.org/@babel%2fhelper-validator-identifier cache-miss
1840 http cache https://registry.npmjs.org/@babel%2fhelper-validator-identifier 41ms (cache hit)
1841 silly packumentCache full:https://registry.npmjs.org/@babel%2fhelper-validator-identifier set size:130133 disposed:false
1842 silly fetch manifest @babel/helper-globals@^7.29.7
1843 silly packumentCache full:https://registry.npmjs.org/@babel%2fhelper-globals cache-miss
1844 http cache https://registry.npmjs.org/@babel%2fcompat-data 38ms (cache hit)
1845 silly packumentCache full:https://registry.npmjs.org/@babel%2fcompat-data set size:318807 disposed:false
1846 silly fetch manifest @babel/helper-string-parser@^7.29.7
1847 silly packumentCache full:https://registry.npmjs.org/@babel%2fhelper-string-parser cache-miss
1848 http cache https://registry.npmjs.org/jsesc 49ms (cache hit)
1849 silly packumentCache full:https://registry.npmjs.org/jsesc set size:61512 disposed:false
1850 silly fetch manifest @jridgewell/gen-mapping@^0.3.5
1851 silly packumentCache full:https://registry.npmjs.org/@jridgewell%2fgen-mapping cache-hit
1852 silly fetch manifest @jridgewell/trace-mapping@^0.3.24
1853 silly packumentCache full:https://registry.npmjs.org/@jridgewell%2ftrace-mapping cache-hit
1854 http cache https://registry.npmjs.org/@babel%2fhelper-validator-option 45ms (cache hit)
1855 silly packumentCache full:https://registry.npmjs.org/@babel%2fhelper-validator-option set size:101303 disposed:false
1856 http cache https://registry.npmjs.org/@babel%2fhelper-validator-identifier 21ms (cache hit)
1857 silly packumentCache full:https://registry.npmjs.org/@babel%2fhelper-validator-identifier set size:130133 disposed:false
1858 silly packumentCache full:https://registry.npmjs.org/@babel%2fhelper-validator-identifier dispose
1859 http cache https://registry.npmjs.org/@babel%2fhelper-globals 18ms (cache hit)
1860 silly packumentCache full:https://registry.npmjs.org/@babel%2fhelper-globals set size:25155 disposed:false
1861 http cache https://registry.npmjs.org/@babel%2fhelper-string-parser 13ms (cache hit)
1862 silly packumentCache full:https://registry.npmjs.org/@babel%2fhelper-string-parser set size:91563 disposed:false
1863 silly placeDep ROOT @babel/helper-validator-identifier@7.29.7 OK for: @babel/code-frame@7.29.7 want: ^7.29.7
1864 silly placeDep node_modules/@babel/code-frame js-tokens@4.0.0 OK for: @babel/code-frame@7.29.7 want: ^4.0.0
1865 silly placeDep ROOT picocolors@1.1.1 OK for: @babel/code-frame@7.29.7 want: ^1.1.1
1866 silly placeDep ROOT @jridgewell/gen-mapping@0.3.13 OK for: @babel/generator@7.29.8 want: ^0.3.12
1867 silly placeDep ROOT @jridgewell/trace-mapping@0.3.31 OK for: @babel/generator@7.29.8 want: ^0.3.28
1868 silly placeDep ROOT jsesc@3.1.0 OK for: @babel/generator@7.29.8 want: ^3.0.2
1869 silly fetch manifest @jridgewell/sourcemap-codec@^1.5.0
1870 silly packumentCache full:https://registry.npmjs.org/@jridgewell%2fsourcemap-codec cache-hit
1871 silly fetch manifest @jridgewell/resolve-uri@^3.1.0
1872 silly packumentCache full:https://registry.npmjs.org/@jridgewell%2fresolve-uri cache-miss
1873 silly fetch manifest @jridgewell/sourcemap-codec@^1.4.14
1874 silly packumentCache full:https://registry.npmjs.org/@jridgewell%2fsourcemap-codec cache-hit
1875 http cache https://registry.npmjs.org/@jridgewell%2fresolve-uri 6ms (cache hit)
1876 silly packumentCache full:https://registry.npmjs.org/@jridgewell%2fresolve-uri set size:57361 disposed:false
1877 silly placeDep ROOT @babel/compat-data@7.29.7 OK for: @babel/helper-compilation-targets@7.29.7 want: ^7.29.7
1878 silly placeDep ROOT @babel/helper-validator-option@7.29.7 OK for: @babel/helper-compilation-targets@7.29.7 want: ^7.29.7
1879 silly placeDep ROOT browserslist@4.28.8 OK for: @babel/helper-compilation-targets@7.29.7 want: ^4.24.0
1880 silly placeDep ROOT lru-cache@5.1.1 OK for: @babel/helper-compilation-targets@7.29.7 want: ^5.1.1
1881 silly placeDep node_modules/@babel/helper-compilation-targets semver@6.3.1 OK for: @babel/helper-compilation-targets@7.29.7 want: ^6.3.1
1882 silly fetch manifest caniuse-lite@^1.0.30001809
1883 silly packumentCache full:https://registry.npmjs.org/caniuse-lite cache-miss
1884 silly fetch manifest node-releases@^2.0.53
1885 silly packumentCache full:https://registry.npmjs.org/node-releases cache-miss
1886 silly fetch manifest electron-to-chromium@^1.5.402
1887 silly packumentCache full:https://registry.npmjs.org/electron-to-chromium cache-miss
1888 silly fetch manifest update-browserslist-db@^1.3.0
1889 silly packumentCache full:https://registry.npmjs.org/update-browserslist-db cache-miss
1890 silly fetch manifest baseline-browser-mapping@^2.11.12
1891 silly packumentCache full:https://registry.npmjs.org/baseline-browser-mapping cache-miss
1892 http cache https://registry.npmjs.org/node-releases 8ms (cache hit)
1893 silly packumentCache full:https://registry.npmjs.org/node-releases set size:295994 disposed:false
1894 silly fetch manifest yallist@^3.0.2
1895 silly packumentCache full:https://registry.npmjs.org/yallist cache-miss
1896 http cache https://registry.npmjs.org/caniuse-lite 16ms (cache hit)
1897 silly packumentCache full:https://registry.npmjs.org/caniuse-lite set size:2313344 disposed:false
1898 http cache https://registry.npmjs.org/update-browserslist-db 28ms (cache hit)
1899 silly packumentCache full:https://registry.npmjs.org/update-browserslist-db set size:68935 disposed:false
1900 http cache https://registry.npmjs.org/baseline-browser-mapping 29ms (cache hit)
1901 silly packumentCache full:https://registry.npmjs.org/baseline-browser-mapping set size:625517 disposed:false
1902 http cache https://registry.npmjs.org/electron-to-chromium 44ms (cache hit)
1903 silly packumentCache full:https://registry.npmjs.org/electron-to-chromium set size:4932620 disposed:false
1904 http cache https://registry.npmjs.org/yallist 72ms (cache hit)
1905 silly packumentCache full:https://registry.npmjs.org/yallist set size:34610 disposed:false
1906 silly placeDep ROOT @babel/helper-module-imports@7.29.7 OK for: @babel/helper-module-transforms@7.29.7 want: ^7.29.7
1907 silly placeDep ROOT @babel/helper-plugin-utils@7.29.7 OK for: @babel/plugin-syntax-typescript@7.29.7 want: ^7.29.7
1908 silly fetch manifest @babel/core@^7.0.0-0
1909 silly packumentCache full:https://registry.npmjs.org/@babel%2fcore cache-hit
1910 silly placeDep ROOT @babel/helper-annotate-as-pure@7.29.7 OK for: @babel/plugin-transform-typescript@7.29.7 want: ^7.29.7
1911 silly placeDep ROOT @babel/helper-create-class-features-plugin@7.29.7 OK for: @babel/plugin-transform-typescript@7.29.7 want: ^7.29.7
1912 silly placeDep ROOT @babel/helper-skip-transparent-expression-wrappers@7.29.7 OK for: @babel/plugin-transform-typescript@7.29.7 want: ^7.29.7
1913 silly fetch manifest @babel/helper-replace-supers@^7.29.7
1914 silly packumentCache full:https://registry.npmjs.org/@babel%2fhelper-replace-supers cache-miss
1915 silly fetch manifest @babel/helper-optimise-call-expression@^7.29.7
1916 silly packumentCache full:https://registry.npmjs.org/@babel%2fhelper-optimise-call-expression cache-miss
1917 silly fetch manifest @babel/helper-member-expression-to-functions@^7.29.7
1918 silly packumentCache full:https://registry.npmjs.org/@babel%2fhelper-member-expression-to-functions cache-miss
1919 http cache https://registry.npmjs.org/@babel%2fhelper-replace-supers 7ms (cache hit)
1920 silly packumentCache full:https://registry.npmjs.org/@babel%2fhelper-replace-supers set size:270231 disposed:false
1921 http cache https://registry.npmjs.org/@babel%2fhelper-member-expression-to-functions 10ms (cache hit)
1922 silly packumentCache full:https://registry.npmjs.org/@babel%2fhelper-member-expression-to-functions set size:229230 disposed:false
1923 http cache https://registry.npmjs.org/@babel%2fhelper-optimise-call-expression 14ms (cache hit)
1924 silly packumentCache full:https://registry.npmjs.org/@babel%2fhelper-optimise-call-expression set size:193007 disposed:false
1925 silly placeDep ROOT @babel/helper-member-expression-to-functions@7.29.7 OK for: @babel/helper-create-class-features-plugin@7.29.7 want: ^7.29.7
1926 silly placeDep ROOT @babel/helper-optimise-call-expression@7.29.7 OK for: @babel/helper-create-class-features-plugin@7.29.7 want: ^7.29.7
1927 silly placeDep ROOT @babel/helper-replace-supers@7.29.7 OK for: @babel/helper-create-class-features-plugin@7.29.7 want: ^7.29.7
1928 silly placeDep node_modules/@babel/helper-create-class-features-plugin semver@6.3.1 OK for: @babel/helper-create-class-features-plugin@7.29.7 want: ^6.3.1
1929 silly placeDep ROOT @babel/helper-globals@7.29.7 OK for: @babel/traverse@7.29.8 want: ^7.29.7
1930 silly placeDep ROOT @babel/helper-string-parser@7.29.7 OK for: @babel/types@7.29.8 want: ^7.29.7
1931 silly placeDep ROOT @jridgewell/sourcemap-codec@1.6.0 OK for: @jridgewell/gen-mapping@0.3.13 want: ^1.5.0
1932 silly placeDep ROOT @jridgewell/resolve-uri@3.1.2 OK for: @jridgewell/trace-mapping@0.3.31 want: ^3.1.0
1933 silly placeDep ROOT @babel/plugin-syntax-jsx@7.29.7 OK for: @vue/babel-plugin-jsx@2.0.1 want: ^7.27.1
1934 silly placeDep ROOT @vue/babel-helper-vue-transform-on@2.0.1 OK for: @vue/babel-plugin-jsx@2.0.1 want: 2.0.1
1935 silly placeDep ROOT @vue/babel-plugin-resolve-type@2.0.1 OK for: @vue/babel-plugin-jsx@2.0.1 want: 2.0.1
1936 silly fetch manifest @vue/compiler-sfc@^3.5.22
1937 silly packumentCache full:https://registry.npmjs.org/@vue%2fcompiler-sfc cache-miss
1938 http cache https://registry.npmjs.org/@vue%2fcompiler-sfc 6ms (cache hit)
1939 silly packumentCache full:https://registry.npmjs.org/@vue%2fcompiler-sfc set size:1025710 disposed:false
1940 silly placeDep ROOT @vue/compiler-sfc@3.5.42 OK for: @vue/babel-plugin-resolve-type@2.0.1 want: ^3.5.22
1941 silly fetch manifest estree-walker@^2.0.2
1942 silly packumentCache full:https://registry.npmjs.org/estree-walker cache-hit
1943 silly fetch manifest @vue/compiler-ssr@3.5.42
1944 silly packumentCache full:https://registry.npmjs.org/@vue%2fcompiler-ssr cache-miss
1945 http cache https://registry.npmjs.org/@vue%2fcompiler-ssr 7ms (cache hit)
1946 silly packumentCache full:https://registry.npmjs.org/@vue%2fcompiler-ssr set size:739670 disposed:false
1947 silly placeDep ROOT @vue/compiler-core@3.5.42 OK for: @vue/compiler-dom@3.5.42 want: 3.5.42
1948 silly fetch manifest entities@^7.0.1
1949 silly packumentCache full:https://registry.npmjs.org/entities cache-miss
1950 http cache https://registry.npmjs.org/entities 11ms (cache hit)
1951 silly packumentCache full:https://registry.npmjs.org/entities set size:101550 disposed:false
1952 silly placeDep ROOT entities@7.0.1 OK for: @vue/compiler-core@3.5.42 want: ^7.0.1
1953 silly placeDep ROOT estree-walker@2.0.2 OK for: @vue/compiler-core@3.5.42 want: ^2.0.2
1954 silly placeDep ROOT source-map-js@1.2.1 OK for: @vue/compiler-core@3.5.42 want: ^1.2.1
1955 silly placeDep ROOT @vue/compiler-ssr@3.5.42 OK for: @vue/compiler-sfc@3.5.42 want: 3.5.42
1956 silly placeDep node_modules/@vue/compiler-sfc magic-string@0.30.21 OK for: @vue/compiler-sfc@3.5.42 want: ^0.30.21
1957 silly placeDep ROOT @vue/devtools-shared@8.2.1 OK for: @vue/devtools-core@8.2.1 want: ^8.2.1
1958 silly placeDep node_modules/@vue/devtools-kit birpc@2.9.0 OK for: @vue/devtools-kit@8.2.1 want: ^2.6.1
1959 silly placeDep node_modules/@vue/devtools-kit hookable@5.5.3 OK for: @vue/devtools-kit@8.2.1 want: ^5.5.3
1960 silly placeDep ROOT caniuse-lite@1.0.30001810 OK for: autoprefixer@10.5.4 want: ^1.0.30001806
1961 silly placeDep ROOT fraction.js@5.3.4 OK for: autoprefixer@10.5.4 want: ^5.3.4
1962 silly placeDep ROOT postcss-value-parser@4.2.0 OK for: autoprefixer@10.5.4 want: ^4.2.0
1963 silly fetch manifest browserslist@>= 4.21.0
1964 silly packumentCache full:https://registry.npmjs.org/browserslist cache-hit
1965 silly placeDep ROOT baseline-browser-mapping@2.11.21 OK for: browserslist@4.28.8 want: ^2.11.12
1966 silly placeDep ROOT electron-to-chromium@1.5.422 OK for: browserslist@4.28.8 want: ^1.5.402
1967 silly placeDep ROOT node-releases@2.0.54 OK for: browserslist@4.28.8 want: ^2.0.53
1968 silly placeDep ROOT update-browserslist-db@1.3.2 OK for: browserslist@4.28.8 want: ^1.3.0
1969 silly fetch manifest escalade@^3.2.0
1970 silly packumentCache full:https://registry.npmjs.org/escalade cache-miss
1971 http cache https://registry.npmjs.org/escalade 11ms (cache hit)
1972 silly packumentCache full:https://registry.npmjs.org/escalade set size:33724 disposed:false
1973 silly placeDep ROOT dotenv@17.4.2 OK for: c12@3.3.4 want: ^17.3.1
1974 silly placeDep ROOT readdirp@5.1.1 OK for: chokidar@5.0.0 want: ^5.0.0
1975 silly placeDep ROOT cssnano-preset-default@8.0.10 OK for: cssnano@8.0.10 want: ^8.0.10
1976 silly placeDep ROOT lilconfig@3.1.3 OK for: cssnano@8.0.10 want: ^3.1.3
1977 silly fetch manifest postcss-calc@^10.1.1
1978 silly packumentCache full:https://registry.npmjs.org/postcss-calc cache-miss
1979 silly fetch manifest postcss-svgo@^8.0.6
1980 silly packumentCache full:https://registry.npmjs.org/postcss-svgo cache-miss
1981 silly fetch manifest cssnano-utils@^6.0.4
1982 silly packumentCache full:https://registry.npmjs.org/cssnano-utils cache-miss
1983 silly fetch manifest postcss-colormin@^8.0.5
1984 silly packumentCache full:https://registry.npmjs.org/postcss-colormin cache-miss
1985 silly fetch manifest postcss-merge-rules@^8.0.5
1986 silly packumentCache full:https://registry.npmjs.org/postcss-merge-rules cache-miss
1987 http cache https://registry.npmjs.org/postcss-svgo 7ms (cache hit)
1988 silly packumentCache full:https://registry.npmjs.org/postcss-svgo set size:172782 disposed:false
1989 silly fetch manifest postcss-discard-empty@^8.0.5
1990 silly packumentCache full:https://registry.npmjs.org/postcss-discard-empty cache-miss
1991 http cache https://registry.npmjs.org/postcss-calc 12ms (cache hit)
1992 silly packumentCache full:https://registry.npmjs.org/postcss-calc set size:120609 disposed:false
1993 silly fetch manifest postcss-minify-params@^8.0.4
1994 silly packumentCache full:https://registry.npmjs.org/postcss-minify-params cache-miss
1995 http cache https://registry.npmjs.org/cssnano-utils 15ms (cache hit)
1996 silly packumentCache full:https://registry.npmjs.org/cssnano-utils set size:107997 disposed:false
1997 silly fetch manifest postcss-normalize-url@^8.0.4
1998 silly packumentCache full:https://registry.npmjs.org/postcss-normalize-url cache-miss
1999 http cache https://registry.npmjs.org/postcss-colormin 17ms (cache hit)
2000 silly packumentCache full:https://registry.npmjs.org/postcss-colormin set size:216515 disposed:false
2001 silly fetch manifest postcss-convert-values@^8.0.4
2002 silly packumentCache full:https://registry.npmjs.org/postcss-convert-values cache-miss
2003 http cache https://registry.npmjs.org/postcss-merge-rules 20ms (cache hit)
2004 silly packumentCache full:https://registry.npmjs.org/postcss-merge-rules set size:242249 disposed:false
2005 silly fetch manifest postcss-merge-longhand@^8.0.4
2006 silly packumentCache full:https://registry.npmjs.org/postcss-merge-longhand cache-miss
2007 http cache https://registry.npmjs.org/postcss-minify-params 19ms (cache hit)
2008 silly packumentCache full:https://registry.npmjs.org/postcss-minify-params set size:185804 disposed:false
2009 silly fetch manifest postcss-ordered-values@^8.0.5
2010 silly packumentCache full:https://registry.npmjs.org/postcss-ordered-values cache-miss
2011 http cache https://registry.npmjs.org/postcss-discard-empty 28ms (cache hit)
2012 silly packumentCache full:https://registry.npmjs.org/postcss-discard-empty set size:140211 disposed:false
2013 silly fetch manifest postcss-reduce-initial@^8.0.5
2014 silly packumentCache full:https://registry.npmjs.org/postcss-reduce-initial cache-miss
2015 http cache https://registry.npmjs.org/postcss-normalize-url 48ms (cache hit)
2016 silly packumentCache full:https://registry.npmjs.org/postcss-normalize-url set size:170674 disposed:false
2017 silly fetch manifest postcss-discard-comments@^8.0.4
2018 silly packumentCache full:https://registry.npmjs.org/postcss-discard-comments cache-miss
2019 http cache https://registry.npmjs.org/postcss-merge-longhand 44ms (cache hit)
2020 silly packumentCache full:https://registry.npmjs.org/postcss-merge-longhand set size:207920 disposed:false
2021 silly fetch manifest postcss-minify-gradients@^8.0.6
2022 silly packumentCache full:https://registry.npmjs.org/postcss-minify-gradients cache-miss
2023 http cache https://registry.npmjs.org/postcss-convert-values 55ms (cache hit)
2024 silly packumentCache full:https://registry.npmjs.org/postcss-convert-values set size:222865 disposed:false
2025 silly fetch manifest postcss-minify-selectors@^8.0.5
2026 silly packumentCache full:https://registry.npmjs.org/postcss-minify-selectors cache-miss
2027 http cache https://registry.npmjs.org/postcss-reduce-initial 60ms (cache hit)
2028 silly packumentCache full:https://registry.npmjs.org/postcss-reduce-initial set size:163140 disposed:false
2029 silly fetch manifest postcss-normalize-string@^8.0.4
2030 silly packumentCache full:https://registry.npmjs.org/postcss-normalize-string cache-miss
2031 http cache https://registry.npmjs.org/postcss-minify-selectors 27ms (cache hit)
2032 silly packumentCache full:https://registry.npmjs.org/postcss-minify-selectors set size:207806 disposed:false
2033 silly fetch manifest postcss-unique-selectors@^8.0.4
2034 silly packumentCache full:https://registry.npmjs.org/postcss-unique-selectors cache-miss
2035 http cache https://registry.npmjs.org/postcss-minify-gradients 38ms (cache hit)
2036 silly packumentCache full:https://registry.npmjs.org/postcss-minify-gradients set size:159273 disposed:false
2037 silly fetch manifest postcss-normalize-charset@^8.0.5
2038 silly packumentCache full:https://registry.npmjs.org/postcss-normalize-charset cache-miss
2039 http cache https://registry.npmjs.org/postcss-discard-comments 49ms (cache hit)
2040 silly packumentCache full:https://registry.npmjs.org/postcss-discard-comments set size:170808 disposed:false
2041 silly fetch manifest postcss-normalize-unicode@^8.0.4
2042 silly packumentCache full:https://registry.npmjs.org/postcss-normalize-unicode cache-miss
2043 http cache https://registry.npmjs.org/postcss-normalize-string 23ms (cache hit)
2044 silly packumentCache full:https://registry.npmjs.org/postcss-normalize-string set size:124879 disposed:false
2045 silly fetch manifest postcss-reduce-transforms@^8.0.4
2046 silly packumentCache full:https://registry.npmjs.org/postcss-reduce-transforms cache-miss
2047 http cache https://registry.npmjs.org/postcss-unique-selectors 25ms (cache hit)
2048 silly packumentCache full:https://registry.npmjs.org/postcss-unique-selectors set size:149302 disposed:false
2049 silly fetch manifest postcss-discard-duplicates@^8.0.4
2050 silly packumentCache full:https://registry.npmjs.org/postcss-discard-duplicates cache-miss
2051 http fetch GET 200 https://registry.npmjs.org/postcss-ordered-values 177ms (cache miss)
2052 silly packumentCache full:https://registry.npmjs.org/postcss-ordered-values set size:undefined disposed:false
2053 silly fetch manifest postcss-discard-overridden@^8.0.4
2054 silly packumentCache full:https://registry.npmjs.org/postcss-discard-overridden cache-miss
2055 http fetch GET 200 https://registry.npmjs.org/postcss-normalize-unicode 116ms (cache miss)
2056 silly packumentCache full:https://registry.npmjs.org/postcss-normalize-unicode set size:undefined disposed:false
2057 silly fetch manifest postcss-minify-font-values@^8.0.4
2058 silly packumentCache full:https://registry.npmjs.org/postcss-minify-font-values cache-miss
2059 http fetch GET 200 https://registry.npmjs.org/postcss-reduce-transforms 214ms (cache miss)
2060 silly packumentCache full:https://registry.npmjs.org/postcss-reduce-transforms set size:undefined disposed:false
2061 silly fetch manifest postcss-normalize-positions@^8.0.4
2062 silly packumentCache full:https://registry.npmjs.org/postcss-normalize-positions cache-miss
2063 http fetch GET 200 https://registry.npmjs.org/postcss-discard-overridden 150ms (cache miss)
2064 silly packumentCache full:https://registry.npmjs.org/postcss-discard-overridden set size:undefined disposed:false
2065 silly fetch manifest postcss-normalize-whitespace@^8.0.5
2066 silly packumentCache full:https://registry.npmjs.org/postcss-normalize-whitespace cache-miss
2067 http fetch GET 200 https://registry.npmjs.org/postcss-discard-duplicates 235ms (cache miss)
2068 silly packumentCache full:https://registry.npmjs.org/postcss-discard-duplicates set size:undefined disposed:false
2069 silly fetch manifest postcss-normalize-repeat-style@^8.0.4
2070 silly packumentCache full:https://registry.npmjs.org/postcss-normalize-repeat-style cache-miss
2071 http fetch GET 200 https://registry.npmjs.org/postcss-normalize-charset 351ms (cache miss)
2072 silly packumentCache full:https://registry.npmjs.org/postcss-normalize-charset set size:undefined disposed:false
2073 silly fetch manifest postcss-normalize-display-values@^8.0.4
2074 silly packumentCache full:https://registry.npmjs.org/postcss-normalize-display-values cache-miss
2075 http fetch GET 200 https://registry.npmjs.org/postcss-normalize-positions 257ms (cache miss)
2076 silly packumentCache full:https://registry.npmjs.org/postcss-normalize-positions set size:undefined disposed:false
2077 silly fetch manifest postcss-normalize-timing-functions@^8.0.4
2078 silly packumentCache full:https://registry.npmjs.org/postcss-normalize-timing-functions cache-miss
2079 http fetch GET 200 https://registry.npmjs.org/postcss-normalize-whitespace 264ms (cache miss)
2080 silly packumentCache full:https://registry.npmjs.org/postcss-normalize-whitespace set size:undefined disposed:false
2081 http fetch GET 200 https://registry.npmjs.org/postcss-normalize-repeat-style 262ms (cache miss)
2082 silly packumentCache full:https://registry.npmjs.org/postcss-normalize-repeat-style set size:undefined disposed:false
2083 http fetch GET 200 https://registry.npmjs.org/postcss-normalize-display-values 256ms (cache miss)
2084 silly packumentCache full:https://registry.npmjs.org/postcss-normalize-display-values set size:undefined disposed:false
2085 http fetch GET 200 https://registry.npmjs.org/postcss-minify-font-values 516ms (cache miss)
2086 silly packumentCache full:https://registry.npmjs.org/postcss-minify-font-values set size:undefined disposed:false
2087 http fetch GET 200 https://registry.npmjs.org/postcss-normalize-timing-functions 245ms (cache miss)
2088 silly packumentCache full:https://registry.npmjs.org/postcss-normalize-timing-functions set size:undefined disposed:false
2089 silly placeDep ROOT cssnano-utils@6.0.4 OK for: cssnano-preset-default@8.0.10 want: ^6.0.4
2090 silly placeDep ROOT postcss-calc@10.1.1 OK for: cssnano-preset-default@8.0.10 want: ^10.1.1
2091 silly placeDep ROOT postcss-colormin@8.0.5 OK for: cssnano-preset-default@8.0.10 want: ^8.0.5
2092 silly placeDep ROOT postcss-convert-values@8.0.4 OK for: cssnano-preset-default@8.0.10 want: ^8.0.4
2093 silly placeDep ROOT postcss-discard-comments@8.0.4 OK for: cssnano-preset-default@8.0.10 want: ^8.0.4
2094 silly placeDep ROOT postcss-discard-duplicates@8.0.4 OK for: cssnano-preset-default@8.0.10 want: ^8.0.4
2095 silly placeDep ROOT postcss-discard-empty@8.0.5 OK for: cssnano-preset-default@8.0.10 want: ^8.0.5
2096 silly placeDep ROOT postcss-discard-overridden@8.0.4 OK for: cssnano-preset-default@8.0.10 want: ^8.0.4
2097 silly placeDep ROOT postcss-merge-longhand@8.0.4 OK for: cssnano-preset-default@8.0.10 want: ^8.0.4
2098 silly placeDep ROOT postcss-merge-rules@8.0.5 OK for: cssnano-preset-default@8.0.10 want: ^8.0.5
2099 silly placeDep ROOT postcss-minify-font-values@8.0.4 OK for: cssnano-preset-default@8.0.10 want: ^8.0.4
2100 silly placeDep ROOT postcss-minify-gradients@8.0.6 OK for: cssnano-preset-default@8.0.10 want: ^8.0.6
2101 silly placeDep ROOT postcss-minify-params@8.0.4 OK for: cssnano-preset-default@8.0.10 want: ^8.0.4
2102 silly placeDep ROOT postcss-minify-selectors@8.0.5 OK for: cssnano-preset-default@8.0.10 want: ^8.0.5
2103 silly placeDep ROOT postcss-normalize-charset@8.0.5 OK for: cssnano-preset-default@8.0.10 want: ^8.0.5
2104 silly placeDep ROOT postcss-normalize-display-values@8.0.4 OK for: cssnano-preset-default@8.0.10 want: ^8.0.4
2105 silly placeDep ROOT postcss-normalize-positions@8.0.4 OK for: cssnano-preset-default@8.0.10 want: ^8.0.4
2106 silly placeDep ROOT postcss-normalize-repeat-style@8.0.4 OK for: cssnano-preset-default@8.0.10 want: ^8.0.4
2107 silly placeDep ROOT postcss-normalize-string@8.0.4 OK for: cssnano-preset-default@8.0.10 want: ^8.0.4
2108 silly placeDep ROOT postcss-normalize-timing-functions@8.0.4 OK for: cssnano-preset-default@8.0.10 want: ^8.0.4
2109 silly placeDep ROOT postcss-normalize-unicode@8.0.4 OK for: cssnano-preset-default@8.0.10 want: ^8.0.4
2110 silly placeDep ROOT postcss-normalize-url@8.0.4 OK for: cssnano-preset-default@8.0.10 want: ^8.0.4
2111 silly placeDep ROOT postcss-normalize-whitespace@8.0.5 OK for: cssnano-preset-default@8.0.10 want: ^8.0.5
2112 silly placeDep ROOT postcss-ordered-values@8.0.5 OK for: cssnano-preset-default@8.0.10 want: ^8.0.5
2113 silly placeDep ROOT postcss-reduce-initial@8.0.5 OK for: cssnano-preset-default@8.0.10 want: ^8.0.5
2114 silly placeDep ROOT postcss-reduce-transforms@8.0.4 OK for: cssnano-preset-default@8.0.10 want: ^8.0.4
2115 silly placeDep ROOT postcss-svgo@8.0.6 OK for: cssnano-preset-default@8.0.10 want: ^8.0.6
2116 silly placeDep ROOT postcss-unique-selectors@8.0.4 OK for: cssnano-preset-default@8.0.10 want: ^8.0.4
2117 silly fetch manifest postcss-selector-parser@^7.0.0
2118 silly packumentCache full:https://registry.npmjs.org/postcss-selector-parser cache-miss
2119 silly fetch manifest caniuse-api@^4.0.0
2120 silly packumentCache full:https://registry.npmjs.org/caniuse-api cache-miss
2121 silly fetch manifest @colordx/core@^5.6.0
2122 silly packumentCache full:https://registry.npmjs.org/@colordx%2fcore cache-miss
2123 silly fetch manifest postcss-selector-parser@^7.1.5
2124 silly packumentCache full:https://registry.npmjs.org/postcss-selector-parser cache-miss
2125 silly fetch manifest stylehacks@^8.0.4
2126 silly packumentCache full:https://registry.npmjs.org/stylehacks cache-miss
2127 http fetch GET 200 https://registry.npmjs.org/postcss-selector-parser 48ms (cache miss)
2128 silly packumentCache full:https://registry.npmjs.org/postcss-selector-parser set size:undefined disposed:false
2129 silly fetch manifest caniuse-api@^4.0.0
2130 silly packumentCache full:https://registry.npmjs.org/caniuse-api cache-miss
2131 http fetch GET 200 https://registry.npmjs.org/postcss-selector-parser 53ms (cache miss)
2132 silly packumentCache full:https://registry.npmjs.org/postcss-selector-parser set size:undefined disposed:false
2133 silly fetch manifest @colordx/core@^5.6.0
2134 silly packumentCache full:https://registry.npmjs.org/@colordx%2fcore cache-miss
2135 http fetch GET 200 https://registry.npmjs.org/caniuse-api 252ms (cache miss)
2136 silly packumentCache full:https://registry.npmjs.org/caniuse-api set size:undefined disposed:false
2137 silly fetch manifest cssesc@^3.0.0
2138 silly packumentCache full:https://registry.npmjs.org/cssesc cache-miss
2139 http fetch GET 200 https://registry.npmjs.org/stylehacks 256ms (cache miss)
2140 silly packumentCache full:https://registry.npmjs.org/stylehacks set size:undefined disposed:false
2141 silly fetch manifest svgo@^4.1.0
2142 silly packumentCache full:https://registry.npmjs.org/svgo cache-miss
2143 http fetch GET 200 https://registry.npmjs.org/caniuse-api 212ms (cache miss)
2144 silly packumentCache full:https://registry.npmjs.org/caniuse-api set size:undefined disposed:false
2145 http fetch GET 200 https://registry.npmjs.org/cssesc 244ms (cache miss)
2146 silly packumentCache full:https://registry.npmjs.org/cssesc set size:undefined disposed:false
2147 http fetch GET 200 https://registry.npmjs.org/svgo 261ms (cache miss)
2148 silly packumentCache full:https://registry.npmjs.org/svgo set size:undefined disposed:false
2149 http fetch GET 200 https://registry.npmjs.org/@colordx%2fcore 694ms (cache miss)
2150 silly packumentCache full:https://registry.npmjs.org/@colordx%2fcore set size:undefined disposed:false
2151 http fetch GET 200 https://registry.npmjs.org/@colordx%2fcore 649ms (cache miss)
2152 silly packumentCache full:https://registry.npmjs.org/@colordx%2fcore set size:undefined disposed:false
2153 silly placeDep ROOT ms@2.1.3 OK for: debug@4.4.3 want: ^2.1.3
2154 silly placeDep ROOT cross-spawn@7.0.6 OK for: execa@8.0.1 want: ^7.0.3
2155 silly placeDep ROOT get-stream@8.0.1 OK for: execa@8.0.1 want: ^8.0.1
2156 silly placeDep ROOT human-signals@5.0.0 OK for: execa@8.0.1 want: ^5.0.0
2157 silly placeDep ROOT is-stream@3.0.0 OK for: execa@8.0.1 want: ^3.0.0
2158 silly placeDep ROOT merge-stream@2.0.0 OK for: execa@8.0.1 want: ^2.0.0
2159 silly placeDep ROOT npm-run-path@5.3.0 OK for: execa@8.0.1 want: ^5.1.0
2160 silly placeDep ROOT onetime@6.0.0 OK for: execa@8.0.1 want: ^6.0.0
2161 silly placeDep ROOT signal-exit@4.1.0 OK for: execa@8.0.1 want: ^4.1.0
2162 silly placeDep ROOT strip-final-newline@3.0.0 OK for: execa@8.0.1 want: ^3.0.0
2163 silly fetch manifest which@^2.0.1
2164 silly packumentCache full:https://registry.npmjs.org/which cache-hit
2165 silly fetch manifest path-key@^3.1.0
2166 silly packumentCache full:https://registry.npmjs.org/path-key cache-miss
2167 silly fetch manifest shebang-command@^2.0.0
2168 silly packumentCache full:https://registry.npmjs.org/shebang-command cache-miss
2169 silly fetch manifest path-key@^4.0.0
2170 silly packumentCache full:https://registry.npmjs.org/path-key cache-miss
2171 silly fetch manifest mimic-fn@^4.0.0
2172 silly packumentCache full:https://registry.npmjs.org/mimic-fn cache-miss
2173 http fetch GET 200 https://registry.npmjs.org/shebang-command 42ms (cache miss)
2174 silly packumentCache full:https://registry.npmjs.org/shebang-command set size:undefined disposed:false
2175 http fetch GET 200 https://registry.npmjs.org/path-key 45ms (cache miss)
2176 silly packumentCache full:https://registry.npmjs.org/path-key set size:undefined disposed:false
2177 http fetch GET 200 https://registry.npmjs.org/mimic-fn 45ms (cache miss)
2178 silly packumentCache full:https://registry.npmjs.org/mimic-fn set size:undefined disposed:false
2179 http fetch GET 200 https://registry.npmjs.org/path-key 51ms (cache miss)
2180 silly packumentCache full:https://registry.npmjs.org/path-key set size:undefined disposed:false
2181 silly placeDep ROOT path-key@3.1.1 OK for: cross-spawn@7.0.6 want: ^3.1.0
2182 silly placeDep ROOT shebang-command@2.0.0 OK for: cross-spawn@7.0.6 want: ^2.0.0
2183 silly placeDep node_modules/cross-spawn which@2.0.2 OK for: cross-spawn@7.0.6 want: ^2.0.1
2184 silly fetch manifest shebang-regex@^3.0.0
2185 silly packumentCache full:https://registry.npmjs.org/shebang-regex cache-miss
2186 silly fetch manifest isexe@^2.0.0
2187 silly packumentCache full:https://registry.npmjs.org/isexe cache-hit
2188 http fetch GET 200 https://registry.npmjs.org/shebang-regex 44ms (cache miss)
2189 silly packumentCache full:https://registry.npmjs.org/shebang-regex set size:undefined disposed:false
2190 silly placeDep ROOT cac@7.0.0 OK for: fast-npm-meta@2.2.0 want: ^7.0.0
2191 silly placeDep ROOT cac@6.7.14 REPLACE for: @bomb.sh/tab@0.0.19 want: ^6.7.14
2192 silly placeDep node_modules/fast-npm-meta cac@7.0.0 OK for: fast-npm-meta@2.2.0 want: ^7.0.0
2193 silly placeDep ROOT fast-string-truncated-width@3.0.3 OK for: fast-string-width@3.0.2 want: ^3.0.2
2194 silly placeDep ROOT loader-utils@3.3.1 OK for: generic-names@4.0.0 want: ^3.2.0
2195 silly placeDep node_modules/h3 cookie-es@1.2.3 OK for: h3@1.15.11 want: ^1.2.3
2196 silly placeDep ROOT crossws@0.3.5 OK for: h3@1.15.11 want: ^0.3.5
2197 silly placeDep ROOT iron-webcrypto@1.2.1 OK for: h3@1.15.11 want: ^1.2.1
2198 silly placeDep ROOT node-mock-http@1.0.5 OK for: h3@1.15.11 want: ^1.0.4
2199 silly placeDep ROOT radix3@1.1.2 OK for: h3@1.15.11 want: ^1.1.2
2200 silly placeDep ROOT es-module-lexer@2.3.2 OK for: impound@1.2.0 want: ^2.0.0
2201 silly placeDep ROOT unplugin-utils@0.3.2 OK for: impound@1.2.0 want: ^0.3.1
2202 silly placeDep ROOT global-directory@4.0.1 OK for: is-installed-globally@1.0.0 want: ^4.0.1
2203 silly placeDep ROOT is-path-inside@4.0.0 OK for: is-installed-globally@1.0.0 want: ^4.0.0
2204 silly fetch manifest ini@4.1.1
2205 silly packumentCache full:https://registry.npmjs.org/ini cache-miss
2206 http fetch GET 200 https://registry.npmjs.org/ini 39ms (cache miss)
2207 silly packumentCache full:https://registry.npmjs.org/ini set size:undefined disposed:false
2208 silly placeDep ROOT ini@4.1.1 OK for: global-directory@4.0.1 want: 4.1.1
2209 silly placeDep ROOT shell-quote@1.10.0 OK for: launch-editor@2.14.1 want: ^1.8.4
2210 silly placeDep ROOT @parcel/watcher-wasm@2.6.0 OK for: listhen@1.10.1 want: ^2.5.6
2211 silly placeDep node_modules/listhen crossws@0.4.12 OK for: listhen@1.10.1 want: ^0.4.10
2212 silly placeDep ROOT http-shutdown@1.2.2 OK for: listhen@1.10.1 want: ^1.2.2
2213 silly placeDep ROOT node-forge@1.4.0 OK for: listhen@1.10.1 want: ^1.4.0
2214 silly placeDep ROOT untun@0.2.2 OK for: listhen@1.10.1 want: ^0.2.2
2215 silly placeDep ROOT uqr@0.1.3 OK for: listhen@1.10.1 want: ^0.1.3
2216 silly fetch manifest is-glob@^4.0.3
2217 silly packumentCache full:https://registry.npmjs.org/is-glob cache-miss
2218 http fetch GET 200 https://registry.npmjs.org/is-glob 39ms (cache miss)
2219 silly packumentCache full:https://registry.npmjs.org/is-glob set size:undefined disposed:false
2220 silly placeDep ROOT is-glob@4.0.3 OK for: @parcel/watcher-wasm@2.6.0 want: ^4.0.3
2221 silly fetch manifest is-extglob@^2.1.1
2222 silly packumentCache full:https://registry.npmjs.org/is-extglob cache-miss
2223 http fetch GET 200 https://registry.npmjs.org/is-extglob 35ms (cache miss)
2224 silly packumentCache full:https://registry.npmjs.org/is-extglob set size:undefined disposed:false
2225 silly placeDep ROOT is-extglob@2.1.1 OK for: is-glob@4.0.3 want: ^2.1.1
2226 silly placeDep ROOT quansync@0.2.11 OK for: local-pkg@1.2.1 want: ^0.2.11
2227 silly placeDep ROOT yallist@3.1.1 OK for: lru-cache@5.1.1 want: ^3.0.2
2228 silly placeDep ROOT acorn@8.18.0 OK for: mlly@1.8.2 want: ^8.16.0
2229 silly placeDep node_modules/mlly pkg-types@1.3.1 OK for: mlly@1.8.2 want: ^1.3.1
2230 silly fetch manifest confbox@^0.1.8
2231 silly packumentCache full:https://registry.npmjs.org/confbox cache-hit
2232 silly fetch manifest @electric-sql/pglite@*
2233 silly packumentCache full:https://registry.npmjs.org/@electric-sql%2fpglite cache-miss
2234 http fetch GET 200 https://registry.npmjs.org/@electric-sql%2fpglite 57ms (cache miss)
2235 silly packumentCache full:https://registry.npmjs.org/@electric-sql%2fpglite set size:undefined disposed:false
2236 silly fetch manifest @libsql/client@*
2237 silly packumentCache full:https://registry.npmjs.org/@libsql%2fclient cache-miss
2238 http fetch GET 200 https://registry.npmjs.org/@libsql%2fclient 65ms (cache miss)
2239 silly packumentCache full:https://registry.npmjs.org/@libsql%2fclient set size:undefined disposed:false
2240 silly fetch manifest better-sqlite3@*
2241 silly packumentCache full:https://registry.npmjs.org/better-sqlite3 cache-miss
2242 http fetch GET 200 https://registry.npmjs.org/better-sqlite3 47ms (cache miss)
2243 silly packumentCache full:https://registry.npmjs.org/better-sqlite3 set size:undefined disposed:false
2244 silly fetch manifest drizzle-orm@*
2245 silly packumentCache full:https://registry.npmjs.org/drizzle-orm cache-miss
2246 http fetch GET 200 https://registry.npmjs.org/drizzle-orm 4831ms (cache miss)
2247 silly packumentCache full:https://registry.npmjs.org/drizzle-orm set size:undefined disposed:false
2248 silly fetch manifest @aws-sdk/client-rds-data@>=3
2249 silly packumentCache full:https://registry.npmjs.org/@aws-sdk%2fclient-rds-data cache-miss
2250 http fetch GET 200 https://registry.npmjs.org/@aws-sdk%2fclient-rds-data 349ms (cache miss)
2251 silly packumentCache full:https://registry.npmjs.org/@aws-sdk%2fclient-rds-data set size:undefined disposed:false
2252 silly fetch manifest @cloudflare/workers-types@>=4
2253 silly packumentCache full:https://registry.npmjs.org/@cloudflare%2fworkers-types cache-miss
2254 http fetch GET 200 https://registry.npmjs.org/@cloudflare%2fworkers-types 91ms (cache miss)
2255 silly packumentCache full:https://registry.npmjs.org/@cloudflare%2fworkers-types set size:undefined disposed:false
2256 silly fetch manifest @libsql/client-wasm@>=0.10.0
2257 silly packumentCache full:https://registry.npmjs.org/@libsql%2fclient-wasm cache-miss
2258 http fetch GET 200 https://registry.npmjs.org/@libsql%2fclient-wasm 254ms (cache miss)
2259 silly packumentCache full:https://registry.npmjs.org/@libsql%2fclient-wasm set size:undefined disposed:false
2260 silly fetch manifest @neondatabase/serverless@>=0.10.0
2261 silly packumentCache full:https://registry.npmjs.org/@neondatabase%2fserverless cache-miss
2262 http fetch GET 200 https://registry.npmjs.org/@neondatabase%2fserverless 83ms (cache miss)
2263 silly packumentCache full:https://registry.npmjs.org/@neondatabase%2fserverless set size:undefined disposed:false
2264 silly fetch manifest @op-engineering/op-sqlite@>=2
2265 silly packumentCache full:https://registry.npmjs.org/@op-engineering%2fop-sqlite cache-miss
2266 http fetch GET 200 https://registry.npmjs.org/@op-engineering%2fop-sqlite 287ms (cache miss)
2267 silly packumentCache full:https://registry.npmjs.org/@op-engineering%2fop-sqlite set size:undefined disposed:false
2268 silly fetch manifest @sqlite.org/sqlite-wasm@*
2269 silly packumentCache full:https://registry.npmjs.org/@sqlite.org%2fsqlite-wasm cache-miss
2270 http fetch GET 200 https://registry.npmjs.org/@sqlite.org%2fsqlite-wasm 479ms (cache miss)
2271 silly packumentCache full:https://registry.npmjs.org/@sqlite.org%2fsqlite-wasm set size:undefined disposed:false
2272 silly fetch manifest react@*
2273 silly packumentCache full:https://registry.npmjs.org/react cache-miss
2274 http fetch GET 200 https://registry.npmjs.org/react 226ms (cache miss)
2275 silly packumentCache full:https://registry.npmjs.org/react set size:undefined disposed:false
2276 silly fetch manifest react-native@*
2277 silly packumentCache full:https://registry.npmjs.org/react-native cache-miss
2278 http fetch GET 200 https://registry.npmjs.org/react-native 327ms (cache miss)
2279 silly packumentCache full:https://registry.npmjs.org/react-native set size:undefined disposed:false
2280 silly fetch manifest @types/react@^19.1.1
2281 silly packumentCache full:https://registry.npmjs.org/@types%2freact cache-miss
2282 http fetch GET 200 https://registry.npmjs.org/@types%2freact 123ms (cache miss)
2283 silly packumentCache full:https://registry.npmjs.org/@types%2freact set size:undefined disposed:false
2284 silly fetch manifest @opentelemetry/api@^1.4.1
2285 silly packumentCache full:https://registry.npmjs.org/@opentelemetry%2fapi cache-hit
2286 silly fetch manifest @planetscale/database@>=1.13
2287 silly packumentCache full:https://registry.npmjs.org/@planetscale%2fdatabase cache-hit
2288 silly fetch manifest @prisma/client@*
2289 silly packumentCache full:https://registry.npmjs.org/@prisma%2fclient cache-miss
2290 http fetch GET 200 https://registry.npmjs.org/@prisma%2fclient 1675ms (cache miss)
2291 silly packumentCache full:https://registry.npmjs.org/@prisma%2fclient set size:undefined disposed:false
2292 silly fetch manifest prisma@*
2293 silly packumentCache full:https://registry.npmjs.org/prisma cache-miss
2294 http fetch GET 200 https://registry.npmjs.org/prisma 1360ms (cache miss)
2295 silly packumentCache full:https://registry.npmjs.org/prisma set size:undefined disposed:false
2296 silly fetch manifest typescript@>=5.4.0
2297 silly packumentCache full:https://registry.npmjs.org/typescript cache-miss
2298 http cache https://registry.npmjs.org/typescript 44ms (cache hit)
2299 silly packumentCache full:https://registry.npmjs.org/typescript set size:15635352 disposed:false
2300 silly fetch manifest @tidbcloud/serverless@*
2301 silly packumentCache full:https://registry.npmjs.org/@tidbcloud%2fserverless cache-miss
2302 http fetch GET 200 https://registry.npmjs.org/@tidbcloud%2fserverless 79ms (cache miss)
2303 silly packumentCache full:https://registry.npmjs.org/@tidbcloud%2fserverless set size:undefined disposed:false
2304 silly fetch manifest @types/better-sqlite3@*
2305 silly packumentCache full:https://registry.npmjs.org/@types%2fbetter-sqlite3 cache-miss
2306 http fetch GET 200 https://registry.npmjs.org/@types%2fbetter-sqlite3 49ms (cache miss)
2307 silly packumentCache full:https://registry.npmjs.org/@types%2fbetter-sqlite3 set size:undefined disposed:false
2308 silly fetch manifest @types/pg@*
2309 silly packumentCache full:https://registry.npmjs.org/@types%2fpg cache-miss
2310 http fetch GET 200 https://registry.npmjs.org/@types%2fpg 54ms (cache miss)
2311 silly packumentCache full:https://registry.npmjs.org/@types%2fpg set size:undefined disposed:false
2312 silly fetch manifest @types/sql.js@*
2313 silly packumentCache full:https://registry.npmjs.org/@types%2fsql.js cache-miss
2314 http fetch GET 200 https://registry.npmjs.org/@types%2fsql.js 55ms (cache miss)
2315 silly packumentCache full:https://registry.npmjs.org/@types%2fsql.js set size:undefined disposed:false
2316 silly fetch manifest @upstash/redis@>=1.34.7
2317 silly packumentCache full:https://registry.npmjs.org/@upstash%2fredis cache-miss
2318 http cache https://registry.npmjs.org/@upstash%2fredis 14ms (cache hit)
2319 silly packumentCache full:https://registry.npmjs.org/@upstash%2fredis set size:3933824 disposed:false
2320 silly fetch manifest @vercel/postgres@>=0.8.0
2321 silly packumentCache full:https://registry.npmjs.org/@vercel%2fpostgres cache-miss
2322 http fetch GET 200 https://registry.npmjs.org/@vercel%2fpostgres 271ms (cache miss)
2323 silly packumentCache full:https://registry.npmjs.org/@vercel%2fpostgres set size:undefined disposed:false
2324 silly fetch manifest @xata.io/client@*
2325 silly packumentCache full:https://registry.npmjs.org/@xata.io%2fclient cache-miss
2326 http fetch GET 200 https://registry.npmjs.org/@xata.io%2fclient 424ms (cache miss)
2327 silly packumentCache full:https://registry.npmjs.org/@xata.io%2fclient set size:undefined disposed:false
2328 silly fetch manifest bun-types@*
2329 silly packumentCache full:https://registry.npmjs.org/bun-types cache-miss
2330 http fetch GET 200 https://registry.npmjs.org/bun-types 357ms (cache miss)
2331 silly packumentCache full:https://registry.npmjs.org/bun-types set size:undefined disposed:false
2332 silly fetch manifest expo-sqlite@>=14.0.0
2333 silly packumentCache full:https://registry.npmjs.org/expo-sqlite cache-miss
2334 http fetch GET 200 https://registry.npmjs.org/expo-sqlite 60ms (cache miss)
2335 silly packumentCache full:https://registry.npmjs.org/expo-sqlite set size:undefined disposed:false
2336 silly fetch manifest expo@*
2337 silly packumentCache full:https://registry.npmjs.org/expo cache-miss
2338 http fetch GET 200 https://registry.npmjs.org/expo 169ms (cache miss)
2339 silly packumentCache full:https://registry.npmjs.org/expo set size:undefined disposed:false
2340 silly fetch manifest @expo/metro-runtime@*
2341 silly packumentCache full:https://registry.npmjs.org/@expo%2fmetro-runtime cache-miss
2342 http fetch GET 200 https://registry.npmjs.org/@expo%2fmetro-runtime 87ms (cache miss)
2343 silly packumentCache full:https://registry.npmjs.org/@expo%2fmetro-runtime set size:undefined disposed:false
2344 silly fetch manifest react-dom@*
2345 silly packumentCache full:https://registry.npmjs.org/react-dom cache-miss
2346 http fetch GET 200 https://registry.npmjs.org/react-dom 268ms (cache miss)
2347 silly packumentCache full:https://registry.npmjs.org/react-dom set size:undefined disposed:false
2348 silly fetch manifest react-native-web@*
2349 silly packumentCache full:https://registry.npmjs.org/react-native-web cache-miss
2350 http fetch GET 200 https://registry.npmjs.org/react-native-web 70ms (cache miss)
2351 silly packumentCache full:https://registry.npmjs.org/react-native-web set size:undefined disposed:false
2352 silly fetch manifest react-native-webview@*
2353 silly packumentCache full:https://registry.npmjs.org/react-native-webview cache-miss
2354 http fetch GET 200 https://registry.npmjs.org/react-native-webview 328ms (cache miss)
2355 silly packumentCache full:https://registry.npmjs.org/react-native-webview set size:undefined disposed:false
2356 silly fetch manifest gel@>=2
2357 silly packumentCache full:https://registry.npmjs.org/gel cache-miss
2358 http fetch GET 200 https://registry.npmjs.org/gel 263ms (cache miss)
2359 silly packumentCache full:https://registry.npmjs.org/gel set size:undefined disposed:false
2360 silly fetch manifest knex@*
2361 silly packumentCache full:https://registry.npmjs.org/knex cache-miss
2362 http fetch GET 200 https://registry.npmjs.org/knex 296ms (cache miss)
2363 silly packumentCache full:https://registry.npmjs.org/knex set size:undefined disposed:false
2364 silly fetch manifest pg-query-stream@^4.14.0
2365 silly packumentCache full:https://registry.npmjs.org/pg-query-stream cache-miss
2366 http fetch GET 200 https://registry.npmjs.org/pg-query-stream 42ms (cache miss)
2367 silly packumentCache full:https://registry.npmjs.org/pg-query-stream set size:undefined disposed:false
2368 silly fetch manifest pg@^8
2369 silly packumentCache full:https://registry.npmjs.org/pg cache-miss
2370 http fetch GET 200 https://registry.npmjs.org/pg 48ms (cache miss)
2371 silly packumentCache full:https://registry.npmjs.org/pg set size:undefined disposed:false
2372 silly fetch manifest pg-native@>=3.0.1
2373 silly packumentCache full:https://registry.npmjs.org/pg-native cache-miss
2374 http fetch GET 200 https://registry.npmjs.org/pg-native 39ms (cache miss)
2375 silly packumentCache full:https://registry.npmjs.org/pg-native set size:undefined disposed:false
2376 silly fetch manifest kysely@*
2377 silly packumentCache full:https://registry.npmjs.org/kysely cache-miss
2378 http fetch GET 200 https://registry.npmjs.org/kysely 272ms (cache miss)
2379 silly packumentCache full:https://registry.npmjs.org/kysely set size:undefined disposed:false
2380 silly fetch manifest mysql2@>=2
2381 silly packumentCache full:https://registry.npmjs.org/mysql2 cache-miss
2382 http fetch GET 200 https://registry.npmjs.org/mysql2 69ms (cache miss)
2383 silly packumentCache full:https://registry.npmjs.org/mysql2 set size:undefined disposed:false
2384 silly fetch manifest @types/node@>= 8
2385 silly packumentCache full:https://registry.npmjs.org/@types%2fnode cache-miss
2386 http cache https://registry.npmjs.org/@types%2fnode 52ms (cache hit)
2387 silly packumentCache full:https://registry.npmjs.org/@types%2fnode set size:11100097 disposed:false
2388 silly fetch manifest postgres@>=3
2389 silly packumentCache full:https://registry.npmjs.org/postgres cache-miss
2390 http fetch GET 200 https://registry.npmjs.org/postgres 41ms (cache miss)
2391 silly packumentCache full:https://registry.npmjs.org/postgres set size:undefined disposed:false
2392 silly fetch manifest sql.js@>=1
2393 silly packumentCache full:https://registry.npmjs.org/sql.js cache-miss
2394 http fetch GET 200 https://registry.npmjs.org/sql.js 34ms (cache miss)
2395 silly packumentCache full:https://registry.npmjs.org/sql.js set size:undefined disposed:false
2396 silly fetch manifest sqlite3@>=5
2397 silly packumentCache full:https://registry.npmjs.org/sqlite3 cache-miss
2398 http fetch GET 200 https://registry.npmjs.org/sqlite3 44ms (cache miss)
2399 silly packumentCache full:https://registry.npmjs.org/sqlite3 set size:undefined disposed:false
2400 silly fetch manifest rolldown@1.x || ^1.0.0-beta || ^1.0.0-rc
2401 silly packumentCache full:https://registry.npmjs.org/rolldown cache-miss
2402 http cache https://registry.npmjs.org/rolldown 16ms (cache hit)
2403 silly packumentCache full:https://registry.npmjs.org/rolldown set size:3808254 disposed:false
2404 silly placeDep ROOT @cloudflare/kv-asset-handler@0.4.2 OK for: nitropack@2.13.4 want: ^0.4.2
2405 silly placeDep ROOT @rollup/plugin-alias@6.0.0 OK for: nitropack@2.13.4 want: ^6.0.0
2406 silly placeDep ROOT @rollup/plugin-commonjs@29.0.3 OK for: nitropack@2.13.4 want: ^29.0.2
2407 silly placeDep ROOT @rollup/plugin-inject@5.0.5 OK for: nitropack@2.13.4 want: ^5.0.5
2408 silly placeDep ROOT @rollup/plugin-json@6.1.0 OK for: nitropack@2.13.4 want: ^6.1.0
2409 silly placeDep ROOT @rollup/plugin-node-resolve@16.0.3 OK for: nitropack@2.13.4 want: ^16.0.3
2410 silly placeDep ROOT @rollup/plugin-replace@6.0.3 OK for: nitropack@2.13.4 want: ^6.0.3
2411 silly placeDep ROOT @rollup/plugin-terser@1.0.0 OK for: nitropack@2.13.4 want: ^1.0.0
2412 silly placeDep ROOT @vercel/nft@1.11.0 OK for: nitropack@2.13.4 want: ^1.5.0
2413 silly placeDep ROOT archiver@7.0.1 OK for: nitropack@2.13.4 want: ^7.0.1
2414 silly placeDep node_modules/nitropack cookie-es@2.0.1 OK for: nitropack@2.13.4 want: ^2.0.1
2415 silly placeDep ROOT croner@10.0.1 OK for: nitropack@2.13.4 want: ^10.0.1
2416 silly placeDep ROOT db0@0.3.4 OK for: nitropack@2.13.4 want: ^0.3.4
2417 silly placeDep ROOT dot-prop@10.2.0 OK for: nitropack@2.13.4 want: ^10.1.0
2418 silly placeDep ROOT esbuild@0.28.2 OK for: nitropack@2.13.4 want: ^0.28.0
2419 silly placeDep ROOT etag@1.8.1 OK for: nitropack@2.13.4 want: ^1.8.1
2420 silly placeDep ROOT globby@16.2.4 OK for: nitropack@2.13.4 want: ^16.2.0
2421 silly placeDep ROOT gzip-size@7.0.0 OK for: nitropack@2.13.4 want: ^7.0.0
2422 silly placeDep node_modules/nitropack hookable@5.5.3 OK for: nitropack@2.13.4 want: ^5.5.3
2423 silly placeDep ROOT httpxy@0.5.5 OK for: nitropack@2.13.4 want: ^0.5.1
2424 silly placeDep ROOT ioredis@5.11.1 OK for: nitropack@2.13.4 want: ^5.10.1
2425 silly placeDep node_modules/nitropack magic-string@0.30.21 OK for: nitropack@2.13.4 want: ^0.30.21
2426 silly placeDep ROOT mime@4.1.0 OK for: nitropack@2.13.4 want: ^4.1.0
2427 silly placeDep ROOT node-fetch-native@1.6.7 OK for: nitropack@2.13.4 want: ^1.6.7
2428 silly placeDep ROOT pretty-bytes@7.1.3 OK for: nitropack@2.13.4 want: ^7.1.0
2429 silly placeDep ROOT rollup@4.63.1 OK for: nitropack@2.13.4 want: ^4.60.2
2430 silly placeDep ROOT rollup-plugin-visualizer@7.1.1 OK for: nitropack@2.13.4 want: ^7.0.1
2431 silly placeDep ROOT serve-placeholder@2.0.2 OK for: nitropack@2.13.4 want: ^2.0.2
2432 silly placeDep ROOT serve-static@2.2.1 OK for: nitropack@2.13.4 want: ^2.2.1
2433 silly placeDep ROOT source-map@0.7.6 OK for: nitropack@2.13.4 want: ^0.7.6
2434 silly placeDep node_modules/nitropack unctx@2.5.0 OK for: nitropack@2.13.4 want: ^2.5.0
2435 silly placeDep ROOT unwasm@0.5.3 OK for: nitropack@2.13.4 want: ^0.5.3
2436 silly placeDep ROOT youch-core@0.3.3 OK for: nitropack@2.13.4 want: ^0.3.3
2437 silly fetch manifest @rollup/pluginutils@^5.0.1
2438 silly packumentCache full:https://registry.npmjs.org/@rollup%2fpluginutils cache-miss
2439 silly fetch manifest commondir@^1.0.1
2440 silly packumentCache full:https://registry.npmjs.org/commondir cache-miss
2441 silly fetch manifest fdir@^6.2.0
2442 silly packumentCache full:https://registry.npmjs.org/fdir cache-hit
2443 silly fetch manifest is-reference@1.2.1
2444 silly packumentCache full:https://registry.npmjs.org/is-reference cache-miss
2445 silly fetch manifest magic-string@^0.30.3
2446 silly packumentCache full:https://registry.npmjs.org/magic-string cache-hit
2447 silly fetch manifest @rollup/pluginutils@^5.0.1
2448 silly packumentCache full:https://registry.npmjs.org/@rollup%2fpluginutils cache-miss
2449 silly fetch manifest @rollup/pluginutils@^5.1.0
2450 silly packumentCache full:https://registry.npmjs.org/@rollup%2fpluginutils cache-miss
2451 http fetch GET 200 https://registry.npmjs.org/@rollup%2fpluginutils 69ms (cache miss)
2452 silly packumentCache full:https://registry.npmjs.org/@rollup%2fpluginutils set size:undefined disposed:false
2453 silly fetch manifest @types/resolve@1.20.2
2454 silly packumentCache full:https://registry.npmjs.org/@types%2fresolve cache-miss
2455 http fetch GET 200 https://registry.npmjs.org/@rollup%2fpluginutils 68ms (cache miss)
2456 silly packumentCache full:https://registry.npmjs.org/@rollup%2fpluginutils set size:undefined disposed:false
2457 silly fetch manifest deepmerge@^4.2.2
2458 silly packumentCache full:https://registry.npmjs.org/deepmerge cache-miss
2459 http fetch GET 200 https://registry.npmjs.org/@rollup%2fpluginutils 98ms (cache miss)
2460 silly packumentCache full:https://registry.npmjs.org/@rollup%2fpluginutils set size:undefined disposed:false
2461 silly fetch manifest is-module@^1.0.0
2462 silly packumentCache full:https://registry.npmjs.org/is-module cache-miss
2463 http fetch GET 200 https://registry.npmjs.org/deepmerge 36ms (cache miss)
2464 silly packumentCache full:https://registry.npmjs.org/deepmerge set size:undefined disposed:false
2465 silly fetch manifest resolve@^1.22.1
2466 silly packumentCache full:https://registry.npmjs.org/resolve cache-miss
2467 http fetch GET 200 https://registry.npmjs.org/resolve 40ms (cache miss)
2468 silly packumentCache full:https://registry.npmjs.org/resolve set size:undefined disposed:false
2469 silly fetch manifest serialize-javascript@^7.0.3
2470 silly packumentCache full:https://registry.npmjs.org/serialize-javascript cache-miss
2471 http fetch GET 200 https://registry.npmjs.org/commondir 231ms (cache miss)
2472 silly packumentCache full:https://registry.npmjs.org/commondir set size:undefined disposed:false
2473 silly fetch manifest smob@^1.0.0
2474 silly packumentCache full:https://registry.npmjs.org/smob cache-miss
2475 http fetch GET 200 https://registry.npmjs.org/is-reference 241ms (cache miss)
2476 silly packumentCache full:https://registry.npmjs.org/is-reference set size:undefined disposed:false
2477 silly fetch manifest terser@^5.17.4
2478 silly packumentCache full:https://registry.npmjs.org/terser cache-hit
2479 silly fetch manifest glob@^13.0.0
2480 silly packumentCache full:https://registry.npmjs.org/glob cache-miss
2481 http fetch GET 200 https://registry.npmjs.org/glob 59ms (cache miss)
2482 silly packumentCache full:https://registry.npmjs.org/glob set size:undefined disposed:false
2483 silly fetch manifest bindings@^1.4.0
2484 silly packumentCache full:https://registry.npmjs.org/bindings cache-miss
2485 http fetch GET 200 https://registry.npmjs.org/bindings 37ms (cache miss)
2486 silly packumentCache full:https://registry.npmjs.org/bindings set size:undefined disposed:false
2487 silly fetch manifest async-sema@^3.1.1
2488 silly packumentCache full:https://registry.npmjs.org/async-sema cache-miss
2489 http fetch GET 200 https://registry.npmjs.org/is-module 243ms (cache miss)
2490 silly packumentCache full:https://registry.npmjs.org/is-module set size:undefined disposed:false
2491 silly fetch manifest graceful-fs@^4.2.9
2492 silly packumentCache full:https://registry.npmjs.org/graceful-fs cache-miss
2493 http fetch GET 200 https://registry.npmjs.org/graceful-fs 44ms (cache miss)
2494 silly packumentCache full:https://registry.npmjs.org/graceful-fs set size:undefined disposed:false
2495 silly fetch manifest resolve-from@^5.0.0
2496 silly packumentCache full:https://registry.npmjs.org/resolve-from cache-miss
2497 http fetch GET 200 https://registry.npmjs.org/serialize-javascript 290ms (cache miss)
2498 silly packumentCache full:https://registry.npmjs.org/serialize-javascript set size:undefined disposed:false
2499 silly fetch manifest node-gyp-build@^4.2.2
2500 silly packumentCache full:https://registry.npmjs.org/node-gyp-build cache-miss
2501 http fetch GET 200 https://registry.npmjs.org/@types%2fresolve 443ms (cache miss)
2502 silly packumentCache full:https://registry.npmjs.org/@types%2fresolve set size:undefined disposed:false
2503 silly fetch manifest @rollup/pluginutils@^5.1.3
2504 silly packumentCache full:https://registry.npmjs.org/@rollup%2fpluginutils cache-miss
2505 http fetch GET 200 https://registry.npmjs.org/smob 283ms (cache miss)
2506 silly packumentCache full:https://registry.npmjs.org/smob set size:undefined disposed:false
2507 silly fetch manifest @mapbox/node-pre-gyp@^2.0.0
2508 silly packumentCache full:https://registry.npmjs.org/@mapbox%2fnode-pre-gyp cache-miss
2509 http cache https://registry.npmjs.org/@rollup%2fpluginutils 14ms (cache hit)
2510 silly packumentCache full:https://registry.npmjs.org/@rollup%2fpluginutils set size:121958 disposed:false
2511 silly fetch manifest acorn-import-attributes@^1.9.5
2512 silly packumentCache full:https://registry.npmjs.org/acorn-import-attributes cache-miss
2513 http fetch GET 200 https://registry.npmjs.org/node-gyp-build 88ms (cache miss)
2514 silly packumentCache full:https://registry.npmjs.org/node-gyp-build set size:undefined disposed:false
2515 silly fetch manifest async@^3.2.4
2516 silly packumentCache full:https://registry.npmjs.org/async cache-miss
2517 http fetch GET 200 https://registry.npmjs.org/acorn-import-attributes 49ms (cache miss)
2518 silly packumentCache full:https://registry.npmjs.org/acorn-import-attributes set size:undefined disposed:false
2519 silly fetch manifest tar-stream@^3.0.0
2520 silly packumentCache full:https://registry.npmjs.org/tar-stream cache-miss
2521 http fetch GET 200 https://registry.npmjs.org/async 50ms (cache miss)
2522 silly packumentCache full:https://registry.npmjs.org/async set size:undefined disposed:false
2523 silly fetch manifest zip-stream@^6.0.1
2524 silly packumentCache full:https://registry.npmjs.org/zip-stream cache-miss
2525 http fetch GET 200 https://registry.npmjs.org/async-sema 258ms (cache miss)
2526 silly packumentCache full:https://registry.npmjs.org/async-sema set size:undefined disposed:false
2527 silly fetch manifest buffer-crc32@^1.0.0
2528 silly packumentCache full:https://registry.npmjs.org/buffer-crc32 cache-miss
2529 http fetch GET 200 https://registry.npmjs.org/tar-stream 37ms (cache miss)
2530 silly packumentCache full:https://registry.npmjs.org/tar-stream set size:undefined disposed:false
2531 silly fetch manifest readdir-glob@^1.1.2
2532 silly packumentCache full:https://registry.npmjs.org/readdir-glob cache-miss
2533 http fetch GET 200 https://registry.npmjs.org/buffer-crc32 49ms (cache miss)
2534 silly packumentCache full:https://registry.npmjs.org/buffer-crc32 set size:undefined disposed:false
2535 silly fetch manifest archiver-utils@^5.0.2
2536 silly packumentCache full:https://registry.npmjs.org/archiver-utils cache-miss
2537 http fetch GET 200 https://registry.npmjs.org/readdir-glob 40ms (cache miss)
2538 silly packumentCache full:https://registry.npmjs.org/readdir-glob set size:undefined disposed:false
2539 silly fetch manifest readable-stream@^4.0.0
2540 silly packumentCache full:https://registry.npmjs.org/readable-stream cache-miss
2541 http fetch GET 200 https://registry.npmjs.org/zip-stream 76ms (cache miss)
2542 silly packumentCache full:https://registry.npmjs.org/zip-stream set size:undefined disposed:false
2543 silly fetch manifest type-fest@^5.0.0
2544 silly packumentCache full:https://registry.npmjs.org/type-fest cache-miss
2545 http fetch GET 200 https://registry.npmjs.org/archiver-utils 46ms (cache miss)
2546 silly packumentCache full:https://registry.npmjs.org/archiver-utils set size:undefined disposed:false
2547 silly fetch manifest @esbuild/aix-ppc64@0.28.2
2548 silly packumentCache full:https://registry.npmjs.org/@esbuild%2faix-ppc64 cache-miss
2549 http fetch GET 200 https://registry.npmjs.org/type-fest 55ms (cache miss)
2550 silly packumentCache full:https://registry.npmjs.org/type-fest set size:undefined disposed:false
2551 silly fetch manifest @esbuild/linux-arm@0.28.2
2552 silly packumentCache full:https://registry.npmjs.org/@esbuild%2flinux-arm cache-miss
2553 http fetch GET 200 https://registry.npmjs.org/@esbuild%2flinux-arm 54ms (cache miss)
2554 silly packumentCache full:https://registry.npmjs.org/@esbuild%2flinux-arm set size:undefined disposed:false
2555 silly fetch manifest @esbuild/linux-x64@0.28.2
2556 silly packumentCache full:https://registry.npmjs.org/@esbuild%2flinux-x64 cache-miss
2557 http fetch GET 200 https://registry.npmjs.org/@mapbox%2fnode-pre-gyp 277ms (cache miss)
2558 silly packumentCache full:https://registry.npmjs.org/@mapbox%2fnode-pre-gyp set size:undefined disposed:false
2559 silly fetch manifest @esbuild/sunos-x64@0.28.2
2560 silly packumentCache full:https://registry.npmjs.org/@esbuild%2fsunos-x64 cache-miss
2561 http fetch GET 200 https://registry.npmjs.org/@esbuild%2flinux-x64 50ms (cache miss)
2562 silly packumentCache full:https://registry.npmjs.org/@esbuild%2flinux-x64 set size:undefined disposed:false
2563 silly fetch manifest @esbuild/win32-x64@0.28.2
2564 silly packumentCache full:https://registry.npmjs.org/@esbuild%2fwin32-x64 cache-miss
2565 http fetch GET 200 https://registry.npmjs.org/@esbuild%2fsunos-x64 65ms (cache miss)
2566 silly packumentCache full:https://registry.npmjs.org/@esbuild%2fsunos-x64 set size:undefined disposed:false
2567 silly fetch manifest @esbuild/darwin-x64@0.28.2
2568 silly packumentCache full:https://registry.npmjs.org/@esbuild%2fdarwin-x64 cache-miss
2569 http fetch GET 200 https://registry.npmjs.org/@esbuild%2fwin32-x64 96ms (cache miss)
2570 silly packumentCache full:https://registry.npmjs.org/@esbuild%2fwin32-x64 set size:undefined disposed:false
2571 silly fetch manifest @esbuild/linux-ia32@0.28.2
2572 silly packumentCache full:https://registry.npmjs.org/@esbuild%2flinux-ia32 cache-miss
2573 http fetch GET 200 https://registry.npmjs.org/resolve-from 543ms (cache miss)
2574 silly packumentCache full:https://registry.npmjs.org/resolve-from set size:undefined disposed:false
2575 silly fetch manifest @esbuild/netbsd-x64@0.28.2
2576 silly packumentCache full:https://registry.npmjs.org/@esbuild%2fnetbsd-x64 cache-miss
2577 http fetch GET 200 https://registry.npmjs.org/@esbuild%2fdarwin-x64 87ms (cache miss)
2578 silly packumentCache full:https://registry.npmjs.org/@esbuild%2fdarwin-x64 set size:undefined disposed:false
2579 silly fetch manifest @esbuild/win32-ia32@0.28.2
2580 silly packumentCache full:https://registry.npmjs.org/@esbuild%2fwin32-ia32 cache-miss
2581 http fetch GET 200 https://registry.npmjs.org/@esbuild%2flinux-ia32 56ms (cache miss)
2582 silly packumentCache full:https://registry.npmjs.org/@esbuild%2flinux-ia32 set size:undefined disposed:false
2583 silly fetch manifest @esbuild/android-arm@0.28.2
2584 silly packumentCache full:https://registry.npmjs.org/@esbuild%2fandroid-arm cache-miss
2585 http fetch GET 200 https://registry.npmjs.org/@esbuild%2fnetbsd-x64 67ms (cache miss)
2586 silly packumentCache full:https://registry.npmjs.org/@esbuild%2fnetbsd-x64 set size:undefined disposed:false
2587 silly fetch manifest @esbuild/android-x64@0.28.2
2588 silly packumentCache full:https://registry.npmjs.org/@esbuild%2fandroid-x64 cache-miss
2589 http fetch GET 200 https://registry.npmjs.org/@esbuild%2fwin32-ia32 69ms (cache miss)
2590 silly packumentCache full:https://registry.npmjs.org/@esbuild%2fwin32-ia32 set size:undefined disposed:false
2591 silly fetch manifest @esbuild/freebsd-x64@0.28.2
2592 silly packumentCache full:https://registry.npmjs.org/@esbuild%2ffreebsd-x64 cache-miss
2593 http fetch GET 200 https://registry.npmjs.org/@esbuild%2fandroid-x64 63ms (cache miss)
2594 silly packumentCache full:https://registry.npmjs.org/@esbuild%2fandroid-x64 set size:undefined disposed:false
2595 silly fetch manifest @esbuild/linux-arm64@0.28.2
2596 silly packumentCache full:https://registry.npmjs.org/@esbuild%2flinux-arm64 cache-miss
2597 http fetch GET 200 https://registry.npmjs.org/@esbuild%2fandroid-arm 85ms (cache miss)
2598 silly packumentCache full:https://registry.npmjs.org/@esbuild%2fandroid-arm set size:undefined disposed:false
2599 silly fetch manifest @esbuild/linux-ppc64@0.28.2
2600 silly packumentCache full:https://registry.npmjs.org/@esbuild%2flinux-ppc64 cache-miss
2601 http fetch GET 200 https://registry.npmjs.org/readable-stream 420ms (cache miss)
2602 silly packumentCache full:https://registry.npmjs.org/readable-stream set size:undefined disposed:false
2603 silly fetch manifest @esbuild/linux-s390x@0.28.2
2604 silly packumentCache full:https://registry.npmjs.org/@esbuild%2flinux-s390x cache-miss
2605 http fetch GET 200 https://registry.npmjs.org/@esbuild%2flinux-arm64 56ms (cache miss)
2606 silly packumentCache full:https://registry.npmjs.org/@esbuild%2flinux-arm64 set size:undefined disposed:false
2607 silly fetch manifest @esbuild/openbsd-x64@0.28.2
2608 silly packumentCache full:https://registry.npmjs.org/@esbuild%2fopenbsd-x64 cache-miss
2609 http fetch GET 200 https://registry.npmjs.org/@esbuild%2flinux-ppc64 64ms (cache miss)
2610 silly packumentCache full:https://registry.npmjs.org/@esbuild%2flinux-ppc64 set size:undefined disposed:false
2611 silly fetch manifest @esbuild/win32-arm64@0.28.2
2612 silly packumentCache full:https://registry.npmjs.org/@esbuild%2fwin32-arm64 cache-miss
2613 http fetch GET 200 https://registry.npmjs.org/@esbuild%2flinux-s390x 68ms (cache miss)
2614 silly packumentCache full:https://registry.npmjs.org/@esbuild%2flinux-s390x set size:undefined disposed:false
2615 silly fetch manifest @esbuild/darwin-arm64@0.28.2
2616 silly packumentCache full:https://registry.npmjs.org/@esbuild%2fdarwin-arm64 cache-miss
2617 http fetch GET 200 https://registry.npmjs.org/@esbuild%2faix-ppc64 473ms (cache miss)
2618 silly packumentCache full:https://registry.npmjs.org/@esbuild%2faix-ppc64 set size:undefined disposed:false
2619 silly fetch manifest @esbuild/netbsd-arm64@0.28.2
2620 silly packumentCache full:https://registry.npmjs.org/@esbuild%2fnetbsd-arm64 cache-miss
2621 http fetch GET 200 https://registry.npmjs.org/@esbuild%2fwin32-arm64 65ms (cache miss)
2622 silly packumentCache full:https://registry.npmjs.org/@esbuild%2fwin32-arm64 set size:undefined disposed:false
2623 silly fetch manifest @esbuild/android-arm64@0.28.2
2624 silly packumentCache full:https://registry.npmjs.org/@esbuild%2fandroid-arm64 cache-miss
2625 http fetch GET 200 https://registry.npmjs.org/@esbuild%2ffreebsd-x64 290ms (cache miss)
2626 silly packumentCache full:https://registry.npmjs.org/@esbuild%2ffreebsd-x64 set size:undefined disposed:false
2627 silly fetch manifest @esbuild/freebsd-arm64@0.28.2
2628 silly packumentCache full:https://registry.npmjs.org/@esbuild%2ffreebsd-arm64 cache-miss
2629 http fetch GET 200 https://registry.npmjs.org/@esbuild%2fopenbsd-x64 279ms (cache miss)
2630 silly packumentCache full:https://registry.npmjs.org/@esbuild%2fopenbsd-x64 set size:undefined disposed:false
2631 silly fetch manifest @esbuild/linux-loong64@0.28.2
2632 silly packumentCache full:https://registry.npmjs.org/@esbuild%2flinux-loong64 cache-miss
2633 http fetch GET 200 https://registry.npmjs.org/@esbuild%2fdarwin-arm64 277ms (cache miss)
2634 silly packumentCache full:https://registry.npmjs.org/@esbuild%2fdarwin-arm64 set size:undefined disposed:false
2635 silly fetch manifest @esbuild/linux-riscv64@0.28.2
2636 silly packumentCache full:https://registry.npmjs.org/@esbuild%2flinux-riscv64 cache-miss
2637 http fetch GET 200 https://registry.npmjs.org/@esbuild%2flinux-loong64 148ms (cache miss)
2638 silly packumentCache full:https://registry.npmjs.org/@esbuild%2flinux-loong64 set size:undefined disposed:false
2639 silly fetch manifest @esbuild/openbsd-arm64@0.28.2
2640 silly packumentCache full:https://registry.npmjs.org/@esbuild%2fopenbsd-arm64 cache-miss
2641 http cache https://registry.npmjs.org/@esbuild%2fopenbsd-arm64 6ms (cache hit)
2642 silly packumentCache full:https://registry.npmjs.org/@esbuild%2fopenbsd-arm64 set size:49642 disposed:false
2643 silly fetch manifest @esbuild/linux-mips64el@0.28.2
2644 silly packumentCache full:https://registry.npmjs.org/@esbuild%2flinux-mips64el cache-miss
2645 http fetch GET 200 https://registry.npmjs.org/@esbuild%2ffreebsd-arm64 281ms (cache miss)
2646 silly packumentCache full:https://registry.npmjs.org/@esbuild%2ffreebsd-arm64 set size:undefined disposed:false
2647 silly fetch manifest @esbuild/openharmony-arm64@0.28.2
2648 silly packumentCache full:https://registry.npmjs.org/@esbuild%2fopenharmony-arm64 cache-miss
2649 http fetch GET 200 https://registry.npmjs.org/@esbuild%2fnetbsd-arm64 427ms (cache miss)
2650 silly packumentCache full:https://registry.npmjs.org/@esbuild%2fnetbsd-arm64 set size:undefined disposed:false
2651 silly fetch manifest slash@^5.1.0
2652 silly packumentCache full:https://registry.npmjs.org/slash cache-miss
2653 http fetch GET 200 https://registry.npmjs.org/slash 30ms (cache miss)
2654 silly packumentCache full:https://registry.npmjs.org/slash set size:undefined disposed:false
2655 silly fetch manifest fast-glob@^3.3.3
2656 silly packumentCache full:https://registry.npmjs.org/fast-glob cache-miss
2657 http fetch GET 200 https://registry.npmjs.org/fast-glob 38ms (cache miss)
2658 silly packumentCache full:https://registry.npmjs.org/fast-glob set size:undefined disposed:false
2659 silly fetch manifest micromatch@^4.0.8
2660 silly packumentCache full:https://registry.npmjs.org/micromatch cache-miss
2661 http cache https://registry.npmjs.org/micromatch 16ms (cache hit)
2662 silly packumentCache full:https://registry.npmjs.org/micromatch set size:240630 disposed:false
2663 silly fetch manifest unicorn-magic@^0.4.0
2664 silly packumentCache full:https://registry.npmjs.org/unicorn-magic cache-miss
2665 http fetch GET 200 https://registry.npmjs.org/@esbuild%2flinux-riscv64 272ms (cache miss)
2666 silly packumentCache full:https://registry.npmjs.org/@esbuild%2flinux-riscv64 set size:undefined disposed:false
2667 silly fetch manifest @sindresorhus/merge-streams@^4.0.0
2668 silly packumentCache full:https://registry.npmjs.org/@sindresorhus%2fmerge-streams cache-miss
2669 http fetch GET 200 https://registry.npmjs.org/unicorn-magic 34ms (cache miss)
2670 silly packumentCache full:https://registry.npmjs.org/unicorn-magic set size:undefined disposed:false
2671 silly fetch manifest duplexer@^0.1.2
2672 silly packumentCache full:https://registry.npmjs.org/duplexer cache-miss
2673 http fetch GET 200 https://registry.npmjs.org/@sindresorhus%2fmerge-streams 51ms (cache miss)
2674 silly packumentCache full:https://registry.npmjs.org/@sindresorhus%2fmerge-streams set size:undefined disposed:false
2675 silly fetch manifest denque@2.1.0
2676 silly packumentCache full:https://registry.npmjs.org/denque cache-miss
2677 http fetch GET 200 https://registry.npmjs.org/@esbuild%2flinux-mips64el 201ms (cache miss)
2678 silly packumentCache full:https://registry.npmjs.org/@esbuild%2flinux-mips64el set size:undefined disposed:false
2679 silly fetch manifest redis-errors@1.2.0
2680 silly packumentCache full:https://registry.npmjs.org/redis-errors cache-miss
2681 http fetch GET 200 https://registry.npmjs.org/@esbuild%2fandroid-arm64 571ms (cache miss)
2682 silly packumentCache full:https://registry.npmjs.org/@esbuild%2fandroid-arm64 set size:undefined disposed:false
2683 silly fetch manifest redis-parser@3.0.0
2684 silly packumentCache full:https://registry.npmjs.org/redis-parser cache-miss
2685 http fetch GET 200 https://registry.npmjs.org/@esbuild%2fopenharmony-arm64 263ms (cache miss)
2686 silly packumentCache full:https://registry.npmjs.org/@esbuild%2fopenharmony-arm64 set size:undefined disposed:false
2687 silly fetch manifest cluster-key-slot@1.1.1
2688 silly packumentCache full:https://registry.npmjs.org/cluster-key-slot cache-miss
2689 http fetch GET 200 https://registry.npmjs.org/redis-errors 203ms (cache miss)
2690 silly packumentCache full:https://registry.npmjs.org/redis-errors set size:undefined disposed:false
2691 silly fetch manifest @ioredis/commands@1.10.0
2692 silly packumentCache full:https://registry.npmjs.org/@ioredis%2fcommands cache-miss
2693 http fetch GET 200 https://registry.npmjs.org/denque 228ms (cache miss)
2694 silly packumentCache full:https://registry.npmjs.org/denque set size:undefined disposed:false
2695 silly fetch manifest standard-as-callback@2.1.0
2696 silly packumentCache full:https://registry.npmjs.org/standard-as-callback cache-miss
2697 http fetch GET 200 https://registry.npmjs.org/redis-parser 253ms (cache miss)
2698 silly packumentCache full:https://registry.npmjs.org/redis-parser set size:undefined disposed:false
2699 silly fetch manifest @types/estree@1.0.9
2700 silly packumentCache full:https://registry.npmjs.org/@types%2festree cache-miss
2701 http fetch GET 200 https://registry.npmjs.org/@types%2festree 38ms (cache miss)
2702 silly packumentCache full:https://registry.npmjs.org/@types%2festree set size:undefined disposed:false
2703 silly fetch manifest fsevents@~2.3.2
2704 silly packumentCache full:https://registry.npmjs.org/fsevents cache-hit
2705 silly fetch manifest @rollup/rollup-darwin-x64@4.63.1
2706 silly packumentCache full:https://registry.npmjs.org/@rollup%2frollup-darwin-x64 cache-miss
2707 http fetch GET 200 https://registry.npmjs.org/cluster-key-slot 255ms (cache miss)
2708 silly packumentCache full:https://registry.npmjs.org/cluster-key-slot set size:undefined disposed:false
2709 silly fetch manifest @rollup/rollup-freebsd-x64@4.63.1
2710 silly packumentCache full:https://registry.npmjs.org/@rollup%2frollup-freebsd-x64 cache-miss
2711 http fetch GET 200 https://registry.npmjs.org/@rollup%2frollup-darwin-x64 61ms (cache miss)
2712 silly packumentCache full:https://registry.npmjs.org/@rollup%2frollup-darwin-x64 set size:undefined disposed:false
2713 silly fetch manifest @rollup/rollup-openbsd-x64@4.63.1
2714 silly packumentCache full:https://registry.npmjs.org/@rollup%2frollup-openbsd-x64 cache-miss
2715 http fetch GET 200 https://registry.npmjs.org/@rollup%2frollup-freebsd-x64 92ms (cache miss)
2716 silly packumentCache full:https://registry.npmjs.org/@rollup%2frollup-freebsd-x64 set size:undefined disposed:false
2717 silly fetch manifest @napi-rs/lzma-linux-x64-gnu@1.5.1
2718 silly packumentCache full:https://registry.npmjs.org/@napi-rs%2flzma-linux-x64-gnu cache-miss
2719 http fetch GET 200 https://registry.npmjs.org/@rollup%2frollup-openbsd-x64 66ms (cache miss)
2720 silly packumentCache full:https://registry.npmjs.org/@rollup%2frollup-openbsd-x64 set size:undefined disposed:false
2721 silly fetch manifest @rollup/rollup-darwin-arm64@4.63.1
2722 silly packumentCache full:https://registry.npmjs.org/@rollup%2frollup-darwin-arm64 cache-miss
2723 http fetch GET 200 https://registry.npmjs.org/standard-as-callback 256ms (cache miss)
2724 silly packumentCache full:https://registry.npmjs.org/standard-as-callback set size:undefined disposed:false
2725 silly fetch manifest @rollup/rollup-android-arm64@4.63.1
2726 silly packumentCache full:https://registry.npmjs.org/@rollup%2frollup-android-arm64 cache-miss
2727 http fetch GET 200 https://registry.npmjs.org/@napi-rs%2flzma-linux-x64-gnu 51ms (cache miss)
2728 silly packumentCache full:https://registry.npmjs.org/@napi-rs%2flzma-linux-x64-gnu set size:undefined disposed:false
2729 silly fetch manifest @rollup/rollup-freebsd-arm64@4.63.1
2730 silly packumentCache full:https://registry.npmjs.org/@rollup%2frollup-freebsd-arm64 cache-miss
2731 http fetch GET 200 https://registry.npmjs.org/@rollup%2frollup-darwin-arm64 69ms (cache miss)
2732 silly packumentCache full:https://registry.npmjs.org/@rollup%2frollup-darwin-arm64 set size:undefined disposed:false
2733 silly fetch manifest @rollup/rollup-linux-x64-gnu@4.63.1
2734 silly packumentCache full:https://registry.npmjs.org/@rollup%2frollup-linux-x64-gnu cache-miss
2735 http fetch GET 200 https://registry.npmjs.org/@rollup%2frollup-android-arm64 68ms (cache miss)
2736 silly packumentCache full:https://registry.npmjs.org/@rollup%2frollup-android-arm64 set size:undefined disposed:false
2737 silly fetch manifest @rollup/rollup-win32-x64-gnu@4.63.1
2738 silly packumentCache full:https://registry.npmjs.org/@rollup%2frollup-win32-x64-gnu cache-miss
2739 http fetch GET 200 https://registry.npmjs.org/@rollup%2frollup-freebsd-arm64 65ms (cache miss)
2740 silly packumentCache full:https://registry.npmjs.org/@rollup%2frollup-freebsd-arm64 set size:undefined disposed:false
2741 silly fetch manifest @rollup/rollup-linux-x64-musl@4.63.1
2742 silly packumentCache full:https://registry.npmjs.org/@rollup%2frollup-linux-x64-musl cache-miss
2743 http fetch GET 200 https://registry.npmjs.org/duplexer 613ms (cache miss)
2744 silly packumentCache full:https://registry.npmjs.org/duplexer set size:undefined disposed:false
2745 silly fetch manifest @rollup/rollup-win32-x64-msvc@4.63.1
2746 silly packumentCache full:https://registry.npmjs.org/@rollup%2frollup-win32-x64-msvc cache-miss
2747 http fetch GET 200 https://registry.npmjs.org/@rollup%2frollup-linux-x64-gnu 68ms (cache miss)
2748 silly packumentCache full:https://registry.npmjs.org/@rollup%2frollup-linux-x64-gnu set size:undefined disposed:false
2749 silly fetch manifest @rollup/rollup-linux-arm64-gnu@4.63.1
2750 silly packumentCache full:https://registry.npmjs.org/@rollup%2frollup-linux-arm64-gnu cache-miss
2751 http fetch GET 200 https://registry.npmjs.org/@rollup%2frollup-win32-x64-gnu 64ms (cache miss)
2752 silly packumentCache full:https://registry.npmjs.org/@rollup%2frollup-win32-x64-gnu set size:undefined disposed:false
2753 silly fetch manifest @rollup/rollup-linux-ppc64-gnu@4.63.1
2754 silly packumentCache full:https://registry.npmjs.org/@rollup%2frollup-linux-ppc64-gnu cache-miss
2755 http fetch GET 200 https://registry.npmjs.org/@rollup%2frollup-linux-x64-musl 67ms (cache miss)
2756 silly packumentCache full:https://registry.npmjs.org/@rollup%2frollup-linux-x64-musl set size:undefined disposed:false
2757 silly fetch manifest @rollup/rollup-linux-s390x-gnu@4.63.1
2758 silly packumentCache full:https://registry.npmjs.org/@rollup%2frollup-linux-s390x-gnu cache-miss
2759 http fetch GET 200 https://registry.npmjs.org/@rollup%2frollup-win32-x64-msvc 64ms (cache miss)
2760 silly packumentCache full:https://registry.npmjs.org/@rollup%2frollup-win32-x64-msvc set size:undefined disposed:false
2761 silly fetch manifest @rollup/rollup-win32-ia32-msvc@4.63.1
2762 silly packumentCache full:https://registry.npmjs.org/@rollup%2frollup-win32-ia32-msvc cache-miss
2763 http fetch GET 200 https://registry.npmjs.org/@rollup%2frollup-linux-arm64-gnu 69ms (cache miss)
2764 silly packumentCache full:https://registry.npmjs.org/@rollup%2frollup-linux-arm64-gnu set size:undefined disposed:false
2765 silly fetch manifest @rollup/rollup-android-arm-eabi@4.63.1
2766 silly packumentCache full:https://registry.npmjs.org/@rollup%2frollup-android-arm-eabi cache-miss
2767 http fetch GET 200 https://registry.npmjs.org/@rollup%2frollup-linux-ppc64-gnu 62ms (cache miss)
2768 silly packumentCache full:https://registry.npmjs.org/@rollup%2frollup-linux-ppc64-gnu set size:undefined disposed:false
2769 silly fetch manifest @rollup/rollup-linux-arm64-musl@4.63.1
2770 silly packumentCache full:https://registry.npmjs.org/@rollup%2frollup-linux-arm64-musl cache-miss
2771 http fetch GET 200 https://registry.npmjs.org/@rollup%2frollup-linux-s390x-gnu 67ms (cache miss)
2772 silly packumentCache full:https://registry.npmjs.org/@rollup%2frollup-linux-s390x-gnu set size:undefined disposed:false
2773 silly fetch manifest @rollup/rollup-linux-ppc64-musl@4.63.1
2774 silly packumentCache full:https://registry.npmjs.org/@rollup%2frollup-linux-ppc64-musl cache-miss
2775 http fetch GET 200 https://registry.npmjs.org/@rollup%2frollup-win32-ia32-msvc 68ms (cache miss)
2776 silly packumentCache full:https://registry.npmjs.org/@rollup%2frollup-win32-ia32-msvc set size:undefined disposed:false
2777 silly fetch manifest @rollup/rollup-win32-arm64-msvc@4.63.1
2778 silly packumentCache full:https://registry.npmjs.org/@rollup%2frollup-win32-arm64-msvc cache-miss
2779 http fetch GET 200 https://registry.npmjs.org/@rollup%2frollup-android-arm-eabi 83ms (cache miss)
2780 silly packumentCache full:https://registry.npmjs.org/@rollup%2frollup-android-arm-eabi set size:undefined disposed:false
2781 silly fetch manifest @rollup/rollup-linux-loong64-gnu@4.63.1
2782 silly packumentCache full:https://registry.npmjs.org/@rollup%2frollup-linux-loong64-gnu cache-miss
2783 http fetch GET 200 https://registry.npmjs.org/@rollup%2frollup-linux-arm64-musl 71ms (cache miss)
2784 silly packumentCache full:https://registry.npmjs.org/@rollup%2frollup-linux-arm64-musl set size:undefined disposed:false
2785 silly fetch manifest @rollup/rollup-linux-riscv64-gnu@4.63.1
2786 silly packumentCache full:https://registry.npmjs.org/@rollup%2frollup-linux-riscv64-gnu cache-miss
2787 http fetch GET 200 https://registry.npmjs.org/@rollup%2frollup-linux-ppc64-musl 61ms (cache miss)
2788 silly packumentCache full:https://registry.npmjs.org/@rollup%2frollup-linux-ppc64-musl set size:undefined disposed:false
2789 silly fetch manifest @rollup/rollup-openharmony-arm64@4.63.1
2790 silly packumentCache full:https://registry.npmjs.org/@rollup%2frollup-openharmony-arm64 cache-miss
2791 http fetch GET 200 https://registry.npmjs.org/@rollup%2frollup-win32-arm64-msvc 74ms (cache miss)
2792 silly packumentCache full:https://registry.npmjs.org/@rollup%2frollup-win32-arm64-msvc set size:undefined disposed:false
2793 silly fetch manifest @rollup/rollup-linux-loong64-musl@4.63.1
2794 silly packumentCache full:https://registry.npmjs.org/@rollup%2frollup-linux-loong64-musl cache-miss
2795 http fetch GET 200 https://registry.npmjs.org/@rollup%2frollup-linux-loong64-gnu 55ms (cache miss)
2796 silly packumentCache full:https://registry.npmjs.org/@rollup%2frollup-linux-loong64-gnu set size:undefined disposed:false
2797 silly fetch manifest @rollup/rollup-linux-riscv64-musl@4.63.1
2798 silly packumentCache full:https://registry.npmjs.org/@rollup%2frollup-linux-riscv64-musl cache-miss
2799 http fetch GET 200 https://registry.npmjs.org/@rollup%2frollup-openharmony-arm64 98ms (cache miss)
2800 silly packumentCache full:https://registry.npmjs.org/@rollup%2frollup-openharmony-arm64 set size:undefined disposed:false
2801 silly fetch manifest @rollup/rollup-linux-arm-gnueabihf@4.63.1
2802 silly packumentCache full:https://registry.npmjs.org/@rollup%2frollup-linux-arm-gnueabihf cache-miss
2803 http fetch GET 200 https://registry.npmjs.org/@rollup%2frollup-linux-riscv64-gnu 108ms (cache miss)
2804 silly packumentCache full:https://registry.npmjs.org/@rollup%2frollup-linux-riscv64-gnu set size:undefined disposed:false
2805 silly fetch manifest @rollup/rollup-linux-arm-musleabihf@4.63.1
2806 silly packumentCache full:https://registry.npmjs.org/@rollup%2frollup-linux-arm-musleabihf cache-miss
2807 http fetch GET 200 https://registry.npmjs.org/@rollup%2frollup-linux-riscv64-musl 75ms (cache miss)
2808 silly packumentCache full:https://registry.npmjs.org/@rollup%2frollup-linux-riscv64-musl set size:undefined disposed:false
2809 silly fetch manifest yargs@^18.1.0
2810 silly packumentCache full:https://registry.npmjs.org/yargs cache-miss
2811 http fetch GET 200 https://registry.npmjs.org/@rollup%2frollup-linux-loong64-musl 90ms (cache miss)
2812 silly packumentCache full:https://registry.npmjs.org/@rollup%2frollup-linux-loong64-musl set size:undefined disposed:false
2813 silly fetch manifest source-map@^0.8.0
2814 silly packumentCache full:https://registry.npmjs.org/source-map cache-hit
2815 silly fetch manifest encodeurl@^2.0.0
2816 silly packumentCache full:https://registry.npmjs.org/encodeurl cache-miss
2817 http fetch GET 200 https://registry.npmjs.org/encodeurl 33ms (cache miss)
2818 silly packumentCache full:https://registry.npmjs.org/encodeurl set size:undefined disposed:false
2819 silly fetch manifest escape-html@^1.0.3
2820 silly packumentCache full:https://registry.npmjs.org/escape-html cache-miss
2821 http fetch GET 200 https://registry.npmjs.org/@rollup%2frollup-linux-arm-musleabihf 69ms (cache miss)
2822 silly packumentCache full:https://registry.npmjs.org/@rollup%2frollup-linux-arm-musleabihf set size:undefined disposed:false
2823 silly fetch manifest parseurl@^1.3.3
2824 silly packumentCache full:https://registry.npmjs.org/parseurl cache-miss
2825 http fetch GET 200 https://registry.npmjs.org/@rollup%2frollup-linux-arm-gnueabihf 81ms (cache miss)
2826 silly packumentCache full:https://registry.npmjs.org/@rollup%2frollup-linux-arm-gnueabihf set size:undefined disposed:false
2827 silly fetch manifest send@^1.2.0
2828 silly packumentCache full:https://registry.npmjs.org/send cache-miss
2829 http fetch GET 200 https://registry.npmjs.org/escape-html 35ms (cache miss)
2830 silly packumentCache full:https://registry.npmjs.org/escape-html set size:undefined disposed:false
2831 silly fetch manifest unplugin@^2.3.11
2832 silly packumentCache full:https://registry.npmjs.org/unplugin cache-hit
2833 silly fetch manifest @poppinss/exception@^1.2.2
2834 silly packumentCache full:https://registry.npmjs.org/@poppinss%2fexception cache-miss
2835 http fetch GET 200 https://registry.npmjs.org/parseurl 44ms (cache miss)
2836 silly packumentCache full:https://registry.npmjs.org/parseurl set size:undefined disposed:false
2837 http fetch GET 200 https://registry.npmjs.org/yargs 109ms (cache miss)
2838 silly packumentCache full:https://registry.npmjs.org/yargs set size:undefined disposed:false
2839 http fetch GET 200 https://registry.npmjs.org/send 52ms (cache miss)
2840 silly packumentCache full:https://registry.npmjs.org/send set size:undefined disposed:false
2841 http fetch GET 200 https://registry.npmjs.org/@poppinss%2fexception 118ms (cache miss)
2842 silly packumentCache full:https://registry.npmjs.org/@poppinss%2fexception set size:undefined disposed:false
2843 http fetch GET 200 https://registry.npmjs.org/@ioredis%2fcommands 1091ms (cache miss)
2844 silly packumentCache full:https://registry.npmjs.org/@ioredis%2fcommands set size:undefined disposed:false
2845 silly fetch manifest rollup@^2.68.0||^3.0.0||^4.0.0
2846 silly packumentCache full:https://registry.npmjs.org/rollup cache-miss
2847 http cache https://registry.npmjs.org/rollup 22ms (cache hit)
2848 silly packumentCache full:https://registry.npmjs.org/rollup set size:6315915 disposed:false
2849 silly fetch manifest picomatch@^4.0.2
2850 silly packumentCache full:https://registry.npmjs.org/picomatch cache-hit
2851 silly placeDep ROOT @rollup/pluginutils@5.4.0 OK for: @rollup/plugin-commonjs@29.0.3 want: ^5.0.1
2852 silly placeDep ROOT commondir@1.0.1 OK for: @rollup/plugin-commonjs@29.0.3 want: ^1.0.1
2853 silly placeDep ROOT fdir@6.5.0 OK for: @rollup/plugin-commonjs@29.0.3 want: ^6.2.0
2854 silly placeDep ROOT is-reference@1.2.1 OK for: @rollup/plugin-commonjs@29.0.3 want: 1.2.1
2855 silly placeDep node_modules/@rollup/plugin-commonjs magic-string@0.30.21 OK for: @rollup/plugin-commonjs@29.0.3 want: ^0.30.3
2856 silly fetch manifest @types/estree@^1.0.0
2857 silly packumentCache full:https://registry.npmjs.org/@types%2festree cache-miss
2858 silly fetch manifest @types/estree@*
2859 silly packumentCache full:https://registry.npmjs.org/@types%2festree cache-miss
2860 http cache https://registry.npmjs.org/@types%2festree 16ms (cache hit)
2861 silly packumentCache full:https://registry.npmjs.org/@types%2festree set size:76072 disposed:false
2862 http cache https://registry.npmjs.org/@types%2festree 18ms (cache hit)
2863 silly packumentCache full:https://registry.npmjs.org/@types%2festree set size:76072 disposed:false
2864 silly packumentCache full:https://registry.npmjs.org/@types%2festree dispose
2865 silly placeDep node_modules/@rollup/plugin-inject magic-string@0.30.21 OK for: @rollup/plugin-inject@5.0.5 want: ^0.30.3
2866 silly placeDep ROOT @types/resolve@1.20.2 OK for: @rollup/plugin-node-resolve@16.0.3 want: 1.20.2
2867 silly placeDep ROOT deepmerge@4.3.1 OK for: @rollup/plugin-node-resolve@16.0.3 want: ^4.2.2
2868 silly placeDep ROOT is-module@1.0.0 OK for: @rollup/plugin-node-resolve@16.0.3 want: ^1.0.0
2869 silly placeDep ROOT resolve@1.22.12 OK for: @rollup/plugin-node-resolve@16.0.3 want: ^1.22.1
2870 silly fetch manifest es-errors@^1.3.0
2871 silly packumentCache full:https://registry.npmjs.org/es-errors cache-miss
2872 silly fetch manifest path-parse@^1.0.7
2873 silly packumentCache full:https://registry.npmjs.org/path-parse cache-miss
2874 silly fetch manifest is-core-module@^2.16.1
2875 silly packumentCache full:https://registry.npmjs.org/is-core-module cache-miss
2876 silly fetch manifest supports-preserve-symlinks-flag@^1.0.0
2877 silly packumentCache full:https://registry.npmjs.org/supports-preserve-symlinks-flag cache-miss
2878 http fetch GET 200 https://registry.npmjs.org/supports-preserve-symlinks-flag 62ms (cache miss)
2879 silly packumentCache full:https://registry.npmjs.org/supports-preserve-symlinks-flag set size:undefined disposed:false
2880 http fetch GET 200 https://registry.npmjs.org/is-core-module 67ms (cache miss)
2881 silly packumentCache full:https://registry.npmjs.org/is-core-module set size:undefined disposed:false
2882 http fetch GET 200 https://registry.npmjs.org/es-errors 89ms (cache miss)
2883 silly packumentCache full:https://registry.npmjs.org/es-errors set size:undefined disposed:false
2884 http fetch GET 200 https://registry.npmjs.org/path-parse 262ms (cache miss)
2885 silly packumentCache full:https://registry.npmjs.org/path-parse set size:undefined disposed:false
2886 silly placeDep node_modules/@rollup/plugin-replace magic-string@0.30.21 OK for: @rollup/plugin-replace@6.0.3 want: ^0.30.3
2887 silly placeDep ROOT serialize-javascript@7.1.1 OK for: @rollup/plugin-terser@1.0.0 want: ^7.0.3
2888 silly placeDep ROOT smob@1.6.2 OK for: @rollup/plugin-terser@1.0.0 want: ^1.0.0
2889 silly placeDep ROOT terser@5.51.2 OK for: @rollup/plugin-terser@1.0.0 want: ^5.17.4
2890 silly fetch manifest commander@^2.20.0
2891 silly packumentCache full:https://registry.npmjs.org/commander cache-hit
2892 silly fetch manifest source-map-support@~0.5.20
2893 silly packumentCache full:https://registry.npmjs.org/source-map-support cache-miss
2894 silly fetch manifest @jridgewell/source-map@^0.3.3
2895 silly packumentCache full:https://registry.npmjs.org/@jridgewell%2fsource-map cache-miss
2896 http fetch GET 200 https://registry.npmjs.org/@jridgewell%2fsource-map 63ms (cache miss)
2897 silly packumentCache full:https://registry.npmjs.org/@jridgewell%2fsource-map set size:undefined disposed:false
2898 http fetch GET 200 https://registry.npmjs.org/source-map-support 252ms (cache miss)
2899 silly packumentCache full:https://registry.npmjs.org/source-map-support set size:undefined disposed:false
2900 silly placeDep ROOT @types/estree@1.0.9 OK for: @rollup/pluginutils@5.4.0 want: ^1.0.0
2901 silly fetch manifest acorn@^8.6.0
2902 silly packumentCache full:https://registry.npmjs.org/acorn cache-hit
2903 silly placeDep ROOT @mapbox/node-pre-gyp@2.0.3 OK for: @vercel/nft@1.11.0 want: ^2.0.0
2904 silly placeDep ROOT acorn-import-attributes@1.9.5 OK for: @vercel/nft@1.11.0 want: ^1.9.5
2905 silly placeDep ROOT async-sema@3.1.1 OK for: @vercel/nft@1.11.0 want: ^3.1.1
2906 silly placeDep ROOT bindings@1.5.0 OK for: @vercel/nft@1.11.0 want: ^1.4.0
2907 silly placeDep ROOT glob@13.0.6 OK for: @vercel/nft@1.11.0 want: ^13.0.0
2908 silly placeDep ROOT graceful-fs@4.2.11 OK for: @vercel/nft@1.11.0 want: ^4.2.9
2909 silly placeDep ROOT node-gyp-build@4.8.4 OK for: @vercel/nft@1.11.0 want: ^4.2.2
2910 silly placeDep ROOT resolve-from@5.0.0 OK for: @vercel/nft@1.11.0 want: ^5.0.0
2911 silly fetch manifest tar@^7.4.0
2912 silly packumentCache full:https://registry.npmjs.org/tar cache-miss
2913 silly fetch manifest nopt@^8.0.0
2914 silly packumentCache full:https://registry.npmjs.org/nopt cache-miss
2915 silly fetch manifest node-fetch@^2.6.7
2916 silly packumentCache full:https://registry.npmjs.org/node-fetch cache-miss
2917 silly fetch manifest detect-libc@^2.0.0
2918 silly packumentCache full:https://registry.npmjs.org/detect-libc cache-miss
2919 silly fetch manifest https-proxy-agent@^7.0.5
2920 silly packumentCache full:https://registry.npmjs.org/https-proxy-agent cache-miss
2921 http fetch GET 200 https://registry.npmjs.org/https-proxy-agent 39ms (cache miss)
2922 silly packumentCache full:https://registry.npmjs.org/https-proxy-agent set size:undefined disposed:false
2923 silly fetch manifest file-uri-to-path@1.0.0
2924 silly packumentCache full:https://registry.npmjs.org/file-uri-to-path cache-miss
2925 http fetch GET 200 https://registry.npmjs.org/tar 90ms (cache miss)
2926 silly packumentCache full:https://registry.npmjs.org/tar set size:undefined disposed:false
2927 silly fetch manifest minimatch@^10.2.2
2928 silly packumentCache full:https://registry.npmjs.org/minimatch cache-miss
2929 http fetch GET 200 https://registry.npmjs.org/detect-libc 97ms (cache miss)
2930 silly packumentCache full:https://registry.npmjs.org/detect-libc set size:undefined disposed:false
2931 silly fetch manifest minipass@^7.1.3
2932 silly packumentCache full:https://registry.npmjs.org/minipass cache-miss
2933 http fetch GET 200 https://registry.npmjs.org/node-fetch 110ms (cache miss)
2934 silly packumentCache full:https://registry.npmjs.org/node-fetch set size:undefined disposed:false
2935 silly fetch manifest path-scurry@^2.0.2
2936 silly packumentCache full:https://registry.npmjs.org/path-scurry cache-miss
2937 http fetch GET 200 https://registry.npmjs.org/minipass 49ms (cache miss)
2938 silly packumentCache full:https://registry.npmjs.org/minipass set size:undefined disposed:false
2939 http fetch GET 200 https://registry.npmjs.org/minimatch 63ms (cache miss)
2940 silly packumentCache full:https://registry.npmjs.org/minimatch set size:undefined disposed:false
2941 http fetch GET 200 https://registry.npmjs.org/path-scurry 48ms (cache miss)
2942 silly packumentCache full:https://registry.npmjs.org/path-scurry set size:undefined disposed:false
2943 http fetch GET 200 https://registry.npmjs.org/nopt 259ms (cache miss)
2944 silly packumentCache full:https://registry.npmjs.org/nopt set size:undefined disposed:false
2945 http fetch GET 200 https://registry.npmjs.org/file-uri-to-path 268ms (cache miss)
2946 silly packumentCache full:https://registry.npmjs.org/file-uri-to-path set size:undefined disposed:false
2947 silly fetch manifest encoding@^0.1.0
2948 silly packumentCache full:https://registry.npmjs.org/encoding cache-miss
2949 http fetch GET 200 https://registry.npmjs.org/encoding 57ms (cache miss)
2950 silly packumentCache full:https://registry.npmjs.org/encoding set size:undefined disposed:false
2951 silly placeDep ROOT detect-libc@2.1.2 OK for: @mapbox/node-pre-gyp@2.0.3 want: ^2.0.0
2952 silly placeDep ROOT https-proxy-agent@7.0.6 OK for: @mapbox/node-pre-gyp@2.0.3 want: ^7.0.5
2953 silly placeDep ROOT node-fetch@2.7.0 OK for: @mapbox/node-pre-gyp@2.0.3 want: ^2.6.7
2954 silly placeDep ROOT nopt@8.1.0 OK for: @mapbox/node-pre-gyp@2.0.3 want: ^8.0.0
2955 silly placeDep ROOT tar@7.5.22 OK for: @mapbox/node-pre-gyp@2.0.3 want: ^7.4.0
2956 silly fetch manifest agent-base@^7.1.2
2957 silly packumentCache full:https://registry.npmjs.org/agent-base cache-miss
2958 silly fetch manifest whatwg-url@^5.0.0
2959 silly packumentCache full:https://registry.npmjs.org/whatwg-url cache-miss
2960 silly fetch manifest abbrev@^3.0.0
2961 silly packumentCache full:https://registry.npmjs.org/abbrev cache-miss
2962 silly fetch manifest chownr@^3.0.0
2963 silly packumentCache full:https://registry.npmjs.org/chownr cache-miss
2964 silly fetch manifest yallist@^5.0.0
2965 silly packumentCache full:https://registry.npmjs.org/yallist cache-hit
2966 silly fetch manifest minipass@^7.1.2
2967 silly packumentCache full:https://registry.npmjs.org/minipass cache-miss
2968 http cache https://registry.npmjs.org/minipass 7ms (cache hit)
2969 silly packumentCache full:https://registry.npmjs.org/minipass set size:276925 disposed:false
2970 silly fetch manifest minizlib@^3.1.0
2971 silly packumentCache full:https://registry.npmjs.org/minizlib cache-miss
2972 http fetch GET 200 https://registry.npmjs.org/abbrev 44ms (cache miss)
2973 silly packumentCache full:https://registry.npmjs.org/abbrev set size:undefined disposed:false
2974 silly fetch manifest @isaacs/fs-minipass@^4.0.0
2975 silly packumentCache full:https://registry.npmjs.org/@isaacs%2ffs-minipass cache-miss
2976 http fetch GET 200 https://registry.npmjs.org/chownr 47ms (cache miss)
2977 silly packumentCache full:https://registry.npmjs.org/chownr set size:undefined disposed:false
2978 http fetch GET 200 https://registry.npmjs.org/whatwg-url 52ms (cache miss)
2979 silly packumentCache full:https://registry.npmjs.org/whatwg-url set size:undefined disposed:false
2980 http fetch GET 200 https://registry.npmjs.org/minizlib 64ms (cache miss)
2981 silly packumentCache full:https://registry.npmjs.org/minizlib set size:undefined disposed:false
2982 http fetch GET 200 https://registry.npmjs.org/@isaacs%2ffs-minipass 85ms (cache miss)
2983 silly packumentCache full:https://registry.npmjs.org/@isaacs%2ffs-minipass set size:undefined disposed:false
2984 http fetch GET 200 https://registry.npmjs.org/agent-base 198ms (cache miss)
2985 silly packumentCache full:https://registry.npmjs.org/agent-base set size:undefined disposed:false
2986 silly placeDep ROOT archiver-utils@5.0.2 OK for: archiver@7.0.1 want: ^5.0.2
2987 silly placeDep ROOT async@3.2.6 OK for: archiver@7.0.1 want: ^3.2.4
2988 silly placeDep ROOT buffer-crc32@1.0.0 OK for: archiver@7.0.1 want: ^1.0.0
2989 silly placeDep ROOT readable-stream@4.7.0 OK for: archiver@7.0.1 want: ^4.0.0
2990 silly placeDep ROOT readdir-glob@1.1.3 OK for: archiver@7.0.1 want: ^1.1.2
2991 silly placeDep ROOT tar-stream@3.2.1 OK for: archiver@7.0.1 want: ^3.0.0
2992 silly placeDep ROOT zip-stream@6.0.1 OK for: archiver@7.0.1 want: ^6.0.1
2993 silly fetch manifest glob@^10.0.0
2994 silly packumentCache full:https://registry.npmjs.org/glob cache-miss
2995 silly fetch manifest is-stream@^2.0.1
2996 silly packumentCache full:https://registry.npmjs.org/is-stream cache-hit
2997 silly fetch manifest lazystream@^1.0.0
2998 silly packumentCache full:https://registry.npmjs.org/lazystream cache-miss
2999 silly fetch manifest lodash@^4.17.15
3000 silly packumentCache full:https://registry.npmjs.org/lodash cache-miss
3001 silly fetch manifest normalize-path@^3.0.0
3002 silly packumentCache full:https://registry.npmjs.org/normalize-path cache-miss
3003 silly fetch manifest abort-controller@^3.0.0
3004 silly packumentCache full:https://registry.npmjs.org/abort-controller cache-miss
3005 http cache https://registry.npmjs.org/glob 11ms (cache hit)
3006 silly packumentCache full:https://registry.npmjs.org/glob set size:469465 disposed:false
3007 silly fetch manifest buffer@^6.0.3
3008 silly packumentCache full:https://registry.npmjs.org/buffer cache-miss
3009 http fetch GET 200 https://registry.npmjs.org/lodash 43ms (cache miss)
3010 silly packumentCache full:https://registry.npmjs.org/lodash set size:undefined disposed:false
3011 silly fetch manifest events@^3.3.0
3012 silly packumentCache full:https://registry.npmjs.org/events cache-miss
3013 http fetch GET 200 https://registry.npmjs.org/events 35ms (cache miss)
3014 silly packumentCache full:https://registry.npmjs.org/events set size:undefined disposed:false
3015 silly fetch manifest process@^0.11.10
3016 silly packumentCache full:https://registry.npmjs.org/process cache-miss
3017 http fetch GET 200 https://registry.npmjs.org/buffer 83ms (cache miss)
3018 silly packumentCache full:https://registry.npmjs.org/buffer set size:undefined disposed:false
3019 silly fetch manifest string_decoder@^1.3.0
3020 silly packumentCache full:https://registry.npmjs.org/string_decoder cache-miss
3021 http fetch GET 200 https://registry.npmjs.org/process 39ms (cache miss)
3022 silly packumentCache full:https://registry.npmjs.org/process set size:undefined disposed:false
3023 silly fetch manifest minimatch@^5.1.0
3024 silly packumentCache full:https://registry.npmjs.org/minimatch cache-miss
3025 http cache https://registry.npmjs.org/minimatch 5ms (cache hit)
3026 silly packumentCache full:https://registry.npmjs.org/minimatch set size:377924 disposed:false
3027 silly fetch manifest b4a@^1.6.4
3028 silly packumentCache full:https://registry.npmjs.org/b4a cache-miss
3029 http fetch GET 200 https://registry.npmjs.org/string_decoder 74ms (cache miss)
3030 silly packumentCache full:https://registry.npmjs.org/string_decoder set size:undefined disposed:false
3031 silly fetch manifest bare-fs@^4.5.5
3032 silly packumentCache full:https://registry.npmjs.org/bare-fs cache-miss
3033 http fetch GET 200 https://registry.npmjs.org/b4a 42ms (cache miss)
3034 silly packumentCache full:https://registry.npmjs.org/b4a set size:undefined disposed:false
3035 silly fetch manifest streamx@^2.15.0
3036 silly packumentCache full:https://registry.npmjs.org/streamx cache-miss
3037 http fetch GET 200 https://registry.npmjs.org/bare-fs 51ms (cache miss)
3038 silly packumentCache full:https://registry.npmjs.org/bare-fs set size:undefined disposed:false
3039 silly fetch manifest fast-fifo@^1.2.0
3040 silly packumentCache full:https://registry.npmjs.org/fast-fifo cache-miss
3041 http fetch GET 200 https://registry.npmjs.org/abort-controller 253ms (cache miss)
3042 silly packumentCache full:https://registry.npmjs.org/abort-controller set size:undefined disposed:false
3043 silly fetch manifest compress-commons@^6.0.2
3044 silly packumentCache full:https://registry.npmjs.org/compress-commons cache-miss
3045 http fetch GET 200 https://registry.npmjs.org/lazystream 267ms (cache miss)
3046 silly packumentCache full:https://registry.npmjs.org/lazystream set size:undefined disposed:false
3047 http fetch GET 200 https://registry.npmjs.org/fast-fifo 50ms (cache miss)
3048 silly packumentCache full:https://registry.npmjs.org/fast-fifo set size:undefined disposed:false
3049 http fetch GET 200 https://registry.npmjs.org/compress-commons 37ms (cache miss)
3050 silly packumentCache full:https://registry.npmjs.org/compress-commons set size:undefined disposed:false
3051 http fetch GET 200 https://registry.npmjs.org/normalize-path 418ms (cache miss)
3052 silly packumentCache full:https://registry.npmjs.org/normalize-path set size:undefined disposed:false
3053 http fetch GET 200 https://registry.npmjs.org/streamx 622ms (cache miss)
3054 silly packumentCache full:https://registry.npmjs.org/streamx set size:undefined disposed:false
3055 silly placeDep node_modules/archiver-utils glob@10.5.0 OK for: archiver-utils@5.0.2 want: ^10.0.0
3056 silly placeDep node_modules/archiver-utils is-stream@2.0.1 OK for: archiver-utils@5.0.2 want: ^2.0.1
3057 silly placeDep ROOT lazystream@1.0.1 OK for: archiver-utils@5.0.2 want: ^1.0.0
3058 silly placeDep ROOT lodash@4.18.1 OK for: archiver-utils@5.0.2 want: ^4.17.15
3059 silly placeDep ROOT normalize-path@3.0.0 OK for: archiver-utils@5.0.2 want: ^3.0.0
3060 silly fetch manifest jackspeak@^3.1.2
3061 silly packumentCache full:https://registry.npmjs.org/jackspeak cache-miss
3062 silly fetch manifest minimatch@^9.0.4
3063 silly packumentCache full:https://registry.npmjs.org/minimatch cache-hit
3064 silly fetch manifest path-scurry@^1.11.1
3065 silly packumentCache full:https://registry.npmjs.org/path-scurry cache-miss
3066 silly fetch manifest foreground-child@^3.1.0
3067 silly packumentCache full:https://registry.npmjs.org/foreground-child cache-miss
3068 silly fetch manifest package-json-from-dist@^1.0.0
3069 silly packumentCache full:https://registry.npmjs.org/package-json-from-dist cache-miss
3070 silly fetch manifest readable-stream@^2.0.5
3071 silly packumentCache full:https://registry.npmjs.org/readable-stream cache-miss
3072 http cache https://registry.npmjs.org/readable-stream 11ms (cache hit)
3073 silly packumentCache full:https://registry.npmjs.org/readable-stream set size:261096 disposed:false
3074 http cache https://registry.npmjs.org/path-scurry 17ms (cache hit)
3075 silly packumentCache full:https://registry.npmjs.org/path-scurry set size:117612 disposed:false
3076 http fetch GET 200 https://registry.npmjs.org/package-json-from-dist 35ms (cache miss)
3077 silly packumentCache full:https://registry.npmjs.org/package-json-from-dist set size:undefined disposed:false
3078 http fetch GET 200 https://registry.npmjs.org/foreground-child 41ms (cache miss)
3079 silly packumentCache full:https://registry.npmjs.org/foreground-child set size:undefined disposed:false
3080 http fetch GET 200 https://registry.npmjs.org/jackspeak 64ms (cache miss)
3081 silly packumentCache full:https://registry.npmjs.org/jackspeak set size:undefined disposed:false
3082 silly placeDep ROOT file-uri-to-path@1.0.0 OK for: bindings@1.5.0 want: 1.0.0
3083 silly placeDep ROOT type-fest@5.9.0 OK for: dot-prop@10.2.0 want: ^5.0.0
3084 silly fetch manifest tagged-tag@^1.0.0
3085 silly packumentCache full:https://registry.npmjs.org/tagged-tag cache-miss
3086 http fetch GET 200 https://registry.npmjs.org/tagged-tag 242ms (cache miss)
3087 silly packumentCache full:https://registry.npmjs.org/tagged-tag set size:undefined disposed:false
3088 silly placeDep ROOT @esbuild/aix-ppc64@0.28.2 OK for: esbuild@0.28.2 want: 0.28.2
3089 silly placeDep ROOT @esbuild/android-arm@0.28.2 OK for: esbuild@0.28.2 want: 0.28.2
3090 silly placeDep ROOT @esbuild/android-arm64@0.28.2 OK for: esbuild@0.28.2 want: 0.28.2
3091 silly placeDep ROOT @esbuild/android-x64@0.28.2 OK for: esbuild@0.28.2 want: 0.28.2
3092 silly placeDep ROOT @esbuild/darwin-arm64@0.28.2 OK for: esbuild@0.28.2 want: 0.28.2
3093 silly placeDep ROOT @esbuild/darwin-x64@0.28.2 OK for: esbuild@0.28.2 want: 0.28.2
3094 silly placeDep ROOT @esbuild/freebsd-arm64@0.28.2 OK for: esbuild@0.28.2 want: 0.28.2
3095 silly placeDep ROOT @esbuild/freebsd-x64@0.28.2 OK for: esbuild@0.28.2 want: 0.28.2
3096 silly placeDep ROOT @esbuild/linux-arm@0.28.2 OK for: esbuild@0.28.2 want: 0.28.2
3097 silly placeDep ROOT @esbuild/linux-arm64@0.28.2 OK for: esbuild@0.28.2 want: 0.28.2
3098 silly placeDep ROOT @esbuild/linux-ia32@0.28.2 OK for: esbuild@0.28.2 want: 0.28.2
3099 silly placeDep ROOT @esbuild/linux-loong64@0.28.2 OK for: esbuild@0.28.2 want: 0.28.2
3100 silly placeDep ROOT @esbuild/linux-mips64el@0.28.2 OK for: esbuild@0.28.2 want: 0.28.2
3101 silly placeDep ROOT @esbuild/linux-ppc64@0.28.2 OK for: esbuild@0.28.2 want: 0.28.2
3102 silly placeDep ROOT @esbuild/linux-riscv64@0.28.2 OK for: esbuild@0.28.2 want: 0.28.2
3103 silly placeDep ROOT @esbuild/linux-s390x@0.28.2 OK for: esbuild@0.28.2 want: 0.28.2
3104 silly placeDep ROOT @esbuild/linux-x64@0.28.2 OK for: esbuild@0.28.2 want: 0.28.2
3105 silly placeDep ROOT @esbuild/netbsd-arm64@0.28.2 OK for: esbuild@0.28.2 want: 0.28.2
3106 silly placeDep ROOT @esbuild/netbsd-x64@0.28.2 OK for: esbuild@0.28.2 want: 0.28.2
3107 silly placeDep ROOT @esbuild/openbsd-arm64@0.28.2 OK for: esbuild@0.28.2 want: 0.28.2
3108 silly placeDep ROOT @esbuild/openbsd-x64@0.28.2 OK for: esbuild@0.28.2 want: 0.28.2
3109 silly placeDep ROOT @esbuild/openharmony-arm64@0.28.2 OK for: esbuild@0.28.2 want: 0.28.2
3110 silly placeDep ROOT @esbuild/sunos-x64@0.28.2 OK for: esbuild@0.28.2 want: 0.28.2
3111 silly placeDep ROOT @esbuild/win32-arm64@0.28.2 OK for: esbuild@0.28.2 want: 0.28.2
3112 silly placeDep ROOT @esbuild/win32-ia32@0.28.2 OK for: esbuild@0.28.2 want: 0.28.2
3113 silly placeDep ROOT @esbuild/win32-x64@0.28.2 OK for: esbuild@0.28.2 want: 0.28.2
3114 silly placeDep ROOT minimatch@10.2.6 OK for: glob@13.0.6 want: ^10.2.2
3115 silly placeDep ROOT minipass@7.1.3 OK for: glob@13.0.6 want: ^7.1.3
3116 silly placeDep ROOT path-scurry@2.0.2 OK for: glob@13.0.6 want: ^2.0.2
3117 silly fetch manifest brace-expansion@^5.0.8
3118 silly packumentCache full:https://registry.npmjs.org/brace-expansion cache-miss
3119 silly fetch manifest lru-cache@^11.0.0
3120 silly packumentCache full:https://registry.npmjs.org/lru-cache cache-hit
3121 http fetch GET 200 https://registry.npmjs.org/brace-expansion 34ms (cache miss)
3122 silly packumentCache full:https://registry.npmjs.org/brace-expansion set size:undefined disposed:false
3123 silly placeDep ROOT @sindresorhus/merge-streams@4.0.0 OK for: globby@16.2.4 want: ^4.0.0
3124 silly placeDep ROOT fast-glob@3.3.3 OK for: globby@16.2.4 want: ^3.3.3
3125 silly placeDep ROOT micromatch@4.0.8 OK for: globby@16.2.4 want: ^4.0.8
3126 silly placeDep ROOT slash@5.1.0 OK for: globby@16.2.4 want: ^5.1.0
3127 silly placeDep ROOT unicorn-magic@0.4.0 OK for: globby@16.2.4 want: ^0.4.0
3128 silly fetch manifest @nodelib/fs.stat@^2.0.2
3129 silly packumentCache full:https://registry.npmjs.org/@nodelib%2ffs.stat cache-miss
3130 silly fetch manifest @nodelib/fs.walk@^1.2.3
3131 silly packumentCache full:https://registry.npmjs.org/@nodelib%2ffs.walk cache-miss
3132 silly fetch manifest glob-parent@^5.1.2
3133 silly packumentCache full:https://registry.npmjs.org/glob-parent cache-miss
3134 silly fetch manifest merge2@^1.3.0
3135 silly packumentCache full:https://registry.npmjs.org/merge2 cache-miss
3136 silly fetch manifest braces@^3.0.3
3137 silly packumentCache full:https://registry.npmjs.org/braces cache-miss
3138 http fetch GET 200 https://registry.npmjs.org/merge2 35ms (cache miss)
3139 silly packumentCache full:https://registry.npmjs.org/merge2 set size:undefined disposed:false
3140 silly fetch manifest picomatch@^2.3.1
3141 silly packumentCache full:https://registry.npmjs.org/picomatch cache-hit
3142 http fetch GET 200 https://registry.npmjs.org/glob-parent 86ms (cache miss)
3143 silly packumentCache full:https://registry.npmjs.org/glob-parent set size:undefined disposed:false
3144 http fetch GET 200 https://registry.npmjs.org/@nodelib%2ffs.walk 100ms (cache miss)
3145 silly packumentCache full:https://registry.npmjs.org/@nodelib%2ffs.walk set size:undefined disposed:false
3146 http fetch GET 200 https://registry.npmjs.org/braces 102ms (cache miss)
3147 silly packumentCache full:https://registry.npmjs.org/braces set size:undefined disposed:false
3148 http fetch GET 200 https://registry.npmjs.org/@nodelib%2ffs.stat 451ms (cache miss)
3149 silly packumentCache full:https://registry.npmjs.org/@nodelib%2ffs.stat set size:undefined disposed:false
3150 silly placeDep ROOT @nodelib/fs.stat@2.0.5 OK for: fast-glob@3.3.3 want: ^2.0.2
3151 silly placeDep ROOT @nodelib/fs.walk@1.2.8 OK for: fast-glob@3.3.3 want: ^1.2.3
3152 silly placeDep ROOT glob-parent@5.1.2 OK for: fast-glob@3.3.3 want: ^5.1.2
3153 silly placeDep ROOT merge2@1.4.1 OK for: fast-glob@3.3.3 want: ^1.3.0
3154 silly fetch manifest fastq@^1.6.0
3155 silly packumentCache full:https://registry.npmjs.org/fastq cache-miss
3156 silly fetch manifest @nodelib/fs.scandir@2.1.5
3157 silly packumentCache full:https://registry.npmjs.org/@nodelib%2ffs.scandir cache-miss
3158 http fetch GET 200 https://registry.npmjs.org/fastq 34ms (cache miss)
3159 silly packumentCache full:https://registry.npmjs.org/fastq set size:undefined disposed:false
3160 http fetch GET 200 https://registry.npmjs.org/@nodelib%2ffs.scandir 52ms (cache miss)
3161 silly packumentCache full:https://registry.npmjs.org/@nodelib%2ffs.scandir set size:undefined disposed:false
3162 silly placeDep ROOT @nodelib/fs.scandir@2.1.5 OK for: @nodelib/fs.walk@1.2.8 want: 2.1.5
3163 silly placeDep ROOT fastq@1.20.3 OK for: @nodelib/fs.walk@1.2.8 want: ^1.6.0
3164 silly fetch manifest run-parallel@^1.1.9
3165 silly packumentCache full:https://registry.npmjs.org/run-parallel cache-miss
3166 silly fetch manifest reusify@^1.0.4
3167 silly packumentCache full:https://registry.npmjs.org/reusify cache-miss
3168 http fetch GET 200 https://registry.npmjs.org/run-parallel 30ms (cache miss)
3169 silly packumentCache full:https://registry.npmjs.org/run-parallel set size:undefined disposed:false
3170 http fetch GET 200 https://registry.npmjs.org/reusify 40ms (cache miss)
3171 silly packumentCache full:https://registry.npmjs.org/reusify set size:undefined disposed:false
3172 silly placeDep ROOT run-parallel@1.2.0 OK for: @nodelib/fs.scandir@2.1.5 want: ^1.1.9
3173 silly fetch manifest queue-microtask@^1.2.2
3174 silly packumentCache full:https://registry.npmjs.org/queue-microtask cache-miss
3175 http fetch GET 200 https://registry.npmjs.org/queue-microtask 36ms (cache miss)
3176 silly packumentCache full:https://registry.npmjs.org/queue-microtask set size:undefined disposed:false
3177 silly placeDep ROOT reusify@1.1.0 OK for: fastq@1.20.3 want: ^1.0.4
3178 silly placeDep ROOT duplexer@0.1.2 OK for: gzip-size@7.0.0 want: ^0.1.2
3179 silly placeDep ROOT agent-base@7.1.4 OK for: https-proxy-agent@7.0.6 want: ^7.1.2
3180 silly placeDep ROOT @ioredis/commands@1.10.0 OK for: ioredis@5.11.1 want: 1.10.0
3181 silly placeDep ROOT cluster-key-slot@1.1.1 OK for: ioredis@5.11.1 want: 1.1.1
3182 silly placeDep ROOT denque@2.1.0 OK for: ioredis@5.11.1 want: 2.1.0
3183 silly placeDep ROOT redis-errors@1.2.0 OK for: ioredis@5.11.1 want: 1.2.0
3184 silly placeDep ROOT redis-parser@3.0.0 OK for: ioredis@5.11.1 want: 3.0.0
3185 silly placeDep ROOT standard-as-callback@2.1.0 OK for: ioredis@5.11.1 want: 2.1.0
3186 silly placeDep node_modules/lazystream readable-stream@2.3.8 OK for: lazystream@1.0.1 want: ^2.0.5
3187 silly fetch manifest isarray@~1.0.0
3188 silly packumentCache full:https://registry.npmjs.org/isarray cache-miss
3189 silly fetch manifest inherits@~2.0.3
3190 silly packumentCache full:https://registry.npmjs.org/inherits cache-miss
3191 silly fetch manifest safe-buffer@~5.1.1
3192 silly packumentCache full:https://registry.npmjs.org/safe-buffer cache-miss
3193 silly fetch manifest core-util-is@~1.0.0
3194 silly packumentCache full:https://registry.npmjs.org/core-util-is cache-miss
3195 silly fetch manifest string_decoder@~1.1.1
3196 silly packumentCache full:https://registry.npmjs.org/string_decoder cache-miss
3197 http cache https://registry.npmjs.org/string_decoder 6ms (cache hit)
3198 silly packumentCache full:https://registry.npmjs.org/string_decoder set size:28441 disposed:false
3199 silly fetch manifest util-deprecate@~1.0.1
3200 silly packumentCache full:https://registry.npmjs.org/util-deprecate cache-miss
3201 http fetch GET 200 https://registry.npmjs.org/safe-buffer 71ms (cache miss)
3202 silly packumentCache full:https://registry.npmjs.org/safe-buffer set size:undefined disposed:false
3203 silly fetch manifest process-nextick-args@~2.0.0
3204 silly packumentCache full:https://registry.npmjs.org/process-nextick-args cache-miss
3205 http fetch GET 200 https://registry.npmjs.org/inherits 74ms (cache miss)
3206 silly packumentCache full:https://registry.npmjs.org/inherits set size:undefined disposed:false
3207 http fetch GET 200 https://registry.npmjs.org/core-util-is 78ms (cache miss)
3208 silly packumentCache full:https://registry.npmjs.org/core-util-is set size:undefined disposed:false
3209 http fetch GET 200 https://registry.npmjs.org/isarray 80ms (cache miss)
3210 silly packumentCache full:https://registry.npmjs.org/isarray set size:undefined disposed:false
3211 http fetch GET 200 https://registry.npmjs.org/util-deprecate 72ms (cache miss)
3212 silly packumentCache full:https://registry.npmjs.org/util-deprecate set size:undefined disposed:false
3213 http fetch GET 200 https://registry.npmjs.org/process-nextick-args 33ms (cache miss)
3214 silly packumentCache full:https://registry.npmjs.org/process-nextick-args set size:undefined disposed:false
3215 silly placeDep ROOT braces@3.0.3 OK for: micromatch@4.0.8 want: ^3.0.3
3216 silly placeDep node_modules/micromatch picomatch@2.3.2 OK for: micromatch@4.0.8 want: ^2.3.1
3217 silly fetch manifest fill-range@^7.1.1
3218 silly packumentCache full:https://registry.npmjs.org/fill-range cache-miss
3219 http fetch GET 200 https://registry.npmjs.org/fill-range 35ms (cache miss)
3220 silly packumentCache full:https://registry.npmjs.org/fill-range set size:undefined disposed:false
3221 silly placeDep ROOT fill-range@7.1.1 OK for: braces@3.0.3 want: ^7.1.1
3222 silly fetch manifest to-regex-range@^5.0.1
3223 silly packumentCache full:https://registry.npmjs.org/to-regex-range cache-miss
3224 http fetch GET 200 https://registry.npmjs.org/to-regex-range 246ms (cache miss)
3225 silly packumentCache full:https://registry.npmjs.org/to-regex-range set size:undefined disposed:false
3226 silly placeDep ROOT to-regex-range@5.0.1 OK for: fill-range@7.1.1 want: ^5.0.1
3227 silly fetch manifest is-number@^7.0.0
3228 silly packumentCache full:https://registry.npmjs.org/is-number cache-miss
3229 http fetch GET 200 https://registry.npmjs.org/is-number 41ms (cache miss)
3230 silly packumentCache full:https://registry.npmjs.org/is-number set size:undefined disposed:false
3231 silly placeDep ROOT brace-expansion@5.0.9 OK for: minimatch@10.2.6 want: ^5.0.8
3232 silly fetch manifest balanced-match@^4.0.2
3233 silly packumentCache full:https://registry.npmjs.org/balanced-match cache-miss
3234 http fetch GET 200 https://registry.npmjs.org/balanced-match 48ms (cache miss)
3235 silly packumentCache full:https://registry.npmjs.org/balanced-match set size:undefined disposed:false
3236 silly placeDep ROOT balanced-match@4.0.4 OK for: brace-expansion@5.0.9 want: ^4.0.2
3237 silly placeDep ROOT whatwg-url@5.0.0 OK for: node-fetch@2.7.0 want: ^5.0.0
3238 silly fetch manifest tr46@~0.0.3
3239 silly packumentCache full:https://registry.npmjs.org/tr46 cache-miss
3240 silly fetch manifest webidl-conversions@^3.0.0
3241 silly packumentCache full:https://registry.npmjs.org/webidl-conversions cache-miss
3242 http fetch GET 200 https://registry.npmjs.org/tr46 34ms (cache miss)
3243 silly packumentCache full:https://registry.npmjs.org/tr46 set size:undefined disposed:false
3244 http fetch GET 200 https://registry.npmjs.org/webidl-conversions 249ms (cache miss)
3245 silly packumentCache full:https://registry.npmjs.org/webidl-conversions set size:undefined disposed:false
3246 silly placeDep ROOT abbrev@3.0.1 OK for: nopt@8.1.0 want: ^3.0.0
3247 silly placeDep node_modules/npm-run-path path-key@4.0.0 OK for: npm-run-path@5.3.0 want: ^4.0.0
3248 silly placeDep ROOT mimic-fn@4.0.0 OK for: onetime@6.0.0 want: ^4.0.0
3249 silly placeDep node_modules/path-scurry lru-cache@11.5.2 OK for: path-scurry@2.0.2 want: ^11.0.0
3250 silly placeDep node_modules/pkg-types confbox@0.3.1 OK for: pkg-types@2.3.2 want: ^0.3.0
3251 silly placeDep ROOT nanoid@3.3.18 OK for: postcss@8.5.28 want: ^3.3.18
3252 silly placeDep ROOT postcss-selector-parser@7.1.6 OK for: postcss-calc@10.1.1 want: ^7.0.0
3253 silly fetch manifest util-deprecate@^1.0.2
3254 silly packumentCache full:https://registry.npmjs.org/util-deprecate cache-miss
3255 http cache https://registry.npmjs.org/util-deprecate 5ms (cache hit)
3256 silly packumentCache full:https://registry.npmjs.org/util-deprecate set size:6674 disposed:false
3257 silly placeDep ROOT @colordx/core@5.8.0 OK for: postcss-colormin@8.0.5 want: ^5.6.0
3258 silly placeDep ROOT caniuse-api@4.0.0 OK for: postcss-colormin@8.0.5 want: ^4.0.0
3259 silly placeDep ROOT stylehacks@8.0.4 OK for: postcss-merge-longhand@8.0.4 want: ^8.0.4
3260 silly placeDep ROOT cssesc@3.0.0 OK for: postcss-minify-selectors@8.0.5 want: ^3.0.0
3261 silly placeDep ROOT util-deprecate@1.0.2 OK for: postcss-selector-parser@7.1.6 want: ^1.0.2
3262 silly placeDep ROOT svgo@4.1.0 OK for: postcss-svgo@8.0.6 want: ^4.1.0
3263 silly fetch manifest sax@1.6.1
3264 silly packumentCache full:https://registry.npmjs.org/sax cache-miss
3265 silly fetch manifest csso@^5.0.5
3266 silly packumentCache full:https://registry.npmjs.org/csso cache-miss
3267 silly fetch manifest css-tree@^3.0.1
3268 silly packumentCache full:https://registry.npmjs.org/css-tree cache-miss
3269 silly fetch manifest css-what@^7.0.0
3270 silly packumentCache full:https://registry.npmjs.org/css-what cache-miss
3271 silly fetch manifest commander@^11.1.0
3272 silly packumentCache full:https://registry.npmjs.org/commander cache-hit
3273 silly fetch manifest css-select@^6.0.0
3274 silly packumentCache full:https://registry.npmjs.org/css-select cache-miss
3275 http fetch GET 200 https://registry.npmjs.org/sax 38ms (cache miss)
3276 silly packumentCache full:https://registry.npmjs.org/sax set size:undefined disposed:false
3277 http fetch GET 200 https://registry.npmjs.org/css-select 45ms (cache miss)
3278 silly packumentCache full:https://registry.npmjs.org/css-select set size:undefined disposed:false
3279 http fetch GET 200 https://registry.npmjs.org/css-what 50ms (cache miss)
3280 silly packumentCache full:https://registry.npmjs.org/css-what set size:undefined disposed:false
3281 http fetch GET 200 https://registry.npmjs.org/css-tree 55ms (cache miss)
3282 silly packumentCache full:https://registry.npmjs.org/css-tree set size:undefined disposed:false
3283 http fetch GET 200 https://registry.npmjs.org/csso 261ms (cache miss)
3284 silly packumentCache full:https://registry.npmjs.org/csso set size:undefined disposed:false
3285 silly placeDep ROOT abort-controller@3.0.0 OK for: readable-stream@4.7.0 want: ^3.0.0
3286 silly placeDep ROOT buffer@6.0.3 OK for: readable-stream@4.7.0 want: ^6.0.3
3287 silly placeDep ROOT events@3.3.0 OK for: readable-stream@4.7.0 want: ^3.3.0
3288 silly placeDep ROOT process@0.11.10 OK for: readable-stream@4.7.0 want: ^0.11.10
3289 silly placeDep ROOT string_decoder@1.3.0 OK for: readable-stream@4.7.0 want: ^1.3.0
3290 silly fetch manifest event-target-shim@^5.0.0
3291 silly packumentCache full:https://registry.npmjs.org/event-target-shim cache-miss
3292 silly fetch manifest base64-js@^1.3.1
3293 silly packumentCache full:https://registry.npmjs.org/base64-js cache-miss
3294 silly fetch manifest ieee754@^1.2.1
3295 silly packumentCache full:https://registry.npmjs.org/ieee754 cache-miss
3296 silly fetch manifest safe-buffer@~5.2.0
3297 silly packumentCache full:https://registry.npmjs.org/safe-buffer cache-miss
3298 http cache https://registry.npmjs.org/safe-buffer 8ms (cache hit)
3299 silly packumentCache full:https://registry.npmjs.org/safe-buffer set size:41183 disposed:false
3300 http fetch GET 200 https://registry.npmjs.org/base64-js 42ms (cache miss)
3301 silly packumentCache full:https://registry.npmjs.org/base64-js set size:undefined disposed:false
3302 http fetch GET 200 https://registry.npmjs.org/ieee754 47ms (cache miss)
3303 silly packumentCache full:https://registry.npmjs.org/ieee754 set size:undefined disposed:false
3304 http fetch GET 200 https://registry.npmjs.org/event-target-shim 55ms (cache miss)
3305 silly packumentCache full:https://registry.npmjs.org/event-target-shim set size:undefined disposed:false
3306 silly placeDep ROOT event-target-shim@5.0.1 OK for: abort-controller@3.0.0 want: ^5.0.0
3307 silly placeDep ROOT base64-js@1.5.1 OK for: buffer@6.0.3 want: ^1.3.1
3308 silly placeDep ROOT ieee754@1.2.1 OK for: buffer@6.0.3 want: ^1.2.1
3309 silly placeDep node_modules/readdir-glob minimatch@5.1.9 OK for: readdir-glob@1.1.3 want: ^5.1.0
3310 silly fetch manifest brace-expansion@^2.0.1
3311 silly packumentCache full:https://registry.npmjs.org/brace-expansion cache-miss
3312 http cache https://registry.npmjs.org/brace-expansion 12ms (cache hit)
3313 silly packumentCache full:https://registry.npmjs.org/brace-expansion set size:101024 disposed:false
3314 silly placeDep ROOT es-errors@1.3.0 OK for: resolve@1.22.12 want: ^1.3.0
3315 silly placeDep ROOT is-core-module@2.16.2 OK for: resolve@1.22.12 want: ^2.16.1
3316 silly placeDep ROOT path-parse@1.0.7 OK for: resolve@1.22.12 want: ^1.0.7
3317 silly placeDep ROOT supports-preserve-symlinks-flag@1.0.0 OK for: resolve@1.22.12 want: ^1.0.0
3318 silly fetch manifest hasown@^2.0.3
3319 silly packumentCache full:https://registry.npmjs.org/hasown cache-miss
3320 http fetch GET 200 https://registry.npmjs.org/hasown 29ms (cache miss)
3321 silly packumentCache full:https://registry.npmjs.org/hasown set size:undefined disposed:false
3322 silly placeDep ROOT hasown@2.0.4 OK for: is-core-module@2.16.2 want: ^2.0.3
3323 silly fetch manifest function-bind@^1.1.2
3324 silly packumentCache full:https://registry.npmjs.org/function-bind cache-miss
3325 http fetch GET 200 https://registry.npmjs.org/function-bind 29ms (cache miss)
3326 silly packumentCache full:https://registry.npmjs.org/function-bind set size:undefined disposed:false
3327 silly placeDep ROOT function-bind@1.1.2 OK for: hasown@2.0.4 want: ^1.1.2
3328 silly placeDep ROOT @oxc-project/types@0.148.0 OK for: rolldown@1.2.7 want: =0.148.0
3329 silly placeDep ROOT @rolldown/binding-android-arm-eabi@1.2.7 OK for: rolldown@1.2.7 want: 1.2.7
3330 silly placeDep ROOT @rolldown/binding-android-arm64@1.2.7 OK for: rolldown@1.2.7 want: 1.2.7
3331 silly placeDep ROOT @rolldown/binding-darwin-arm64@1.2.7 OK for: rolldown@1.2.7 want: 1.2.7
3332 silly placeDep ROOT @rolldown/binding-darwin-x64@1.2.7 OK for: rolldown@1.2.7 want: 1.2.7
3333 silly placeDep ROOT @rolldown/binding-freebsd-x64@1.2.7 OK for: rolldown@1.2.7 want: 1.2.7
3334 silly placeDep ROOT @rolldown/binding-linux-arm-gnueabihf@1.2.7 OK for: rolldown@1.2.7 want: 1.2.7
3335 silly placeDep ROOT @rolldown/binding-linux-arm64-gnu@1.2.7 OK for: rolldown@1.2.7 want: 1.2.7
3336 silly placeDep ROOT @rolldown/binding-linux-arm64-musl@1.2.7 OK for: rolldown@1.2.7 want: 1.2.7
3337 silly placeDep ROOT @rolldown/binding-linux-ppc64-gnu@1.2.7 OK for: rolldown@1.2.7 want: 1.2.7
3338 silly placeDep ROOT @rolldown/binding-linux-s390x-gnu@1.2.7 OK for: rolldown@1.2.7 want: 1.2.7
3339 silly placeDep ROOT @rolldown/binding-linux-x64-gnu@1.2.7 OK for: rolldown@1.2.7 want: 1.2.7
3340 silly placeDep ROOT @rolldown/binding-linux-x64-musl@1.2.7 OK for: rolldown@1.2.7 want: 1.2.7
3341 silly placeDep ROOT @rolldown/binding-openharmony-arm64@1.2.7 OK for: rolldown@1.2.7 want: 1.2.7
3342 silly placeDep ROOT @rolldown/binding-win32-arm64-msvc@1.2.7 OK for: rolldown@1.2.7 want: 1.2.7
3343 silly placeDep ROOT @rolldown/binding-win32-x64-msvc@1.2.7 OK for: rolldown@1.2.7 want: 1.2.7
3344 silly placeDep ROOT @napi-rs/lzma-linux-x64-gnu@1.5.1 OK for: rollup@4.63.1 want: 1.5.1
3345 silly placeDep ROOT @rollup/rollup-android-arm-eabi@4.63.1 OK for: rollup@4.63.1 want: 4.63.1
3346 silly placeDep ROOT @rollup/rollup-android-arm64@4.63.1 OK for: rollup@4.63.1 want: 4.63.1
3347 silly placeDep ROOT @rollup/rollup-darwin-arm64@4.63.1 OK for: rollup@4.63.1 want: 4.63.1
3348 silly placeDep ROOT @rollup/rollup-darwin-x64@4.63.1 OK for: rollup@4.63.1 want: 4.63.1
3349 silly placeDep ROOT @rollup/rollup-freebsd-arm64@4.63.1 OK for: rollup@4.63.1 want: 4.63.1
3350 silly placeDep ROOT @rollup/rollup-freebsd-x64@4.63.1 OK for: rollup@4.63.1 want: 4.63.1
3351 silly placeDep ROOT @rollup/rollup-linux-arm-gnueabihf@4.63.1 OK for: rollup@4.63.1 want: 4.63.1
3352 silly placeDep ROOT @rollup/rollup-linux-arm-musleabihf@4.63.1 OK for: rollup@4.63.1 want: 4.63.1
3353 silly placeDep ROOT @rollup/rollup-linux-arm64-gnu@4.63.1 OK for: rollup@4.63.1 want: 4.63.1
3354 silly placeDep ROOT @rollup/rollup-linux-arm64-musl@4.63.1 OK for: rollup@4.63.1 want: 4.63.1
3355 silly placeDep ROOT @rollup/rollup-linux-loong64-gnu@4.63.1 OK for: rollup@4.63.1 want: 4.63.1
3356 silly placeDep ROOT @rollup/rollup-linux-loong64-musl@4.63.1 OK for: rollup@4.63.1 want: 4.63.1
3357 silly placeDep ROOT @rollup/rollup-linux-ppc64-gnu@4.63.1 OK for: rollup@4.63.1 want: 4.63.1
3358 silly placeDep ROOT @rollup/rollup-linux-ppc64-musl@4.63.1 OK for: rollup@4.63.1 want: 4.63.1
3359 silly placeDep ROOT @rollup/rollup-linux-riscv64-gnu@4.63.1 OK for: rollup@4.63.1 want: 4.63.1
3360 silly placeDep ROOT @rollup/rollup-linux-riscv64-musl@4.63.1 OK for: rollup@4.63.1 want: 4.63.1
3361 silly placeDep ROOT @rollup/rollup-linux-s390x-gnu@4.63.1 OK for: rollup@4.63.1 want: 4.63.1
3362 silly placeDep ROOT @rollup/rollup-linux-x64-gnu@4.63.1 OK for: rollup@4.63.1 want: 4.63.1
3363 silly placeDep ROOT @rollup/rollup-linux-x64-musl@4.63.1 OK for: rollup@4.63.1 want: 4.63.1
3364 silly placeDep ROOT @rollup/rollup-openbsd-x64@4.63.1 OK for: rollup@4.63.1 want: 4.63.1
3365 silly placeDep ROOT @rollup/rollup-openharmony-arm64@4.63.1 OK for: rollup@4.63.1 want: 4.63.1
3366 silly placeDep ROOT @rollup/rollup-win32-arm64-msvc@4.63.1 OK for: rollup@4.63.1 want: 4.63.1
3367 silly placeDep ROOT @rollup/rollup-win32-ia32-msvc@4.63.1 OK for: rollup@4.63.1 want: 4.63.1
3368 silly placeDep ROOT @rollup/rollup-win32-x64-gnu@4.63.1 OK for: rollup@4.63.1 want: 4.63.1
3369 silly placeDep ROOT @rollup/rollup-win32-x64-msvc@4.63.1 OK for: rollup@4.63.1 want: 4.63.1
3370 silly placeDep ROOT fsevents@2.3.3 OK for: rollup@4.63.1 want: ~2.3.2
3371 silly placeDep ROOT open@11.0.2 OK for: rollup-plugin-visualizer@7.1.1 want: ^11.0.0
3372 silly placeDep node_modules/rollup-plugin-visualizer source-map@0.8.0 OK for: rollup-plugin-visualizer@7.1.1 want: ^0.8.0
3373 silly placeDep ROOT yargs@18.1.0 OK for: rollup-plugin-visualizer@7.1.1 want: ^18.1.0
3374 silly fetch manifest is-in-ssh@^1.0.0
3375 silly packumentCache full:https://registry.npmjs.org/is-in-ssh cache-miss
3376 silly fetch manifest wsl-utils@^1.0.0
3377 silly packumentCache full:https://registry.npmjs.org/wsl-utils cache-miss
3378 silly fetch manifest default-browser@^5.5.1
3379 silly packumentCache full:https://registry.npmjs.org/default-browser cache-miss
3380 silly fetch manifest define-lazy-prop@^3.0.0
3381 silly packumentCache full:https://registry.npmjs.org/define-lazy-prop cache-miss
3382 silly fetch manifest powershell-utils@^0.2.1
3383 silly packumentCache full:https://registry.npmjs.org/powershell-utils cache-miss
3384 http fetch GET 200 https://registry.npmjs.org/define-lazy-prop 58ms (cache miss)
3385 silly packumentCache full:https://registry.npmjs.org/define-lazy-prop set size:undefined disposed:false
3386 silly fetch manifest is-inside-container@^1.0.0
3387 silly packumentCache full:https://registry.npmjs.org/is-inside-container cache-miss
3388 http fetch GET 200 https://registry.npmjs.org/wsl-utils 62ms (cache miss)
3389 silly packumentCache full:https://registry.npmjs.org/wsl-utils set size:undefined disposed:false
3390 silly fetch manifest y18n@^5.0.5
3391 silly packumentCache full:https://registry.npmjs.org/y18n cache-miss
3392 http fetch GET 200 https://registry.npmjs.org/powershell-utils 66ms (cache miss)
3393 silly packumentCache full:https://registry.npmjs.org/powershell-utils set size:undefined disposed:false
3394 silly fetch manifest cliui@^9.0.1
3395 silly packumentCache full:https://registry.npmjs.org/cliui cache-miss
3396 http fetch GET 200 https://registry.npmjs.org/is-in-ssh 76ms (cache miss)
3397 silly packumentCache full:https://registry.npmjs.org/is-in-ssh set size:undefined disposed:false
3398 silly fetch manifest escalade@^3.1.1
3399 silly packumentCache full:https://registry.npmjs.org/escalade cache-hit
3400 silly fetch manifest string-width@^8.2.1
3401 silly packumentCache full:https://registry.npmjs.org/string-width cache-miss
3402 http fetch GET 200 https://registry.npmjs.org/default-browser 91ms (cache miss)
3403 silly packumentCache full:https://registry.npmjs.org/default-browser set size:undefined disposed:false
3404 silly fetch manifest yargs-parser@^22.0.0
3405 silly packumentCache full:https://registry.npmjs.org/yargs-parser cache-miss
3406 http fetch GET 200 https://registry.npmjs.org/is-inside-container 43ms (cache miss)
3407 silly packumentCache full:https://registry.npmjs.org/is-inside-container set size:undefined disposed:false
3408 silly fetch manifest get-caller-file@^2.0.5
3409 silly packumentCache full:https://registry.npmjs.org/get-caller-file cache-miss
3410 http fetch GET 200 https://registry.npmjs.org/y18n 47ms (cache miss)
3411 silly packumentCache full:https://registry.npmjs.org/y18n set size:undefined disposed:false
3412 http fetch GET 200 https://registry.npmjs.org/cliui 46ms (cache miss)
3413 silly packumentCache full:https://registry.npmjs.org/cliui set size:undefined disposed:false
3414 http fetch GET 200 https://registry.npmjs.org/yargs-parser 48ms (cache miss)
3415 silly packumentCache full:https://registry.npmjs.org/yargs-parser set size:undefined disposed:false
3416 http fetch GET 200 https://registry.npmjs.org/get-caller-file 40ms (cache miss)
3417 silly packumentCache full:https://registry.npmjs.org/get-caller-file set size:undefined disposed:false
3418 http fetch GET 200 https://registry.npmjs.org/string-width 73ms (cache miss)
3419 silly packumentCache full:https://registry.npmjs.org/string-width set size:undefined disposed:false
3420 silly placeDep ROOT default-browser@5.5.1 OK for: open@11.0.2 want: ^5.5.1
3421 silly placeDep ROOT define-lazy-prop@3.0.0 OK for: open@11.0.2 want: ^3.0.0
3422 silly placeDep ROOT is-in-ssh@1.0.0 OK for: open@11.0.2 want: ^1.0.0
3423 silly placeDep ROOT is-inside-container@1.0.0 OK for: open@11.0.2 want: ^1.0.0
3424 silly placeDep ROOT powershell-utils@0.2.1 OK for: open@11.0.2 want: ^0.2.1
3425 silly placeDep ROOT wsl-utils@1.0.0 OK for: open@11.0.2 want: ^1.0.0
3426 silly fetch manifest bundle-name@^4.1.0
3427 silly packumentCache full:https://registry.npmjs.org/bundle-name cache-miss
3428 silly fetch manifest default-browser-id@^5.0.0
3429 silly packumentCache full:https://registry.npmjs.org/default-browser-id cache-miss
3430 silly fetch manifest is-docker@^3.0.0
3431 silly packumentCache full:https://registry.npmjs.org/is-docker cache-miss
3432 silly fetch manifest is-wsl@^3.1.0
3433 silly packumentCache full:https://registry.npmjs.org/is-wsl cache-miss
3434 silly fetch manifest powershell-utils@^0.1.0
3435 silly packumentCache full:https://registry.npmjs.org/powershell-utils cache-miss
3436 http cache https://registry.npmjs.org/powershell-utils 10ms (cache hit)
3437 silly packumentCache full:https://registry.npmjs.org/powershell-utils set size:12045 disposed:false
3438 http fetch GET 200 https://registry.npmjs.org/is-docker 31ms (cache miss)
3439 silly packumentCache full:https://registry.npmjs.org/is-docker set size:undefined disposed:false
3440 http fetch GET 200 https://registry.npmjs.org/default-browser-id 45ms (cache miss)
3441 silly packumentCache full:https://registry.npmjs.org/default-browser-id set size:undefined disposed:false
3442 http fetch GET 200 https://registry.npmjs.org/is-wsl 46ms (cache miss)
3443 silly packumentCache full:https://registry.npmjs.org/is-wsl set size:undefined disposed:false
3444 http fetch GET 200 https://registry.npmjs.org/bundle-name 59ms (cache miss)
3445 silly packumentCache full:https://registry.npmjs.org/bundle-name set size:undefined disposed:false
3446 silly placeDep ROOT bundle-name@4.1.0 OK for: default-browser@5.5.1 want: ^4.1.0
3447 silly placeDep ROOT default-browser-id@5.0.1 OK for: default-browser@5.5.1 want: ^5.0.0
3448 silly fetch manifest run-applescript@^7.0.0
3449 silly packumentCache full:https://registry.npmjs.org/run-applescript cache-miss
3450 http fetch GET 200 https://registry.npmjs.org/run-applescript 41ms (cache miss)
3451 silly packumentCache full:https://registry.npmjs.org/run-applescript set size:undefined disposed:false
3452 silly placeDep ROOT run-applescript@7.1.0 OK for: bundle-name@4.1.0 want: ^7.0.0
3453 silly placeDep ROOT is-docker@3.0.0 OK for: is-inside-container@1.0.0 want: ^3.0.0
3454 silly placeDep ROOT queue-microtask@1.2.3 OK for: run-parallel@1.2.0 want: ^1.2.2
3455 silly placeDep ROOT encodeurl@2.0.0 OK for: serve-static@2.2.1 want: ^2.0.0
3456 silly placeDep ROOT escape-html@1.0.3 OK for: serve-static@2.2.1 want: ^1.0.3
3457 silly placeDep ROOT parseurl@1.3.3 OK for: serve-static@2.2.1 want: ^1.3.3
3458 silly placeDep ROOT send@1.2.1 OK for: serve-static@2.2.1 want: ^1.2.0
3459 silly fetch manifest fresh@^2.0.0
3460 silly packumentCache full:https://registry.npmjs.org/fresh cache-miss
3461 silly fetch manifest http-errors@^2.0.1
3462 silly packumentCache full:https://registry.npmjs.org/http-errors cache-miss
3463 silly fetch manifest mime-types@^3.0.2
3464 silly packumentCache full:https://registry.npmjs.org/mime-types cache-miss
3465 silly fetch manifest on-finished@^2.4.1
3466 silly packumentCache full:https://registry.npmjs.org/on-finished cache-miss
3467 silly fetch manifest range-parser@^1.2.1
3468 silly packumentCache full:https://registry.npmjs.org/range-parser cache-miss
3469 http fetch GET 200 https://registry.npmjs.org/on-finished 65ms (cache miss)
3470 silly packumentCache full:https://registry.npmjs.org/on-finished set size:undefined disposed:false
3471 silly fetch manifest statuses@^2.0.2
3472 silly packumentCache full:https://registry.npmjs.org/statuses cache-miss
3473 http fetch GET 200 https://registry.npmjs.org/http-errors 68ms (cache miss)
3474 silly packumentCache full:https://registry.npmjs.org/http-errors set size:undefined disposed:false
3475 http fetch GET 200 https://registry.npmjs.org/range-parser 81ms (cache miss)
3476 silly packumentCache full:https://registry.npmjs.org/range-parser set size:undefined disposed:false
3477 http fetch GET 200 https://registry.npmjs.org/fresh 88ms (cache miss)
3478 silly packumentCache full:https://registry.npmjs.org/fresh set size:undefined disposed:false
3479 http fetch GET 200 https://registry.npmjs.org/mime-types 89ms (cache miss)
3480 silly packumentCache full:https://registry.npmjs.org/mime-types set size:undefined disposed:false
3481 http fetch GET 200 https://registry.npmjs.org/statuses 48ms (cache miss)
3482 silly packumentCache full:https://registry.npmjs.org/statuses set size:undefined disposed:false
3483 silly placeDep ROOT fresh@2.0.0 OK for: send@1.2.1 want: ^2.0.0
3484 silly placeDep ROOT http-errors@2.0.1 OK for: send@1.2.1 want: ^2.0.1
3485 silly placeDep ROOT mime-types@3.0.2 OK for: send@1.2.1 want: ^3.0.2
3486 silly placeDep ROOT on-finished@2.4.1 OK for: send@1.2.1 want: ^2.4.1
3487 silly placeDep ROOT range-parser@1.3.0 OK for: send@1.2.1 want: ^1.2.1
3488 silly placeDep ROOT statuses@2.0.2 OK for: send@1.2.1 want: ^2.0.2
3489 silly fetch manifest depd@~2.0.0
3490 silly packumentCache full:https://registry.npmjs.org/depd cache-miss
3491 silly fetch manifest inherits@~2.0.4
3492 silly packumentCache full:https://registry.npmjs.org/inherits cache-miss
3493 silly fetch manifest setprototypeof@~1.2.0
3494 silly packumentCache full:https://registry.npmjs.org/setprototypeof cache-miss
3495 silly fetch manifest statuses@~2.0.2
3496 silly packumentCache full:https://registry.npmjs.org/statuses cache-miss
3497 silly fetch manifest toidentifier@~1.0.1
3498 silly packumentCache full:https://registry.npmjs.org/toidentifier cache-miss
3499 http cache https://registry.npmjs.org/inherits 8ms (cache hit)
3500 silly packumentCache full:https://registry.npmjs.org/inherits set size:12925 disposed:false
3501 silly fetch manifest mime-db@^1.54.0
3502 silly packumentCache full:https://registry.npmjs.org/mime-db cache-miss
3503 http cache https://registry.npmjs.org/statuses 13ms (cache hit)
3504 silly packumentCache full:https://registry.npmjs.org/statuses set size:37117 disposed:false
3505 silly fetch manifest ee-first@1.1.1
3506 silly packumentCache full:https://registry.npmjs.org/ee-first cache-miss
3507 http fetch GET 200 https://registry.npmjs.org/setprototypeof 40ms (cache miss)
3508 silly packumentCache full:https://registry.npmjs.org/setprototypeof set size:undefined disposed:false
3509 http fetch GET 200 https://registry.npmjs.org/toidentifier 42ms (cache miss)
3510 silly packumentCache full:https://registry.npmjs.org/toidentifier set size:undefined disposed:false
3511 http fetch GET 200 https://registry.npmjs.org/ee-first 41ms (cache miss)
3512 silly packumentCache full:https://registry.npmjs.org/ee-first set size:undefined disposed:false
3513 http fetch GET 200 https://registry.npmjs.org/mime-db 48ms (cache miss)
3514 silly packumentCache full:https://registry.npmjs.org/mime-db set size:undefined disposed:false
3515 http fetch GET 200 https://registry.npmjs.org/depd 566ms (cache miss)
3516 silly packumentCache full:https://registry.npmjs.org/depd set size:undefined disposed:false
3517 silly placeDep ROOT depd@2.0.0 OK for: http-errors@2.0.1 want: ~2.0.0
3518 silly placeDep ROOT inherits@2.0.4 OK for: http-errors@2.0.1 want: ~2.0.4
3519 silly placeDep ROOT setprototypeof@1.2.0 OK for: http-errors@2.0.1 want: ~1.2.0
3520 silly placeDep ROOT toidentifier@1.0.1 OK for: http-errors@2.0.1 want: ~1.0.1
3521 silly placeDep ROOT mime-db@1.54.0 OK for: mime-types@3.0.2 want: ^1.54.0
3522 silly placeDep ROOT ee-first@1.1.1 OK for: on-finished@2.4.1 want: 1.1.1
3523 silly placeDep ROOT shebang-regex@3.0.0 OK for: shebang-command@2.0.0 want: ^3.0.0
3524 silly placeDep ROOT @kwsites/file-exists@1.1.1 OK for: simple-git@3.36.0 want: ^1.1.1
3525 silly placeDep ROOT @kwsites/promise-deferred@1.1.1 OK for: simple-git@3.36.0 want: ^1.1.1
3526 silly placeDep ROOT @simple-git/args-pathspec@1.0.3 OK for: simple-git@3.36.0 want: ^1.0.3
3527 silly placeDep ROOT @simple-git/argv-parser@1.1.1 OK for: simple-git@3.36.0 want: ^1.1.0
3528 silly placeDep ROOT @polka/url@1.0.0-next.29 OK for: sirv@3.0.2 want: ^1.0.0-next.24
3529 silly placeDep ROOT mrmime@2.0.1 OK for: sirv@3.0.2 want: ^2.0.0
3530 silly placeDep ROOT totalist@3.0.1 OK for: sirv@3.0.2 want: ^3.0.0
3531 silly placeDep ROOT safe-buffer@5.2.1 OK for: string_decoder@1.3.0 want: ~5.2.0
3532 silly placeDep ROOT commander@11.1.0 OK for: svgo@4.1.0 want: ^11.1.0
3533 silly placeDep ROOT css-select@6.0.0 OK for: svgo@4.1.0 want: ^6.0.0
3534 silly placeDep ROOT css-tree@3.2.1 OK for: svgo@4.1.0 want: ^3.0.1
3535 silly placeDep ROOT css-what@7.0.0 OK for: svgo@4.1.0 want: ^7.0.0
3536 silly placeDep ROOT csso@5.0.5 OK for: svgo@4.1.0 want: ^5.0.5
3537 silly placeDep ROOT sax@1.6.1 OK for: svgo@4.1.0 want: 1.6.1
3538 silly fetch manifest boolbase@^1.0.0
3539 silly packumentCache full:https://registry.npmjs.org/boolbase cache-miss
3540 silly fetch manifest domutils@^3.2.2
3541 silly packumentCache full:https://registry.npmjs.org/domutils cache-miss
3542 silly fetch manifest nth-check@^2.1.1
3543 silly packumentCache full:https://registry.npmjs.org/nth-check cache-miss
3544 silly fetch manifest domhandler@^5.0.3
3545 silly packumentCache full:https://registry.npmjs.org/domhandler cache-miss
3546 silly fetch manifest mdn-data@2.27.1
3547 silly packumentCache full:https://registry.npmjs.org/mdn-data cache-miss
3548 http fetch GET 200 https://registry.npmjs.org/nth-check 35ms (cache miss)
3549 silly packumentCache full:https://registry.npmjs.org/nth-check set size:undefined disposed:false
3550 silly fetch manifest css-tree@~2.2.0
3551 silly packumentCache full:https://registry.npmjs.org/css-tree cache-miss
3552 http fetch GET 200 https://registry.npmjs.org/boolbase 44ms (cache miss)
3553 silly packumentCache full:https://registry.npmjs.org/boolbase set size:undefined disposed:false
3554 http fetch GET 200 https://registry.npmjs.org/domutils 49ms (cache miss)
3555 silly packumentCache full:https://registry.npmjs.org/domutils set size:undefined disposed:false
3556 http cache https://registry.npmjs.org/css-tree 19ms (cache hit)
3557 silly packumentCache full:https://registry.npmjs.org/css-tree set size:229638 disposed:false
3558 http fetch GET 200 https://registry.npmjs.org/mdn-data 60ms (cache miss)
3559 silly packumentCache full:https://registry.npmjs.org/mdn-data set size:undefined disposed:false
3560 http fetch GET 200 https://registry.npmjs.org/domhandler 68ms (cache miss)
3561 silly packumentCache full:https://registry.npmjs.org/domhandler set size:undefined disposed:false
3562 silly placeDep ROOT commander@15.0.0 REPLACE for: @bomb.sh/tab@0.0.19 want: ^13.1.0 || ^14.0.0 || ^15.0.0
3563 silly placeDep ROOT boolbase@1.0.0 OK for: css-select@6.0.0 want: ^1.0.0
3564 silly placeDep ROOT domhandler@5.0.3 OK for: css-select@6.0.0 want: ^5.0.3
3565 silly placeDep ROOT domutils@3.2.2 OK for: css-select@6.0.0 want: ^3.2.2
3566 silly placeDep ROOT nth-check@2.1.1 OK for: css-select@6.0.0 want: ^2.1.1
3567 silly fetch manifest domelementtype@^2.3.0
3568 silly packumentCache full:https://registry.npmjs.org/domelementtype cache-miss
3569 silly fetch manifest dom-serializer@^2.0.0
3570 silly packumentCache full:https://registry.npmjs.org/dom-serializer cache-miss
3571 silly fetch manifest domelementtype@^2.3.0
3572 silly packumentCache full:https://registry.npmjs.org/domelementtype cache-miss
3573 http fetch GET 200 https://registry.npmjs.org/domelementtype 34ms (cache miss)
3574 silly packumentCache full:https://registry.npmjs.org/domelementtype set size:undefined disposed:false
3575 http fetch GET 200 https://registry.npmjs.org/domelementtype 39ms (cache miss)
3576 silly packumentCache full:https://registry.npmjs.org/domelementtype set size:undefined disposed:false
3577 http fetch GET 200 https://registry.npmjs.org/dom-serializer 250ms (cache miss)
3578 silly packumentCache full:https://registry.npmjs.org/dom-serializer set size:undefined disposed:false
3579 silly placeDep ROOT mdn-data@2.27.1 OK for: css-tree@3.2.1 want: 2.27.1
3580 silly placeDep node_modules/csso css-tree@2.2.1 OK for: csso@5.0.5 want: ~2.2.0
3581 silly fetch manifest mdn-data@2.0.28
3582 silly packumentCache full:https://registry.npmjs.org/mdn-data cache-miss
3583 http cache https://registry.npmjs.org/mdn-data 13ms (cache hit)
3584 silly packumentCache full:https://registry.npmjs.org/mdn-data set size:189664 disposed:false
3585 silly placeDep ROOT domelementtype@2.3.0 OK for: domhandler@5.0.3 want: ^2.3.0
3586 silly placeDep ROOT dom-serializer@2.0.0 OK for: domutils@3.2.2 want: ^2.0.0
3587 silly fetch manifest entities@^4.2.0
3588 silly packumentCache full:https://registry.npmjs.org/entities cache-hit
3589 silly placeDep node_modules/dom-serializer entities@4.5.0 OK for: dom-serializer@2.0.0 want: ^4.2.0
3590 silly placeDep node_modules/svgo commander@11.1.0 OK for: svgo@4.1.0 want: ^11.1.0
3591 silly placeDep ROOT @isaacs/fs-minipass@4.0.1 OK for: tar@7.5.22 want: ^4.0.0
3592 silly placeDep ROOT chownr@3.0.0 OK for: tar@7.5.22 want: ^3.0.0
3593 silly placeDep ROOT minizlib@3.1.0 OK for: tar@7.5.22 want: ^3.1.0
3594 silly placeDep node_modules/tar yallist@5.0.0 OK for: tar@7.5.22 want: ^5.0.0
3595 silly fetch manifest react-native-b4a@*
3596 silly packumentCache full:https://registry.npmjs.org/react-native-b4a cache-miss
3597 http fetch GET 200 https://registry.npmjs.org/react-native-b4a 36ms (cache miss)
3598 silly packumentCache full:https://registry.npmjs.org/react-native-b4a set size:undefined disposed:false
3599 silly fetch manifest bare-buffer@*
3600 silly packumentCache full:https://registry.npmjs.org/bare-buffer cache-miss
3601 http fetch GET 200 https://registry.npmjs.org/bare-buffer 250ms (cache miss)
3602 silly packumentCache full:https://registry.npmjs.org/bare-buffer set size:undefined disposed:false
3603 silly placeDep ROOT b4a@1.8.1 OK for: tar-stream@3.2.1 want: ^1.6.4
3604 silly placeDep ROOT bare-fs@4.8.1 OK for: tar-stream@3.2.1 want: ^4.5.5
3605 silly placeDep ROOT fast-fifo@1.3.2 OK for: tar-stream@3.2.1 want: ^1.2.0
3606 silly placeDep ROOT streamx@2.28.1 OK for: tar-stream@3.2.1 want: ^2.15.0
3607 silly fetch manifest bare-url@^2.2.2
3608 silly packumentCache full:https://registry.npmjs.org/bare-url cache-miss
3609 silly fetch manifest bare-path@^3.0.0
3610 silly packumentCache full:https://registry.npmjs.org/bare-path cache-miss
3611 silly fetch manifest fast-fifo@^1.3.2
3612 silly packumentCache full:https://registry.npmjs.org/fast-fifo cache-miss
3613 silly fetch manifest bare-events@^2.5.4
3614 silly packumentCache full:https://registry.npmjs.org/bare-events cache-miss
3615 silly fetch manifest bare-stream@^2.6.4
3616 silly packumentCache full:https://registry.npmjs.org/bare-stream cache-miss
3617 http cache https://registry.npmjs.org/fast-fifo 9ms (cache hit)
3618 silly packumentCache full:https://registry.npmjs.org/fast-fifo set size:13855 disposed:false
3619 silly fetch manifest text-decoder@^1.1.0
3620 silly packumentCache full:https://registry.npmjs.org/text-decoder cache-miss
3621 http fetch GET 200 https://registry.npmjs.org/bare-events 91ms (cache miss)
3622 silly packumentCache full:https://registry.npmjs.org/bare-events set size:undefined disposed:false
3623 silly fetch manifest events-universal@^1.0.0
3624 silly packumentCache full:https://registry.npmjs.org/events-universal cache-miss
3625 http fetch GET 200 https://registry.npmjs.org/bare-stream 94ms (cache miss)
3626 silly packumentCache full:https://registry.npmjs.org/bare-stream set size:undefined disposed:false
3627 http fetch GET 200 https://registry.npmjs.org/text-decoder 86ms (cache miss)
3628 silly packumentCache full:https://registry.npmjs.org/text-decoder set size:undefined disposed:false
3629 http fetch GET 200 https://registry.npmjs.org/bare-url 102ms (cache miss)
3630 silly packumentCache full:https://registry.npmjs.org/bare-url set size:undefined disposed:false
3631 http fetch GET 200 https://registry.npmjs.org/events-universal 56ms (cache miss)
3632 silly packumentCache full:https://registry.npmjs.org/events-universal set size:undefined disposed:false
3633 http fetch GET 200 https://registry.npmjs.org/bare-path 452ms (cache miss)
3634 silly packumentCache full:https://registry.npmjs.org/bare-path set size:undefined disposed:false
3635 silly fetch manifest bare-abort-controller@*
3636 silly packumentCache full:https://registry.npmjs.org/bare-abort-controller cache-miss
3637 http fetch GET 200 https://registry.npmjs.org/bare-abort-controller 38ms (cache miss)
3638 silly packumentCache full:https://registry.npmjs.org/bare-abort-controller set size:undefined disposed:false
3639 silly placeDep ROOT bare-events@2.9.2 OK for: bare-fs@4.8.1 want: ^2.5.4
3640 silly placeDep ROOT bare-path@3.1.2 OK for: bare-fs@4.8.1 want: ^3.0.0
3641 silly placeDep ROOT bare-stream@2.13.4 OK for: bare-fs@4.8.1 want: ^2.6.4
3642 silly placeDep ROOT bare-url@2.5.4 OK for: bare-fs@4.8.1 want: ^2.2.2
3643 silly fetch manifest teex@^1.0.1
3644 silly packumentCache full:https://registry.npmjs.org/teex cache-miss
3645 http fetch GET 200 https://registry.npmjs.org/teex 42ms (cache miss)
3646 silly packumentCache full:https://registry.npmjs.org/teex set size:undefined disposed:false
3647 silly placeDep ROOT teex@1.0.1 OK for: bare-stream@2.13.4 want: ^1.0.1
3648 silly placeDep ROOT events-universal@1.0.1 OK for: streamx@2.28.1 want: ^1.0.0
3649 silly placeDep ROOT text-decoder@1.2.7 OK for: streamx@2.28.1 want: ^1.1.0
3650 silly placeDep ROOT @jridgewell/source-map@0.3.11 OK for: terser@5.51.2 want: ^0.3.3
3651 silly placeDep node_modules/terser commander@2.20.3 OK for: terser@5.51.2 want: ^2.20.0
3652 silly placeDep ROOT source-map-support@0.5.21 OK for: terser@5.51.2 want: ~0.5.20
3653 silly fetch manifest buffer-from@^1.0.0
3654 silly packumentCache full:https://registry.npmjs.org/buffer-from cache-miss
3655 silly fetch manifest source-map@^0.6.0
3656 silly packumentCache full:https://registry.npmjs.org/source-map cache-hit
3657 http fetch GET 200 https://registry.npmjs.org/buffer-from 116ms (cache miss)
3658 silly packumentCache full:https://registry.npmjs.org/buffer-from set size:undefined disposed:false
3659 silly placeDep ROOT buffer-from@1.1.2 OK for: source-map-support@0.5.21 want: ^1.0.0
3660 silly placeDep node_modules/source-map-support source-map@0.6.1 OK for: source-map-support@0.5.21 want: ^0.6.0
3661 silly placeDep ROOT is-number@7.0.0 OK for: to-regex-range@5.0.1 want: ^7.0.0
3662 silly placeDep ROOT tagged-tag@1.0.0 OK for: type-fest@5.9.0 want: ^1.0.0
3663 silly placeDep node_modules/unimport estree-walker@3.0.3 OK for: unimport@6.4.0 want: ^3.0.3
3664 silly placeDep ROOT strip-literal@4.0.0 OK for: unimport@6.4.0 want: ^4.0.0
3665 silly placeDep ROOT webpack-virtual-modules@0.6.2 OK for: unplugin@3.3.0 want: ^0.6.2
3666 silly placeDep ROOT anymatch@3.1.3 OK for: unstorage@1.17.5 want: ^3.1.3
3667 silly placeDep node_modules/unstorage lru-cache@11.5.2 OK for: unstorage@1.17.5 want: ^11.2.7
3668 silly fetch manifest picomatch@^2.0.4
3669 silly packumentCache full:https://registry.npmjs.org/picomatch cache-hit
3670 silly placeDep node_modules/anymatch picomatch@2.3.2 OK for: anymatch@3.1.3 want: ^2.0.4
3671 silly placeDep node_modules/untyped citty@0.1.6 OK for: untyped@2.0.0 want: ^0.1.6
3672 silly placeDep node_modules/unwasm magic-string@0.30.21 OK for: unwasm@0.5.3 want: ^0.30.21
3673 silly placeDep ROOT escalade@3.2.0 OK for: update-browserslist-db@1.3.2 want: ^3.2.0
3674 silly placeDep ROOT lightningcss@1.33.0 OK for: vite@8.2.2 want: ^1.33.0
3675 silly fetch manifest lightningcss-darwin-x64@1.33.0
3676 silly packumentCache full:https://registry.npmjs.org/lightningcss-darwin-x64 cache-miss
3677 silly fetch manifest lightningcss-linux-x64-gnu@1.33.0
3678 silly packumentCache full:https://registry.npmjs.org/lightningcss-linux-x64-gnu cache-miss
3679 silly fetch manifest lightningcss-win32-x64-msvc@1.33.0
3680 silly packumentCache full:https://registry.npmjs.org/lightningcss-win32-x64-msvc cache-miss
3681 silly fetch manifest lightningcss-win32-arm64-msvc@1.33.0
3682 silly packumentCache full:https://registry.npmjs.org/lightningcss-win32-arm64-msvc cache-miss
3683 silly fetch manifest lightningcss-darwin-arm64@1.33.0
3684 silly packumentCache full:https://registry.npmjs.org/lightningcss-darwin-arm64 cache-miss
3685 http cache https://registry.npmjs.org/lightningcss-win32-x64-msvc 8ms (cache hit)
3686 silly packumentCache full:https://registry.npmjs.org/lightningcss-win32-x64-msvc set size:81347 disposed:false
3687 silly fetch manifest lightningcss-linux-arm64-gnu@1.33.0
3688 silly packumentCache full:https://registry.npmjs.org/lightningcss-linux-arm64-gnu cache-miss
3689 http cache https://registry.npmjs.org/lightningcss-darwin-arm64 12ms (cache hit)
3690 silly packumentCache full:https://registry.npmjs.org/lightningcss-darwin-arm64 set size:80970 disposed:false
3691 silly fetch manifest lightningcss-linux-arm-gnueabihf@1.33.0
3692 silly packumentCache full:https://registry.npmjs.org/lightningcss-linux-arm-gnueabihf cache-miss
3693 http cache https://registry.npmjs.org/lightningcss-darwin-x64 16ms (cache hit)
3694 silly packumentCache full:https://registry.npmjs.org/lightningcss-darwin-x64 set size:80374 disposed:false
3695 silly fetch manifest lightningcss-linux-arm64-musl@1.33.0
3696 silly packumentCache full:https://registry.npmjs.org/lightningcss-linux-arm64-musl cache-miss
3697 http cache https://registry.npmjs.org/lightningcss-linux-x64-gnu 16ms (cache hit)
3698 silly packumentCache full:https://registry.npmjs.org/lightningcss-linux-x64-gnu set size:81819 disposed:false
3699 silly fetch manifest lightningcss-linux-x64-musl@1.33.0
3700 silly packumentCache full:https://registry.npmjs.org/lightningcss-linux-x64-musl cache-miss
3701 http cache https://registry.npmjs.org/lightningcss-win32-arm64-msvc 18ms (cache hit)
3702 silly packumentCache full:https://registry.npmjs.org/lightningcss-win32-arm64-msvc set size:28346 disposed:false
3703 silly fetch manifest lightningcss-freebsd-x64@1.33.0
3704 silly packumentCache full:https://registry.npmjs.org/lightningcss-freebsd-x64 cache-miss
3705 http cache https://registry.npmjs.org/lightningcss-linux-arm64-gnu 12ms (cache hit)
3706 silly packumentCache full:https://registry.npmjs.org/lightningcss-linux-arm64-gnu set size:82397 disposed:false
3707 silly fetch manifest lightningcss-android-arm64@1.33.0
3708 silly packumentCache full:https://registry.npmjs.org/lightningcss-android-arm64 cache-miss
3709 http cache https://registry.npmjs.org/lightningcss-linux-x64-musl 15ms (cache hit)
3710 silly packumentCache full:https://registry.npmjs.org/lightningcss-linux-x64-musl set size:82032 disposed:false
3711 http cache https://registry.npmjs.org/lightningcss-linux-arm-gnueabihf 21ms (cache hit)
3712 silly packumentCache full:https://registry.npmjs.org/lightningcss-linux-arm-gnueabihf set size:82635 disposed:false
3713 http cache https://registry.npmjs.org/lightningcss-linux-arm64-musl 20ms (cache hit)
3714 silly packumentCache full:https://registry.npmjs.org/lightningcss-linux-arm64-musl set size:82617 disposed:false
3715 http fetch GET 200 https://registry.npmjs.org/lightningcss-freebsd-x64 28ms (cache miss)
3716 silly packumentCache full:https://registry.npmjs.org/lightningcss-freebsd-x64 set size:undefined disposed:false
3717 http fetch GET 200 https://registry.npmjs.org/lightningcss-android-arm64 37ms (cache miss)
3718 silly packumentCache full:https://registry.npmjs.org/lightningcss-android-arm64 set size:undefined disposed:false
3719 silly placeDep ROOT lightningcss-android-arm64@1.33.0 OK for: lightningcss@1.33.0 want: 1.33.0
3720 silly placeDep ROOT lightningcss-darwin-arm64@1.33.0 OK for: lightningcss@1.33.0 want: 1.33.0
3721 silly placeDep ROOT lightningcss-darwin-x64@1.33.0 OK for: lightningcss@1.33.0 want: 1.33.0
3722 silly placeDep ROOT lightningcss-freebsd-x64@1.33.0 OK for: lightningcss@1.33.0 want: 1.33.0
3723 silly placeDep ROOT lightningcss-linux-arm-gnueabihf@1.33.0 OK for: lightningcss@1.33.0 want: 1.33.0
3724 silly placeDep ROOT lightningcss-linux-arm64-gnu@1.33.0 OK for: lightningcss@1.33.0 want: 1.33.0
3725 silly placeDep ROOT lightningcss-linux-arm64-musl@1.33.0 OK for: lightningcss@1.33.0 want: 1.33.0
3726 silly placeDep ROOT lightningcss-linux-x64-gnu@1.33.0 OK for: lightningcss@1.33.0 want: 1.33.0
3727 silly placeDep ROOT lightningcss-linux-x64-musl@1.33.0 OK for: lightningcss@1.33.0 want: 1.33.0
3728 silly placeDep ROOT lightningcss-win32-arm64-msvc@1.33.0 OK for: lightningcss@1.33.0 want: 1.33.0
3729 silly placeDep ROOT lightningcss-win32-x64-msvc@1.33.0 OK for: lightningcss@1.33.0 want: 1.33.0
3730 silly placeDep node_modules/vite-node cac@7.0.0 OK for: vite-node@6.0.0 want: ^7.0.0
3731 silly placeDep ROOT obug@2.1.4 OK for: vite-node@6.0.0 want: ^2.1.1
3732 silly placeDep node_modules/vite-plugin-checker npm-run-path@6.0.0 OK for: vite-plugin-checker@0.14.5 want: ^6.0.0
3733 silly placeDep ROOT proper-lockfile@4.1.2 OK for: vite-plugin-checker@0.14.5 want: ^4.1.2
3734 silly placeDep ROOT tiny-invariant@1.3.3 OK for: vite-plugin-checker@0.14.5 want: ^1.3.3
3735 silly fetch manifest unicorn-magic@^0.3.0
3736 silly packumentCache full:https://registry.npmjs.org/unicorn-magic cache-miss
3737 silly fetch manifest retry@^0.12.0
3738 silly packumentCache full:https://registry.npmjs.org/retry cache-miss
3739 silly fetch manifest signal-exit@^3.0.2
3740 silly packumentCache full:https://registry.npmjs.org/signal-exit cache-hit
3741 http cache https://registry.npmjs.org/unicorn-magic 9ms (cache hit)
3742 silly packumentCache full:https://registry.npmjs.org/unicorn-magic set size:9139 disposed:false
3743 http fetch GET 200 https://registry.npmjs.org/retry 32ms (cache miss)
3744 silly packumentCache full:https://registry.npmjs.org/retry set size:undefined disposed:false
3745 silly placeDep ROOT retry@0.12.0 OK for: proper-lockfile@4.1.2 want: ^0.12.0
3746 silly placeDep node_modules/proper-lockfile signal-exit@3.0.7 OK for: proper-lockfile@4.1.2 want: ^3.0.2
3747 silly fetch manifest vite@^6.0.0 || ^7.0.0-0 || ^8.0.0-0
3748 silly packumentCache full:https://registry.npmjs.org/vite cache-miss
3749 http cache https://registry.npmjs.org/vite 70ms (cache hit)
3750 silly packumentCache full:https://registry.npmjs.org/vite set size:38933730 disposed:false
3751 silly placeDep ROOT ansis@4.3.1 OK for: vite-plugin-inspect@11.4.1 want: ^4.3.0
3752 silly placeDep node_modules/vite-plugin-inspect error-stack-parser-es@1.0.5 OK for: vite-plugin-inspect@11.4.1 want: ^1.0.5
3753 silly placeDep ROOT vite-dev-rpc@2.0.0 OK for: vite-plugin-inspect@11.4.1 want: ^2.0.0
3754 silly fetch manifest vite-hot-client@^2.2.0
3755 silly packumentCache full:https://registry.npmjs.org/vite-hot-client cache-miss
3756 http fetch GET 200 https://registry.npmjs.org/vite-hot-client 213ms (cache miss)
3757 silly packumentCache full:https://registry.npmjs.org/vite-hot-client set size:undefined disposed:false
3758 silly fetch manifest vite@^2.9.0 || ^3.0.0-0 || ^4.0.0-0 || ^5.0.0-0 || ^6.0.1 || ^7.0.0-0 || ^8.0.0
3759 silly packumentCache full:https://registry.npmjs.org/vite cache-miss
3760 http cache https://registry.npmjs.org/vite 72ms (cache hit)
3761 silly packumentCache full:https://registry.npmjs.org/vite set size:38933730 disposed:false
3762 silly placeDep ROOT vite-hot-client@2.2.0 OK for: vite-dev-rpc@2.0.0 want: ^2.2.0
3763 silly placeDep node_modules/vite-plugin-vue-tracer estree-walker@3.0.3 OK for: vite-plugin-vue-tracer@1.5.0 want: ^3.0.3
3764 silly placeDep ROOT @vue/runtime-dom@3.5.42 OK for: vue@3.5.42 want: 3.5.42
3765 silly placeDep ROOT @vue/server-renderer@3.5.42 OK for: vue@3.5.42 want: 3.5.42
3766 silly fetch manifest csstype@^3.2.3
3767 silly packumentCache full:https://registry.npmjs.org/csstype cache-miss
3768 silly fetch manifest @vue/reactivity@3.5.42
3769 silly packumentCache full:https://registry.npmjs.org/@vue%2freactivity cache-miss
3770 silly fetch manifest @vue/runtime-core@3.5.42
3771 silly packumentCache full:https://registry.npmjs.org/@vue%2fruntime-core cache-miss
3772 http fetch GET 200 https://registry.npmjs.org/csstype 40ms (cache miss)
3773 silly packumentCache full:https://registry.npmjs.org/csstype set size:undefined disposed:false
3774 http fetch GET 200 https://registry.npmjs.org/@vue%2fruntime-core 736ms (cache miss)
3775 silly packumentCache full:https://registry.npmjs.org/@vue%2fruntime-core set size:undefined disposed:false
3776 http fetch GET 200 https://registry.npmjs.org/@vue%2freactivity 949ms (cache miss)
3777 silly packumentCache full:https://registry.npmjs.org/@vue%2freactivity set size:undefined disposed:false
3778 silly placeDep ROOT @vue/reactivity@3.5.42 OK for: @vue/runtime-dom@3.5.42 want: 3.5.42
3779 silly placeDep ROOT @vue/runtime-core@3.5.42 OK for: @vue/runtime-dom@3.5.42 want: 3.5.42
3780 silly placeDep ROOT csstype@3.2.3 OK for: @vue/runtime-dom@3.5.42 want: ^3.2.3
3781 silly fetch manifest vue@^3.5.34 || ^4.0.0
3782 silly packumentCache full:https://registry.npmjs.org/vue cache-miss
3783 http cache https://registry.npmjs.org/vue 8ms (cache hit)
3784 silly packumentCache full:https://registry.npmjs.org/vue set size:2100753 disposed:false
3785 silly placeDep ROOT @vue-macros/common@3.1.4 OK for: vue-router@5.3.1 want: ^3.1.3
3786 silly placeDep ROOT @vue/devtools-api@8.2.1 OK for: vue-router@5.3.1 want: ^8.1.5
3787 silly placeDep ROOT ast-walker-scope@0.9.0 OK for: vue-router@5.3.1 want: ^0.9.0
3788 silly placeDep node_modules/vue-router magic-string@0.30.21 OK for: vue-router@5.3.1 want: ^0.30.21
3789 silly placeDep ROOT muggle-string@0.4.1 OK for: vue-router@5.3.1 want: ^0.4.1
3790 silly fetch manifest ast-kit@^2.1.2
3791 silly packumentCache full:https://registry.npmjs.org/ast-kit cache-miss
3792 silly fetch manifest magic-string-ast@^1.0.2
3793 silly packumentCache full:https://registry.npmjs.org/magic-string-ast cache-miss
3794 silly fetch manifest ast-kit@^2.2.0
3795 silly packumentCache full:https://registry.npmjs.org/ast-kit cache-miss
3796 http fetch GET 200 https://registry.npmjs.org/ast-kit 238ms (cache miss)
3797 silly packumentCache full:https://registry.npmjs.org/ast-kit set size:undefined disposed:false
3798 http fetch GET 200 https://registry.npmjs.org/ast-kit 243ms (cache miss)
3799 silly packumentCache full:https://registry.npmjs.org/ast-kit set size:undefined disposed:false
3800 http fetch GET 200 https://registry.npmjs.org/magic-string-ast 253ms (cache miss)
3801 silly packumentCache full:https://registry.npmjs.org/magic-string-ast set size:undefined disposed:false
3802 silly placeDep ROOT ast-kit@2.2.0 OK for: @vue-macros/common@3.1.4 want: ^2.1.2
3803 silly placeDep ROOT magic-string-ast@1.0.3 OK for: @vue-macros/common@3.1.4 want: ^1.0.2
3804 silly fetch manifest magic-string@^0.30.19
3805 silly packumentCache full:https://registry.npmjs.org/magic-string cache-hit
3806 silly placeDep node_modules/magic-string-ast magic-string@0.30.21 OK for: magic-string-ast@1.0.3 want: ^0.30.19
3807 silly placeDep ROOT tr46@0.0.3 OK for: whatwg-url@5.0.0 want: ~0.0.3
3808 silly placeDep ROOT webidl-conversions@3.0.1 OK for: whatwg-url@5.0.0 want: ^3.0.0
3809 silly placeDep ROOT isexe@4.0.0 OK for: which@6.0.1 want: ^4.0.0
3810 silly placeDep ROOT is-wsl@3.1.1 OK for: wsl-utils@1.0.0 want: ^3.1.0
3811 silly placeDep node_modules/wsl-utils powershell-utils@0.1.0 OK for: wsl-utils@1.0.0 want: ^0.1.0
3812 silly placeDep ROOT cliui@9.0.1 OK for: yargs@18.1.0 want: ^9.0.1
3813 silly placeDep ROOT get-caller-file@2.0.5 OK for: yargs@18.1.0 want: ^2.0.5
3814 silly placeDep ROOT string-width@8.2.2 OK for: yargs@18.1.0 want: ^8.2.1
3815 silly placeDep ROOT y18n@5.0.8 OK for: yargs@18.1.0 want: ^5.0.5
3816 silly placeDep ROOT yargs-parser@22.0.0 OK for: yargs@18.1.0 want: ^22.0.0
3817 silly fetch manifest string-width@^7.2.0
3818 silly packumentCache full:https://registry.npmjs.org/string-width cache-miss
3819 silly fetch manifest strip-ansi@^7.1.0
3820 silly packumentCache full:https://registry.npmjs.org/strip-ansi cache-miss
3821 silly fetch manifest wrap-ansi@^9.0.0
3822 silly packumentCache full:https://registry.npmjs.org/wrap-ansi cache-miss
3823 silly fetch manifest get-east-asian-width@^1.5.0
3824 silly packumentCache full:https://registry.npmjs.org/get-east-asian-width cache-miss
3825 silly fetch manifest strip-ansi@^7.1.2
3826 silly packumentCache full:https://registry.npmjs.org/strip-ansi cache-miss
3827 http cache https://registry.npmjs.org/string-width 8ms (cache hit)
3828 silly packumentCache full:https://registry.npmjs.org/string-width set size:72458 disposed:false
3829 http fetch GET 200 https://registry.npmjs.org/strip-ansi 37ms (cache miss)
3830 silly packumentCache full:https://registry.npmjs.org/strip-ansi set size:undefined disposed:false
3831 http fetch GET 200 https://registry.npmjs.org/wrap-ansi 39ms (cache miss)
3832 silly packumentCache full:https://registry.npmjs.org/wrap-ansi set size:undefined disposed:false
3833 http fetch GET 200 https://registry.npmjs.org/get-east-asian-width 40ms (cache miss)
3834 silly packumentCache full:https://registry.npmjs.org/get-east-asian-width set size:undefined disposed:false
3835 http fetch GET 200 https://registry.npmjs.org/strip-ansi 53ms (cache miss)
3836 silly packumentCache full:https://registry.npmjs.org/strip-ansi set size:undefined disposed:false
3837 silly placeDep node_modules/cliui string-width@7.2.0 OK for: cliui@9.0.1 want: ^7.2.0
3838 silly placeDep ROOT strip-ansi@7.2.0 OK for: cliui@9.0.1 want: ^7.1.0
3839 silly placeDep ROOT wrap-ansi@9.0.2 OK for: cliui@9.0.1 want: ^9.0.0
3840 silly fetch manifest emoji-regex@^10.3.0
3841 silly packumentCache full:https://registry.npmjs.org/emoji-regex cache-miss
3842 silly fetch manifest get-east-asian-width@^1.0.0
3843 silly packumentCache full:https://registry.npmjs.org/get-east-asian-width cache-miss
3844 silly fetch manifest ansi-regex@^6.2.2
3845 silly packumentCache full:https://registry.npmjs.org/ansi-regex cache-miss
3846 silly fetch manifest ansi-styles@^6.2.1
3847 silly packumentCache full:https://registry.npmjs.org/ansi-styles cache-miss
3848 silly fetch manifest string-width@^7.0.0
3849 silly packumentCache full:https://registry.npmjs.org/string-width cache-hit
3850 http cache https://registry.npmjs.org/get-east-asian-width 7ms (cache hit)
3851 silly packumentCache full:https://registry.npmjs.org/get-east-asian-width set size:20538 disposed:false
3852 http fetch GET 200 https://registry.npmjs.org/ansi-regex 30ms (cache miss)
3853 silly packumentCache full:https://registry.npmjs.org/ansi-regex set size:undefined disposed:false
3854 http fetch GET 200 https://registry.npmjs.org/ansi-styles 33ms (cache miss)
3855 silly packumentCache full:https://registry.npmjs.org/ansi-styles set size:undefined disposed:false
3856 http fetch GET 200 https://registry.npmjs.org/emoji-regex 37ms (cache miss)
3857 silly packumentCache full:https://registry.npmjs.org/emoji-regex set size:undefined disposed:false
3858 silly placeDep ROOT get-east-asian-width@1.6.0 OK for: string-width@8.2.2 want: ^1.5.0
3859 silly placeDep ROOT ansi-regex@6.3.0 OK for: strip-ansi@7.2.0 want: ^6.2.2
3860 silly placeDep ROOT ansi-styles@6.2.3 OK for: wrap-ansi@9.0.2 want: ^6.2.1
3861 silly placeDep node_modules/wrap-ansi string-width@7.2.0 OK for: wrap-ansi@9.0.2 want: ^7.0.0
3862 silly placeDep ROOT @poppinss/colors@4.1.6 OK for: youch@4.1.1 want: ^4.1.6
3863 silly placeDep ROOT @poppinss/dumper@0.7.0 OK for: youch@4.1.1 want: ^0.7.0
3864 silly placeDep ROOT @speed-highlight/core@1.2.24 OK for: youch@4.1.1 want: ^1.2.14
3865 silly fetch manifest kleur@^4.1.5
3866 silly packumentCache full:https://registry.npmjs.org/kleur cache-miss
3867 silly fetch manifest @sindresorhus/is@^7.0.2
3868 silly packumentCache full:https://registry.npmjs.org/@sindresorhus%2fis cache-miss
3869 silly fetch manifest supports-color@^10.0.0
3870 silly packumentCache full:https://registry.npmjs.org/supports-color cache-miss
3871 http fetch GET 200 https://registry.npmjs.org/kleur 33ms (cache miss)
3872 silly packumentCache full:https://registry.npmjs.org/kleur set size:undefined disposed:false
3873 http fetch GET 200 https://registry.npmjs.org/supports-color 35ms (cache miss)
3874 silly packumentCache full:https://registry.npmjs.org/supports-color set size:undefined disposed:false
3875 http fetch GET 200 https://registry.npmjs.org/@sindresorhus%2fis 228ms (cache miss)
3876 silly packumentCache full:https://registry.npmjs.org/@sindresorhus%2fis set size:undefined disposed:false
3877 silly placeDep ROOT kleur@4.1.5 OK for: @poppinss/colors@4.1.6 want: ^4.1.5
3878 silly placeDep ROOT @sindresorhus/is@7.2.0 OK for: @poppinss/dumper@0.7.0 want: ^7.0.2
3879 silly placeDep ROOT supports-color@10.2.2 OK for: @poppinss/dumper@0.7.0 want: ^10.0.0
3880 silly placeDep ROOT @poppinss/exception@1.2.3 OK for: youch-core@0.3.3 want: ^1.2.2
3881 silly placeDep node_modules/youch-core error-stack-parser-es@1.0.5 OK for: youch-core@0.3.3 want: ^1.0.5
3882 silly placeDep ROOT compress-commons@6.0.2 OK for: zip-stream@6.0.1 want: ^6.0.2
3883 silly fetch manifest crc-32@^1.2.0
3884 silly packumentCache full:https://registry.npmjs.org/crc-32 cache-miss
3885 silly fetch manifest crc32-stream@^6.0.0
3886 silly packumentCache full:https://registry.npmjs.org/crc32-stream cache-miss
3887 http fetch GET 200 https://registry.npmjs.org/crc-32 38ms (cache miss)
3888 silly packumentCache full:https://registry.npmjs.org/crc-32 set size:undefined disposed:false
3889 http fetch GET 200 https://registry.npmjs.org/crc32-stream 39ms (cache miss)
3890 silly packumentCache full:https://registry.npmjs.org/crc32-stream set size:undefined disposed:false
3891 silly placeDep ROOT crc-32@1.2.2 OK for: compress-commons@6.0.2 want: ^1.2.0
3892 silly placeDep ROOT crc32-stream@6.0.0 OK for: compress-commons@6.0.2 want: ^6.0.0
3893 silly placeDep node_modules/compress-commons is-stream@2.0.1 OK for: compress-commons@6.0.2 want: ^2.0.1
3894 silly placeDep ROOT foreground-child@3.3.1 OK for: glob@10.5.0 want: ^3.1.0
3895 silly placeDep ROOT jackspeak@3.4.3 OK for: glob@10.5.0 want: ^3.1.2
3896 silly placeDep node_modules/archiver-utils minimatch@9.0.9 OK for: glob@10.5.0 want: ^9.0.4
3897 silly placeDep ROOT package-json-from-dist@1.0.1 OK for: glob@10.5.0 want: ^1.0.0
3898 silly placeDep node_modules/archiver-utils path-scurry@1.11.1 OK for: glob@10.5.0 want: ^1.11.1
3899 silly fetch manifest @isaacs/cliui@^8.0.2
3900 silly packumentCache full:https://registry.npmjs.org/@isaacs%2fcliui cache-miss
3901 silly fetch manifest @pkgjs/parseargs@^0.11.0
3902 silly packumentCache full:https://registry.npmjs.org/@pkgjs%2fparseargs cache-miss
3903 silly fetch manifest brace-expansion@^2.0.2
3904 silly packumentCache full:https://registry.npmjs.org/brace-expansion cache-hit
3905 silly fetch manifest lru-cache@^10.2.0
3906 silly packumentCache full:https://registry.npmjs.org/lru-cache cache-hit
3907 http fetch GET 200 https://registry.npmjs.org/@isaacs%2fcliui 227ms (cache miss)
3908 silly packumentCache full:https://registry.npmjs.org/@isaacs%2fcliui set size:undefined disposed:false
3909 http fetch GET 200 https://registry.npmjs.org/@pkgjs%2fparseargs 456ms (cache miss)
3910 silly packumentCache full:https://registry.npmjs.org/@pkgjs%2fparseargs set size:undefined disposed:false
3911 silly placeDep ROOT @isaacs/cliui@8.0.2 OK for: jackspeak@3.4.3 want: ^8.0.2
3912 silly placeDep ROOT @pkgjs/parseargs@0.11.0 OK for: jackspeak@3.4.3 want: ^0.11.0
3913 silly fetch manifest wrap-ansi@^8.1.0
3914 silly packumentCache full:https://registry.npmjs.org/wrap-ansi cache-miss
3915 silly fetch manifest string-width@^5.1.2
3916 silly packumentCache full:https://registry.npmjs.org/string-width cache-hit
3917 silly fetch manifest wrap-ansi-cjs@npm:wrap-ansi@^7.0.0
3918 silly packumentCache full:https://registry.npmjs.org/wrap-ansi cache-miss
3919 silly fetch manifest strip-ansi-cjs@npm:strip-ansi@^6.0.1
3920 silly packumentCache full:https://registry.npmjs.org/strip-ansi cache-miss
3921 silly fetch manifest string-width-cjs@npm:string-width@^4.2.0
3922 silly packumentCache full:https://registry.npmjs.org/string-width cache-hit
3923 http cache https://registry.npmjs.org/wrap-ansi 9ms (cache hit)
3924 silly packumentCache full:https://registry.npmjs.org/wrap-ansi set size:57461 disposed:false
3925 http cache https://registry.npmjs.org/strip-ansi 9ms (cache hit)
3926 silly packumentCache full:https://registry.npmjs.org/strip-ansi set size:44998 disposed:false
3927 http cache https://registry.npmjs.org/wrap-ansi 14ms (cache hit)
3928 silly packumentCache full:https://registry.npmjs.org/wrap-ansi set size:57461 disposed:false
3929 silly packumentCache full:https://registry.npmjs.org/wrap-ansi dispose
3930 silly placeDep node_modules/@isaacs/cliui string-width@5.1.2 OK for: @isaacs/cliui@8.0.2 want: ^5.1.2
3931 silly placeDep ROOT string-width-cjs@4.2.3 OK for: @isaacs/cliui@8.0.2 want: npm:string-width@^4.2.0
3932 silly placeDep ROOT strip-ansi-cjs@6.0.1 OK for: @isaacs/cliui@8.0.2 want: npm:strip-ansi@^6.0.1
3933 silly placeDep node_modules/@isaacs/cliui wrap-ansi@8.1.0 OK for: @isaacs/cliui@8.0.2 want: ^8.1.0
3934 silly placeDep ROOT wrap-ansi-cjs@7.0.0 OK for: @isaacs/cliui@8.0.2 want: npm:wrap-ansi@^7.0.0
3935 silly fetch manifest emoji-regex@^9.2.2
3936 silly packumentCache full:https://registry.npmjs.org/emoji-regex cache-miss
3937 silly fetch manifest eastasianwidth@^0.2.0
3938 silly packumentCache full:https://registry.npmjs.org/eastasianwidth cache-miss
3939 silly fetch manifest strip-ansi@^6.0.1
3940 silly packumentCache full:https://registry.npmjs.org/strip-ansi cache-hit
3941 silly fetch manifest emoji-regex@^8.0.0
3942 silly packumentCache full:https://registry.npmjs.org/emoji-regex cache-miss
3943 silly fetch manifest is-fullwidth-code-point@^3.0.0
3944 silly packumentCache full:https://registry.npmjs.org/is-fullwidth-code-point cache-miss
3945 silly fetch manifest ansi-regex@^5.0.1
3946 silly packumentCache full:https://registry.npmjs.org/ansi-regex cache-miss
3947 http cache https://registry.npmjs.org/ansi-regex 27ms (cache hit)
3948 silly packumentCache full:https://registry.npmjs.org/ansi-regex set size:48203 disposed:false
3949 silly fetch manifest strip-ansi@^6.0.0
3950 silly packumentCache full:https://registry.npmjs.org/strip-ansi cache-hit
3951 silly fetch manifest ansi-styles@^4.0.0
3952 silly packumentCache full:https://registry.npmjs.org/ansi-styles cache-miss
3953 http cache https://registry.npmjs.org/emoji-regex 34ms (cache hit)
3954 silly packumentCache full:https://registry.npmjs.org/emoji-regex set size:89064 disposed:false
3955 silly fetch manifest string-width@^4.1.0
3956 silly packumentCache full:https://registry.npmjs.org/string-width cache-hit
3957 http cache https://registry.npmjs.org/emoji-regex 41ms (cache hit)
3958 silly packumentCache full:https://registry.npmjs.org/emoji-regex set size:89064 disposed:false
3959 silly packumentCache full:https://registry.npmjs.org/emoji-regex dispose
3960 http fetch GET 200 https://registry.npmjs.org/is-fullwidth-code-point 46ms (cache miss)
3961 silly packumentCache full:https://registry.npmjs.org/is-fullwidth-code-point set size:undefined disposed:false
3962 http cache https://registry.npmjs.org/ansi-styles 32ms (cache hit)
3963 silly packumentCache full:https://registry.npmjs.org/ansi-styles set size:71772 disposed:false
3964 http fetch GET 200 https://registry.npmjs.org/eastasianwidth 66ms (cache miss)
3965 silly packumentCache full:https://registry.npmjs.org/eastasianwidth set size:undefined disposed:false
3966 silly placeDep ROOT emoji-regex@8.0.0 OK for: string-width@4.2.3 want: ^8.0.0
3967 silly placeDep ROOT is-fullwidth-code-point@3.0.0 OK for: string-width@4.2.3 want: ^3.0.0
3968 silly placeDep node_modules/string-width-cjs strip-ansi@6.0.1 OK for: string-width@4.2.3 want: ^6.0.1
3969 silly placeDep node_modules/strip-ansi-cjs ansi-regex@5.0.1 OK for: strip-ansi@6.0.1 want: ^5.0.1
3970 silly placeDep node_modules/wrap-ansi-cjs ansi-styles@4.3.0 OK for: wrap-ansi@7.0.0 want: ^4.0.0
3971 silly placeDep node_modules/wrap-ansi-cjs string-width@4.2.3 OK for: wrap-ansi@7.0.0 want: ^4.1.0
3972 silly placeDep node_modules/wrap-ansi-cjs strip-ansi@6.0.1 OK for: wrap-ansi@7.0.0 want: ^6.0.0
3973 silly fetch manifest color-convert@^2.0.1
3974 silly packumentCache full:https://registry.npmjs.org/color-convert cache-miss
3975 http fetch GET 200 https://registry.npmjs.org/color-convert 37ms (cache miss)
3976 silly packumentCache full:https://registry.npmjs.org/color-convert set size:undefined disposed:false
3977 silly placeDep ROOT eastasianwidth@0.2.0 OK for: string-width@5.1.2 want: ^0.2.0
3978 silly placeDep node_modules/@isaacs/cliui emoji-regex@9.2.2 OK for: string-width@5.1.2 want: ^9.2.2
3979 silly placeDep node_modules/archiver-utils brace-expansion@2.1.4 OK for: minimatch@9.0.9 want: ^2.0.2
3980 silly fetch manifest balanced-match@^1.0.0
3981 silly packumentCache full:https://registry.npmjs.org/balanced-match cache-miss
3982 http cache https://registry.npmjs.org/balanced-match 13ms (cache hit)
3983 silly packumentCache full:https://registry.npmjs.org/balanced-match set size:39082 disposed:false
3984 silly placeDep node_modules/archiver-utils balanced-match@1.0.2 OK for: brace-expansion@2.1.4 want: ^1.0.0
3985 silly placeDep node_modules/archiver-utils lru-cache@10.4.3 OK for: path-scurry@1.11.1 want: ^10.2.0
3986 silly placeDep node_modules/cliui emoji-regex@10.6.0 OK for: string-width@7.2.0 want: ^10.3.0
3987 silly placeDep node_modules/cross-spawn isexe@2.0.0 OK for: which@2.0.2 want: ^2.0.0
3988 silly placeDep node_modules/csso mdn-data@2.0.28 OK for: css-tree@2.2.1 want: 2.0.28
3989 silly placeDep ROOT core-util-is@1.0.3 OK for: readable-stream@2.3.8 want: ~1.0.0
3990 silly placeDep ROOT isarray@1.0.0 OK for: readable-stream@2.3.8 want: ~1.0.0
3991 silly placeDep ROOT process-nextick-args@2.0.1 OK for: readable-stream@2.3.8 want: ~2.0.0
3992 silly placeDep node_modules/lazystream safe-buffer@5.1.2 OK for: readable-stream@2.3.8 want: ~5.1.1
3993 silly placeDep node_modules/lazystream string_decoder@1.1.1 OK for: readable-stream@2.3.8 want: ~1.1.1
3994 silly placeDep node_modules/mlly confbox@0.1.8 OK for: pkg-types@1.3.1 want: ^0.1.8
3995 silly placeDep node_modules/nitropack estree-walker@3.0.3 OK for: unctx@2.5.0 want: ^3.0.3
3996 silly placeDep node_modules/nitropack unplugin@2.3.11 OK for: unctx@2.5.0 want: ^2.3.11
3997 silly placeDep node_modules/readdir-glob brace-expansion@2.1.4 OK for: minimatch@5.1.9 want: ^2.0.1
3998 silly placeDep node_modules/readdir-glob balanced-match@1.0.2 OK for: brace-expansion@2.1.4 want: ^1.0.0
3999 silly placeDep node_modules/string-width-cjs ansi-regex@5.0.1 OK for: strip-ansi@6.0.1 want: ^5.0.1
4000 silly placeDep node_modules/vite-plugin-checker path-key@4.0.0 OK for: npm-run-path@6.0.0 want: ^4.0.0
4001 silly placeDep node_modules/vite-plugin-checker unicorn-magic@0.3.0 OK for: npm-run-path@6.0.0 want: ^0.3.0
4002 silly placeDep ROOT color-convert@2.0.1 OK for: ansi-styles@4.3.0 want: ^2.0.1
4003 silly fetch manifest color-name@~1.1.4
4004 silly packumentCache full:https://registry.npmjs.org/color-name cache-miss
4005 http fetch GET 200 https://registry.npmjs.org/color-name 31ms (cache miss)
4006 silly packumentCache full:https://registry.npmjs.org/color-name set size:undefined disposed:false
4007 silly placeDep ROOT color-name@1.1.4 OK for: color-convert@2.0.1 want: ~1.1.4
4008 silly placeDep node_modules/wrap-ansi-cjs ansi-regex@5.0.1 OK for: strip-ansi@6.0.1 want: ^5.0.1
4009 silly placeDep node_modules/wrap-ansi emoji-regex@10.6.0 OK for: string-width@7.2.0 want: ^10.3.0
4010 silly reify moves {}
4011 http cache @parcel/watcher-wasm@https://registry.npmjs.org/@parcel/watcher-wasm/-/watcher-wasm-2.6.0.tgz 0ms (cache hit)
4012 silly tarball no local data for @parcel/watcher-wasm@https://registry.npmjs.org/@parcel/watcher-wasm/-/watcher-wasm-2.6.0.tgz. Extracting by manifest.
4013 http fetch GET 200 https://registry.npmjs.org/@parcel/watcher-wasm/-/watcher-wasm-2.6.0.tgz 488ms (cache miss)
4014 silly audit bulk request {
4014 silly audit   nuxt: [ '4.5.2' ],
4014 silly audit   rolldown: [ '1.2.7' ],
4014 silly audit   '@dxup/nuxt': [ '0.5.10' ],
4014 silly audit   '@nuxt/cli': [ '3.37.0' ],
4014 silly audit   '@nuxt/devtools': [ '3.4.2' ],
4014 silly audit   vite: [ '8.2.2' ],
4014 silly audit   '@nuxt/kit': [ '4.5.2' ],
4014 silly audit   '@nuxt/nitro-server': [ '4.5.2' ],
4014 silly audit   '@nuxt/schema': [ '4.5.2' ],
4014 silly audit   '@nuxt/telemetry': [ '2.9.1' ],
4014 silly audit   '@nuxt/vite-builder': [ '4.5.2' ],
4014 silly audit   vue: [ '3.5.42' ],
4014 silly audit   '@unhead/vue': [ '3.4.0' ],
4014 silly audit   '@vue/shared': [ '3.5.42' ],
4014 silly audit   chokidar: [ '5.0.0' ],
4014 silly audit   compatx: [ '0.2.0' ],
4014 silly audit   consola: [ '3.4.2' ],
4014 silly audit   'cookie-es': [ '3.1.1', '1.2.3', '2.0.1' ],
4014 silly audit   defu: [ '6.1.7' ],
4014 silly audit   devalue: [ '5.9.2' ],
4014 silly audit   errx: [ '0.1.2' ],
4014 silly audit   'escape-string-regexp': [ '5.0.0' ],
4014 silly audit   exsolve: [ '1.1.1' ],
4014 silly audit   'fnv1a-64': [ '0.1.2' ],
4014 silly audit   hookable: [ '6.1.1', '5.5.3' ],
4014 silly audit   ignore: [ '7.0.8' ],
4014 silly audit   impound: [ '1.2.0' ],
4014 silly audit   jiti: [ '2.7.0' ],
4014 silly audit   klona: [ '2.0.6' ],
4014 silly audit   knitwork: [ '1.3.0' ],
4014 silly audit   'magic-string': [ '1.2.3', '0.30.21' ],
4014 silly audit   mlly: [ '1.8.2' ],
4014 silly audit   nanotar: [ '0.3.0' ],
4014 silly audit   nostics: [ '1.2.0' ],
4014 silly audit   nypm: [ '0.6.9' ],
4014 silly audit   'object-identity': [ '0.2.3' ],
4014 silly audit   ofetch: [ '1.5.1' ],
4014 silly audit   ohash: [ '2.0.12' ],
4014 silly audit   'on-change': [ '6.0.2' ],
4014 silly audit   'oxc-walker': [ '1.1.1' ],
4014 silly audit   pathe: [ '2.0.3' ],
4014 silly audit   'perfect-debounce': [ '2.1.0' ],
4014 silly audit   picomatch: [ '4.0.7', '2.3.2' ],
4014 silly audit   'pkg-types': [ '2.3.2', '1.3.1' ],
4014 silly audit   'rolldown-string': [ '0.3.1' ],
4014 silly audit   rou3: [ '0.9.2' ],
4014 silly audit   scule: [ '1.3.0' ],
4014 silly audit   'std-env': [ '4.2.0' ],
4014 silly audit   tinyglobby: [ '0.2.17' ],
4014 silly audit   ufo: [ '1.6.4' ],
4014 silly audit   ultrahtml: [ '1.7.0' ],
4014 silly audit   uncrypto: [ '0.1.3' ],
4014 silly audit   unctx: [ '3.0.1', '2.5.0' ],
4014 silly audit   undici: [ '8.10.1' ],
4014 silly audit   unhead: [ '3.4.0' ],
4014 silly audit   unimport: [ '6.4.0' ],
4014 silly audit   unplugin: [ '3.3.0', '2.3.11' ],
4014 silly audit   unrouting: [ '0.2.3' ],
4014 silly audit   untyped: [ '2.0.0' ],
4014 silly audit   verkit: [ '0.3.2' ],
4014 silly audit   'vue-component-type-helpers': [ '3.3.11' ],
4014 silly audit   'vue-router': [ '5.3.1' ],
4014 silly audit   '@dxup/unimport': [ '0.1.2' ],
4014 silly audit   '@vue/compiler-dom': [ '3.5.42' ],
4014 silly audit   '@bomb.sh/tab': [ '0.0.19' ],
4014 silly audit   '@clack/prompts': [ '1.7.0' ],
4014 silly audit   c12: [ '3.3.4' ],
4014 silly audit   citty: [ '0.2.2', '0.1.6' ],
4014 silly audit   confbox: [ '0.2.4', '0.3.1', '0.1.8' ],
4014 silly audit   debug: [ '4.4.3' ],
4014 silly audit   'fuse.js': [ '7.5.0' ],
4014 silly audit   fzf: [ '0.5.2' ],
4014 silly audit   giget: [ '3.3.1' ],
4014 silly audit   listhen: [ '1.10.1' ],
4014 silly audit   semver: [ '7.8.5', '6.3.1' ],
4014 silly audit   srvx: [ '0.11.22' ],
4014 silly audit   tinyclip: [ '0.1.15' ],
4014 silly audit   tinyexec: [ '1.3.1' ],
4014 silly audit   youch: [ '4.1.1' ],
4014 silly audit   '@clack/core': [ '1.4.3' ],
4014 silly audit   'fast-string-width': [ '3.0.2' ],
4014 silly audit   'fast-wrap-ansi': [ '0.2.2' ],
4014 silly audit   sisteransi: [ '1.0.5' ],
4014 silly audit   '@nuxt/devtools-kit': [ '3.4.2' ],
4014 silly audit   '@nuxt/devtools-wizard': [ '3.4.2' ],
4014 silly audit   '@vue/devtools-core': [ '8.2.1' ],
4014 silly audit   '@vue/devtools-kit': [ '8.2.1' ],
4014 silly audit   birpc: [ '4.2.0', '2.9.0' ],
4014 silly audit   destr: [ '2.0.5' ],
4014 silly audit   'error-stack-parser-es': [ '2.0.1', '1.0.5' ],
4014 silly audit   execa: [ '8.0.1' ],
4014 silly audit   'fast-npm-meta': [ '2.2.0' ],
4014 silly audit   'get-port-please': [ '3.2.0' ],
4014 silly audit   'image-meta': [ '0.2.2' ],
4014 silly audit   'is-installed-globally': [ '1.0.0' ],
4014 silly audit   'launch-editor': [ '2.14.1' ],
4014 silly audit   'local-pkg': [ '1.2.1' ],
4014 silly audit   magicast: [ '0.5.4' ],
4014 silly audit   'simple-git': [ '3.36.0' ],
4014 silly audit   sirv: [ '3.0.2' ],
4014 silly audit   'structured-clone-es': [ '2.0.1' ],
4014 silly audit   unstorage: [ '1.17.5' ],
4014 silly audit   'vite-plugin-inspect': [ '11.4.1' ],
4014 silly audit   'vite-plugin-vue-tracer': [ '1.5.0' ],
4014 silly audit   which: [ '6.0.1', '2.0.2' ],
4014 silly audit   ws: [ '8.21.3' ],
4014 silly audit   diff: [ '8.0.4' ],
4014 silly audit   rc9: [ '3.1.0' ],
4014 silly audit   '@nuxt/devalue': [ '2.0.2' ],
4014 silly audit   h3: [ '1.15.11' ],
4014 silly audit   'mocked-exports': [ '0.1.1' ],
4014 silly audit   nitropack: [ '2.13.4' ],
4014 silly audit   'vue-bundle-renderer': [ '2.3.2' ],
4014 silly audit   'vue-devtools-stub': [ '0.1.0' ],
4014 silly audit   '@vitejs/plugin-vue': [ '6.0.8' ],
4014 silly audit   '@vitejs/plugin-vue-jsx': [ '5.1.6' ],
4014 silly audit   autoprefixer: [ '10.5.4' ],
4014 silly audit   postcss: [ '8.5.28' ],
4014 silly audit   cssnano: [ '8.0.10' ],
4014 silly audit   'generic-names': [ '4.0.0' ],
4014 silly audit   'js-tokens': [ '10.0.0', '4.0.0' ],
4014 silly audit   seroval: [ '1.6.4' ],
4014 silly audit   unenv: [ '2.0.0-rc.24' ],
4014 silly audit   'vite-node': [ '6.0.0' ],
4014 silly audit   'vite-plugin-checker': [ '0.14.5' ],
4014 silly audit   '@unhead/bundler': [ '3.4.0' ],
4014 silly audit   '@rolldown/pluginutils': [ '1.0.1' ],
4014 silly audit   '@babel/core': [ '7.29.7' ],
4014 silly audit   '@babel/plugin-syntax-typescript': [ '7.29.7' ],
4014 silly audit   '@babel/plugin-transform-typescript': [ '7.29.7' ],
4014 silly audit   '@vue/babel-plugin-jsx': [ '2.0.1' ],
4014 silly audit   '@babel/code-frame': [ '7.29.7' ],
4014 silly audit   '@babel/generator': [ '7.29.8' ],
4014 silly audit   '@babel/helper-compilation-targets': [ '7.29.7' ],
4014 silly audit   '@babel/helper-module-transforms': [ '7.29.7' ],
4014 silly audit   '@babel/helpers': [ '7.29.7' ],
4014 silly audit   '@babel/parser': [ '7.29.8' ],
4014 silly audit   '@babel/template': [ '7.29.7' ],
4014 silly audit   '@babel/traverse': [ '7.29.8' ],
4014 silly audit   '@babel/types': [ '7.29.8' ],
4014 silly audit   '@jridgewell/remapping': [ '2.3.5' ],
4014 silly audit   'convert-source-map': [ '2.0.0' ],
4014 silly audit   gensync: [ '1.0.0-beta.2' ],
4014 silly audit   json5: [ '2.2.3' ],
4014 silly audit   '@babel/helper-validator-identifier': [ '7.29.7' ],
4014 silly audit   picocolors: [ '1.1.1' ],
4014 silly audit   '@jridgewell/gen-mapping': [ '0.3.13' ],
4014 silly audit   '@jridgewell/trace-mapping': [ '0.3.31' ],
4014 silly audit   jsesc: [ '3.1.0' ],
4014 silly audit   '@babel/compat-data': [ '7.29.7' ],
4014 silly audit   '@babel/helper-validator-option': [ '7.29.7' ],
4014 silly audit   browserslist: [ '4.28.8' ],
4014 silly audit   'lru-cache': [ '5.1.1', '11.5.2', '10.4.3' ],
4014 silly audit   '@babel/helper-module-imports': [ '7.29.7' ],
4014 silly audit   '@babel/helper-plugin-utils': [ '7.29.7' ],
4014 silly audit   '@babel/helper-annotate-as-pure': [ '7.29.7' ],
4014 silly audit   '@babel/helper-create-class-features-plugin': [ '7.29.7' ],
4014 silly audit   '@babel/helper-skip-transparent-expression-wrappers': [ '7.29.7' ],
4014 silly audit   '@babel/helper-member-expression-to-functions': [ '7.29.7' ],
4014 silly audit   '@babel/helper-optimise-call-expression': [ '7.29.7' ],
4014 silly audit   '@babel/helper-replace-supers': [ '7.29.7' ],
4014 silly audit   '@babel/helper-globals': [ '7.29.7' ],
4014 silly audit   '@babel/helper-string-parser': [ '7.29.7' ],
4014 silly audit   '@jridgewell/sourcemap-codec': [ '1.6.0' ],
4014 silly audit   '@jridgewell/resolve-uri': [ '3.1.2' ],
4014 silly audit   '@babel/plugin-syntax-jsx': [ '7.29.7' ],
4014 silly audit   '@vue/babel-helper-vue-transform-on': [ '2.0.1' ],
4014 silly audit   '@vue/babel-plugin-resolve-type': [ '2.0.1' ],
4014 silly audit   '@vue/compiler-sfc': [ '3.5.42' ],
4014 silly audit   '@vue/compiler-core': [ '3.5.42' ],
4014 silly audit   entities: [ '7.0.1', '4.5.0' ],
4014 silly audit   'estree-walker': [ '2.0.2', '3.0.3' ],
4014 silly audit   'source-map-js': [ '1.2.1' ],
4014 silly audit   '@vue/compiler-ssr': [ '3.5.42' ],
4014 silly audit   '@vue/devtools-shared': [ '8.2.1' ],
4014 silly audit   'caniuse-lite': [ '1.0.30001810' ],
4014 silly audit   'fraction.js': [ '5.3.4' ],
4014 silly audit   'postcss-value-parser': [ '4.2.0' ],
4014 silly audit   'baseline-browser-mapping': [ '2.11.21' ],
4014 silly audit   'electron-to-chromium': [ '1.5.422' ],
4014 silly audit   'node-releases': [ '2.0.54' ],
4014 silly audit   'update-browserslist-db': [ '1.3.2' ],
4014 silly audit   dotenv: [ '17.4.2' ],
4014 silly audit   readdirp: [ '5.1.1' ],
4014 silly audit   'cssnano-preset-default': [ '8.0.10' ],
4014 silly audit   lilconfig: [ '3.1.3' ],
4014 silly audit   'cssnano-utils': [ '6.0.4' ],
4014 silly audit   'postcss-calc': [ '10.1.1' ],
4014 silly audit   'postcss-colormin': [ '8.0.5' ],
4014 silly audit   'postcss-convert-values': [ '8.0.4' ],
4014 silly audit   'postcss-discard-comments': [ '8.0.4' ],
4014 silly audit   'postcss-discard-duplicates': [ '8.0.4' ],
4014 silly audit   'postcss-discard-empty': [ '8.0.5' ],
4014 silly audit   'postcss-discard-overridden': [ '8.0.4' ],
4014 silly audit   'postcss-merge-longhand': [ '8.0.4' ],
4014 silly audit   'postcss-merge-rules': [ '8.0.5' ],
4014 silly audit   'postcss-minify-font-values': [ '8.0.4' ],
4014 silly audit   'postcss-minify-gradients': [ '8.0.6' ],
4014 silly audit   'postcss-minify-params': [ '8.0.4' ],
4014 silly audit   'postcss-minify-selectors': [ '8.0.5' ],
4014 silly audit   'postcss-normalize-charset': [ '8.0.5' ],
4014 silly audit   'postcss-normalize-display-values': [ '8.0.4' ],
4014 silly audit   'postcss-normalize-positions': [ '8.0.4' ],
4014 silly audit   'postcss-normalize-repeat-style': [ '8.0.4' ],
4014 silly audit   'postcss-normalize-string': [ '8.0.4' ],
4014 silly audit   'postcss-normalize-timing-functions': [ '8.0.4' ],
4014 silly audit   'postcss-normalize-unicode': [ '8.0.4' ],
4014 silly audit   'postcss-normalize-url': [ '8.0.4' ],
4014 silly audit   'postcss-normalize-whitespace': [ '8.0.5' ],
4014 silly audit   'postcss-ordered-values': [ '8.0.5' ],
4014 silly audit   'postcss-reduce-initial': [ '8.0.5' ],
4014 silly audit   'postcss-reduce-transforms': [ '8.0.4' ],
4014 silly audit   'postcss-svgo': [ '8.0.6' ],
4014 silly audit   'postcss-unique-selectors': [ '8.0.4' ],
4014 silly audit   ms: [ '2.1.3' ],
4014 silly audit   'cross-spawn': [ '7.0.6' ],
4014 silly audit   'get-stream': [ '8.0.1' ],
4014 silly audit   'human-signals': [ '5.0.0' ],
4014 silly audit   'is-stream': [ '3.0.0', '2.0.1' ],
4014 silly audit   'merge-stream': [ '2.0.0' ],
4014 silly audit   'npm-run-path': [ '5.3.0', '6.0.0' ],
4014 silly audit   onetime: [ '6.0.0' ],
4014 silly audit   'signal-exit': [ '4.1.0', '3.0.7' ],
4014 silly audit   'strip-final-newline': [ '3.0.0' ],
4014 silly audit   'path-key': [ '3.1.1', '4.0.0' ],
4014 silly audit   'shebang-command': [ '2.0.0' ],
4014 silly audit   cac: [ '6.7.14', '7.0.0' ],
4014 silly audit   'fast-string-truncated-width': [ '3.0.3' ],
4014 silly audit   'loader-utils': [ '3.3.1' ],
4014 silly audit   crossws: [ '0.3.5', '0.4.12' ],
4014 silly audit   'iron-webcrypto': [ '1.2.1' ],
4014 silly audit   'node-mock-http': [ '1.0.5' ],
4014 silly audit   radix3: [ '1.1.2' ],
4014 silly audit   'es-module-lexer': [ '2.3.2' ],
4014 silly audit   'unplugin-utils': [ '0.3.2' ],
4014 silly audit   'global-directory': [ '4.0.1' ],
4014 silly audit   'is-path-inside': [ '4.0.0' ],
4014 silly audit   ini: [ '4.1.1' ],
4014 silly audit   'shell-quote': [ '1.10.0' ],
4014 silly audit   'http-shutdown': [ '1.2.2' ],
4014 silly audit   'node-forge': [ '1.4.0' ],
4014 silly audit   untun: [ '0.2.2' ],
4014 silly audit   uqr: [ '0.1.3' ],
4014 silly audit   'is-glob': [ '4.0.3' ],
4014 silly audit   'is-extglob': [ '2.1.1' ],
4014 silly audit   quansync: [ '0.2.11' ],
4014 silly audit   yallist: [ '3.1.1', '5.0.0' ],
4014 silly audit   acorn: [ '8.18.0' ],
4014 silly audit   '@cloudflare/kv-asset-handler': [ '0.4.2' ],
4014 silly audit   '@rollup/plugin-alias': [ '6.0.0' ],
4014 silly audit   '@rollup/plugin-commonjs': [ '29.0.3' ],
4014 silly audit   '@rollup/plugin-inject': [ '5.0.5' ],
4014 silly audit   '@rollup/plugin-json': [ '6.1.0' ],
4014 silly audit   '@rollup/plugin-node-resolve': [ '16.0.3' ],
4014 silly audit   '@rollup/plugin-replace': [ '6.0.3' ],
4014 silly audit   '@rollup/plugin-terser': [ '1.0.0' ],
4014 silly audit   '@vercel/nft': [ '1.11.0' ],
4014 silly audit   archiver: [ '7.0.1' ],
4014 silly audit   croner: [ '10.0.1' ],
4014 silly audit   db0: [ '0.3.4' ],
4014 silly audit   'dot-prop': [ '10.2.0' ],
4014 silly audit   esbuild: [ '0.28.2' ],
4014 silly audit   etag: [ '1.8.1' ],
4014 silly audit   globby: [ '16.2.4' ],
4014 silly audit   'gzip-size': [ '7.0.0' ],
4014 silly audit   httpxy: [ '0.5.5' ],
4014 silly audit   ioredis: [ '5.11.1' ],
4014 silly audit   mime: [ '4.1.0' ],
4014 silly audit   'node-fetch-native': [ '1.6.7' ],
4014 silly audit   'pretty-bytes': [ '7.1.3' ],
4014 silly audit   rollup: [ '4.63.1' ],
4014 silly audit   'rollup-plugin-visualizer': [ '7.1.1' ],
4014 silly audit   'serve-placeholder': [ '2.0.2' ],
4014 silly audit   'serve-static': [ '2.2.1' ],
4014 silly audit   'source-map': [ '0.7.6', '0.8.0', '0.6.1' ],
4014 silly audit   unwasm: [ '0.5.3' ],
4014 silly audit   'youch-core': [ '0.3.3' ],
4014 silly audit   '@rollup/pluginutils': [ '5.4.0' ],
4014 silly audit   commondir: [ '1.0.1' ],
4014 silly audit   fdir: [ '6.5.0' ],
4014 silly audit   'is-reference': [ '1.2.1' ],
4014 silly audit   '@types/resolve': [ '1.20.2' ],
4014 silly audit   deepmerge: [ '4.3.1' ],
4014 silly audit   'is-module': [ '1.0.0' ],
4014 silly audit   resolve: [ '1.22.12' ],
4014 silly audit   'serialize-javascript': [ '7.1.1' ],
4014 silly audit   smob: [ '1.6.2' ],
4014 silly audit   terser: [ '5.51.2' ],
4014 silly audit   '@types/estree': [ '1.0.9' ],
4014 silly audit   '@mapbox/node-pre-gyp': [ '2.0.3' ],
4014 silly audit   'acorn-import-attributes': [ '1.9.5' ],
4014 silly audit   'async-sema': [ '3.1.1' ],
4014 silly audit   bindings: [ '1.5.0' ],
4014 silly audit   glob: [ '13.0.6', '10.5.0' ],
4014 silly audit   'graceful-fs': [ '4.2.11' ],
4014 silly audit   'node-gyp-build': [ '4.8.4' ],
4014 silly audit   'resolve-from': [ '5.0.0' ],
4014 silly audit   'detect-libc': [ '2.1.2' ],
4014 silly audit   'https-proxy-agent': [ '7.0.6' ],
4014 silly audit   'node-fetch': [ '2.7.0' ],
4014 silly audit   nopt: [ '8.1.0' ],
4014 silly audit   tar: [ '7.5.22' ],
4014 silly audit   'archiver-utils': [ '5.0.2' ],
4014 silly audit   async: [ '3.2.6' ],
4014 silly audit   'buffer-crc32': [ '1.0.0' ],
4014 silly audit   'readable-stream': [ '4.7.0', '2.3.8' ],
4014 silly audit   'readdir-glob': [ '1.1.3' ],
4014 silly audit   'tar-stream': [ '3.2.1' ],
4014 silly audit   'zip-stream': [ '6.0.1' ],
4014 silly audit   lazystream: [ '1.0.1' ],
4014 silly audit   lodash: [ '4.18.1' ],
4014 silly audit   'normalize-path': [ '3.0.0' ],
4014 silly audit   'file-uri-to-path': [ '1.0.0' ],
4014 silly audit   'type-fest': [ '5.9.0' ],
4014 silly audit   '@esbuild/aix-ppc64': [ '0.28.2' ],
4014 silly audit   '@esbuild/android-arm': [ '0.28.2' ],
4014 silly audit   '@esbuild/android-arm64': [ '0.28.2' ],
4014 silly audit   '@esbuild/android-x64': [ '0.28.2' ],
4014 silly audit   '@esbuild/darwin-arm64': [ '0.28.2' ],
4014 silly audit   '@esbuild/darwin-x64': [ '0.28.2' ],
4014 silly audit   '@esbuild/freebsd-arm64': [ '0.28.2' ],
4014 silly audit   '@esbuild/freebsd-x64': [ '0.28.2' ],
4014 silly audit   '@esbuild/linux-arm': [ '0.28.2' ],
4014 silly audit   '@esbuild/linux-arm64': [ '0.28.2' ],
4014 silly audit   '@esbuild/linux-ia32': [ '0.28.2' ],
4014 silly audit   '@esbuild/linux-loong64': [ '0.28.2' ],
4014 silly audit   '@esbuild/linux-mips64el': [ '0.28.2' ],
4014 silly audit   '@esbuild/linux-ppc64': [ '0.28.2' ],
4014 silly audit   '@esbuild/linux-riscv64': [ '0.28.2' ],
4014 silly audit   '@esbuild/linux-s390x': [ '0.28.2' ],
4014 silly audit   '@esbuild/linux-x64': [ '0.28.2' ],
4014 silly audit   '@esbuild/netbsd-arm64': [ '0.28.2' ],
4014 silly audit   '@esbuild/netbsd-x64': [ '0.28.2' ],
4014 silly audit   '@esbuild/openbsd-arm64': [ '0.28.2' ],
4014 silly audit   '@esbuild/openbsd-x64': [ '0.28.2' ],
4014 silly audit   '@esbuild/openharmony-arm64': [ '0.28.2' ],
4014 silly audit   '@esbuild/sunos-x64': [ '0.28.2' ],
4014 silly audit   '@esbuild/win32-arm64': [ '0.28.2' ],
4014 silly audit   '@esbuild/win32-ia32': [ '0.28.2' ],
4014 silly audit   '@esbuild/win32-x64': [ '0.28.2' ],
4014 silly audit   minimatch: [ '10.2.6', '5.1.9', '9.0.9' ],
4014 silly audit   minipass: [ '7.1.3' ],
4014 silly audit   'path-scurry': [ '2.0.2', '1.11.1' ],
4014 silly audit   '@sindresorhus/merge-streams': [ '4.0.0' ],
4014 silly audit   'fast-glob': [ '3.3.3' ],
4014 silly audit   micromatch: [ '4.0.8' ],
4014 silly audit   slash: [ '5.1.0' ],
4014 silly audit   'unicorn-magic': [ '0.4.0', '0.3.0' ],
4014 silly audit   '@nodelib/fs.stat': [ '2.0.5' ],
4014 silly audit   '@nodelib/fs.walk': [ '1.2.8' ],
4014 silly audit   'glob-parent': [ '5.1.2' ],
4014 silly audit   merge2: [ '1.4.1' ],
4014 silly audit   '@nodelib/fs.scandir': [ '2.1.5' ],
4014 silly audit   fastq: [ '1.20.3' ],
4014 silly audit   'run-parallel': [ '1.2.0' ],
4014 silly audit   reusify: [ '1.1.0' ],
4014 silly audit   duplexer: [ '0.1.2' ],
4014 silly audit   'agent-base': [ '7.1.4' ],
4014 silly audit   '@ioredis/commands': [ '1.10.0' ],
4014 silly audit   'cluster-key-slot': [ '1.1.1' ],
4014 silly audit   denque: [ '2.1.0' ],
4014 silly audit   'redis-errors': [ '1.2.0' ],
4014 silly audit   'redis-parser': [ '3.0.0' ],
4014 silly audit   'standard-as-callback': [ '2.1.0' ],
4014 silly audit   braces: [ '3.0.3' ],
4014 silly audit   'fill-range': [ '7.1.1' ],
4014 silly audit   'to-regex-range': [ '5.0.1' ],
4014 silly audit   'brace-expansion': [ '5.0.9', '2.1.4' ],
4014 silly audit   'balanced-match': [ '4.0.4', '1.0.2' ],
4014 silly audit   'whatwg-url': [ '5.0.0' ],
4014 silly audit   abbrev: [ '3.0.1' ],
4014 silly audit   'mimic-fn': [ '4.0.0' ],
4014 silly audit   nanoid: [ '3.3.18' ],
4014 silly audit   'postcss-selector-parser': [ '7.1.6' ],
4014 silly audit   '@colordx/core': [ '5.8.0' ],
4014 silly audit   'caniuse-api': [ '4.0.0' ],
4014 silly audit   stylehacks: [ '8.0.4' ],
4014 silly audit   cssesc: [ '3.0.0' ],
4014 silly audit   'util-deprecate': [ '1.0.2' ],
4014 silly audit   svgo: [ '4.1.0' ],
4014 silly audit   'abort-controller': [ '3.0.0' ],
4014 silly audit   buffer: [ '6.0.3' ],
4014 silly audit   events: [ '3.3.0' ],
4014 silly audit   process: [ '0.11.10' ],
4014 silly audit   string_decoder: [ '1.3.0', '1.1.1' ],
4014 silly audit   'event-target-shim': [ '5.0.1' ],
4014 silly audit   'base64-js': [ '1.5.1' ],
4014 silly audit   ieee754: [ '1.2.1' ],
4014 silly audit   'es-errors': [ '1.3.0' ],
4014 silly audit   'is-core-module': [ '2.16.2' ],
4014 silly audit   'path-parse': [ '1.0.7' ],
4014 silly audit   'supports-preserve-symlinks-flag': [ '1.0.0' ],
4014 silly audit   hasown: [ '2.0.4' ],
4014 silly audit   'function-bind': [ '1.1.2' ],
4014 silly audit   '@oxc-project/types': [ '0.148.0' ],
4014 silly audit   '@rolldown/binding-android-arm-eabi': [ '1.2.7' ],
4014 silly audit   '@rolldown/binding-android-arm64': [ '1.2.7' ],
4014 silly audit   '@rolldown/binding-darwin-arm64': [ '1.2.7' ],
4014 silly audit   '@rolldown/binding-darwin-x64': [ '1.2.7' ],
4014 silly audit   '@rolldown/binding-freebsd-x64': [ '1.2.7' ],
4014 silly audit   '@rolldown/binding-linux-arm-gnueabihf': [ '1.2.7' ],
4014 silly audit   '@rolldown/binding-linux-arm64-gnu': [ '1.2.7' ],
4014 silly audit   '@rolldown/binding-linux-arm64-musl': [ '1.2.7' ],
4014 silly audit   '@rolldown/binding-linux-ppc64-gnu': [ '1.2.7' ],
4014 silly audit   '@rolldown/binding-linux-s390x-gnu': [ '1.2.7' ],
4014 silly audit   '@rolldown/binding-linux-x64-gnu': [ '1.2.7' ],
4014 silly audit   '@rolldown/binding-linux-x64-musl': [ '1.2.7' ],
4014 silly audit   '@rolldown/binding-openharmony-arm64': [ '1.2.7' ],
4014 silly audit   '@rolldown/binding-win32-arm64-msvc': [ '1.2.7' ],
4014 silly audit   '@rolldown/binding-win32-x64-msvc': [ '1.2.7' ],
4014 silly audit   '@napi-rs/lzma-linux-x64-gnu': [ '1.5.1' ],
4014 silly audit   '@rollup/rollup-android-arm-eabi': [ '4.63.1' ],
4014 silly audit   '@rollup/rollup-android-arm64': [ '4.63.1' ],
4014 silly audit   '@rollup/rollup-darwin-arm64': [ '4.63.1' ],
4014 silly audit   '@rollup/rollup-darwin-x64': [ '4.63.1' ],
4014 silly audit   '@rollup/rollup-freebsd-arm64': [ '4.63.1' ],
4014 silly audit   '@rollup/rollup-freebsd-x64': [ '4.63.1' ],
4014 silly audit   '@rollup/rollup-linux-arm-gnueabihf': [ '4.63.1' ],
4014 silly audit   '@rollup/rollup-linux-arm-musleabihf': [ '4.63.1' ],
4014 silly audit   '@rollup/rollup-linux-arm64-gnu': [ '4.63.1' ],
4014 silly audit   '@rollup/rollup-linux-arm64-musl': [ '4.63.1' ],
4014 silly audit   '@rollup/rollup-linux-loong64-gnu': [ '4.63.1' ],
4014 silly audit   '@rollup/rollup-linux-loong64-musl': [ '4.63.1' ],
4014 silly audit   '@rollup/rollup-linux-ppc64-gnu': [ '4.63.1' ],
4014 silly audit   '@rollup/rollup-linux-ppc64-musl': [ '4.63.1' ],
4014 silly audit   '@rollup/rollup-linux-riscv64-gnu': [ '4.63.1' ],
4014 silly audit   '@rollup/rollup-linux-riscv64-musl': [ '4.63.1' ],
4014 silly audit   '@rollup/rollup-linux-s390x-gnu': [ '4.63.1' ],
4014 silly audit   '@rollup/rollup-linux-x64-gnu': [ '4.63.1' ],
4014 silly audit   '@rollup/rollup-linux-x64-musl': [ '4.63.1' ],
4014 silly audit   '@rollup/rollup-openbsd-x64': [ '4.63.1' ],
4014 silly audit   '@rollup/rollup-openharmony-arm64': [ '4.63.1' ],
4014 silly audit   '@rollup/rollup-win32-arm64-msvc': [ '4.63.1' ],
4014 silly audit   '@rollup/rollup-win32-ia32-msvc': [ '4.63.1' ],
4014 silly audit   '@rollup/rollup-win32-x64-gnu': [ '4.63.1' ],
4014 silly audit   '@rollup/rollup-win32-x64-msvc': [ '4.63.1' ],
4014 silly audit   fsevents: [ '2.3.3' ],
4014 silly audit   open: [ '11.0.2' ],
4014 silly audit   yargs: [ '18.1.0' ],
4014 silly audit   'default-browser': [ '5.5.1' ],
4014 silly audit   'define-lazy-prop': [ '3.0.0' ],
4014 silly audit   'is-in-ssh': [ '1.0.0' ],
4014 silly audit   'is-inside-container': [ '1.0.0' ],
4014 silly audit   'powershell-utils': [ '0.2.1', '0.1.0' ],
4014 silly audit   'wsl-utils': [ '1.0.0' ],
4014 silly audit   'bundle-name': [ '4.1.0' ],
4014 silly audit   'default-browser-id': [ '5.0.1' ],
4014 silly audit   'run-applescript': [ '7.1.0' ],
4014 silly audit   'is-docker': [ '3.0.0' ],
4014 silly audit   'queue-microtask': [ '1.2.3' ],
4014 silly audit   encodeurl: [ '2.0.0' ],
4014 silly audit   'escape-html': [ '1.0.3' ],
4014 silly audit   parseurl: [ '1.3.3' ],
4014 silly audit   send: [ '1.2.1' ],
4014 silly audit   fresh: [ '2.0.0' ],
4014 silly audit   'http-errors': [ '2.0.1' ],
4014 silly audit   'mime-types': [ '3.0.2' ],
4014 silly audit   'on-finished': [ '2.4.1' ],
4014 silly audit   'range-parser': [ '1.3.0' ],
4014 silly audit   statuses: [ '2.0.2' ],
4014 silly audit   depd: [ '2.0.0' ],
4014 silly audit   inherits: [ '2.0.4' ],
4014 silly audit   setprototypeof: [ '1.2.0' ],
4014 silly audit   toidentifier: [ '1.0.1' ],
4014 silly audit   'mime-db': [ '1.54.0' ],
4014 silly audit   'ee-first': [ '1.1.1' ],
4014 silly audit   'shebang-regex': [ '3.0.0' ],
4014 silly audit   '@kwsites/file-exists': [ '1.1.1' ],
4014 silly audit   '@kwsites/promise-deferred': [ '1.1.1' ],
4014 silly audit   '@simple-git/args-pathspec': [ '1.0.3' ],
4014 silly audit   '@simple-git/argv-parser': [ '1.1.1' ],
4014 silly audit   '@polka/url': [ '1.0.0-next.29' ],
4014 silly audit   mrmime: [ '2.0.1' ],
4014 silly audit   totalist: [ '3.0.1' ],
4014 silly audit   'safe-buffer': [ '5.2.1', '5.1.2' ],
4014 silly audit   'css-select': [ '6.0.0' ],
4014 silly audit   'css-tree': [ '3.2.1', '2.2.1' ],
4014 silly audit   'css-what': [ '7.0.0' ],
4014 silly audit   csso: [ '5.0.5' ],
4014 silly audit   sax: [ '1.6.1' ],
4014 silly audit   commander: [ '15.0.0', '11.1.0', '2.20.3' ],
4014 silly audit   boolbase: [ '1.0.0' ],
4014 silly audit   domhandler: [ '5.0.3' ],
4014 silly audit   domutils: [ '3.2.2' ],
4014 silly audit   'nth-check': [ '2.1.1' ],
4014 silly audit   'mdn-data': [ '2.27.1', '2.0.28' ],
4014 silly audit   domelementtype: [ '2.3.0' ],
4014 silly audit   'dom-serializer': [ '2.0.0' ],
4014 silly audit   '@isaacs/fs-minipass': [ '4.0.1' ],
4014 silly audit   chownr: [ '3.0.0' ],
4014 silly audit   minizlib: [ '3.1.0' ],
4014 silly audit   b4a: [ '1.8.1' ],
4014 silly audit   'bare-fs': [ '4.8.1' ],
4014 silly audit   'fast-fifo': [ '1.3.2' ],
4014 silly audit   streamx: [ '2.28.1' ],
4014 silly audit   'bare-events': [ '2.9.2' ],
4014 silly audit   'bare-path': [ '3.1.2' ],
4014 silly audit   'bare-stream': [ '2.13.4' ],
4014 silly audit   'bare-url': [ '2.5.4' ],
4014 silly audit   teex: [ '1.0.1' ],
4014 silly audit   'events-universal': [ '1.0.1' ],
4014 silly audit   'text-decoder': [ '1.2.7' ],
4014 silly audit   '@jridgewell/source-map': [ '0.3.11' ],
4014 silly audit   'source-map-support': [ '0.5.21' ],
4014 silly audit   'buffer-from': [ '1.1.2' ],
4014 silly audit   'is-number': [ '7.0.0' ],
4014 silly audit   'tagged-tag': [ '1.0.0' ],
4014 silly audit   'strip-literal': [ '4.0.0' ],
4014 silly audit   'webpack-virtual-modules': [ '0.6.2' ],
4014 silly audit   anymatch: [ '3.1.3' ],
4014 silly audit   escalade: [ '3.2.0' ],
4014 silly audit   lightningcss: [ '1.33.0' ],
4014 silly audit   'lightningcss-android-arm64': [ '1.33.0' ],
4014 silly audit   'lightningcss-darwin-arm64': [ '1.33.0' ],
4014 silly audit   'lightningcss-darwin-x64': [ '1.33.0' ],
4014 silly audit   'lightningcss-freebsd-x64': [ '1.33.0' ],
4014 silly audit   'lightningcss-linux-arm-gnueabihf': [ '1.33.0' ],
4014 silly audit   'lightningcss-linux-arm64-gnu': [ '1.33.0' ],
4014 silly audit   'lightningcss-linux-arm64-musl': [ '1.33.0' ],
4014 silly audit   'lightningcss-linux-x64-gnu': [ '1.33.0' ],
4014 silly audit   'lightningcss-linux-x64-musl': [ '1.33.0' ],
4014 silly audit   'lightningcss-win32-arm64-msvc': [ '1.33.0' ],
4014 silly audit   'lightningcss-win32-x64-msvc': [ '1.33.0' ],
4014 silly audit   obug: [ '2.1.4' ],
4014 silly audit   'proper-lockfile': [ '4.1.2' ],
4014 silly audit   'tiny-invariant': [ '1.3.3' ],
4014 silly audit   retry: [ '0.12.0' ],
4014 silly audit   ansis: [ '4.3.1' ],
4014 silly audit   'vite-dev-rpc': [ '2.0.0' ],
4014 silly audit   'vite-hot-client': [ '2.2.0' ],
4014 silly audit   '@vue/runtime-dom': [ '3.5.42' ],
4014 silly audit   '@vue/server-renderer': [ '3.5.42' ],
4014 silly audit   '@vue/reactivity': [ '3.5.42' ],
4014 silly audit   '@vue/runtime-core': [ '3.5.42' ],
4014 silly audit   csstype: [ '3.2.3' ],
4014 silly audit   '@vue-macros/common': [ '3.1.4' ],
4014 silly audit   '@vue/devtools-api': [ '8.2.1' ],
4014 silly audit   'ast-walker-scope': [ '0.9.0' ],
4014 silly audit   'muggle-string': [ '0.4.1' ],
4014 silly audit   'ast-kit': [ '2.2.0' ],
4014 silly audit   'magic-string-ast': [ '1.0.3' ],
4014 silly audit   tr46: [ '0.0.3' ],
4014 silly audit   'webidl-conversions': [ '3.0.1' ],
4014 silly audit   isexe: [ '4.0.0', '2.0.0' ],
4014 silly audit   'is-wsl': [ '3.1.1' ],
4014 silly audit   cliui: [ '9.0.1' ],
4014 silly audit   'get-caller-file': [ '2.0.5' ],
4014 silly audit   'string-width': [ '8.2.2', '7.2.0', '5.1.2', '4.2.3' ],
4014 silly audit   y18n: [ '5.0.8' ],
4014 silly audit   'yargs-parser': [ '22.0.0' ],
4014 silly audit   'strip-ansi': [ '7.2.0', '6.0.1' ],
4014 silly audit   'wrap-ansi': [ '9.0.2', '8.1.0', '7.0.0' ],
4014 silly audit   'get-east-asian-width': [ '1.6.0' ],
4014 silly audit   'ansi-regex': [ '6.3.0', '5.0.1' ],
4014 silly audit   'ansi-styles': [ '6.2.3', '4.3.0' ],
4014 silly audit   '@poppinss/colors': [ '4.1.6' ],
4014 silly audit   '@poppinss/dumper': [ '0.7.0' ],
4014 silly audit   '@speed-highlight/core': [ '1.2.24' ],
4014 silly audit   kleur: [ '4.1.5' ],
4014 silly audit   '@sindresorhus/is': [ '7.2.0' ],
4014 silly audit   'supports-color': [ '10.2.2' ],
4014 silly audit   '@poppinss/exception': [ '1.2.3' ],
4014 silly audit   'compress-commons': [ '6.0.2' ],
4014 silly audit   'crc-32': [ '1.2.2' ],
4014 silly audit   'crc32-stream': [ '6.0.0' ],
4014 silly audit   'foreground-child': [ '3.3.1' ],
4014 silly audit   jackspeak: [ '3.4.3' ],
4014 silly audit   'package-json-from-dist': [ '1.0.1' ],
4014 silly audit   '@isaacs/cliui': [ '8.0.2' ],
4014 silly audit   '@pkgjs/parseargs': [ '0.11.0' ],
4014 silly audit   'emoji-regex': [ '8.0.0', '9.2.2', '10.6.0' ],
4014 silly audit   'is-fullwidth-code-point': [ '3.0.0' ],
4014 silly audit   eastasianwidth: [ '0.2.0' ],
4014 silly audit   'core-util-is': [ '1.0.3' ],
4014 silly audit   isarray: [ '1.0.0' ],
4014 silly audit   'process-nextick-args': [ '2.0.1' ],
4014 silly audit   'color-convert': [ '2.0.1' ],
4014 silly audit   'color-name': [ '1.1.4' ],
4014 silly audit   '@parcel/watcher-wasm': [ '2.6.0' ],
4014 silly audit   'napi-wasm': [ '1.1.0' ]
4014 silly audit }
4015 http cache color-name@https://registry.npmjs.org/color-name/-/color-name-1.1.4.tgz 0ms (cache hit)
4016 http cache color-convert@https://registry.npmjs.org/color-convert/-/color-convert-2.0.1.tgz 0ms (cache hit)
4017 http cache process-nextick-args@https://registry.npmjs.org/process-nextick-args/-/process-nextick-args-2.0.1.tgz 0ms (cache hit)
4018 http cache isarray@https://registry.npmjs.org/isarray/-/isarray-1.0.0.tgz 0ms (cache hit)
4019 http cache core-util-is@https://registry.npmjs.org/core-util-is/-/core-util-is-1.0.3.tgz 0ms (cache hit)
4020 http cache is-fullwidth-code-point@https://registry.npmjs.org/is-fullwidth-code-point/-/is-fullwidth-code-point-3.0.0.tgz 0ms (cache hit)
4021 http cache eastasianwidth@https://registry.npmjs.org/eastasianwidth/-/eastasianwidth-0.2.0.tgz 0ms (cache hit)
4022 http cache emoji-regex@https://registry.npmjs.org/emoji-regex/-/emoji-regex-8.0.0.tgz 0ms (cache hit)
4023 http cache @isaacs/cliui@https://registry.npmjs.org/@isaacs/cliui/-/cliui-8.0.2.tgz 0ms (cache hit)
4024 http cache strip-ansi-cjs@https://registry.npmjs.org/strip-ansi/-/strip-ansi-6.0.1.tgz 0ms (cache hit)
4025 http cache wrap-ansi-cjs@https://registry.npmjs.org/wrap-ansi/-/wrap-ansi-7.0.0.tgz 0ms (cache hit)
4026 http cache string-width-cjs@https://registry.npmjs.org/string-width/-/string-width-4.2.3.tgz 0ms (cache hit)
4027 http cache @pkgjs/parseargs@https://registry.npmjs.org/@pkgjs/parseargs/-/parseargs-0.11.0.tgz 0ms (cache hit)
4028 http cache jackspeak@https://registry.npmjs.org/jackspeak/-/jackspeak-3.4.3.tgz 0ms (cache hit)
4029 http cache foreground-child@https://registry.npmjs.org/foreground-child/-/foreground-child-3.3.1.tgz 0ms (cache hit)
4030 http cache package-json-from-dist@https://registry.npmjs.org/package-json-from-dist/-/package-json-from-dist-1.0.1.tgz 0ms (cache hit)
4031 http cache crc32-stream@https://registry.npmjs.org/crc32-stream/-/crc32-stream-6.0.0.tgz 0ms (cache hit)
4032 http cache @poppinss/exception@https://registry.npmjs.org/@poppinss/exception/-/exception-1.2.3.tgz 0ms (cache hit)
4033 http cache compress-commons@https://registry.npmjs.org/compress-commons/-/compress-commons-6.0.2.tgz 0ms (cache hit)
4034 http cache crc-32@https://registry.npmjs.org/crc-32/-/crc-32-1.2.2.tgz 0ms (cache hit)
4035 http cache @sindresorhus/is@https://registry.npmjs.org/@sindresorhus/is/-/is-7.2.0.tgz 0ms (cache hit)
4036 http cache supports-color@https://registry.npmjs.org/supports-color/-/supports-color-10.2.2.tgz 0ms (cache hit)
4037 http cache kleur@https://registry.npmjs.org/kleur/-/kleur-4.1.5.tgz 0ms (cache hit)
4038 http cache @speed-highlight/core@https://registry.npmjs.org/@speed-highlight/core/-/core-1.2.24.tgz 0ms (cache hit)
4039 http cache @poppinss/dumper@https://registry.npmjs.org/@poppinss/dumper/-/dumper-0.7.0.tgz 0ms (cache hit)
4040 http cache @poppinss/colors@https://registry.npmjs.org/@poppinss/colors/-/colors-4.1.6.tgz 0ms (cache hit)
4041 http cache ansi-styles@https://registry.npmjs.org/ansi-styles/-/ansi-styles-6.2.3.tgz 0ms (cache hit)
4042 http cache ansi-regex@https://registry.npmjs.org/ansi-regex/-/ansi-regex-6.3.0.tgz 0ms (cache hit)
4043 http cache get-east-asian-width@https://registry.npmjs.org/get-east-asian-width/-/get-east-asian-width-1.6.0.tgz 0ms (cache hit)
4044 http cache wrap-ansi@https://registry.npmjs.org/wrap-ansi/-/wrap-ansi-9.0.2.tgz 0ms (cache hit)
4045 http cache strip-ansi@https://registry.npmjs.org/strip-ansi/-/strip-ansi-7.2.0.tgz 0ms (cache hit)
4046 http cache yargs-parser@https://registry.npmjs.org/yargs-parser/-/yargs-parser-22.0.0.tgz 0ms (cache hit)
4047 http cache y18n@https://registry.npmjs.org/y18n/-/y18n-5.0.8.tgz 0ms (cache hit)
4048 http cache string-width@https://registry.npmjs.org/string-width/-/string-width-8.2.2.tgz 0ms (cache hit)
4049 http cache get-caller-file@https://registry.npmjs.org/get-caller-file/-/get-caller-file-2.0.5.tgz 0ms (cache hit)
4050 http cache cliui@https://registry.npmjs.org/cliui/-/cliui-9.0.1.tgz 0ms (cache hit)
4051 http cache is-wsl@https://registry.npmjs.org/is-wsl/-/is-wsl-3.1.1.tgz 0ms (cache hit)
4052 http cache isexe@https://registry.npmjs.org/isexe/-/isexe-4.0.0.tgz 0ms (cache hit)
4053 http cache webidl-conversions@https://registry.npmjs.org/webidl-conversions/-/webidl-conversions-3.0.1.tgz 0ms (cache hit)
4054 http cache tr46@https://registry.npmjs.org/tr46/-/tr46-0.0.3.tgz 0ms (cache hit)
4055 http cache magic-string-ast@https://registry.npmjs.org/magic-string-ast/-/magic-string-ast-1.0.3.tgz 0ms (cache hit)
4056 http cache muggle-string@https://registry.npmjs.org/muggle-string/-/muggle-string-0.4.1.tgz 0ms (cache hit)
4057 http cache ast-kit@https://registry.npmjs.org/ast-kit/-/ast-kit-2.2.0.tgz 0ms (cache hit)
4058 http cache @vue/devtools-api@https://registry.npmjs.org/@vue/devtools-api/-/devtools-api-8.2.1.tgz 0ms (cache hit)
4059 http cache ast-walker-scope@https://registry.npmjs.org/ast-walker-scope/-/ast-walker-scope-0.9.0.tgz 0ms (cache hit)
4060 http cache @vue-macros/common@https://registry.npmjs.org/@vue-macros/common/-/common-3.1.4.tgz 0ms (cache hit)
4061 http cache @vue/runtime-core@https://registry.npmjs.org/@vue/runtime-core/-/runtime-core-3.5.42.tgz 0ms (cache hit)
4062 http cache csstype@https://registry.npmjs.org/csstype/-/csstype-3.2.3.tgz 1ms (cache hit)
4063 http cache @vue/reactivity@https://registry.npmjs.org/@vue/reactivity/-/reactivity-3.5.42.tgz 0ms (cache hit)
4064 http cache @vue/server-renderer@https://registry.npmjs.org/@vue/server-renderer/-/server-renderer-3.5.42.tgz 0ms (cache hit)
4065 http cache @vue/runtime-dom@https://registry.npmjs.org/@vue/runtime-dom/-/runtime-dom-3.5.42.tgz 0ms (cache hit)
4066 http cache vite-hot-client@https://registry.npmjs.org/vite-hot-client/-/vite-hot-client-2.2.0.tgz 0ms (cache hit)
4067 http cache vite-dev-rpc@https://registry.npmjs.org/vite-dev-rpc/-/vite-dev-rpc-2.0.0.tgz 0ms (cache hit)
4068 http cache ansis@https://registry.npmjs.org/ansis/-/ansis-4.3.1.tgz 0ms (cache hit)
4069 http cache retry@https://registry.npmjs.org/retry/-/retry-0.12.0.tgz 0ms (cache hit)
4070 http cache tiny-invariant@https://registry.npmjs.org/tiny-invariant/-/tiny-invariant-1.3.3.tgz 0ms (cache hit)
4071 http cache proper-lockfile@https://registry.npmjs.org/proper-lockfile/-/proper-lockfile-4.1.2.tgz 0ms (cache hit)
4072 http cache lightningcss-win32-x64-msvc@https://registry.npmjs.org/lightningcss-win32-x64-msvc/-/lightningcss-win32-x64-msvc-1.33.0.tgz 0ms (cache hit)
4073 http cache lightningcss@https://registry.npmjs.org/lightningcss/-/lightningcss-1.33.0.tgz 0ms (cache hit)
4074 http cache escalade@https://registry.npmjs.org/escalade/-/escalade-3.2.0.tgz 0ms (cache hit)
4075 http cache obug@https://registry.npmjs.org/obug/-/obug-2.1.4.tgz 0ms (cache hit)
4076 http cache strip-literal@https://registry.npmjs.org/strip-literal/-/strip-literal-4.0.0.tgz 0ms (cache hit)
4077 http cache tagged-tag@https://registry.npmjs.org/tagged-tag/-/tagged-tag-1.0.0.tgz 0ms (cache hit)
4078 http cache is-number@https://registry.npmjs.org/is-number/-/is-number-7.0.0.tgz 0ms (cache hit)
4079 http cache anymatch@https://registry.npmjs.org/anymatch/-/anymatch-3.1.3.tgz 0ms (cache hit)
4080 http cache text-decoder@https://registry.npmjs.org/text-decoder/-/text-decoder-1.2.7.tgz 0ms (cache hit)
4081 http cache @jridgewell/source-map@https://registry.npmjs.org/@jridgewell/source-map/-/source-map-0.3.11.tgz 0ms (cache hit)
4082 http cache events-universal@https://registry.npmjs.org/events-universal/-/events-universal-1.0.1.tgz 0ms (cache hit)
4083 http cache source-map-support@https://registry.npmjs.org/source-map-support/-/source-map-support-0.5.21.tgz 0ms (cache hit)
4084 http cache teex@https://registry.npmjs.org/teex/-/teex-1.0.1.tgz 0ms (cache hit)
4085 http cache webpack-virtual-modules@https://registry.npmjs.org/webpack-virtual-modules/-/webpack-virtual-modules-0.6.2.tgz 0ms (cache hit)
4086 http cache bare-url@https://registry.npmjs.org/bare-url/-/bare-url-2.5.4.tgz 0ms (cache hit)
4087 http cache bare-stream@https://registry.npmjs.org/bare-stream/-/bare-stream-2.13.4.tgz 0ms (cache hit)
4088 http cache buffer-from@https://registry.npmjs.org/buffer-from/-/buffer-from-1.1.2.tgz 0ms (cache hit)
4089 http cache bare-path@https://registry.npmjs.org/bare-path/-/bare-path-3.1.2.tgz 0ms (cache hit)
4090 http cache streamx@https://registry.npmjs.org/streamx/-/streamx-2.28.1.tgz 0ms (cache hit)
4091 http cache fast-fifo@https://registry.npmjs.org/fast-fifo/-/fast-fifo-1.3.2.tgz 0ms (cache hit)
4092 http cache bare-events@https://registry.npmjs.org/bare-events/-/bare-events-2.9.2.tgz 0ms (cache hit)
4093 http cache bare-fs@https://registry.npmjs.org/bare-fs/-/bare-fs-4.8.1.tgz 0ms (cache hit)
4094 http cache @isaacs/fs-minipass@https://registry.npmjs.org/@isaacs/fs-minipass/-/fs-minipass-4.0.1.tgz 0ms (cache hit)
4095 http cache minizlib@https://registry.npmjs.org/minizlib/-/minizlib-3.1.0.tgz 0ms (cache hit)
4096 http cache b4a@https://registry.npmjs.org/b4a/-/b4a-1.8.1.tgz 0ms (cache hit)
4097 http cache chownr@https://registry.npmjs.org/chownr/-/chownr-3.0.0.tgz 0ms (cache hit)
4098 http cache dom-serializer@https://registry.npmjs.org/dom-serializer/-/dom-serializer-2.0.0.tgz 0ms (cache hit)
4099 http cache domelementtype@https://registry.npmjs.org/domelementtype/-/domelementtype-2.3.0.tgz 0ms (cache hit)
4100 http cache mdn-data@https://registry.npmjs.org/mdn-data/-/mdn-data-2.27.1.tgz 0ms (cache hit)
4101 http cache domutils@https://registry.npmjs.org/domutils/-/domutils-3.2.2.tgz 0ms (cache hit)
4102 http cache domhandler@https://registry.npmjs.org/domhandler/-/domhandler-5.0.3.tgz 0ms (cache hit)
4103 http cache nth-check@https://registry.npmjs.org/nth-check/-/nth-check-2.1.1.tgz 0ms (cache hit)
4104 http cache boolbase@https://registry.npmjs.org/boolbase/-/boolbase-1.0.0.tgz 0ms (cache hit)
4105 http cache commander@https://registry.npmjs.org/commander/-/commander-15.0.0.tgz 0ms (cache hit)
4106 http cache sax@https://registry.npmjs.org/sax/-/sax-1.6.1.tgz 0ms (cache hit)
4107 http cache csso@https://registry.npmjs.org/csso/-/csso-5.0.5.tgz 0ms (cache hit)
4108 http cache css-what@https://registry.npmjs.org/css-what/-/css-what-7.0.0.tgz 0ms (cache hit)
4109 http cache css-select@https://registry.npmjs.org/css-select/-/css-select-6.0.0.tgz 0ms (cache hit)
4110 http cache css-tree@https://registry.npmjs.org/css-tree/-/css-tree-3.2.1.tgz 0ms (cache hit)
4111 http cache safe-buffer@https://registry.npmjs.org/safe-buffer/-/safe-buffer-5.2.1.tgz 0ms (cache hit)
4112 http cache @polka/url@https://registry.npmjs.org/@polka/url/-/url-1.0.0-next.29.tgz 0ms (cache hit)
4113 http cache totalist@https://registry.npmjs.org/totalist/-/totalist-3.0.1.tgz 0ms (cache hit)
4114 http cache @simple-git/argv-parser@https://registry.npmjs.org/@simple-git/argv-parser/-/argv-parser-1.1.1.tgz 0ms (cache hit)
4115 http cache mrmime@https://registry.npmjs.org/mrmime/-/mrmime-2.0.1.tgz 0ms (cache hit)
4116 http cache shebang-regex@https://registry.npmjs.org/shebang-regex/-/shebang-regex-3.0.0.tgz 0ms (cache hit)
4117 http cache ee-first@https://registry.npmjs.org/ee-first/-/ee-first-1.1.1.tgz 0ms (cache hit)
4118 http cache @kwsites/promise-deferred@https://registry.npmjs.org/@kwsites/promise-deferred/-/promise-deferred-1.1.1.tgz 0ms (cache hit)
4119 http cache @kwsites/file-exists@https://registry.npmjs.org/@kwsites/file-exists/-/file-exists-1.1.1.tgz 0ms (cache hit)
4120 http cache mime-db@https://registry.npmjs.org/mime-db/-/mime-db-1.54.0.tgz 0ms (cache hit)
4121 http cache toidentifier@https://registry.npmjs.org/toidentifier/-/toidentifier-1.0.1.tgz 0ms (cache hit)
4122 http cache inherits@https://registry.npmjs.org/inherits/-/inherits-2.0.4.tgz 0ms (cache hit)
4123 http cache setprototypeof@https://registry.npmjs.org/setprototypeof/-/setprototypeof-1.2.0.tgz 0ms (cache hit)
4124 http cache statuses@https://registry.npmjs.org/statuses/-/statuses-2.0.2.tgz 0ms (cache hit)
4125 http cache on-finished@https://registry.npmjs.org/on-finished/-/on-finished-2.4.1.tgz 0ms (cache hit)
4126 http cache range-parser@https://registry.npmjs.org/range-parser/-/range-parser-1.3.0.tgz 0ms (cache hit)
4127 http cache mime-types@https://registry.npmjs.org/mime-types/-/mime-types-3.0.2.tgz 0ms (cache hit)
4128 http cache http-errors@https://registry.npmjs.org/http-errors/-/http-errors-2.0.1.tgz 0ms (cache hit)
4129 http cache fresh@https://registry.npmjs.org/fresh/-/fresh-2.0.0.tgz 0ms (cache hit)
4130 http cache send@https://registry.npmjs.org/send/-/send-1.2.1.tgz 0ms (cache hit)
4131 http cache parseurl@https://registry.npmjs.org/parseurl/-/parseurl-1.3.3.tgz 0ms (cache hit)
4132 http cache escape-html@https://registry.npmjs.org/escape-html/-/escape-html-1.0.3.tgz 0ms (cache hit)
4133 http cache encodeurl@https://registry.npmjs.org/encodeurl/-/encodeurl-2.0.0.tgz 0ms (cache hit)
4134 http cache is-docker@https://registry.npmjs.org/is-docker/-/is-docker-3.0.0.tgz 0ms (cache hit)
4135 http cache queue-microtask@https://registry.npmjs.org/queue-microtask/-/queue-microtask-1.2.3.tgz 0ms (cache hit)
4136 http cache run-applescript@https://registry.npmjs.org/run-applescript/-/run-applescript-7.1.0.tgz 0ms (cache hit)
4137 http cache bundle-name@https://registry.npmjs.org/bundle-name/-/bundle-name-4.1.0.tgz 0ms (cache hit)
4138 http cache powershell-utils@https://registry.npmjs.org/powershell-utils/-/powershell-utils-0.2.1.tgz 0ms (cache hit)
4139 http cache depd@https://registry.npmjs.org/depd/-/depd-2.0.0.tgz 0ms (cache hit)
4140 http cache is-inside-container@https://registry.npmjs.org/is-inside-container/-/is-inside-container-1.0.0.tgz 0ms (cache hit)
4141 http cache is-in-ssh@https://registry.npmjs.org/is-in-ssh/-/is-in-ssh-1.0.0.tgz 0ms (cache hit)
4142 http cache wsl-utils@https://registry.npmjs.org/wsl-utils/-/wsl-utils-1.0.0.tgz 0ms (cache hit)
4143 http cache define-lazy-prop@https://registry.npmjs.org/define-lazy-prop/-/define-lazy-prop-3.0.0.tgz 0ms (cache hit)
4144 http cache default-browser@https://registry.npmjs.org/default-browser/-/default-browser-5.5.1.tgz 0ms (cache hit)
4145 http cache yargs@https://registry.npmjs.org/yargs/-/yargs-18.1.0.tgz 0ms (cache hit)
4146 http cache @rollup/rollup-win32-x64-msvc@https://registry.npmjs.org/@rollup/rollup-win32-x64-msvc/-/rollup-win32-x64-msvc-4.63.1.tgz 0ms (cache hit)
4147 http cache @rollup/rollup-win32-x64-gnu@https://registry.npmjs.org/@rollup/rollup-win32-x64-gnu/-/rollup-win32-x64-gnu-4.63.1.tgz 0ms (cache hit)
4148 http cache @rolldown/binding-win32-x64-msvc@https://registry.npmjs.org/@rolldown/binding-win32-x64-msvc/-/binding-win32-x64-msvc-1.2.7.tgz 0ms (cache hit)
4149 http cache @oxc-project/types@https://registry.npmjs.org/@oxc-project/types/-/types-0.148.0.tgz 0ms (cache hit)
4150 http cache function-bind@https://registry.npmjs.org/function-bind/-/function-bind-1.1.2.tgz 0ms (cache hit)
4151 http cache hasown@https://registry.npmjs.org/hasown/-/hasown-2.0.4.tgz 0ms (cache hit)
4152 http cache supports-preserve-symlinks-flag@https://registry.npmjs.org/supports-preserve-symlinks-flag/-/supports-preserve-symlinks-flag-1.0.0.tgz 0ms (cache hit)
4153 http cache open@https://registry.npmjs.org/open/-/open-11.0.2.tgz 0ms (cache hit)
4154 http cache path-parse@https://registry.npmjs.org/path-parse/-/path-parse-1.0.7.tgz 0ms (cache hit)
4155 http cache is-core-module@https://registry.npmjs.org/is-core-module/-/is-core-module-2.16.2.tgz 0ms (cache hit)
4156 http cache es-errors@https://registry.npmjs.org/es-errors/-/es-errors-1.3.0.tgz 0ms (cache hit)
4157 http cache ieee754@https://registry.npmjs.org/ieee754/-/ieee754-1.2.1.tgz 0ms (cache hit)
4158 http cache base64-js@https://registry.npmjs.org/base64-js/-/base64-js-1.5.1.tgz 0ms (cache hit)
4159 http cache event-target-shim@https://registry.npmjs.org/event-target-shim/-/event-target-shim-5.0.1.tgz 0ms (cache hit)
4160 http cache string_decoder@https://registry.npmjs.org/string_decoder/-/string_decoder-1.3.0.tgz 0ms (cache hit)
4161 http cache process@https://registry.npmjs.org/process/-/process-0.11.10.tgz 0ms (cache hit)
4162 http cache events@https://registry.npmjs.org/events/-/events-3.3.0.tgz 0ms (cache hit)
4163 http cache abort-controller@https://registry.npmjs.org/abort-controller/-/abort-controller-3.0.0.tgz 0ms (cache hit)
4164 http cache default-browser-id@https://registry.npmjs.org/default-browser-id/-/default-browser-id-5.0.1.tgz 0ms (cache hit)
4165 http cache buffer@https://registry.npmjs.org/buffer/-/buffer-6.0.3.tgz 0ms (cache hit)
4166 http cache @simple-git/args-pathspec@https://registry.npmjs.org/@simple-git/args-pathspec/-/args-pathspec-1.0.3.tgz 0ms (cache hit)
4167 http cache svgo@https://registry.npmjs.org/svgo/-/svgo-4.1.0.tgz 0ms (cache hit)
4168 http cache util-deprecate@https://registry.npmjs.org/util-deprecate/-/util-deprecate-1.0.2.tgz 0ms (cache hit)
4169 http cache cssesc@https://registry.npmjs.org/cssesc/-/cssesc-3.0.0.tgz 0ms (cache hit)
4170 http cache @colordx/core@https://registry.npmjs.org/@colordx/core/-/core-5.8.0.tgz 0ms (cache hit)
4171 http cache stylehacks@https://registry.npmjs.org/stylehacks/-/stylehacks-8.0.4.tgz 0ms (cache hit)
4172 http cache caniuse-api@https://registry.npmjs.org/caniuse-api/-/caniuse-api-4.0.0.tgz 0ms (cache hit)
4173 http cache mimic-fn@https://registry.npmjs.org/mimic-fn/-/mimic-fn-4.0.0.tgz 0ms (cache hit)
4174 http cache postcss-selector-parser@https://registry.npmjs.org/postcss-selector-parser/-/postcss-selector-parser-7.1.6.tgz 0ms (cache hit)
4175 http cache abbrev@https://registry.npmjs.org/abbrev/-/abbrev-3.0.1.tgz 0ms (cache hit)
4176 http cache nanoid@https://registry.npmjs.org/nanoid/-/nanoid-3.3.18.tgz 0ms (cache hit)
4177 http cache whatwg-url@https://registry.npmjs.org/whatwg-url/-/whatwg-url-5.0.0.tgz 0ms (cache hit)
4178 http cache balanced-match@https://registry.npmjs.org/balanced-match/-/balanced-match-4.0.4.tgz 0ms (cache hit)
4179 http cache brace-expansion@https://registry.npmjs.org/brace-expansion/-/brace-expansion-5.0.9.tgz 0ms (cache hit)
4180 http cache to-regex-range@https://registry.npmjs.org/to-regex-range/-/to-regex-range-5.0.1.tgz 0ms (cache hit)
4181 http cache fill-range@https://registry.npmjs.org/fill-range/-/fill-range-7.1.1.tgz 0ms (cache hit)
4182 http cache standard-as-callback@https://registry.npmjs.org/standard-as-callback/-/standard-as-callback-2.1.0.tgz 0ms (cache hit)
4183 http cache braces@https://registry.npmjs.org/braces/-/braces-3.0.3.tgz 0ms (cache hit)
4184 http cache redis-parser@https://registry.npmjs.org/redis-parser/-/redis-parser-3.0.0.tgz 0ms (cache hit)
4185 http cache redis-errors@https://registry.npmjs.org/redis-errors/-/redis-errors-1.2.0.tgz 0ms (cache hit)
4186 http cache cluster-key-slot@https://registry.npmjs.org/cluster-key-slot/-/cluster-key-slot-1.1.1.tgz 0ms (cache hit)
4187 http cache denque@https://registry.npmjs.org/denque/-/denque-2.1.0.tgz 0ms (cache hit)
4188 http cache @ioredis/commands@https://registry.npmjs.org/@ioredis/commands/-/commands-1.10.0.tgz 0ms (cache hit)
4189 http cache agent-base@https://registry.npmjs.org/agent-base/-/agent-base-7.1.4.tgz 0ms (cache hit)
4190 http cache reusify@https://registry.npmjs.org/reusify/-/reusify-1.1.0.tgz 0ms (cache hit)
4191 http cache run-parallel@https://registry.npmjs.org/run-parallel/-/run-parallel-1.2.0.tgz 0ms (cache hit)
4192 http cache @nodelib/fs.scandir@https://registry.npmjs.org/@nodelib/fs.scandir/-/fs.scandir-2.1.5.tgz 0ms (cache hit)
4193 http cache fastq@https://registry.npmjs.org/fastq/-/fastq-1.20.3.tgz 0ms (cache hit)
4194 http cache duplexer@https://registry.npmjs.org/duplexer/-/duplexer-0.1.2.tgz 0ms (cache hit)
4195 http cache merge2@https://registry.npmjs.org/merge2/-/merge2-1.4.1.tgz 0ms (cache hit)
4196 http cache glob-parent@https://registry.npmjs.org/glob-parent/-/glob-parent-5.1.2.tgz 0ms (cache hit)
4197 http cache @nodelib/fs.stat@https://registry.npmjs.org/@nodelib/fs.stat/-/fs.stat-2.0.5.tgz 0ms (cache hit)
4198 http cache @nodelib/fs.walk@https://registry.npmjs.org/@nodelib/fs.walk/-/fs.walk-1.2.8.tgz 0ms (cache hit)
4199 http cache unicorn-magic@https://registry.npmjs.org/unicorn-magic/-/unicorn-magic-0.4.0.tgz 0ms (cache hit)
4200 http cache @sindresorhus/merge-streams@https://registry.npmjs.org/@sindresorhus/merge-streams/-/merge-streams-4.0.0.tgz 0ms (cache hit)
4201 http cache slash@https://registry.npmjs.org/slash/-/slash-5.1.0.tgz 0ms (cache hit)
4202 http cache micromatch@https://registry.npmjs.org/micromatch/-/micromatch-4.0.8.tgz 0ms (cache hit)
4203 http cache fast-glob@https://registry.npmjs.org/fast-glob/-/fast-glob-3.3.3.tgz 0ms (cache hit)
4204 http cache @esbuild/win32-x64@https://registry.npmjs.org/@esbuild/win32-x64/-/win32-x64-0.28.2.tgz 0ms (cache hit)
4205 http cache path-scurry@https://registry.npmjs.org/path-scurry/-/path-scurry-2.0.2.tgz 0ms (cache hit)
4206 http cache minipass@https://registry.npmjs.org/minipass/-/minipass-7.1.3.tgz 0ms (cache hit)
4207 http cache minimatch@https://registry.npmjs.org/minimatch/-/minimatch-10.2.6.tgz 0ms (cache hit)
4208 http cache type-fest@https://registry.npmjs.org/type-fest/-/type-fest-5.9.0.tgz 0ms (cache hit)
4209 http cache file-uri-to-path@https://registry.npmjs.org/file-uri-to-path/-/file-uri-to-path-1.0.0.tgz 0ms (cache hit)
4210 http cache lodash@https://registry.npmjs.org/lodash/-/lodash-4.18.1.tgz 0ms (cache hit)
4211 http cache normalize-path@https://registry.npmjs.org/normalize-path/-/normalize-path-3.0.0.tgz 0ms (cache hit)
4212 http cache lazystream@https://registry.npmjs.org/lazystream/-/lazystream-1.0.1.tgz 0ms (cache hit)
4213 http cache zip-stream@https://registry.npmjs.org/zip-stream/-/zip-stream-6.0.1.tgz 0ms (cache hit)
4214 http cache tar-stream@https://registry.npmjs.org/tar-stream/-/tar-stream-3.2.1.tgz 0ms (cache hit)
4215 http cache readdir-glob@https://registry.npmjs.org/readdir-glob/-/readdir-glob-1.1.3.tgz 0ms (cache hit)
4216 http cache readable-stream@https://registry.npmjs.org/readable-stream/-/readable-stream-4.7.0.tgz 0ms (cache hit)
4217 http cache buffer-crc32@https://registry.npmjs.org/buffer-crc32/-/buffer-crc32-1.0.0.tgz 0ms (cache hit)
4218 http cache archiver-utils@https://registry.npmjs.org/archiver-utils/-/archiver-utils-5.0.2.tgz 0ms (cache hit)
4219 http cache async@https://registry.npmjs.org/async/-/async-3.2.6.tgz 0ms (cache hit)
4220 http cache nopt@https://registry.npmjs.org/nopt/-/nopt-8.1.0.tgz 0ms (cache hit)
4221 http cache tar@https://registry.npmjs.org/tar/-/tar-7.5.22.tgz 0ms (cache hit)
4222 http cache https-proxy-agent@https://registry.npmjs.org/https-proxy-agent/-/https-proxy-agent-7.0.6.tgz 0ms (cache hit)
4223 http cache node-fetch@https://registry.npmjs.org/node-fetch/-/node-fetch-2.7.0.tgz 0ms (cache hit)
4224 http cache detect-libc@https://registry.npmjs.org/detect-libc/-/detect-libc-2.1.2.tgz 0ms (cache hit)
4225 http cache resolve-from@https://registry.npmjs.org/resolve-from/-/resolve-from-5.0.0.tgz 0ms (cache hit)
4226 http cache node-gyp-build@https://registry.npmjs.org/node-gyp-build/-/node-gyp-build-4.8.4.tgz 0ms (cache hit)
4227 http cache graceful-fs@https://registry.npmjs.org/graceful-fs/-/graceful-fs-4.2.11.tgz 0ms (cache hit)
4228 http cache glob@https://registry.npmjs.org/glob/-/glob-13.0.6.tgz 0ms (cache hit)
4229 http cache bindings@https://registry.npmjs.org/bindings/-/bindings-1.5.0.tgz 0ms (cache hit)
4230 http cache async-sema@https://registry.npmjs.org/async-sema/-/async-sema-3.1.1.tgz 0ms (cache hit)
4231 http cache @mapbox/node-pre-gyp@https://registry.npmjs.org/@mapbox/node-pre-gyp/-/node-pre-gyp-2.0.3.tgz 0ms (cache hit)
4232 http cache @types/estree@https://registry.npmjs.org/@types/estree/-/estree-1.0.9.tgz 0ms (cache hit)
4233 http cache acorn-import-attributes@https://registry.npmjs.org/acorn-import-attributes/-/acorn-import-attributes-1.9.5.tgz 0ms (cache hit)
4234 http cache serialize-javascript@https://registry.npmjs.org/serialize-javascript/-/serialize-javascript-7.1.1.tgz 1ms (cache hit)
4235 http cache smob@https://registry.npmjs.org/smob/-/smob-1.6.2.tgz 0ms (cache hit)
4236 http cache terser@https://registry.npmjs.org/terser/-/terser-5.51.2.tgz 0ms (cache hit)
4237 http cache resolve@https://registry.npmjs.org/resolve/-/resolve-1.22.12.tgz 0ms (cache hit)
4238 http cache is-module@https://registry.npmjs.org/is-module/-/is-module-1.0.0.tgz 0ms (cache hit)
4239 http cache @types/resolve@https://registry.npmjs.org/@types/resolve/-/resolve-1.20.2.tgz 0ms (cache hit)
4240 http cache deepmerge@https://registry.npmjs.org/deepmerge/-/deepmerge-4.3.1.tgz 0ms (cache hit)
4241 http cache @rollup/pluginutils@https://registry.npmjs.org/@rollup/pluginutils/-/pluginutils-5.4.0.tgz 0ms (cache hit)
4242 http cache is-reference@https://registry.npmjs.org/is-reference/-/is-reference-1.2.1.tgz 0ms (cache hit)
4243 http cache fdir@https://registry.npmjs.org/fdir/-/fdir-6.5.0.tgz 0ms (cache hit)
4244 http cache commondir@https://registry.npmjs.org/commondir/-/commondir-1.0.1.tgz 0ms (cache hit)
4245 http cache youch-core@https://registry.npmjs.org/youch-core/-/youch-core-0.3.3.tgz 0ms (cache hit)
4246 http cache unwasm@https://registry.npmjs.org/unwasm/-/unwasm-0.5.3.tgz 0ms (cache hit)
4247 http cache source-map@https://registry.npmjs.org/source-map/-/source-map-0.7.6.tgz 0ms (cache hit)
4248 http cache serve-static@https://registry.npmjs.org/serve-static/-/serve-static-2.2.1.tgz 0ms (cache hit)
4249 http cache serve-placeholder@https://registry.npmjs.org/serve-placeholder/-/serve-placeholder-2.0.2.tgz 0ms (cache hit)
4250 http cache pretty-bytes@https://registry.npmjs.org/pretty-bytes/-/pretty-bytes-7.1.3.tgz 0ms (cache hit)
4251 http cache rollup-plugin-visualizer@https://registry.npmjs.org/rollup-plugin-visualizer/-/rollup-plugin-visualizer-7.1.1.tgz 0ms (cache hit)
4252 http cache rollup@https://registry.npmjs.org/rollup/-/rollup-4.63.1.tgz 0ms (cache hit)
4253 http cache node-fetch-native@https://registry.npmjs.org/node-fetch-native/-/node-fetch-native-1.6.7.tgz 0ms (cache hit)
4254 http cache mime@https://registry.npmjs.org/mime/-/mime-4.1.0.tgz 0ms (cache hit)
4255 http cache httpxy@https://registry.npmjs.org/httpxy/-/httpxy-0.5.5.tgz 0ms (cache hit)
4256 http cache gzip-size@https://registry.npmjs.org/gzip-size/-/gzip-size-7.0.0.tgz 0ms (cache hit)
4257 http cache globby@https://registry.npmjs.org/globby/-/globby-16.2.4.tgz 0ms (cache hit)
4258 http cache etag@https://registry.npmjs.org/etag/-/etag-1.8.1.tgz 0ms (cache hit)
4259 http cache esbuild@https://registry.npmjs.org/esbuild/-/esbuild-0.28.2.tgz 0ms (cache hit)
4260 http cache dot-prop@https://registry.npmjs.org/dot-prop/-/dot-prop-10.2.0.tgz 0ms (cache hit)
4261 http cache db0@https://registry.npmjs.org/db0/-/db0-0.3.4.tgz 0ms (cache hit)
4262 http cache croner@https://registry.npmjs.org/croner/-/croner-10.0.1.tgz 0ms (cache hit)
4263 http cache ioredis@https://registry.npmjs.org/ioredis/-/ioredis-5.11.1.tgz 0ms (cache hit)
4264 http cache archiver@https://registry.npmjs.org/archiver/-/archiver-7.0.1.tgz 0ms (cache hit)
4265 http cache @vercel/nft@https://registry.npmjs.org/@vercel/nft/-/nft-1.11.0.tgz 0ms (cache hit)
4266 http cache @rollup/plugin-terser@https://registry.npmjs.org/@rollup/plugin-terser/-/plugin-terser-1.0.0.tgz 0ms (cache hit)
4267 http cache @rollup/plugin-node-resolve@https://registry.npmjs.org/@rollup/plugin-node-resolve/-/plugin-node-resolve-16.0.3.tgz 0ms (cache hit)
4268 http cache @rollup/plugin-json@https://registry.npmjs.org/@rollup/plugin-json/-/plugin-json-6.1.0.tgz 0ms (cache hit)
4269 http cache @rollup/plugin-alias@https://registry.npmjs.org/@rollup/plugin-alias/-/plugin-alias-6.0.0.tgz 0ms (cache hit)
4270 http cache @cloudflare/kv-asset-handler@https://registry.npmjs.org/@cloudflare/kv-asset-handler/-/kv-asset-handler-0.4.2.tgz 0ms (cache hit)
4271 http cache @rollup/plugin-commonjs@https://registry.npmjs.org/@rollup/plugin-commonjs/-/plugin-commonjs-29.0.3.tgz 0ms (cache hit)
4272 http cache @rollup/plugin-inject@https://registry.npmjs.org/@rollup/plugin-inject/-/plugin-inject-5.0.5.tgz 0ms (cache hit)
4273 http cache acorn@https://registry.npmjs.org/acorn/-/acorn-8.18.0.tgz 0ms (cache hit)
4274 http cache @rollup/plugin-replace@https://registry.npmjs.org/@rollup/plugin-replace/-/plugin-replace-6.0.3.tgz 0ms (cache hit)
4275 http cache yallist@https://registry.npmjs.org/yallist/-/yallist-3.1.1.tgz 0ms (cache hit)
4276 http cache quansync@https://registry.npmjs.org/quansync/-/quansync-0.2.11.tgz 0ms (cache hit)
4277 http cache is-extglob@https://registry.npmjs.org/is-extglob/-/is-extglob-2.1.1.tgz 0ms (cache hit)
4278 http cache is-glob@https://registry.npmjs.org/is-glob/-/is-glob-4.0.3.tgz 0ms (cache hit)
4279 http cache untun@https://registry.npmjs.org/untun/-/untun-0.2.2.tgz 0ms (cache hit)
4280 http cache uqr@https://registry.npmjs.org/uqr/-/uqr-0.1.3.tgz 0ms (cache hit)
4281 http cache node-forge@https://registry.npmjs.org/node-forge/-/node-forge-1.4.0.tgz 0ms (cache hit)
4282 http cache http-shutdown@https://registry.npmjs.org/http-shutdown/-/http-shutdown-1.2.2.tgz 0ms (cache hit)
4283 http cache ini@https://registry.npmjs.org/ini/-/ini-4.1.1.tgz 0ms (cache hit)
4284 http cache shell-quote@https://registry.npmjs.org/shell-quote/-/shell-quote-1.10.0.tgz 0ms (cache hit)
4285 http cache is-path-inside@https://registry.npmjs.org/is-path-inside/-/is-path-inside-4.0.0.tgz 0ms (cache hit)
4286 http cache global-directory@https://registry.npmjs.org/global-directory/-/global-directory-4.0.1.tgz 0ms (cache hit)
4287 http cache unplugin-utils@https://registry.npmjs.org/unplugin-utils/-/unplugin-utils-0.3.2.tgz 0ms (cache hit)
4288 http cache es-module-lexer@https://registry.npmjs.org/es-module-lexer/-/es-module-lexer-2.3.2.tgz 0ms (cache hit)
4289 http cache radix3@https://registry.npmjs.org/radix3/-/radix3-1.1.2.tgz 0ms (cache hit)
4290 http cache node-mock-http@https://registry.npmjs.org/node-mock-http/-/node-mock-http-1.0.5.tgz 0ms (cache hit)
4291 http cache iron-webcrypto@https://registry.npmjs.org/iron-webcrypto/-/iron-webcrypto-1.2.1.tgz 0ms (cache hit)
4292 http cache crossws@https://registry.npmjs.org/crossws/-/crossws-0.3.5.tgz 0ms (cache hit)
4293 http cache loader-utils@https://registry.npmjs.org/loader-utils/-/loader-utils-3.3.1.tgz 0ms (cache hit)
4294 http cache fast-string-truncated-width@https://registry.npmjs.org/fast-string-truncated-width/-/fast-string-truncated-width-3.0.3.tgz 0ms (cache hit)
4295 http cache cac@https://registry.npmjs.org/cac/-/cac-6.7.14.tgz 0ms (cache hit)
4296 http cache path-key@https://registry.npmjs.org/path-key/-/path-key-3.1.1.tgz 0ms (cache hit)
4297 http cache shebang-command@https://registry.npmjs.org/shebang-command/-/shebang-command-2.0.0.tgz 0ms (cache hit)
4298 http cache strip-final-newline@https://registry.npmjs.org/strip-final-newline/-/strip-final-newline-3.0.0.tgz 0ms (cache hit)
4299 http cache npm-run-path@https://registry.npmjs.org/npm-run-path/-/npm-run-path-5.3.0.tgz 0ms (cache hit)
4300 http cache signal-exit@https://registry.npmjs.org/signal-exit/-/signal-exit-4.1.0.tgz 0ms (cache hit)
4301 http cache onetime@https://registry.npmjs.org/onetime/-/onetime-6.0.0.tgz 0ms (cache hit)
4302 http cache merge-stream@https://registry.npmjs.org/merge-stream/-/merge-stream-2.0.0.tgz 0ms (cache hit)
4303 http cache is-stream@https://registry.npmjs.org/is-stream/-/is-stream-3.0.0.tgz 0ms (cache hit)
4304 http cache get-stream@https://registry.npmjs.org/get-stream/-/get-stream-8.0.1.tgz 0ms (cache hit)
4305 http cache cross-spawn@https://registry.npmjs.org/cross-spawn/-/cross-spawn-7.0.6.tgz 0ms (cache hit)
4306 http cache human-signals@https://registry.npmjs.org/human-signals/-/human-signals-5.0.0.tgz 0ms (cache hit)
4307 http cache ms@https://registry.npmjs.org/ms/-/ms-2.1.3.tgz 0ms (cache hit)
4308 http cache postcss-unique-selectors@https://registry.npmjs.org/postcss-unique-selectors/-/postcss-unique-selectors-8.0.4.tgz 0ms (cache hit)
4309 http cache postcss-svgo@https://registry.npmjs.org/postcss-svgo/-/postcss-svgo-8.0.6.tgz 0ms (cache hit)
4310 http cache postcss-reduce-transforms@https://registry.npmjs.org/postcss-reduce-transforms/-/postcss-reduce-transforms-8.0.4.tgz 0ms (cache hit)
4311 http cache postcss-reduce-initial@https://registry.npmjs.org/postcss-reduce-initial/-/postcss-reduce-initial-8.0.5.tgz 0ms (cache hit)
4312 http cache postcss-ordered-values@https://registry.npmjs.org/postcss-ordered-values/-/postcss-ordered-values-8.0.5.tgz 0ms (cache hit)
4313 http cache postcss-normalize-url@https://registry.npmjs.org/postcss-normalize-url/-/postcss-normalize-url-8.0.4.tgz 0ms (cache hit)
4314 http cache postcss-normalize-unicode@https://registry.npmjs.org/postcss-normalize-unicode/-/postcss-normalize-unicode-8.0.4.tgz 0ms (cache hit)
4315 http cache postcss-normalize-string@https://registry.npmjs.org/postcss-normalize-string/-/postcss-normalize-string-8.0.4.tgz 0ms (cache hit)
4316 http cache postcss-normalize-timing-functions@https://registry.npmjs.org/postcss-normalize-timing-functions/-/postcss-normalize-timing-functions-8.0.4.tgz 0ms (cache hit)
4317 http cache postcss-normalize-repeat-style@https://registry.npmjs.org/postcss-normalize-repeat-style/-/postcss-normalize-repeat-style-8.0.4.tgz 1ms (cache hit)
4318 http cache postcss-normalize-positions@https://registry.npmjs.org/postcss-normalize-positions/-/postcss-normalize-positions-8.0.4.tgz 0ms (cache hit)
4319 http cache postcss-normalize-display-values@https://registry.npmjs.org/postcss-normalize-display-values/-/postcss-normalize-display-values-8.0.4.tgz 0ms (cache hit)
4320 http cache postcss-normalize-charset@https://registry.npmjs.org/postcss-normalize-charset/-/postcss-normalize-charset-8.0.5.tgz 0ms (cache hit)
4321 http cache postcss-minify-selectors@https://registry.npmjs.org/postcss-minify-selectors/-/postcss-minify-selectors-8.0.5.tgz 0ms (cache hit)
4322 http cache postcss-minify-params@https://registry.npmjs.org/postcss-minify-params/-/postcss-minify-params-8.0.4.tgz 0ms (cache hit)
4323 http cache postcss-minify-gradients@https://registry.npmjs.org/postcss-minify-gradients/-/postcss-minify-gradients-8.0.6.tgz 0ms (cache hit)
4324 http cache postcss-merge-rules@https://registry.npmjs.org/postcss-merge-rules/-/postcss-merge-rules-8.0.5.tgz 0ms (cache hit)
4325 http cache postcss-minify-font-values@https://registry.npmjs.org/postcss-minify-font-values/-/postcss-minify-font-values-8.0.4.tgz 0ms (cache hit)
4326 http cache postcss-merge-longhand@https://registry.npmjs.org/postcss-merge-longhand/-/postcss-merge-longhand-8.0.4.tgz 0ms (cache hit)
4327 http cache postcss-discard-overridden@https://registry.npmjs.org/postcss-discard-overridden/-/postcss-discard-overridden-8.0.4.tgz 0ms (cache hit)
4328 http cache postcss-discard-empty@https://registry.npmjs.org/postcss-discard-empty/-/postcss-discard-empty-8.0.5.tgz 0ms (cache hit)
4329 http cache postcss-discard-comments@https://registry.npmjs.org/postcss-discard-comments/-/postcss-discard-comments-8.0.4.tgz 0ms (cache hit)
4330 http cache postcss-discard-duplicates@https://registry.npmjs.org/postcss-discard-duplicates/-/postcss-discard-duplicates-8.0.4.tgz 0ms (cache hit)
4331 http cache postcss-convert-values@https://registry.npmjs.org/postcss-convert-values/-/postcss-convert-values-8.0.4.tgz 0ms (cache hit)
4332 http cache postcss-colormin@https://registry.npmjs.org/postcss-colormin/-/postcss-colormin-8.0.5.tgz 0ms (cache hit)
4333 http cache cssnano-utils@https://registry.npmjs.org/cssnano-utils/-/cssnano-utils-6.0.4.tgz 0ms (cache hit)
4334 http cache postcss-calc@https://registry.npmjs.org/postcss-calc/-/postcss-calc-10.1.1.tgz 0ms (cache hit)
4335 http cache lilconfig@https://registry.npmjs.org/lilconfig/-/lilconfig-3.1.3.tgz 0ms (cache hit)
4336 http cache cssnano-preset-default@https://registry.npmjs.org/cssnano-preset-default/-/cssnano-preset-default-8.0.10.tgz 0ms (cache hit)
4337 http cache readdirp@https://registry.npmjs.org/readdirp/-/readdirp-5.1.1.tgz 0ms (cache hit)
4338 http cache dotenv@https://registry.npmjs.org/dotenv/-/dotenv-17.4.2.tgz 0ms (cache hit)
4339 http cache update-browserslist-db@https://registry.npmjs.org/update-browserslist-db/-/update-browserslist-db-1.3.2.tgz 0ms (cache hit)
4340 http cache node-releases@https://registry.npmjs.org/node-releases/-/node-releases-2.0.54.tgz 0ms (cache hit)
4341 http cache electron-to-chromium@https://registry.npmjs.org/electron-to-chromium/-/electron-to-chromium-1.5.422.tgz 0ms (cache hit)
4342 http cache baseline-browser-mapping@https://registry.npmjs.org/baseline-browser-mapping/-/baseline-browser-mapping-2.11.21.tgz 0ms (cache hit)
4343 http cache @vue/devtools-shared@https://registry.npmjs.org/@vue/devtools-shared/-/devtools-shared-8.2.1.tgz 0ms (cache hit)
4344 http cache postcss-value-parser@https://registry.npmjs.org/postcss-value-parser/-/postcss-value-parser-4.2.0.tgz 0ms (cache hit)
4345 http cache caniuse-lite@https://registry.npmjs.org/caniuse-lite/-/caniuse-lite-1.0.30001810.tgz 0ms (cache hit)
4346 http cache fraction.js@https://registry.npmjs.org/fraction.js/-/fraction.js-5.3.4.tgz 0ms (cache hit)
4347 http cache @vue/compiler-ssr@https://registry.npmjs.org/@vue/compiler-ssr/-/compiler-ssr-3.5.42.tgz 0ms (cache hit)
4348 http cache @vue/compiler-core@https://registry.npmjs.org/@vue/compiler-core/-/compiler-core-3.5.42.tgz 0ms (cache hit)
4349 http cache estree-walker@https://registry.npmjs.org/estree-walker/-/estree-walker-2.0.2.tgz 0ms (cache hit)
4350 http cache source-map-js@https://registry.npmjs.org/source-map-js/-/source-map-js-1.2.1.tgz 0ms (cache hit)
4351 http cache entities@https://registry.npmjs.org/entities/-/entities-7.0.1.tgz 0ms (cache hit)
4352 http cache @vue/compiler-sfc@https://registry.npmjs.org/@vue/compiler-sfc/-/compiler-sfc-3.5.42.tgz 0ms (cache hit)
4353 http cache @babel/plugin-syntax-jsx@https://registry.npmjs.org/@babel/plugin-syntax-jsx/-/plugin-syntax-jsx-7.29.7.tgz 0ms (cache hit)
4354 http cache @jridgewell/resolve-uri@https://registry.npmjs.org/@jridgewell/resolve-uri/-/resolve-uri-3.1.2.tgz 0ms (cache hit)
4355 http cache @vue/babel-helper-vue-transform-on@https://registry.npmjs.org/@vue/babel-helper-vue-transform-on/-/babel-helper-vue-transform-on-2.0.1.tgz 0ms (cache hit)
4356 http cache @vue/babel-plugin-resolve-type@https://registry.npmjs.org/@vue/babel-plugin-resolve-type/-/babel-plugin-resolve-type-2.0.1.tgz 0ms (cache hit)
4357 http cache @jridgewell/sourcemap-codec@https://registry.npmjs.org/@jridgewell/sourcemap-codec/-/sourcemap-codec-1.6.0.tgz 0ms (cache hit)
4358 http cache @babel/helper-string-parser@https://registry.npmjs.org/@babel/helper-string-parser/-/helper-string-parser-7.29.7.tgz 0ms (cache hit)
4359 http cache @babel/helper-replace-supers@https://registry.npmjs.org/@babel/helper-replace-supers/-/helper-replace-supers-7.29.7.tgz 0ms (cache hit)
4360 http cache @babel/helper-optimise-call-expression@https://registry.npmjs.org/@babel/helper-optimise-call-expression/-/helper-optimise-call-expression-7.29.7.tgz 0ms (cache hit)
4361 http cache @babel/helper-member-expression-to-functions@https://registry.npmjs.org/@babel/helper-member-expression-to-functions/-/helper-member-expression-to-functions-7.29.7.tgz 0ms (cache hit)
4362 http cache @babel/helper-create-class-features-plugin@https://registry.npmjs.org/@babel/helper-create-class-features-plugin/-/helper-create-class-features-plugin-7.29.7.tgz 0ms (cache hit)
4363 http cache @babel/helper-annotate-as-pure@https://registry.npmjs.org/@babel/helper-annotate-as-pure/-/helper-annotate-as-pure-7.29.7.tgz 0ms (cache hit)
4364 http cache @babel/helper-skip-transparent-expression-wrappers@https://registry.npmjs.org/@babel/helper-skip-transparent-expression-wrappers/-/helper-skip-transparent-expression-wrappers-7.29.7.tgz 0ms (cache hit)
4365 http cache @babel/helper-plugin-utils@https://registry.npmjs.org/@babel/helper-plugin-utils/-/helper-plugin-utils-7.29.7.tgz 0ms (cache hit)
4366 http cache @babel/helper-globals@https://registry.npmjs.org/@babel/helper-globals/-/helper-globals-7.29.7.tgz 0ms (cache hit)
4367 http cache @babel/helper-module-imports@https://registry.npmjs.org/@babel/helper-module-imports/-/helper-module-imports-7.29.7.tgz 0ms (cache hit)
4368 http cache lru-cache@https://registry.npmjs.org/lru-cache/-/lru-cache-5.1.1.tgz 0ms (cache hit)
4369 http cache browserslist@https://registry.npmjs.org/browserslist/-/browserslist-4.28.8.tgz 0ms (cache hit)
4370 http cache jsesc@https://registry.npmjs.org/jsesc/-/jsesc-3.1.0.tgz 0ms (cache hit)
4371 http cache @babel/helper-validator-option@https://registry.npmjs.org/@babel/helper-validator-option/-/helper-validator-option-7.29.7.tgz 0ms (cache hit)
4372 http cache postcss-normalize-whitespace@https://registry.npmjs.org/postcss-normalize-whitespace/-/postcss-normalize-whitespace-8.0.5.tgz 0ms (cache hit)
4373 http cache @babel/helper-validator-identifier@https://registry.npmjs.org/@babel/helper-validator-identifier/-/helper-validator-identifier-7.29.7.tgz 0ms (cache hit)
4374 http cache picocolors@https://registry.npmjs.org/picocolors/-/picocolors-1.1.1.tgz 0ms (cache hit)
4375 http cache @babel/compat-data@https://registry.npmjs.org/@babel/compat-data/-/compat-data-7.29.7.tgz 0ms (cache hit)
4376 http cache @jridgewell/gen-mapping@https://registry.npmjs.org/@jridgewell/gen-mapping/-/gen-mapping-0.3.13.tgz 0ms (cache hit)
4377 http cache @jridgewell/trace-mapping@https://registry.npmjs.org/@jridgewell/trace-mapping/-/trace-mapping-0.3.31.tgz 0ms (cache hit)
4378 http cache @jridgewell/remapping@https://registry.npmjs.org/@jridgewell/remapping/-/remapping-2.3.5.tgz 0ms (cache hit)
4379 http cache json5@https://registry.npmjs.org/json5/-/json5-2.2.3.tgz 0ms (cache hit)
4380 http cache gensync@https://registry.npmjs.org/gensync/-/gensync-1.0.0-beta.2.tgz 0ms (cache hit)
4381 http cache convert-source-map@https://registry.npmjs.org/convert-source-map/-/convert-source-map-2.0.0.tgz 0ms (cache hit)
4382 http cache @babel/types@https://registry.npmjs.org/@babel/types/-/types-7.29.8.tgz 0ms (cache hit)
4383 http cache @babel/traverse@https://registry.npmjs.org/@babel/traverse/-/traverse-7.29.8.tgz 0ms (cache hit)
4384 http cache @babel/template@https://registry.npmjs.org/@babel/template/-/template-7.29.7.tgz 0ms (cache hit)
4385 http cache @babel/helpers@https://registry.npmjs.org/@babel/helpers/-/helpers-7.29.7.tgz 0ms (cache hit)
4386 http cache @babel/parser@https://registry.npmjs.org/@babel/parser/-/parser-7.29.8.tgz 0ms (cache hit)
4387 http cache @babel/helper-module-transforms@https://registry.npmjs.org/@babel/helper-module-transforms/-/helper-module-transforms-7.29.7.tgz 0ms (cache hit)
4388 http cache @babel/helper-compilation-targets@https://registry.npmjs.org/@babel/helper-compilation-targets/-/helper-compilation-targets-7.29.7.tgz 0ms (cache hit)
4389 http cache @vue/babel-plugin-jsx@https://registry.npmjs.org/@vue/babel-plugin-jsx/-/babel-plugin-jsx-2.0.1.tgz 0ms (cache hit)
4390 http cache @babel/code-frame@https://registry.npmjs.org/@babel/code-frame/-/code-frame-7.29.7.tgz 0ms (cache hit)
4391 http cache @babel/generator@https://registry.npmjs.org/@babel/generator/-/generator-7.29.8.tgz 0ms (cache hit)
4392 http cache @babel/plugin-transform-typescript@https://registry.npmjs.org/@babel/plugin-transform-typescript/-/plugin-transform-typescript-7.29.7.tgz 0ms (cache hit)
4393 http cache @babel/plugin-syntax-typescript@https://registry.npmjs.org/@babel/plugin-syntax-typescript/-/plugin-syntax-typescript-7.29.7.tgz 0ms (cache hit)
4394 http cache @babel/core@https://registry.npmjs.org/@babel/core/-/core-7.29.7.tgz 0ms (cache hit)
4395 http cache @rolldown/pluginutils@https://registry.npmjs.org/@rolldown/pluginutils/-/pluginutils-1.0.1.tgz 0ms (cache hit)
4396 http cache @unhead/bundler@https://registry.npmjs.org/@unhead/bundler/-/bundler-3.4.0.tgz 0ms (cache hit)
4397 http cache vite-plugin-checker@https://registry.npmjs.org/vite-plugin-checker/-/vite-plugin-checker-0.14.5.tgz 0ms (cache hit)
4398 http cache vite-node@https://registry.npmjs.org/vite-node/-/vite-node-6.0.0.tgz 0ms (cache hit)
4399 http cache unenv@https://registry.npmjs.org/unenv/-/unenv-2.0.0-rc.24.tgz 0ms (cache hit)
4400 http cache seroval@https://registry.npmjs.org/seroval/-/seroval-1.6.4.tgz 0ms (cache hit)
4401 http cache js-tokens@https://registry.npmjs.org/js-tokens/-/js-tokens-10.0.0.tgz 0ms (cache hit)
4402 http cache generic-names@https://registry.npmjs.org/generic-names/-/generic-names-4.0.0.tgz 0ms (cache hit)
4403 http cache cssnano@https://registry.npmjs.org/cssnano/-/cssnano-8.0.10.tgz 0ms (cache hit)
4404 http cache autoprefixer@https://registry.npmjs.org/autoprefixer/-/autoprefixer-10.5.4.tgz 0ms (cache hit)
4405 http cache postcss@https://registry.npmjs.org/postcss/-/postcss-8.5.28.tgz 0ms (cache hit)
4406 http cache @vitejs/plugin-vue@https://registry.npmjs.org/@vitejs/plugin-vue/-/plugin-vue-6.0.8.tgz 0ms (cache hit)
4407 http cache vue-devtools-stub@https://registry.npmjs.org/vue-devtools-stub/-/vue-devtools-stub-0.1.0.tgz 0ms (cache hit)
4408 http cache vue-bundle-renderer@https://registry.npmjs.org/vue-bundle-renderer/-/vue-bundle-renderer-2.3.2.tgz 0ms (cache hit)
4409 http cache nitropack@https://registry.npmjs.org/nitropack/-/nitropack-2.13.4.tgz 0ms (cache hit)
4410 http cache mocked-exports@https://registry.npmjs.org/mocked-exports/-/mocked-exports-0.1.1.tgz 0ms (cache hit)
4411 http cache @nuxt/devalue@https://registry.npmjs.org/@nuxt/devalue/-/devalue-2.0.2.tgz 0ms (cache hit)
4412 http cache h3@https://registry.npmjs.org/h3/-/h3-1.15.11.tgz 0ms (cache hit)
4413 http cache rc9@https://registry.npmjs.org/rc9/-/rc9-3.1.0.tgz 0ms (cache hit)
4414 http cache ws@https://registry.npmjs.org/ws/-/ws-8.21.3.tgz 0ms (cache hit)
4415 http cache @vitejs/plugin-vue-jsx@https://registry.npmjs.org/@vitejs/plugin-vue-jsx/-/plugin-vue-jsx-5.1.6.tgz 0ms (cache hit)
4416 http cache diff@https://registry.npmjs.org/diff/-/diff-8.0.4.tgz 0ms (cache hit)
4417 http cache which@https://registry.npmjs.org/which/-/which-6.0.1.tgz 0ms (cache hit)
4418 http cache vite-plugin-vue-tracer@https://registry.npmjs.org/vite-plugin-vue-tracer/-/vite-plugin-vue-tracer-1.5.0.tgz 0ms (cache hit)
4419 http cache vite-plugin-inspect@https://registry.npmjs.org/vite-plugin-inspect/-/vite-plugin-inspect-11.4.1.tgz 0ms (cache hit)
4420 http cache unstorage@https://registry.npmjs.org/unstorage/-/unstorage-1.17.5.tgz 0ms (cache hit)
4421 http cache structured-clone-es@https://registry.npmjs.org/structured-clone-es/-/structured-clone-es-2.0.1.tgz 0ms (cache hit)
4422 http cache sirv@https://registry.npmjs.org/sirv/-/sirv-3.0.2.tgz 0ms (cache hit)
4423 http cache simple-git@https://registry.npmjs.org/simple-git/-/simple-git-3.36.0.tgz 0ms (cache hit)
4424 http cache magicast@https://registry.npmjs.org/magicast/-/magicast-0.5.4.tgz 0ms (cache hit)
4425 http cache local-pkg@https://registry.npmjs.org/local-pkg/-/local-pkg-1.2.1.tgz 0ms (cache hit)
4426 http cache launch-editor@https://registry.npmjs.org/launch-editor/-/launch-editor-2.14.1.tgz 0ms (cache hit)
4427 http cache is-installed-globally@https://registry.npmjs.org/is-installed-globally/-/is-installed-globally-1.0.0.tgz 0ms (cache hit)
4428 http cache image-meta@https://registry.npmjs.org/image-meta/-/image-meta-0.2.2.tgz 0ms (cache hit)
4429 http cache get-port-please@https://registry.npmjs.org/get-port-please/-/get-port-please-3.2.0.tgz 0ms (cache hit)
4430 http cache fast-npm-meta@https://registry.npmjs.org/fast-npm-meta/-/fast-npm-meta-2.2.0.tgz 0ms (cache hit)
4431 http cache execa@https://registry.npmjs.org/execa/-/execa-8.0.1.tgz 0ms (cache hit)
4432 http cache error-stack-parser-es@https://registry.npmjs.org/error-stack-parser-es/-/error-stack-parser-es-2.0.1.tgz 0ms (cache hit)
4433 http cache @vue/devtools-kit@https://registry.npmjs.org/@vue/devtools-kit/-/devtools-kit-8.2.1.tgz 0ms (cache hit)
4434 http cache destr@https://registry.npmjs.org/destr/-/destr-2.0.5.tgz 0ms (cache hit)
4435 http cache birpc@https://registry.npmjs.org/birpc/-/birpc-4.2.0.tgz 0ms (cache hit)
4436 http cache @vue/devtools-core@https://registry.npmjs.org/@vue/devtools-core/-/devtools-core-8.2.1.tgz 0ms (cache hit)
4437 http cache sisteransi@https://registry.npmjs.org/sisteransi/-/sisteransi-1.0.5.tgz 0ms (cache hit)
4438 http cache fast-wrap-ansi@https://registry.npmjs.org/fast-wrap-ansi/-/fast-wrap-ansi-0.2.2.tgz 0ms (cache hit)
4439 http cache @nuxt/devtools-wizard@https://registry.npmjs.org/@nuxt/devtools-wizard/-/devtools-wizard-3.4.2.tgz 0ms (cache hit)
4440 http cache @nuxt/devtools-kit@https://registry.npmjs.org/@nuxt/devtools-kit/-/devtools-kit-3.4.2.tgz 0ms (cache hit)
4441 http cache @clack/core@https://registry.npmjs.org/@clack/core/-/core-1.4.3.tgz 0ms (cache hit)
4442 http cache fast-string-width@https://registry.npmjs.org/fast-string-width/-/fast-string-width-3.0.2.tgz 0ms (cache hit)
4443 http cache youch@https://registry.npmjs.org/youch/-/youch-4.1.1.tgz 0ms (cache hit)
4444 http cache tinyexec@https://registry.npmjs.org/tinyexec/-/tinyexec-1.3.1.tgz 0ms (cache hit)
4445 http cache tinyclip@https://registry.npmjs.org/tinyclip/-/tinyclip-0.1.15.tgz 0ms (cache hit)
4446 http cache srvx@https://registry.npmjs.org/srvx/-/srvx-0.11.22.tgz 0ms (cache hit)
4447 http cache semver@https://registry.npmjs.org/semver/-/semver-7.8.5.tgz 0ms (cache hit)
4448 http cache listhen@https://registry.npmjs.org/listhen/-/listhen-1.10.1.tgz 0ms (cache hit)
4449 http cache giget@https://registry.npmjs.org/giget/-/giget-3.3.1.tgz 0ms (cache hit)
4450 http cache fzf@https://registry.npmjs.org/fzf/-/fzf-0.5.2.tgz 0ms (cache hit)
4451 http cache fuse.js@https://registry.npmjs.org/fuse.js/-/fuse.js-7.5.0.tgz 0ms (cache hit)
4452 http cache debug@https://registry.npmjs.org/debug/-/debug-4.4.3.tgz 0ms (cache hit)
4453 http cache @clack/prompts@https://registry.npmjs.org/@clack/prompts/-/prompts-1.7.0.tgz 0ms (cache hit)
4454 http cache citty@https://registry.npmjs.org/citty/-/citty-0.2.2.tgz 0ms (cache hit)
4455 http cache confbox@https://registry.npmjs.org/confbox/-/confbox-0.2.4.tgz 0ms (cache hit)
4456 http cache @bomb.sh/tab@https://registry.npmjs.org/@bomb.sh/tab/-/tab-0.0.19.tgz 0ms (cache hit)
4457 http cache @dxup/unimport@https://registry.npmjs.org/@dxup/unimport/-/unimport-0.1.2.tgz 0ms (cache hit)
4458 http cache @vue/compiler-dom@https://registry.npmjs.org/@vue/compiler-dom/-/compiler-dom-3.5.42.tgz 0ms (cache hit)
4459 http cache c12@https://registry.npmjs.org/c12/-/c12-3.3.4.tgz 0ms (cache hit)
4460 http cache vue-router@https://registry.npmjs.org/vue-router/-/vue-router-5.3.1.tgz 0ms (cache hit)
4461 http cache vue-component-type-helpers@https://registry.npmjs.org/vue-component-type-helpers/-/vue-component-type-helpers-3.3.11.tgz 0ms (cache hit)
4462 http cache verkit@https://registry.npmjs.org/verkit/-/verkit-0.3.2.tgz 0ms (cache hit)
4463 http cache untyped@https://registry.npmjs.org/untyped/-/untyped-2.0.0.tgz 0ms (cache hit)
4464 http cache unrouting@https://registry.npmjs.org/unrouting/-/unrouting-0.2.3.tgz 0ms (cache hit)
4465 http cache unplugin@https://registry.npmjs.org/unplugin/-/unplugin-3.3.0.tgz 0ms (cache hit)
4466 http cache undici@https://registry.npmjs.org/undici/-/undici-8.10.1.tgz 0ms (cache hit)
4467 http cache unhead@https://registry.npmjs.org/unhead/-/unhead-3.4.0.tgz 0ms (cache hit)
4468 http cache unimport@https://registry.npmjs.org/unimport/-/unimport-6.4.0.tgz 0ms (cache hit)
4469 http cache unctx@https://registry.npmjs.org/unctx/-/unctx-3.0.1.tgz 0ms (cache hit)
4470 http cache uncrypto@https://registry.npmjs.org/uncrypto/-/uncrypto-0.1.3.tgz 0ms (cache hit)
4471 http cache ultrahtml@https://registry.npmjs.org/ultrahtml/-/ultrahtml-1.7.0.tgz 0ms (cache hit)
4472 http cache ufo@https://registry.npmjs.org/ufo/-/ufo-1.6.4.tgz 0ms (cache hit)
4473 http cache scule@https://registry.npmjs.org/scule/-/scule-1.3.0.tgz 0ms (cache hit)
4474 http cache std-env@https://registry.npmjs.org/std-env/-/std-env-4.2.0.tgz 0ms (cache hit)
4475 http cache rou3@https://registry.npmjs.org/rou3/-/rou3-0.9.2.tgz 0ms (cache hit)
4476 http cache rolldown-string@https://registry.npmjs.org/rolldown-string/-/rolldown-string-0.3.1.tgz 0ms (cache hit)
4477 http cache tinyglobby@https://registry.npmjs.org/tinyglobby/-/tinyglobby-0.2.17.tgz 0ms (cache hit)
4478 http cache pkg-types@https://registry.npmjs.org/pkg-types/-/pkg-types-2.3.2.tgz 0ms (cache hit)
4479 http cache perfect-debounce@https://registry.npmjs.org/perfect-debounce/-/perfect-debounce-2.1.0.tgz 0ms (cache hit)
4480 http cache picomatch@https://registry.npmjs.org/picomatch/-/picomatch-4.0.7.tgz 0ms (cache hit)
4481 http cache on-change@https://registry.npmjs.org/on-change/-/on-change-6.0.2.tgz 0ms (cache hit)
4482 http cache pathe@https://registry.npmjs.org/pathe/-/pathe-2.0.3.tgz 0ms (cache hit)
4483 http cache oxc-walker@https://registry.npmjs.org/oxc-walker/-/oxc-walker-1.1.1.tgz 0ms (cache hit)
4484 http cache ohash@https://registry.npmjs.org/ohash/-/ohash-2.0.12.tgz 0ms (cache hit)
4485 http cache object-identity@https://registry.npmjs.org/object-identity/-/object-identity-0.2.3.tgz 0ms (cache hit)
4486 http cache nostics@https://registry.npmjs.org/nostics/-/nostics-1.2.0.tgz 0ms (cache hit)
4487 http cache nypm@https://registry.npmjs.org/nypm/-/nypm-0.6.9.tgz 0ms (cache hit)
4488 http cache magic-string@https://registry.npmjs.org/magic-string/-/magic-string-1.2.3.tgz 0ms (cache hit)
4489 http cache ofetch@https://registry.npmjs.org/ofetch/-/ofetch-1.5.1.tgz 0ms (cache hit)
4490 http cache nanotar@https://registry.npmjs.org/nanotar/-/nanotar-0.3.0.tgz 0ms (cache hit)
4491 http cache mlly@https://registry.npmjs.org/mlly/-/mlly-1.8.2.tgz 0ms (cache hit)
4492 http cache klona@https://registry.npmjs.org/klona/-/klona-2.0.6.tgz 0ms (cache hit)
4493 http cache knitwork@https://registry.npmjs.org/knitwork/-/knitwork-1.3.0.tgz 0ms (cache hit)
4494 http cache jiti@https://registry.npmjs.org/jiti/-/jiti-2.7.0.tgz 0ms (cache hit)
4495 http cache impound@https://registry.npmjs.org/impound/-/impound-1.2.0.tgz 0ms (cache hit)
4496 http cache ignore@https://registry.npmjs.org/ignore/-/ignore-7.0.8.tgz 0ms (cache hit)
4497 http cache hookable@https://registry.npmjs.org/hookable/-/hookable-6.1.1.tgz 0ms (cache hit)
4498 http cache exsolve@https://registry.npmjs.org/exsolve/-/exsolve-1.1.1.tgz 0ms (cache hit)
4499 http cache fnv1a-64@https://registry.npmjs.org/fnv1a-64/-/fnv1a-64-0.1.2.tgz 0ms (cache hit)
4500 http cache escape-string-regexp@https://registry.npmjs.org/escape-string-regexp/-/escape-string-regexp-5.0.0.tgz 0ms (cache hit)
4501 http cache devalue@https://registry.npmjs.org/devalue/-/devalue-5.9.2.tgz 0ms (cache hit)
4502 http cache errx@https://registry.npmjs.org/errx/-/errx-0.1.2.tgz 0ms (cache hit)
4503 http cache defu@https://registry.npmjs.org/defu/-/defu-6.1.7.tgz 0ms (cache hit)
4504 http cache cookie-es@https://registry.npmjs.org/cookie-es/-/cookie-es-3.1.1.tgz 0ms (cache hit)
4505 http cache compatx@https://registry.npmjs.org/compatx/-/compatx-0.2.0.tgz 0ms (cache hit)
4506 http cache consola@https://registry.npmjs.org/consola/-/consola-3.4.2.tgz 0ms (cache hit)
4507 http cache @vue/shared@https://registry.npmjs.org/@vue/shared/-/shared-3.5.42.tgz 0ms (cache hit)
4508 http cache @unhead/vue@https://registry.npmjs.org/@unhead/vue/-/vue-3.4.0.tgz 0ms (cache hit)
4509 http cache vue@https://registry.npmjs.org/vue/-/vue-3.5.42.tgz 0ms (cache hit)
4510 http cache chokidar@https://registry.npmjs.org/chokidar/-/chokidar-5.0.0.tgz 0ms (cache hit)
4511 http cache @nuxt/vite-builder@https://registry.npmjs.org/@nuxt/vite-builder/-/vite-builder-4.5.2.tgz 0ms (cache hit)
4512 http cache @nuxt/telemetry@https://registry.npmjs.org/@nuxt/telemetry/-/telemetry-2.9.1.tgz 0ms (cache hit)
4513 http cache @nuxt/kit@https://registry.npmjs.org/@nuxt/kit/-/kit-4.5.2.tgz 0ms (cache hit)
4514 http cache vite@https://registry.npmjs.org/vite/-/vite-8.2.2.tgz 0ms (cache hit)
4515 http cache @nuxt/nitro-server@https://registry.npmjs.org/@nuxt/nitro-server/-/nitro-server-4.5.2.tgz 0ms (cache hit)
4516 http cache @nuxt/schema@https://registry.npmjs.org/@nuxt/schema/-/schema-4.5.2.tgz 0ms (cache hit)
4517 http cache @dxup/nuxt@https://registry.npmjs.org/@dxup/nuxt/-/nuxt-0.5.10.tgz 0ms (cache hit)
4518 http cache rolldown@https://registry.npmjs.org/rolldown/-/rolldown-1.2.7.tgz 0ms (cache hit)
4519 http cache @nuxt/cli@https://registry.npmjs.org/@nuxt/cli/-/cli-3.37.0.tgz 0ms (cache hit)
4520 http cache @nuxt/devtools@https://registry.npmjs.org/@nuxt/devtools/-/devtools-3.4.2.tgz 0ms (cache hit)
4521 http cache nuxt@https://registry.npmjs.org/nuxt/-/nuxt-4.5.2.tgz 0ms (cache hit)
4522 http cache ansi-regex@https://registry.npmjs.org/ansi-regex/-/ansi-regex-5.0.1.tgz 0ms (cache hit)
4523 http cache ansi-regex@https://registry.npmjs.org/ansi-regex/-/ansi-regex-5.0.1.tgz 0ms (cache hit)
4524 http cache ansi-regex@https://registry.npmjs.org/ansi-regex/-/ansi-regex-5.0.1.tgz 0ms (cache hit)
4525 http cache strip-ansi@https://registry.npmjs.org/strip-ansi/-/strip-ansi-6.0.1.tgz 0ms (cache hit)
4526 http cache ansi-styles@https://registry.npmjs.org/ansi-styles/-/ansi-styles-4.3.0.tgz 0ms (cache hit)
4527 http cache string-width@https://registry.npmjs.org/string-width/-/string-width-4.2.3.tgz 0ms (cache hit)
4528 http cache strip-ansi@https://registry.npmjs.org/strip-ansi/-/strip-ansi-6.0.1.tgz 0ms (cache hit)
4529 http cache is-stream@https://registry.npmjs.org/is-stream/-/is-stream-2.0.1.tgz 0ms (cache hit)
4530 http cache wrap-ansi@https://registry.npmjs.org/wrap-ansi/-/wrap-ansi-8.1.0.tgz 0ms (cache hit)
4531 http cache emoji-regex@https://registry.npmjs.org/emoji-regex/-/emoji-regex-9.2.2.tgz 0ms (cache hit)
4532 http cache string-width@https://registry.npmjs.org/string-width/-/string-width-5.1.2.tgz 0ms (cache hit)
4533 http cache emoji-regex@https://registry.npmjs.org/emoji-regex/-/emoji-regex-10.6.0.tgz 0ms (cache hit)
4534 http cache string-width@https://registry.npmjs.org/string-width/-/string-width-7.2.0.tgz 0ms (cache hit)
4535 http cache magic-string@https://registry.npmjs.org/magic-string/-/magic-string-0.30.21.tgz 0ms (cache hit)
4536 http cache signal-exit@https://registry.npmjs.org/signal-exit/-/signal-exit-3.0.7.tgz 0ms (cache hit)
4537 http cache picomatch@https://registry.npmjs.org/picomatch/-/picomatch-2.3.2.tgz 0ms (cache hit)
4538 http cache source-map@https://registry.npmjs.org/source-map/-/source-map-0.6.1.tgz 0ms (cache hit)
4539 http cache entities@https://registry.npmjs.org/entities/-/entities-4.5.0.tgz 0ms (cache hit)
4540 http cache mdn-data@https://registry.npmjs.org/mdn-data/-/mdn-data-2.0.28.tgz 0ms (cache hit)
4541 http cache emoji-regex@https://registry.npmjs.org/emoji-regex/-/emoji-regex-10.6.0.tgz 0ms (cache hit)
4542 http cache powershell-utils@https://registry.npmjs.org/powershell-utils/-/powershell-utils-0.1.0.tgz 0ms (cache hit)
4543 http cache commander@https://registry.npmjs.org/commander/-/commander-11.1.0.tgz 0ms (cache hit)
4544 http cache picomatch@https://registry.npmjs.org/picomatch/-/picomatch-2.3.2.tgz 0ms (cache hit)
4545 http cache css-tree@https://registry.npmjs.org/css-tree/-/css-tree-2.2.1.tgz 0ms (cache hit)
4546 http cache string_decoder@https://registry.npmjs.org/string_decoder/-/string_decoder-1.1.1.tgz 0ms (cache hit)
4547 http cache string-width@https://registry.npmjs.org/string-width/-/string-width-7.2.0.tgz 0ms (cache hit)
4548 http cache lru-cache@https://registry.npmjs.org/lru-cache/-/lru-cache-11.5.2.tgz 0ms (cache hit)
4549 http cache readable-stream@https://registry.npmjs.org/readable-stream/-/readable-stream-2.3.8.tgz 0ms (cache hit)
4550 http cache brace-expansion@https://registry.npmjs.org/brace-expansion/-/brace-expansion-2.1.4.tgz 0ms (cache hit)
4551 http cache safe-buffer@https://registry.npmjs.org/safe-buffer/-/safe-buffer-5.1.2.tgz 0ms (cache hit)
4552 http cache balanced-match@https://registry.npmjs.org/balanced-match/-/balanced-match-1.0.2.tgz 0ms (cache hit)
4553 http cache minimatch@https://registry.npmjs.org/minimatch/-/minimatch-5.1.9.tgz 0ms (cache hit)
4554 http cache lru-cache@https://registry.npmjs.org/lru-cache/-/lru-cache-10.4.3.tgz 0ms (cache hit)
4555 http cache balanced-match@https://registry.npmjs.org/balanced-match/-/balanced-match-1.0.2.tgz 0ms (cache hit)
4556 http cache path-scurry@https://registry.npmjs.org/path-scurry/-/path-scurry-1.11.1.tgz 0ms (cache hit)
4557 http cache brace-expansion@https://registry.npmjs.org/brace-expansion/-/brace-expansion-2.1.4.tgz 0ms (cache hit)
4558 http cache yallist@https://registry.npmjs.org/yallist/-/yallist-5.0.0.tgz 0ms (cache hit)
4559 http cache is-stream@https://registry.npmjs.org/is-stream/-/is-stream-2.0.1.tgz 0ms (cache hit)
4560 http cache commander@https://registry.npmjs.org/commander/-/commander-2.20.3.tgz 0ms (cache hit)
4561 http cache magic-string@https://registry.npmjs.org/magic-string/-/magic-string-0.30.21.tgz 0ms (cache hit)
4562 http cache error-stack-parser-es@https://registry.npmjs.org/error-stack-parser-es/-/error-stack-parser-es-1.0.5.tgz 0ms (cache hit)
4563 http cache source-map@https://registry.npmjs.org/source-map/-/source-map-0.8.0.tgz 0ms (cache hit)
4564 http cache magic-string@https://registry.npmjs.org/magic-string/-/magic-string-0.30.21.tgz 0ms (cache hit)
4565 http cache magic-string@https://registry.npmjs.org/magic-string/-/magic-string-0.30.21.tgz 0ms (cache hit)
4566 http cache magic-string@https://registry.npmjs.org/magic-string/-/magic-string-0.30.21.tgz 0ms (cache hit)
4567 http cache path-key@https://registry.npmjs.org/path-key/-/path-key-4.0.0.tgz 0ms (cache hit)
4568 http cache isexe@https://registry.npmjs.org/isexe/-/isexe-2.0.0.tgz 0ms (cache hit)
4569 http cache which@https://registry.npmjs.org/which/-/which-2.0.2.tgz 0ms (cache hit)
4570 http cache magic-string@https://registry.npmjs.org/magic-string/-/magic-string-0.30.21.tgz 0ms (cache hit)
4571 http cache semver@https://registry.npmjs.org/semver/-/semver-6.3.1.tgz 0ms (cache hit)
4572 http cache semver@https://registry.npmjs.org/semver/-/semver-6.3.1.tgz 0ms (cache hit)
4573 http cache js-tokens@https://registry.npmjs.org/js-tokens/-/js-tokens-4.0.0.tgz 0ms (cache hit)
4574 http cache semver@https://registry.npmjs.org/semver/-/semver-6.3.1.tgz 0ms (cache hit)
4575 http cache unicorn-magic@https://registry.npmjs.org/unicorn-magic/-/unicorn-magic-0.3.0.tgz 0ms (cache hit)
4576 http cache path-key@https://registry.npmjs.org/path-key/-/path-key-4.0.0.tgz 0ms (cache hit)
4577 http cache npm-run-path@https://registry.npmjs.org/npm-run-path/-/npm-run-path-6.0.0.tgz 0ms (cache hit)
4578 http cache cac@https://registry.npmjs.org/cac/-/cac-7.0.0.tgz 0ms (cache hit)
4579 http cache minimatch@https://registry.npmjs.org/minimatch/-/minimatch-9.0.9.tgz 0ms (cache hit)
4580 http cache glob@https://registry.npmjs.org/glob/-/glob-10.5.0.tgz 0ms (cache hit)
4581 http cache unplugin@https://registry.npmjs.org/unplugin/-/unplugin-2.3.11.tgz 0ms (cache hit)
4582 http cache estree-walker@https://registry.npmjs.org/estree-walker/-/estree-walker-3.0.3.tgz 0ms (cache hit)
4583 http cache magic-string@https://registry.npmjs.org/magic-string/-/magic-string-0.30.21.tgz 0ms (cache hit)
4584 http cache unctx@https://registry.npmjs.org/unctx/-/unctx-2.5.0.tgz 0ms (cache hit)
4585 http cache cookie-es@https://registry.npmjs.org/cookie-es/-/cookie-es-1.2.3.tgz 1ms (cache hit)
4586 http cache estree-walker@https://registry.npmjs.org/estree-walker/-/estree-walker-3.0.3.tgz 0ms (cache hit)
4587 http cache error-stack-parser-es@https://registry.npmjs.org/error-stack-parser-es/-/error-stack-parser-es-1.0.5.tgz 0ms (cache hit)
4588 http cache lru-cache@https://registry.npmjs.org/lru-cache/-/lru-cache-11.5.2.tgz 0ms (cache hit)
4589 http cache cac@https://registry.npmjs.org/cac/-/cac-7.0.0.tgz 0ms (cache hit)
4590 http cache hookable@https://registry.npmjs.org/hookable/-/hookable-5.5.3.tgz 0ms (cache hit)
4591 http cache birpc@https://registry.npmjs.org/birpc/-/birpc-2.9.0.tgz 0ms (cache hit)
4592 http cache crossws@https://registry.npmjs.org/crossws/-/crossws-0.4.12.tgz 0ms (cache hit)
4593 http cache cookie-es@https://registry.npmjs.org/cookie-es/-/cookie-es-2.0.1.tgz 0ms (cache hit)
4594 http cache hookable@https://registry.npmjs.org/hookable/-/hookable-5.5.3.tgz 1ms (cache hit)
4595 http cache magic-string@https://registry.npmjs.org/magic-string/-/magic-string-0.30.21.tgz 0ms (cache hit)
4596 http cache citty@https://registry.npmjs.org/citty/-/citty-0.1.6.tgz 0ms (cache hit)
4597 http cache estree-walker@https://registry.npmjs.org/estree-walker/-/estree-walker-3.0.3.tgz 0ms (cache hit)
4598 http cache confbox@https://registry.npmjs.org/confbox/-/confbox-0.3.1.tgz 0ms (cache hit)
4599 silly tarball no local data for color-name@https://registry.npmjs.org/color-name/-/color-name-1.1.4.tgz. Extracting by manifest.
4600 silly tarball no local data for color-convert@https://registry.npmjs.org/color-convert/-/color-convert-2.0.1.tgz. Extracting by manifest.
4601 silly tarball no local data for process-nextick-args@https://registry.npmjs.org/process-nextick-args/-/process-nextick-args-2.0.1.tgz. Extracting by manifest.
4602 http cache confbox@https://registry.npmjs.org/confbox/-/confbox-0.1.8.tgz 0ms (cache hit)
4603 http cache pkg-types@https://registry.npmjs.org/pkg-types/-/pkg-types-1.3.1.tgz 0ms (cache hit)
4604 silly tarball no local data for isarray@https://registry.npmjs.org/isarray/-/isarray-1.0.0.tgz. Extracting by manifest.
4605 silly tarball no local data for core-util-is@https://registry.npmjs.org/core-util-is/-/core-util-is-1.0.3.tgz. Extracting by manifest.
4606 silly tarball no local data for is-fullwidth-code-point@https://registry.npmjs.org/is-fullwidth-code-point/-/is-fullwidth-code-point-3.0.0.tgz. Extracting by manifest.
4607 silly tarball no local data for eastasianwidth@https://registry.npmjs.org/eastasianwidth/-/eastasianwidth-0.2.0.tgz. Extracting by manifest.
4608 silly tarball no local data for emoji-regex@https://registry.npmjs.org/emoji-regex/-/emoji-regex-8.0.0.tgz. Extracting by manifest.
4609 silly tarball no local data for @isaacs/cliui@https://registry.npmjs.org/@isaacs/cliui/-/cliui-8.0.2.tgz. Extracting by manifest.
4610 silly tarball no local data for strip-ansi-cjs@https://registry.npmjs.org/strip-ansi/-/strip-ansi-6.0.1.tgz. Extracting by manifest.
4611 silly tarball no local data for wrap-ansi-cjs@https://registry.npmjs.org/wrap-ansi/-/wrap-ansi-7.0.0.tgz. Extracting by manifest.
4612 silly tarball no local data for string-width-cjs@https://registry.npmjs.org/string-width/-/string-width-4.2.3.tgz. Extracting by manifest.
4613 silly tarball no local data for @pkgjs/parseargs@https://registry.npmjs.org/@pkgjs/parseargs/-/parseargs-0.11.0.tgz. Extracting by manifest.
4614 silly tarball no local data for jackspeak@https://registry.npmjs.org/jackspeak/-/jackspeak-3.4.3.tgz. Extracting by manifest.
4615 silly tarball no local data for foreground-child@https://registry.npmjs.org/foreground-child/-/foreground-child-3.3.1.tgz. Extracting by manifest.
4616 silly tarball no local data for package-json-from-dist@https://registry.npmjs.org/package-json-from-dist/-/package-json-from-dist-1.0.1.tgz. Extracting by manifest.
4617 silly tarball no local data for crc32-stream@https://registry.npmjs.org/crc32-stream/-/crc32-stream-6.0.0.tgz. Extracting by manifest.
4618 silly tarball no local data for @poppinss/exception@https://registry.npmjs.org/@poppinss/exception/-/exception-1.2.3.tgz. Extracting by manifest.
4619 silly tarball no local data for compress-commons@https://registry.npmjs.org/compress-commons/-/compress-commons-6.0.2.tgz. Extracting by manifest.
4620 silly tarball no local data for crc-32@https://registry.npmjs.org/crc-32/-/crc-32-1.2.2.tgz. Extracting by manifest.
4621 silly tarball no local data for @sindresorhus/is@https://registry.npmjs.org/@sindresorhus/is/-/is-7.2.0.tgz. Extracting by manifest.
4622 silly tarball no local data for supports-color@https://registry.npmjs.org/supports-color/-/supports-color-10.2.2.tgz. Extracting by manifest.
4623 silly tarball no local data for kleur@https://registry.npmjs.org/kleur/-/kleur-4.1.5.tgz. Extracting by manifest.
4624 silly tarball no local data for @speed-highlight/core@https://registry.npmjs.org/@speed-highlight/core/-/core-1.2.24.tgz. Extracting by manifest.
4625 silly tarball no local data for @poppinss/dumper@https://registry.npmjs.org/@poppinss/dumper/-/dumper-0.7.0.tgz. Extracting by manifest.
4626 silly tarball no local data for @poppinss/colors@https://registry.npmjs.org/@poppinss/colors/-/colors-4.1.6.tgz. Extracting by manifest.
4627 silly tarball no local data for ansi-styles@https://registry.npmjs.org/ansi-styles/-/ansi-styles-6.2.3.tgz. Extracting by manifest.
4628 silly tarball no local data for ansi-regex@https://registry.npmjs.org/ansi-regex/-/ansi-regex-6.3.0.tgz. Extracting by manifest.
4629 silly tarball no local data for get-east-asian-width@https://registry.npmjs.org/get-east-asian-width/-/get-east-asian-width-1.6.0.tgz. Extracting by manifest.
4630 silly tarball no local data for wrap-ansi@https://registry.npmjs.org/wrap-ansi/-/wrap-ansi-9.0.2.tgz. Extracting by manifest.
4631 silly tarball no local data for strip-ansi@https://registry.npmjs.org/strip-ansi/-/strip-ansi-7.2.0.tgz. Extracting by manifest.
4632 silly tarball no local data for yargs-parser@https://registry.npmjs.org/yargs-parser/-/yargs-parser-22.0.0.tgz. Extracting by manifest.
4633 silly tarball no local data for y18n@https://registry.npmjs.org/y18n/-/y18n-5.0.8.tgz. Extracting by manifest.
4634 silly tarball no local data for string-width@https://registry.npmjs.org/string-width/-/string-width-8.2.2.tgz. Extracting by manifest.
4635 silly tarball no local data for get-caller-file@https://registry.npmjs.org/get-caller-file/-/get-caller-file-2.0.5.tgz. Extracting by manifest.
4636 silly tarball no local data for cliui@https://registry.npmjs.org/cliui/-/cliui-9.0.1.tgz. Extracting by manifest.
4637 silly tarball no local data for is-wsl@https://registry.npmjs.org/is-wsl/-/is-wsl-3.1.1.tgz. Extracting by manifest.
4638 silly tarball no local data for isexe@https://registry.npmjs.org/isexe/-/isexe-4.0.0.tgz. Extracting by manifest.
4639 silly tarball no local data for webidl-conversions@https://registry.npmjs.org/webidl-conversions/-/webidl-conversions-3.0.1.tgz. Extracting by manifest.
4640 silly tarball no local data for tr46@https://registry.npmjs.org/tr46/-/tr46-0.0.3.tgz. Extracting by manifest.
4641 silly tarball no local data for magic-string-ast@https://registry.npmjs.org/magic-string-ast/-/magic-string-ast-1.0.3.tgz. Extracting by manifest.
4642 silly tarball no local data for muggle-string@https://registry.npmjs.org/muggle-string/-/muggle-string-0.4.1.tgz. Extracting by manifest.
4643 silly tarball no local data for ast-kit@https://registry.npmjs.org/ast-kit/-/ast-kit-2.2.0.tgz. Extracting by manifest.
4644 silly tarball no local data for @vue/devtools-api@https://registry.npmjs.org/@vue/devtools-api/-/devtools-api-8.2.1.tgz. Extracting by manifest.
4645 silly tarball no local data for ast-walker-scope@https://registry.npmjs.org/ast-walker-scope/-/ast-walker-scope-0.9.0.tgz. Extracting by manifest.
4646 silly tarball no local data for @vue-macros/common@https://registry.npmjs.org/@vue-macros/common/-/common-3.1.4.tgz. Extracting by manifest.
4647 silly tarball no local data for @vue/runtime-core@https://registry.npmjs.org/@vue/runtime-core/-/runtime-core-3.5.42.tgz. Extracting by manifest.
4648 silly tarball no local data for csstype@https://registry.npmjs.org/csstype/-/csstype-3.2.3.tgz. Extracting by manifest.
4649 silly tarball no local data for @vue/reactivity@https://registry.npmjs.org/@vue/reactivity/-/reactivity-3.5.42.tgz. Extracting by manifest.
4650 silly tarball no local data for @vue/server-renderer@https://registry.npmjs.org/@vue/server-renderer/-/server-renderer-3.5.42.tgz. Extracting by manifest.
4651 silly tarball no local data for @vue/runtime-dom@https://registry.npmjs.org/@vue/runtime-dom/-/runtime-dom-3.5.42.tgz. Extracting by manifest.
4652 silly tarball no local data for vite-hot-client@https://registry.npmjs.org/vite-hot-client/-/vite-hot-client-2.2.0.tgz. Extracting by manifest.
4653 silly tarball no local data for vite-dev-rpc@https://registry.npmjs.org/vite-dev-rpc/-/vite-dev-rpc-2.0.0.tgz. Extracting by manifest.
4654 silly tarball no local data for ansis@https://registry.npmjs.org/ansis/-/ansis-4.3.1.tgz. Extracting by manifest.
4655 silly tarball no local data for retry@https://registry.npmjs.org/retry/-/retry-0.12.0.tgz. Extracting by manifest.
4656 silly tarball no local data for tiny-invariant@https://registry.npmjs.org/tiny-invariant/-/tiny-invariant-1.3.3.tgz. Extracting by manifest.
4657 silly tarball no local data for proper-lockfile@https://registry.npmjs.org/proper-lockfile/-/proper-lockfile-4.1.2.tgz. Extracting by manifest.
4658 silly tarball no local data for lightningcss-win32-x64-msvc@https://registry.npmjs.org/lightningcss-win32-x64-msvc/-/lightningcss-win32-x64-msvc-1.33.0.tgz. Extracting by manifest.
4659 silly tarball no local data for lightningcss@https://registry.npmjs.org/lightningcss/-/lightningcss-1.33.0.tgz. Extracting by manifest.
4660 silly tarball no local data for escalade@https://registry.npmjs.org/escalade/-/escalade-3.2.0.tgz. Extracting by manifest.
4661 silly tarball no local data for obug@https://registry.npmjs.org/obug/-/obug-2.1.4.tgz. Extracting by manifest.
4662 silly tarball no local data for strip-literal@https://registry.npmjs.org/strip-literal/-/strip-literal-4.0.0.tgz. Extracting by manifest.
4663 silly tarball no local data for tagged-tag@https://registry.npmjs.org/tagged-tag/-/tagged-tag-1.0.0.tgz. Extracting by manifest.
4664 silly tarball no local data for is-number@https://registry.npmjs.org/is-number/-/is-number-7.0.0.tgz. Extracting by manifest.
4665 silly tarball no local data for anymatch@https://registry.npmjs.org/anymatch/-/anymatch-3.1.3.tgz. Extracting by manifest.
4666 silly tarball no local data for text-decoder@https://registry.npmjs.org/text-decoder/-/text-decoder-1.2.7.tgz. Extracting by manifest.
4667 silly tarball no local data for @jridgewell/source-map@https://registry.npmjs.org/@jridgewell/source-map/-/source-map-0.3.11.tgz. Extracting by manifest.
4668 silly tarball no local data for events-universal@https://registry.npmjs.org/events-universal/-/events-universal-1.0.1.tgz. Extracting by manifest.
4669 silly tarball no local data for source-map-support@https://registry.npmjs.org/source-map-support/-/source-map-support-0.5.21.tgz. Extracting by manifest.
4670 silly tarball no local data for teex@https://registry.npmjs.org/teex/-/teex-1.0.1.tgz. Extracting by manifest.
4671 silly tarball no local data for webpack-virtual-modules@https://registry.npmjs.org/webpack-virtual-modules/-/webpack-virtual-modules-0.6.2.tgz. Extracting by manifest.
4672 silly tarball no local data for bare-url@https://registry.npmjs.org/bare-url/-/bare-url-2.5.4.tgz. Extracting by manifest.
4673 silly tarball no local data for bare-stream@https://registry.npmjs.org/bare-stream/-/bare-stream-2.13.4.tgz. Extracting by manifest.
4674 silly tarball no local data for buffer-from@https://registry.npmjs.org/buffer-from/-/buffer-from-1.1.2.tgz. Extracting by manifest.
4675 silly tarball no local data for bare-path@https://registry.npmjs.org/bare-path/-/bare-path-3.1.2.tgz. Extracting by manifest.
4676 silly tarball no local data for streamx@https://registry.npmjs.org/streamx/-/streamx-2.28.1.tgz. Extracting by manifest.
4677 silly tarball no local data for fast-fifo@https://registry.npmjs.org/fast-fifo/-/fast-fifo-1.3.2.tgz. Extracting by manifest.
4678 silly tarball no local data for bare-events@https://registry.npmjs.org/bare-events/-/bare-events-2.9.2.tgz. Extracting by manifest.
4679 silly tarball no local data for bare-fs@https://registry.npmjs.org/bare-fs/-/bare-fs-4.8.1.tgz. Extracting by manifest.
4680 silly tarball no local data for @isaacs/fs-minipass@https://registry.npmjs.org/@isaacs/fs-minipass/-/fs-minipass-4.0.1.tgz. Extracting by manifest.
4681 silly tarball no local data for minizlib@https://registry.npmjs.org/minizlib/-/minizlib-3.1.0.tgz. Extracting by manifest.
4682 silly tarball no local data for b4a@https://registry.npmjs.org/b4a/-/b4a-1.8.1.tgz. Extracting by manifest.
4683 silly tarball no local data for chownr@https://registry.npmjs.org/chownr/-/chownr-3.0.0.tgz. Extracting by manifest.
4684 silly tarball no local data for dom-serializer@https://registry.npmjs.org/dom-serializer/-/dom-serializer-2.0.0.tgz. Extracting by manifest.
4685 silly tarball no local data for domelementtype@https://registry.npmjs.org/domelementtype/-/domelementtype-2.3.0.tgz. Extracting by manifest.
4686 silly tarball no local data for mdn-data@https://registry.npmjs.org/mdn-data/-/mdn-data-2.27.1.tgz. Extracting by manifest.
4687 silly tarball no local data for domutils@https://registry.npmjs.org/domutils/-/domutils-3.2.2.tgz. Extracting by manifest.
4688 silly tarball no local data for domhandler@https://registry.npmjs.org/domhandler/-/domhandler-5.0.3.tgz. Extracting by manifest.
4689 silly tarball no local data for nth-check@https://registry.npmjs.org/nth-check/-/nth-check-2.1.1.tgz. Extracting by manifest.
4690 silly tarball no local data for boolbase@https://registry.npmjs.org/boolbase/-/boolbase-1.0.0.tgz. Extracting by manifest.
4691 silly tarball no local data for commander@https://registry.npmjs.org/commander/-/commander-15.0.0.tgz. Extracting by manifest.
4692 silly tarball no local data for sax@https://registry.npmjs.org/sax/-/sax-1.6.1.tgz. Extracting by manifest.
4693 silly tarball no local data for csso@https://registry.npmjs.org/csso/-/csso-5.0.5.tgz. Extracting by manifest.
4694 silly tarball no local data for css-what@https://registry.npmjs.org/css-what/-/css-what-7.0.0.tgz. Extracting by manifest.
4695 silly tarball no local data for css-select@https://registry.npmjs.org/css-select/-/css-select-6.0.0.tgz. Extracting by manifest.
4696 silly tarball no local data for css-tree@https://registry.npmjs.org/css-tree/-/css-tree-3.2.1.tgz. Extracting by manifest.
4697 silly tarball no local data for safe-buffer@https://registry.npmjs.org/safe-buffer/-/safe-buffer-5.2.1.tgz. Extracting by manifest.
4698 silly tarball no local data for @polka/url@https://registry.npmjs.org/@polka/url/-/url-1.0.0-next.29.tgz. Extracting by manifest.
4699 silly tarball no local data for totalist@https://registry.npmjs.org/totalist/-/totalist-3.0.1.tgz. Extracting by manifest.
4700 silly tarball no local data for @simple-git/argv-parser@https://registry.npmjs.org/@simple-git/argv-parser/-/argv-parser-1.1.1.tgz. Extracting by manifest.
4701 silly tarball no local data for mrmime@https://registry.npmjs.org/mrmime/-/mrmime-2.0.1.tgz. Extracting by manifest.
4702 silly tarball no local data for shebang-regex@https://registry.npmjs.org/shebang-regex/-/shebang-regex-3.0.0.tgz. Extracting by manifest.
4703 silly tarball no local data for ee-first@https://registry.npmjs.org/ee-first/-/ee-first-1.1.1.tgz. Extracting by manifest.
4704 silly tarball no local data for @kwsites/promise-deferred@https://registry.npmjs.org/@kwsites/promise-deferred/-/promise-deferred-1.1.1.tgz. Extracting by manifest.
4705 silly tarball no local data for @kwsites/file-exists@https://registry.npmjs.org/@kwsites/file-exists/-/file-exists-1.1.1.tgz. Extracting by manifest.
4706 silly tarball no local data for mime-db@https://registry.npmjs.org/mime-db/-/mime-db-1.54.0.tgz. Extracting by manifest.
4707 silly tarball no local data for toidentifier@https://registry.npmjs.org/toidentifier/-/toidentifier-1.0.1.tgz. Extracting by manifest.
4708 silly tarball no local data for inherits@https://registry.npmjs.org/inherits/-/inherits-2.0.4.tgz. Extracting by manifest.
4709 silly tarball no local data for setprototypeof@https://registry.npmjs.org/setprototypeof/-/setprototypeof-1.2.0.tgz. Extracting by manifest.
4710 silly tarball no local data for statuses@https://registry.npmjs.org/statuses/-/statuses-2.0.2.tgz. Extracting by manifest.
4711 silly tarball no local data for on-finished@https://registry.npmjs.org/on-finished/-/on-finished-2.4.1.tgz. Extracting by manifest.
4712 silly tarball no local data for range-parser@https://registry.npmjs.org/range-parser/-/range-parser-1.3.0.tgz. Extracting by manifest.
4713 silly tarball no local data for mime-types@https://registry.npmjs.org/mime-types/-/mime-types-3.0.2.tgz. Extracting by manifest.
4714 silly tarball no local data for http-errors@https://registry.npmjs.org/http-errors/-/http-errors-2.0.1.tgz. Extracting by manifest.
4715 silly tarball no local data for fresh@https://registry.npmjs.org/fresh/-/fresh-2.0.0.tgz. Extracting by manifest.
4716 silly tarball no local data for send@https://registry.npmjs.org/send/-/send-1.2.1.tgz. Extracting by manifest.
4717 silly tarball no local data for parseurl@https://registry.npmjs.org/parseurl/-/parseurl-1.3.3.tgz. Extracting by manifest.
4718 silly tarball no local data for escape-html@https://registry.npmjs.org/escape-html/-/escape-html-1.0.3.tgz. Extracting by manifest.
4719 silly tarball no local data for encodeurl@https://registry.npmjs.org/encodeurl/-/encodeurl-2.0.0.tgz. Extracting by manifest.
4720 silly tarball no local data for is-docker@https://registry.npmjs.org/is-docker/-/is-docker-3.0.0.tgz. Extracting by manifest.
4721 silly tarball no local data for queue-microtask@https://registry.npmjs.org/queue-microtask/-/queue-microtask-1.2.3.tgz. Extracting by manifest.
4722 silly tarball no local data for run-applescript@https://registry.npmjs.org/run-applescript/-/run-applescript-7.1.0.tgz. Extracting by manifest.
4723 silly tarball no local data for bundle-name@https://registry.npmjs.org/bundle-name/-/bundle-name-4.1.0.tgz. Extracting by manifest.
4724 silly tarball no local data for powershell-utils@https://registry.npmjs.org/powershell-utils/-/powershell-utils-0.2.1.tgz. Extracting by manifest.
4725 silly tarball no local data for depd@https://registry.npmjs.org/depd/-/depd-2.0.0.tgz. Extracting by manifest.
4726 silly tarball no local data for is-inside-container@https://registry.npmjs.org/is-inside-container/-/is-inside-container-1.0.0.tgz. Extracting by manifest.
4727 silly tarball no local data for is-in-ssh@https://registry.npmjs.org/is-in-ssh/-/is-in-ssh-1.0.0.tgz. Extracting by manifest.
4728 silly tarball no local data for wsl-utils@https://registry.npmjs.org/wsl-utils/-/wsl-utils-1.0.0.tgz. Extracting by manifest.
4729 silly tarball no local data for define-lazy-prop@https://registry.npmjs.org/define-lazy-prop/-/define-lazy-prop-3.0.0.tgz. Extracting by manifest.
4730 silly tarball no local data for default-browser@https://registry.npmjs.org/default-browser/-/default-browser-5.5.1.tgz. Extracting by manifest.
4731 silly tarball no local data for yargs@https://registry.npmjs.org/yargs/-/yargs-18.1.0.tgz. Extracting by manifest.
4732 silly tarball no local data for @rollup/rollup-win32-x64-msvc@https://registry.npmjs.org/@rollup/rollup-win32-x64-msvc/-/rollup-win32-x64-msvc-4.63.1.tgz. Extracting by manifest.
4733 silly tarball no local data for @rollup/rollup-win32-x64-gnu@https://registry.npmjs.org/@rollup/rollup-win32-x64-gnu/-/rollup-win32-x64-gnu-4.63.1.tgz. Extracting by manifest.
4734 silly tarball no local data for @rolldown/binding-win32-x64-msvc@https://registry.npmjs.org/@rolldown/binding-win32-x64-msvc/-/binding-win32-x64-msvc-1.2.7.tgz. Extracting by manifest.
4735 silly tarball no local data for @oxc-project/types@https://registry.npmjs.org/@oxc-project/types/-/types-0.148.0.tgz. Extracting by manifest.
4736 silly tarball no local data for function-bind@https://registry.npmjs.org/function-bind/-/function-bind-1.1.2.tgz. Extracting by manifest.
4737 silly tarball no local data for hasown@https://registry.npmjs.org/hasown/-/hasown-2.0.4.tgz. Extracting by manifest.
4738 silly tarball no local data for supports-preserve-symlinks-flag@https://registry.npmjs.org/supports-preserve-symlinks-flag/-/supports-preserve-symlinks-flag-1.0.0.tgz. Extracting by manifest.
4739 silly tarball no local data for open@https://registry.npmjs.org/open/-/open-11.0.2.tgz. Extracting by manifest.
4740 silly tarball no local data for path-parse@https://registry.npmjs.org/path-parse/-/path-parse-1.0.7.tgz. Extracting by manifest.
4741 silly tarball no local data for is-core-module@https://registry.npmjs.org/is-core-module/-/is-core-module-2.16.2.tgz. Extracting by manifest.
4742 silly tarball no local data for es-errors@https://registry.npmjs.org/es-errors/-/es-errors-1.3.0.tgz. Extracting by manifest.
4743 silly tarball no local data for ieee754@https://registry.npmjs.org/ieee754/-/ieee754-1.2.1.tgz. Extracting by manifest.
4744 silly tarball no local data for base64-js@https://registry.npmjs.org/base64-js/-/base64-js-1.5.1.tgz. Extracting by manifest.
4745 silly tarball no local data for event-target-shim@https://registry.npmjs.org/event-target-shim/-/event-target-shim-5.0.1.tgz. Extracting by manifest.
4746 silly tarball no local data for string_decoder@https://registry.npmjs.org/string_decoder/-/string_decoder-1.3.0.tgz. Extracting by manifest.
4747 silly tarball no local data for process@https://registry.npmjs.org/process/-/process-0.11.10.tgz. Extracting by manifest.
4748 silly tarball no local data for events@https://registry.npmjs.org/events/-/events-3.3.0.tgz. Extracting by manifest.
4749 silly tarball no local data for abort-controller@https://registry.npmjs.org/abort-controller/-/abort-controller-3.0.0.tgz. Extracting by manifest.
4750 silly tarball no local data for default-browser-id@https://registry.npmjs.org/default-browser-id/-/default-browser-id-5.0.1.tgz. Extracting by manifest.
4751 silly tarball no local data for buffer@https://registry.npmjs.org/buffer/-/buffer-6.0.3.tgz. Extracting by manifest.
4752 silly tarball no local data for @simple-git/args-pathspec@https://registry.npmjs.org/@simple-git/args-pathspec/-/args-pathspec-1.0.3.tgz. Extracting by manifest.
4753 silly tarball no local data for svgo@https://registry.npmjs.org/svgo/-/svgo-4.1.0.tgz. Extracting by manifest.
4754 silly tarball no local data for util-deprecate@https://registry.npmjs.org/util-deprecate/-/util-deprecate-1.0.2.tgz. Extracting by manifest.
4755 silly tarball no local data for cssesc@https://registry.npmjs.org/cssesc/-/cssesc-3.0.0.tgz. Extracting by manifest.
4756 silly tarball no local data for @colordx/core@https://registry.npmjs.org/@colordx/core/-/core-5.8.0.tgz. Extracting by manifest.
4757 silly tarball no local data for stylehacks@https://registry.npmjs.org/stylehacks/-/stylehacks-8.0.4.tgz. Extracting by manifest.
4758 silly tarball no local data for caniuse-api@https://registry.npmjs.org/caniuse-api/-/caniuse-api-4.0.0.tgz. Extracting by manifest.
4759 silly tarball no local data for mimic-fn@https://registry.npmjs.org/mimic-fn/-/mimic-fn-4.0.0.tgz. Extracting by manifest.
4760 silly tarball no local data for postcss-selector-parser@https://registry.npmjs.org/postcss-selector-parser/-/postcss-selector-parser-7.1.6.tgz. Extracting by manifest.
4761 silly tarball no local data for abbrev@https://registry.npmjs.org/abbrev/-/abbrev-3.0.1.tgz. Extracting by manifest.
4762 silly tarball no local data for nanoid@https://registry.npmjs.org/nanoid/-/nanoid-3.3.18.tgz. Extracting by manifest.
4763 silly tarball no local data for whatwg-url@https://registry.npmjs.org/whatwg-url/-/whatwg-url-5.0.0.tgz. Extracting by manifest.
4764 silly tarball no local data for balanced-match@https://registry.npmjs.org/balanced-match/-/balanced-match-4.0.4.tgz. Extracting by manifest.
4765 silly tarball no local data for brace-expansion@https://registry.npmjs.org/brace-expansion/-/brace-expansion-5.0.9.tgz. Extracting by manifest.
4766 silly tarball no local data for to-regex-range@https://registry.npmjs.org/to-regex-range/-/to-regex-range-5.0.1.tgz. Extracting by manifest.
4767 silly tarball no local data for fill-range@https://registry.npmjs.org/fill-range/-/fill-range-7.1.1.tgz. Extracting by manifest.
4768 silly tarball no local data for standard-as-callback@https://registry.npmjs.org/standard-as-callback/-/standard-as-callback-2.1.0.tgz. Extracting by manifest.
4769 silly tarball no local data for braces@https://registry.npmjs.org/braces/-/braces-3.0.3.tgz. Extracting by manifest.
4770 silly tarball no local data for redis-parser@https://registry.npmjs.org/redis-parser/-/redis-parser-3.0.0.tgz. Extracting by manifest.
4771 silly tarball no local data for redis-errors@https://registry.npmjs.org/redis-errors/-/redis-errors-1.2.0.tgz. Extracting by manifest.
4772 silly tarball no local data for cluster-key-slot@https://registry.npmjs.org/cluster-key-slot/-/cluster-key-slot-1.1.1.tgz. Extracting by manifest.
4773 silly tarball no local data for denque@https://registry.npmjs.org/denque/-/denque-2.1.0.tgz. Extracting by manifest.
4774 silly tarball no local data for @ioredis/commands@https://registry.npmjs.org/@ioredis/commands/-/commands-1.10.0.tgz. Extracting by manifest.
4775 silly tarball no local data for agent-base@https://registry.npmjs.org/agent-base/-/agent-base-7.1.4.tgz. Extracting by manifest.
4776 silly tarball no local data for reusify@https://registry.npmjs.org/reusify/-/reusify-1.1.0.tgz. Extracting by manifest.
4777 silly tarball no local data for run-parallel@https://registry.npmjs.org/run-parallel/-/run-parallel-1.2.0.tgz. Extracting by manifest.
4778 silly tarball no local data for @nodelib/fs.scandir@https://registry.npmjs.org/@nodelib/fs.scandir/-/fs.scandir-2.1.5.tgz. Extracting by manifest.
4779 silly tarball no local data for fastq@https://registry.npmjs.org/fastq/-/fastq-1.20.3.tgz. Extracting by manifest.
4780 silly tarball no local data for duplexer@https://registry.npmjs.org/duplexer/-/duplexer-0.1.2.tgz. Extracting by manifest.
4781 silly tarball no local data for merge2@https://registry.npmjs.org/merge2/-/merge2-1.4.1.tgz. Extracting by manifest.
4782 silly tarball no local data for glob-parent@https://registry.npmjs.org/glob-parent/-/glob-parent-5.1.2.tgz. Extracting by manifest.
4783 silly tarball no local data for @nodelib/fs.stat@https://registry.npmjs.org/@nodelib/fs.stat/-/fs.stat-2.0.5.tgz. Extracting by manifest.
4784 silly tarball no local data for @nodelib/fs.walk@https://registry.npmjs.org/@nodelib/fs.walk/-/fs.walk-1.2.8.tgz. Extracting by manifest.
4785 silly tarball no local data for unicorn-magic@https://registry.npmjs.org/unicorn-magic/-/unicorn-magic-0.4.0.tgz. Extracting by manifest.
4786 silly tarball no local data for @sindresorhus/merge-streams@https://registry.npmjs.org/@sindresorhus/merge-streams/-/merge-streams-4.0.0.tgz. Extracting by manifest.
4787 silly tarball no local data for slash@https://registry.npmjs.org/slash/-/slash-5.1.0.tgz. Extracting by manifest.
4788 silly tarball no local data for micromatch@https://registry.npmjs.org/micromatch/-/micromatch-4.0.8.tgz. Extracting by manifest.
4789 silly tarball no local data for fast-glob@https://registry.npmjs.org/fast-glob/-/fast-glob-3.3.3.tgz. Extracting by manifest.
4790 silly tarball no local data for @esbuild/win32-x64@https://registry.npmjs.org/@esbuild/win32-x64/-/win32-x64-0.28.2.tgz. Extracting by manifest.
4791 silly tarball no local data for path-scurry@https://registry.npmjs.org/path-scurry/-/path-scurry-2.0.2.tgz. Extracting by manifest.
4792 silly tarball no local data for minipass@https://registry.npmjs.org/minipass/-/minipass-7.1.3.tgz. Extracting by manifest.
4793 silly tarball no local data for minimatch@https://registry.npmjs.org/minimatch/-/minimatch-10.2.6.tgz. Extracting by manifest.
4794 silly tarball no local data for type-fest@https://registry.npmjs.org/type-fest/-/type-fest-5.9.0.tgz. Extracting by manifest.
4795 silly tarball no local data for file-uri-to-path@https://registry.npmjs.org/file-uri-to-path/-/file-uri-to-path-1.0.0.tgz. Extracting by manifest.
4796 silly tarball no local data for lodash@https://registry.npmjs.org/lodash/-/lodash-4.18.1.tgz. Extracting by manifest.
4797 silly tarball no local data for normalize-path@https://registry.npmjs.org/normalize-path/-/normalize-path-3.0.0.tgz. Extracting by manifest.
4798 silly tarball no local data for lazystream@https://registry.npmjs.org/lazystream/-/lazystream-1.0.1.tgz. Extracting by manifest.
4799 silly tarball no local data for zip-stream@https://registry.npmjs.org/zip-stream/-/zip-stream-6.0.1.tgz. Extracting by manifest.
4800 silly tarball no local data for tar-stream@https://registry.npmjs.org/tar-stream/-/tar-stream-3.2.1.tgz. Extracting by manifest.
4801 silly tarball no local data for readdir-glob@https://registry.npmjs.org/readdir-glob/-/readdir-glob-1.1.3.tgz. Extracting by manifest.
4802 silly tarball no local data for readable-stream@https://registry.npmjs.org/readable-stream/-/readable-stream-4.7.0.tgz. Extracting by manifest.
4803 silly tarball no local data for buffer-crc32@https://registry.npmjs.org/buffer-crc32/-/buffer-crc32-1.0.0.tgz. Extracting by manifest.
4804 silly tarball no local data for archiver-utils@https://registry.npmjs.org/archiver-utils/-/archiver-utils-5.0.2.tgz. Extracting by manifest.
4805 silly tarball no local data for async@https://registry.npmjs.org/async/-/async-3.2.6.tgz. Extracting by manifest.
4806 silly tarball no local data for nopt@https://registry.npmjs.org/nopt/-/nopt-8.1.0.tgz. Extracting by manifest.
4807 silly tarball no local data for tar@https://registry.npmjs.org/tar/-/tar-7.5.22.tgz. Extracting by manifest.
4808 silly tarball no local data for https-proxy-agent@https://registry.npmjs.org/https-proxy-agent/-/https-proxy-agent-7.0.6.tgz. Extracting by manifest.
4809 silly tarball no local data for node-fetch@https://registry.npmjs.org/node-fetch/-/node-fetch-2.7.0.tgz. Extracting by manifest.
4810 silly tarball no local data for detect-libc@https://registry.npmjs.org/detect-libc/-/detect-libc-2.1.2.tgz. Extracting by manifest.
4811 silly tarball no local data for resolve-from@https://registry.npmjs.org/resolve-from/-/resolve-from-5.0.0.tgz. Extracting by manifest.
4812 silly tarball no local data for node-gyp-build@https://registry.npmjs.org/node-gyp-build/-/node-gyp-build-4.8.4.tgz. Extracting by manifest.
4813 silly tarball no local data for graceful-fs@https://registry.npmjs.org/graceful-fs/-/graceful-fs-4.2.11.tgz. Extracting by manifest.
4814 silly tarball no local data for glob@https://registry.npmjs.org/glob/-/glob-13.0.6.tgz. Extracting by manifest.
4815 silly tarball no local data for bindings@https://registry.npmjs.org/bindings/-/bindings-1.5.0.tgz. Extracting by manifest.
4816 silly tarball no local data for async-sema@https://registry.npmjs.org/async-sema/-/async-sema-3.1.1.tgz. Extracting by manifest.
4817 silly tarball no local data for @mapbox/node-pre-gyp@https://registry.npmjs.org/@mapbox/node-pre-gyp/-/node-pre-gyp-2.0.3.tgz. Extracting by manifest.
4818 silly tarball no local data for @types/estree@https://registry.npmjs.org/@types/estree/-/estree-1.0.9.tgz. Extracting by manifest.
4819 silly tarball no local data for acorn-import-attributes@https://registry.npmjs.org/acorn-import-attributes/-/acorn-import-attributes-1.9.5.tgz. Extracting by manifest.
4820 silly tarball no local data for serialize-javascript@https://registry.npmjs.org/serialize-javascript/-/serialize-javascript-7.1.1.tgz. Extracting by manifest.
4821 silly tarball no local data for smob@https://registry.npmjs.org/smob/-/smob-1.6.2.tgz. Extracting by manifest.
4822 silly tarball no local data for terser@https://registry.npmjs.org/terser/-/terser-5.51.2.tgz. Extracting by manifest.
4823 silly tarball no local data for resolve@https://registry.npmjs.org/resolve/-/resolve-1.22.12.tgz. Extracting by manifest.
4824 silly tarball no local data for is-module@https://registry.npmjs.org/is-module/-/is-module-1.0.0.tgz. Extracting by manifest.
4825 silly tarball no local data for @types/resolve@https://registry.npmjs.org/@types/resolve/-/resolve-1.20.2.tgz. Extracting by manifest.
4826 silly tarball no local data for deepmerge@https://registry.npmjs.org/deepmerge/-/deepmerge-4.3.1.tgz. Extracting by manifest.
4827 silly tarball no local data for @rollup/pluginutils@https://registry.npmjs.org/@rollup/pluginutils/-/pluginutils-5.4.0.tgz. Extracting by manifest.
4828 silly tarball no local data for is-reference@https://registry.npmjs.org/is-reference/-/is-reference-1.2.1.tgz. Extracting by manifest.
4829 silly tarball no local data for fdir@https://registry.npmjs.org/fdir/-/fdir-6.5.0.tgz. Extracting by manifest.
4830 silly tarball no local data for commondir@https://registry.npmjs.org/commondir/-/commondir-1.0.1.tgz. Extracting by manifest.
4831 silly tarball no local data for youch-core@https://registry.npmjs.org/youch-core/-/youch-core-0.3.3.tgz. Extracting by manifest.
4832 silly tarball no local data for unwasm@https://registry.npmjs.org/unwasm/-/unwasm-0.5.3.tgz. Extracting by manifest.
4833 silly tarball no local data for source-map@https://registry.npmjs.org/source-map/-/source-map-0.7.6.tgz. Extracting by manifest.
4834 silly tarball no local data for serve-static@https://registry.npmjs.org/serve-static/-/serve-static-2.2.1.tgz. Extracting by manifest.
4835 silly tarball no local data for serve-placeholder@https://registry.npmjs.org/serve-placeholder/-/serve-placeholder-2.0.2.tgz. Extracting by manifest.
4836 silly tarball no local data for pretty-bytes@https://registry.npmjs.org/pretty-bytes/-/pretty-bytes-7.1.3.tgz. Extracting by manifest.
4837 silly tarball no local data for rollup-plugin-visualizer@https://registry.npmjs.org/rollup-plugin-visualizer/-/rollup-plugin-visualizer-7.1.1.tgz. Extracting by manifest.
4838 silly tarball no local data for rollup@https://registry.npmjs.org/rollup/-/rollup-4.63.1.tgz. Extracting by manifest.
4839 silly tarball no local data for node-fetch-native@https://registry.npmjs.org/node-fetch-native/-/node-fetch-native-1.6.7.tgz. Extracting by manifest.
4840 silly tarball no local data for mime@https://registry.npmjs.org/mime/-/mime-4.1.0.tgz. Extracting by manifest.
4841 silly tarball no local data for httpxy@https://registry.npmjs.org/httpxy/-/httpxy-0.5.5.tgz. Extracting by manifest.
4842 silly tarball no local data for gzip-size@https://registry.npmjs.org/gzip-size/-/gzip-size-7.0.0.tgz. Extracting by manifest.
4843 silly tarball no local data for globby@https://registry.npmjs.org/globby/-/globby-16.2.4.tgz. Extracting by manifest.
4844 silly tarball no local data for etag@https://registry.npmjs.org/etag/-/etag-1.8.1.tgz. Extracting by manifest.
4845 silly tarball no local data for esbuild@https://registry.npmjs.org/esbuild/-/esbuild-0.28.2.tgz. Extracting by manifest.
4846 silly tarball no local data for dot-prop@https://registry.npmjs.org/dot-prop/-/dot-prop-10.2.0.tgz. Extracting by manifest.
4847 silly tarball no local data for db0@https://registry.npmjs.org/db0/-/db0-0.3.4.tgz. Extracting by manifest.
4848 silly tarball no local data for croner@https://registry.npmjs.org/croner/-/croner-10.0.1.tgz. Extracting by manifest.
4849 silly tarball no local data for ioredis@https://registry.npmjs.org/ioredis/-/ioredis-5.11.1.tgz. Extracting by manifest.
4850 silly tarball no local data for archiver@https://registry.npmjs.org/archiver/-/archiver-7.0.1.tgz. Extracting by manifest.
4851 silly tarball no local data for @vercel/nft@https://registry.npmjs.org/@vercel/nft/-/nft-1.11.0.tgz. Extracting by manifest.
4852 silly tarball no local data for @rollup/plugin-terser@https://registry.npmjs.org/@rollup/plugin-terser/-/plugin-terser-1.0.0.tgz. Extracting by manifest.
4853 silly tarball no local data for @rollup/plugin-node-resolve@https://registry.npmjs.org/@rollup/plugin-node-resolve/-/plugin-node-resolve-16.0.3.tgz. Extracting by manifest.
4854 silly tarball no local data for @rollup/plugin-json@https://registry.npmjs.org/@rollup/plugin-json/-/plugin-json-6.1.0.tgz. Extracting by manifest.
4855 silly tarball no local data for @rollup/plugin-alias@https://registry.npmjs.org/@rollup/plugin-alias/-/plugin-alias-6.0.0.tgz. Extracting by manifest.
4856 silly tarball no local data for @cloudflare/kv-asset-handler@https://registry.npmjs.org/@cloudflare/kv-asset-handler/-/kv-asset-handler-0.4.2.tgz. Extracting by manifest.
4857 silly tarball no local data for @rollup/plugin-commonjs@https://registry.npmjs.org/@rollup/plugin-commonjs/-/plugin-commonjs-29.0.3.tgz. Extracting by manifest.
4858 silly tarball no local data for @rollup/plugin-inject@https://registry.npmjs.org/@rollup/plugin-inject/-/plugin-inject-5.0.5.tgz. Extracting by manifest.
4859 silly tarball no local data for acorn@https://registry.npmjs.org/acorn/-/acorn-8.18.0.tgz. Extracting by manifest.
4860 silly tarball no local data for @rollup/plugin-replace@https://registry.npmjs.org/@rollup/plugin-replace/-/plugin-replace-6.0.3.tgz. Extracting by manifest.
4861 silly tarball no local data for yallist@https://registry.npmjs.org/yallist/-/yallist-3.1.1.tgz. Extracting by manifest.
4862 silly tarball no local data for quansync@https://registry.npmjs.org/quansync/-/quansync-0.2.11.tgz. Extracting by manifest.
4863 silly tarball no local data for is-extglob@https://registry.npmjs.org/is-extglob/-/is-extglob-2.1.1.tgz. Extracting by manifest.
4864 silly tarball no local data for is-glob@https://registry.npmjs.org/is-glob/-/is-glob-4.0.3.tgz. Extracting by manifest.
4865 silly tarball no local data for untun@https://registry.npmjs.org/untun/-/untun-0.2.2.tgz. Extracting by manifest.
4866 silly tarball no local data for uqr@https://registry.npmjs.org/uqr/-/uqr-0.1.3.tgz. Extracting by manifest.
4867 silly tarball no local data for node-forge@https://registry.npmjs.org/node-forge/-/node-forge-1.4.0.tgz. Extracting by manifest.
4868 silly tarball no local data for http-shutdown@https://registry.npmjs.org/http-shutdown/-/http-shutdown-1.2.2.tgz. Extracting by manifest.
4869 silly tarball no local data for ini@https://registry.npmjs.org/ini/-/ini-4.1.1.tgz. Extracting by manifest.
4870 silly tarball no local data for shell-quote@https://registry.npmjs.org/shell-quote/-/shell-quote-1.10.0.tgz. Extracting by manifest.
4871 silly tarball no local data for is-path-inside@https://registry.npmjs.org/is-path-inside/-/is-path-inside-4.0.0.tgz. Extracting by manifest.
4872 silly tarball no local data for global-directory@https://registry.npmjs.org/global-directory/-/global-directory-4.0.1.tgz. Extracting by manifest.
4873 silly tarball no local data for unplugin-utils@https://registry.npmjs.org/unplugin-utils/-/unplugin-utils-0.3.2.tgz. Extracting by manifest.
4874 silly tarball no local data for es-module-lexer@https://registry.npmjs.org/es-module-lexer/-/es-module-lexer-2.3.2.tgz. Extracting by manifest.
4875 silly tarball no local data for radix3@https://registry.npmjs.org/radix3/-/radix3-1.1.2.tgz. Extracting by manifest.
4876 silly tarball no local data for node-mock-http@https://registry.npmjs.org/node-mock-http/-/node-mock-http-1.0.5.tgz. Extracting by manifest.
4877 silly tarball no local data for iron-webcrypto@https://registry.npmjs.org/iron-webcrypto/-/iron-webcrypto-1.2.1.tgz. Extracting by manifest.
4878 silly tarball no local data for crossws@https://registry.npmjs.org/crossws/-/crossws-0.3.5.tgz. Extracting by manifest.
4879 silly tarball no local data for loader-utils@https://registry.npmjs.org/loader-utils/-/loader-utils-3.3.1.tgz. Extracting by manifest.
4880 silly tarball no local data for fast-string-truncated-width@https://registry.npmjs.org/fast-string-truncated-width/-/fast-string-truncated-width-3.0.3.tgz. Extracting by manifest.
4881 silly tarball no local data for cac@https://registry.npmjs.org/cac/-/cac-6.7.14.tgz. Extracting by manifest.
4882 silly tarball no local data for path-key@https://registry.npmjs.org/path-key/-/path-key-3.1.1.tgz. Extracting by manifest.
4883 silly tarball no local data for shebang-command@https://registry.npmjs.org/shebang-command/-/shebang-command-2.0.0.tgz. Extracting by manifest.
4884 silly tarball no local data for strip-final-newline@https://registry.npmjs.org/strip-final-newline/-/strip-final-newline-3.0.0.tgz. Extracting by manifest.
4885 silly tarball no local data for npm-run-path@https://registry.npmjs.org/npm-run-path/-/npm-run-path-5.3.0.tgz. Extracting by manifest.
4886 silly tarball no local data for signal-exit@https://registry.npmjs.org/signal-exit/-/signal-exit-4.1.0.tgz. Extracting by manifest.
4887 silly tarball no local data for onetime@https://registry.npmjs.org/onetime/-/onetime-6.0.0.tgz. Extracting by manifest.
4888 silly tarball no local data for merge-stream@https://registry.npmjs.org/merge-stream/-/merge-stream-2.0.0.tgz. Extracting by manifest.
4889 silly tarball no local data for is-stream@https://registry.npmjs.org/is-stream/-/is-stream-3.0.0.tgz. Extracting by manifest.
4890 silly tarball no local data for get-stream@https://registry.npmjs.org/get-stream/-/get-stream-8.0.1.tgz. Extracting by manifest.
4891 silly tarball no local data for cross-spawn@https://registry.npmjs.org/cross-spawn/-/cross-spawn-7.0.6.tgz. Extracting by manifest.
4892 silly tarball no local data for human-signals@https://registry.npmjs.org/human-signals/-/human-signals-5.0.0.tgz. Extracting by manifest.
4893 silly tarball no local data for ms@https://registry.npmjs.org/ms/-/ms-2.1.3.tgz. Extracting by manifest.
4894 silly tarball no local data for postcss-unique-selectors@https://registry.npmjs.org/postcss-unique-selectors/-/postcss-unique-selectors-8.0.4.tgz. Extracting by manifest.
4895 silly tarball no local data for postcss-svgo@https://registry.npmjs.org/postcss-svgo/-/postcss-svgo-8.0.6.tgz. Extracting by manifest.
4896 silly tarball no local data for postcss-reduce-transforms@https://registry.npmjs.org/postcss-reduce-transforms/-/postcss-reduce-transforms-8.0.4.tgz. Extracting by manifest.
4897 silly tarball no local data for postcss-reduce-initial@https://registry.npmjs.org/postcss-reduce-initial/-/postcss-reduce-initial-8.0.5.tgz. Extracting by manifest.
4898 silly tarball no local data for postcss-ordered-values@https://registry.npmjs.org/postcss-ordered-values/-/postcss-ordered-values-8.0.5.tgz. Extracting by manifest.
4899 silly tarball no local data for postcss-normalize-url@https://registry.npmjs.org/postcss-normalize-url/-/postcss-normalize-url-8.0.4.tgz. Extracting by manifest.
4900 silly tarball no local data for postcss-normalize-unicode@https://registry.npmjs.org/postcss-normalize-unicode/-/postcss-normalize-unicode-8.0.4.tgz. Extracting by manifest.
4901 silly tarball no local data for postcss-normalize-string@https://registry.npmjs.org/postcss-normalize-string/-/postcss-normalize-string-8.0.4.tgz. Extracting by manifest.
4902 silly tarball no local data for postcss-normalize-timing-functions@https://registry.npmjs.org/postcss-normalize-timing-functions/-/postcss-normalize-timing-functions-8.0.4.tgz. Extracting by manifest.
4903 silly tarball no local data for postcss-normalize-repeat-style@https://registry.npmjs.org/postcss-normalize-repeat-style/-/postcss-normalize-repeat-style-8.0.4.tgz. Extracting by manifest.
4904 silly tarball no local data for postcss-normalize-positions@https://registry.npmjs.org/postcss-normalize-positions/-/postcss-normalize-positions-8.0.4.tgz. Extracting by manifest.
4905 silly tarball no local data for postcss-normalize-display-values@https://registry.npmjs.org/postcss-normalize-display-values/-/postcss-normalize-display-values-8.0.4.tgz. Extracting by manifest.
4906 silly tarball no local data for postcss-normalize-charset@https://registry.npmjs.org/postcss-normalize-charset/-/postcss-normalize-charset-8.0.5.tgz. Extracting by manifest.
4907 silly tarball no local data for postcss-minify-selectors@https://registry.npmjs.org/postcss-minify-selectors/-/postcss-minify-selectors-8.0.5.tgz. Extracting by manifest.
4908 silly tarball no local data for postcss-minify-params@https://registry.npmjs.org/postcss-minify-params/-/postcss-minify-params-8.0.4.tgz. Extracting by manifest.
4909 silly tarball no local data for postcss-minify-gradients@https://registry.npmjs.org/postcss-minify-gradients/-/postcss-minify-gradients-8.0.6.tgz. Extracting by manifest.
4910 silly tarball no local data for postcss-merge-rules@https://registry.npmjs.org/postcss-merge-rules/-/postcss-merge-rules-8.0.5.tgz. Extracting by manifest.
4911 silly tarball no local data for postcss-minify-font-values@https://registry.npmjs.org/postcss-minify-font-values/-/postcss-minify-font-values-8.0.4.tgz. Extracting by manifest.
4912 silly tarball no local data for postcss-merge-longhand@https://registry.npmjs.org/postcss-merge-longhand/-/postcss-merge-longhand-8.0.4.tgz. Extracting by manifest.
4913 silly tarball no local data for postcss-discard-overridden@https://registry.npmjs.org/postcss-discard-overridden/-/postcss-discard-overridden-8.0.4.tgz. Extracting by manifest.
4914 silly tarball no local data for postcss-discard-empty@https://registry.npmjs.org/postcss-discard-empty/-/postcss-discard-empty-8.0.5.tgz. Extracting by manifest.
4915 silly tarball no local data for postcss-discard-comments@https://registry.npmjs.org/postcss-discard-comments/-/postcss-discard-comments-8.0.4.tgz. Extracting by manifest.
4916 silly tarball no local data for postcss-discard-duplicates@https://registry.npmjs.org/postcss-discard-duplicates/-/postcss-discard-duplicates-8.0.4.tgz. Extracting by manifest.
4917 silly tarball no local data for postcss-convert-values@https://registry.npmjs.org/postcss-convert-values/-/postcss-convert-values-8.0.4.tgz. Extracting by manifest.
4918 silly tarball no local data for postcss-colormin@https://registry.npmjs.org/postcss-colormin/-/postcss-colormin-8.0.5.tgz. Extracting by manifest.
4919 silly tarball no local data for cssnano-utils@https://registry.npmjs.org/cssnano-utils/-/cssnano-utils-6.0.4.tgz. Extracting by manifest.
4920 silly tarball no local data for postcss-calc@https://registry.npmjs.org/postcss-calc/-/postcss-calc-10.1.1.tgz. Extracting by manifest.
4921 silly tarball no local data for lilconfig@https://registry.npmjs.org/lilconfig/-/lilconfig-3.1.3.tgz. Extracting by manifest.
4922 silly tarball no local data for cssnano-preset-default@https://registry.npmjs.org/cssnano-preset-default/-/cssnano-preset-default-8.0.10.tgz. Extracting by manifest.
4923 silly tarball no local data for readdirp@https://registry.npmjs.org/readdirp/-/readdirp-5.1.1.tgz. Extracting by manifest.
4924 silly tarball no local data for dotenv@https://registry.npmjs.org/dotenv/-/dotenv-17.4.2.tgz. Extracting by manifest.
4925 silly tarball no local data for update-browserslist-db@https://registry.npmjs.org/update-browserslist-db/-/update-browserslist-db-1.3.2.tgz. Extracting by manifest.
4926 silly tarball no local data for node-releases@https://registry.npmjs.org/node-releases/-/node-releases-2.0.54.tgz. Extracting by manifest.
4927 silly tarball no local data for electron-to-chromium@https://registry.npmjs.org/electron-to-chromium/-/electron-to-chromium-1.5.422.tgz. Extracting by manifest.
4928 silly tarball no local data for baseline-browser-mapping@https://registry.npmjs.org/baseline-browser-mapping/-/baseline-browser-mapping-2.11.21.tgz. Extracting by manifest.
4929 silly tarball no local data for @vue/devtools-shared@https://registry.npmjs.org/@vue/devtools-shared/-/devtools-shared-8.2.1.tgz. Extracting by manifest.
4930 silly tarball no local data for postcss-value-parser@https://registry.npmjs.org/postcss-value-parser/-/postcss-value-parser-4.2.0.tgz. Extracting by manifest.
4931 silly tarball no local data for caniuse-lite@https://registry.npmjs.org/caniuse-lite/-/caniuse-lite-1.0.30001810.tgz. Extracting by manifest.
4932 silly tarball no local data for fraction.js@https://registry.npmjs.org/fraction.js/-/fraction.js-5.3.4.tgz. Extracting by manifest.
4933 silly tarball no local data for @vue/compiler-ssr@https://registry.npmjs.org/@vue/compiler-ssr/-/compiler-ssr-3.5.42.tgz. Extracting by manifest.
4934 silly tarball no local data for @vue/compiler-core@https://registry.npmjs.org/@vue/compiler-core/-/compiler-core-3.5.42.tgz. Extracting by manifest.
4935 silly tarball no local data for estree-walker@https://registry.npmjs.org/estree-walker/-/estree-walker-2.0.2.tgz. Extracting by manifest.
4936 silly tarball no local data for source-map-js@https://registry.npmjs.org/source-map-js/-/source-map-js-1.2.1.tgz. Extracting by manifest.
4937 silly tarball no local data for entities@https://registry.npmjs.org/entities/-/entities-7.0.1.tgz. Extracting by manifest.
4938 silly tarball no local data for @vue/compiler-sfc@https://registry.npmjs.org/@vue/compiler-sfc/-/compiler-sfc-3.5.42.tgz. Extracting by manifest.
4939 silly tarball no local data for @babel/plugin-syntax-jsx@https://registry.npmjs.org/@babel/plugin-syntax-jsx/-/plugin-syntax-jsx-7.29.7.tgz. Extracting by manifest.
4940 silly tarball no local data for @jridgewell/resolve-uri@https://registry.npmjs.org/@jridgewell/resolve-uri/-/resolve-uri-3.1.2.tgz. Extracting by manifest.
4941 silly tarball no local data for @vue/babel-helper-vue-transform-on@https://registry.npmjs.org/@vue/babel-helper-vue-transform-on/-/babel-helper-vue-transform-on-2.0.1.tgz. Extracting by manifest.
4942 silly tarball no local data for @vue/babel-plugin-resolve-type@https://registry.npmjs.org/@vue/babel-plugin-resolve-type/-/babel-plugin-resolve-type-2.0.1.tgz. Extracting by manifest.
4943 silly tarball no local data for @jridgewell/sourcemap-codec@https://registry.npmjs.org/@jridgewell/sourcemap-codec/-/sourcemap-codec-1.6.0.tgz. Extracting by manifest.
4944 silly tarball no local data for @babel/helper-string-parser@https://registry.npmjs.org/@babel/helper-string-parser/-/helper-string-parser-7.29.7.tgz. Extracting by manifest.
4945 silly tarball no local data for @babel/helper-replace-supers@https://registry.npmjs.org/@babel/helper-replace-supers/-/helper-replace-supers-7.29.7.tgz. Extracting by manifest.
4946 silly tarball no local data for @babel/helper-optimise-call-expression@https://registry.npmjs.org/@babel/helper-optimise-call-expression/-/helper-optimise-call-expression-7.29.7.tgz. Extracting by manifest.
4947 silly tarball no local data for @babel/helper-member-expression-to-functions@https://registry.npmjs.org/@babel/helper-member-expression-to-functions/-/helper-member-expression-to-functions-7.29.7.tgz. Extracting by manifest.
4948 silly tarball no local data for @babel/helper-create-class-features-plugin@https://registry.npmjs.org/@babel/helper-create-class-features-plugin/-/helper-create-class-features-plugin-7.29.7.tgz. Extracting by manifest.
4949 silly tarball no local data for @babel/helper-annotate-as-pure@https://registry.npmjs.org/@babel/helper-annotate-as-pure/-/helper-annotate-as-pure-7.29.7.tgz. Extracting by manifest.
4950 silly tarball no local data for @babel/helper-skip-transparent-expression-wrappers@https://registry.npmjs.org/@babel/helper-skip-transparent-expression-wrappers/-/helper-skip-transparent-expression-wrappers-7.29.7.tgz. Extracting by manifest.
4951 silly tarball no local data for @babel/helper-plugin-utils@https://registry.npmjs.org/@babel/helper-plugin-utils/-/helper-plugin-utils-7.29.7.tgz. Extracting by manifest.
4952 silly tarball no local data for @babel/helper-globals@https://registry.npmjs.org/@babel/helper-globals/-/helper-globals-7.29.7.tgz. Extracting by manifest.
4953 silly tarball no local data for @babel/helper-module-imports@https://registry.npmjs.org/@babel/helper-module-imports/-/helper-module-imports-7.29.7.tgz. Extracting by manifest.
4954 silly tarball no local data for lru-cache@https://registry.npmjs.org/lru-cache/-/lru-cache-5.1.1.tgz. Extracting by manifest.
4955 silly tarball no local data for browserslist@https://registry.npmjs.org/browserslist/-/browserslist-4.28.8.tgz. Extracting by manifest.
4956 silly tarball no local data for jsesc@https://registry.npmjs.org/jsesc/-/jsesc-3.1.0.tgz. Extracting by manifest.
4957 silly tarball no local data for @babel/helper-validator-option@https://registry.npmjs.org/@babel/helper-validator-option/-/helper-validator-option-7.29.7.tgz. Extracting by manifest.
4958 silly tarball no local data for postcss-normalize-whitespace@https://registry.npmjs.org/postcss-normalize-whitespace/-/postcss-normalize-whitespace-8.0.5.tgz. Extracting by manifest.
4959 silly tarball no local data for @babel/helper-validator-identifier@https://registry.npmjs.org/@babel/helper-validator-identifier/-/helper-validator-identifier-7.29.7.tgz. Extracting by manifest.
4960 silly tarball no local data for picocolors@https://registry.npmjs.org/picocolors/-/picocolors-1.1.1.tgz. Extracting by manifest.
4961 silly tarball no local data for @babel/compat-data@https://registry.npmjs.org/@babel/compat-data/-/compat-data-7.29.7.tgz. Extracting by manifest.
4962 silly tarball no local data for @jridgewell/gen-mapping@https://registry.npmjs.org/@jridgewell/gen-mapping/-/gen-mapping-0.3.13.tgz. Extracting by manifest.
4963 silly tarball no local data for @jridgewell/trace-mapping@https://registry.npmjs.org/@jridgewell/trace-mapping/-/trace-mapping-0.3.31.tgz. Extracting by manifest.
4964 silly tarball no local data for @jridgewell/remapping@https://registry.npmjs.org/@jridgewell/remapping/-/remapping-2.3.5.tgz. Extracting by manifest.
4965 silly tarball no local data for json5@https://registry.npmjs.org/json5/-/json5-2.2.3.tgz. Extracting by manifest.
4966 silly tarball no local data for gensync@https://registry.npmjs.org/gensync/-/gensync-1.0.0-beta.2.tgz. Extracting by manifest.
4967 silly tarball no local data for convert-source-map@https://registry.npmjs.org/convert-source-map/-/convert-source-map-2.0.0.tgz. Extracting by manifest.
4968 silly tarball no local data for @babel/types@https://registry.npmjs.org/@babel/types/-/types-7.29.8.tgz. Extracting by manifest.
4969 silly tarball no local data for @babel/traverse@https://registry.npmjs.org/@babel/traverse/-/traverse-7.29.8.tgz. Extracting by manifest.
4970 silly tarball no local data for @babel/template@https://registry.npmjs.org/@babel/template/-/template-7.29.7.tgz. Extracting by manifest.
4971 silly tarball no local data for @babel/helpers@https://registry.npmjs.org/@babel/helpers/-/helpers-7.29.7.tgz. Extracting by manifest.
4972 silly tarball no local data for @babel/parser@https://registry.npmjs.org/@babel/parser/-/parser-7.29.8.tgz. Extracting by manifest.
4973 silly tarball no local data for @babel/helper-module-transforms@https://registry.npmjs.org/@babel/helper-module-transforms/-/helper-module-transforms-7.29.7.tgz. Extracting by manifest.
4974 silly tarball no local data for @babel/helper-compilation-targets@https://registry.npmjs.org/@babel/helper-compilation-targets/-/helper-compilation-targets-7.29.7.tgz. Extracting by manifest.
4975 silly tarball no local data for @vue/babel-plugin-jsx@https://registry.npmjs.org/@vue/babel-plugin-jsx/-/babel-plugin-jsx-2.0.1.tgz. Extracting by manifest.
4976 silly tarball no local data for @babel/code-frame@https://registry.npmjs.org/@babel/code-frame/-/code-frame-7.29.7.tgz. Extracting by manifest.
4977 silly tarball no local data for @babel/generator@https://registry.npmjs.org/@babel/generator/-/generator-7.29.8.tgz. Extracting by manifest.
4978 silly tarball no local data for @babel/plugin-transform-typescript@https://registry.npmjs.org/@babel/plugin-transform-typescript/-/plugin-transform-typescript-7.29.7.tgz. Extracting by manifest.
4979 silly tarball no local data for @babel/plugin-syntax-typescript@https://registry.npmjs.org/@babel/plugin-syntax-typescript/-/plugin-syntax-typescript-7.29.7.tgz. Extracting by manifest.
4980 silly tarball no local data for @babel/core@https://registry.npmjs.org/@babel/core/-/core-7.29.7.tgz. Extracting by manifest.
4981 silly tarball no local data for @rolldown/pluginutils@https://registry.npmjs.org/@rolldown/pluginutils/-/pluginutils-1.0.1.tgz. Extracting by manifest.
4982 silly tarball no local data for @unhead/bundler@https://registry.npmjs.org/@unhead/bundler/-/bundler-3.4.0.tgz. Extracting by manifest.
4983 silly tarball no local data for vite-plugin-checker@https://registry.npmjs.org/vite-plugin-checker/-/vite-plugin-checker-0.14.5.tgz. Extracting by manifest.
4984 silly tarball no local data for vite-node@https://registry.npmjs.org/vite-node/-/vite-node-6.0.0.tgz. Extracting by manifest.
4985 silly tarball no local data for unenv@https://registry.npmjs.org/unenv/-/unenv-2.0.0-rc.24.tgz. Extracting by manifest.
4986 silly tarball no local data for seroval@https://registry.npmjs.org/seroval/-/seroval-1.6.4.tgz. Extracting by manifest.
4987 silly tarball no local data for js-tokens@https://registry.npmjs.org/js-tokens/-/js-tokens-10.0.0.tgz. Extracting by manifest.
4988 silly tarball no local data for generic-names@https://registry.npmjs.org/generic-names/-/generic-names-4.0.0.tgz. Extracting by manifest.
4989 silly tarball no local data for cssnano@https://registry.npmjs.org/cssnano/-/cssnano-8.0.10.tgz. Extracting by manifest.
4990 silly tarball no local data for autoprefixer@https://registry.npmjs.org/autoprefixer/-/autoprefixer-10.5.4.tgz. Extracting by manifest.
4991 silly tarball no local data for postcss@https://registry.npmjs.org/postcss/-/postcss-8.5.28.tgz. Extracting by manifest.
4992 silly tarball no local data for @vitejs/plugin-vue@https://registry.npmjs.org/@vitejs/plugin-vue/-/plugin-vue-6.0.8.tgz. Extracting by manifest.
4993 silly tarball no local data for vue-devtools-stub@https://registry.npmjs.org/vue-devtools-stub/-/vue-devtools-stub-0.1.0.tgz. Extracting by manifest.
4994 silly tarball no local data for vue-bundle-renderer@https://registry.npmjs.org/vue-bundle-renderer/-/vue-bundle-renderer-2.3.2.tgz. Extracting by manifest.
4995 silly tarball no local data for nitropack@https://registry.npmjs.org/nitropack/-/nitropack-2.13.4.tgz. Extracting by manifest.
4996 silly tarball no local data for mocked-exports@https://registry.npmjs.org/mocked-exports/-/mocked-exports-0.1.1.tgz. Extracting by manifest.
4997 silly tarball no local data for @nuxt/devalue@https://registry.npmjs.org/@nuxt/devalue/-/devalue-2.0.2.tgz. Extracting by manifest.
4998 silly tarball no local data for h3@https://registry.npmjs.org/h3/-/h3-1.15.11.tgz. Extracting by manifest.
4999 silly tarball no local data for rc9@https://registry.npmjs.org/rc9/-/rc9-3.1.0.tgz. Extracting by manifest.
5000 silly tarball no local data for ws@https://registry.npmjs.org/ws/-/ws-8.21.3.tgz. Extracting by manifest.
5001 silly tarball no local data for @vitejs/plugin-vue-jsx@https://registry.npmjs.org/@vitejs/plugin-vue-jsx/-/plugin-vue-jsx-5.1.6.tgz. Extracting by manifest.
5002 silly tarball no local data for diff@https://registry.npmjs.org/diff/-/diff-8.0.4.tgz. Extracting by manifest.
5003 silly tarball no local data for which@https://registry.npmjs.org/which/-/which-6.0.1.tgz. Extracting by manifest.
5004 silly tarball no local data for vite-plugin-vue-tracer@https://registry.npmjs.org/vite-plugin-vue-tracer/-/vite-plugin-vue-tracer-1.5.0.tgz. Extracting by manifest.
5005 silly tarball no local data for vite-plugin-inspect@https://registry.npmjs.org/vite-plugin-inspect/-/vite-plugin-inspect-11.4.1.tgz. Extracting by manifest.
5006 silly tarball no local data for unstorage@https://registry.npmjs.org/unstorage/-/unstorage-1.17.5.tgz. Extracting by manifest.
5007 silly tarball no local data for structured-clone-es@https://registry.npmjs.org/structured-clone-es/-/structured-clone-es-2.0.1.tgz. Extracting by manifest.
5008 silly tarball no local data for sirv@https://registry.npmjs.org/sirv/-/sirv-3.0.2.tgz. Extracting by manifest.
5009 silly tarball no local data for simple-git@https://registry.npmjs.org/simple-git/-/simple-git-3.36.0.tgz. Extracting by manifest.
5010 silly tarball no local data for magicast@https://registry.npmjs.org/magicast/-/magicast-0.5.4.tgz. Extracting by manifest.
5011 silly tarball no local data for local-pkg@https://registry.npmjs.org/local-pkg/-/local-pkg-1.2.1.tgz. Extracting by manifest.
5012 silly tarball no local data for launch-editor@https://registry.npmjs.org/launch-editor/-/launch-editor-2.14.1.tgz. Extracting by manifest.
5013 silly tarball no local data for is-installed-globally@https://registry.npmjs.org/is-installed-globally/-/is-installed-globally-1.0.0.tgz. Extracting by manifest.
5014 silly tarball no local data for image-meta@https://registry.npmjs.org/image-meta/-/image-meta-0.2.2.tgz. Extracting by manifest.
5015 silly tarball no local data for get-port-please@https://registry.npmjs.org/get-port-please/-/get-port-please-3.2.0.tgz. Extracting by manifest.
5016 silly tarball no local data for fast-npm-meta@https://registry.npmjs.org/fast-npm-meta/-/fast-npm-meta-2.2.0.tgz. Extracting by manifest.
5017 silly tarball no local data for execa@https://registry.npmjs.org/execa/-/execa-8.0.1.tgz. Extracting by manifest.
5018 silly tarball no local data for error-stack-parser-es@https://registry.npmjs.org/error-stack-parser-es/-/error-stack-parser-es-2.0.1.tgz. Extracting by manifest.
5019 silly tarball no local data for @vue/devtools-kit@https://registry.npmjs.org/@vue/devtools-kit/-/devtools-kit-8.2.1.tgz. Extracting by manifest.
5020 silly tarball no local data for destr@https://registry.npmjs.org/destr/-/destr-2.0.5.tgz. Extracting by manifest.
5021 silly tarball no local data for birpc@https://registry.npmjs.org/birpc/-/birpc-4.2.0.tgz. Extracting by manifest.
5022 silly tarball no local data for @vue/devtools-core@https://registry.npmjs.org/@vue/devtools-core/-/devtools-core-8.2.1.tgz. Extracting by manifest.
5023 silly tarball no local data for sisteransi@https://registry.npmjs.org/sisteransi/-/sisteransi-1.0.5.tgz. Extracting by manifest.
5024 silly tarball no local data for fast-wrap-ansi@https://registry.npmjs.org/fast-wrap-ansi/-/fast-wrap-ansi-0.2.2.tgz. Extracting by manifest.
5025 silly tarball no local data for @nuxt/devtools-wizard@https://registry.npmjs.org/@nuxt/devtools-wizard/-/devtools-wizard-3.4.2.tgz. Extracting by manifest.
5026 silly tarball no local data for @nuxt/devtools-kit@https://registry.npmjs.org/@nuxt/devtools-kit/-/devtools-kit-3.4.2.tgz. Extracting by manifest.
5027 silly tarball no local data for @clack/core@https://registry.npmjs.org/@clack/core/-/core-1.4.3.tgz. Extracting by manifest.
5028 silly tarball no local data for fast-string-width@https://registry.npmjs.org/fast-string-width/-/fast-string-width-3.0.2.tgz. Extracting by manifest.
5029 silly tarball no local data for youch@https://registry.npmjs.org/youch/-/youch-4.1.1.tgz. Extracting by manifest.
5030 silly tarball no local data for tinyexec@https://registry.npmjs.org/tinyexec/-/tinyexec-1.3.1.tgz. Extracting by manifest.
5031 silly tarball no local data for tinyclip@https://registry.npmjs.org/tinyclip/-/tinyclip-0.1.15.tgz. Extracting by manifest.
5032 silly tarball no local data for srvx@https://registry.npmjs.org/srvx/-/srvx-0.11.22.tgz. Extracting by manifest.
5033 silly tarball no local data for semver@https://registry.npmjs.org/semver/-/semver-7.8.5.tgz. Extracting by manifest.
5034 silly tarball no local data for listhen@https://registry.npmjs.org/listhen/-/listhen-1.10.1.tgz. Extracting by manifest.
5035 silly tarball no local data for giget@https://registry.npmjs.org/giget/-/giget-3.3.1.tgz. Extracting by manifest.
5036 silly tarball no local data for fzf@https://registry.npmjs.org/fzf/-/fzf-0.5.2.tgz. Extracting by manifest.
5037 silly tarball no local data for fuse.js@https://registry.npmjs.org/fuse.js/-/fuse.js-7.5.0.tgz. Extracting by manifest.
5038 silly tarball no local data for debug@https://registry.npmjs.org/debug/-/debug-4.4.3.tgz. Extracting by manifest.
5039 silly tarball no local data for @clack/prompts@https://registry.npmjs.org/@clack/prompts/-/prompts-1.7.0.tgz. Extracting by manifest.
5040 silly tarball no local data for citty@https://registry.npmjs.org/citty/-/citty-0.2.2.tgz. Extracting by manifest.
5041 silly tarball no local data for confbox@https://registry.npmjs.org/confbox/-/confbox-0.2.4.tgz. Extracting by manifest.
5042 silly tarball no local data for @bomb.sh/tab@https://registry.npmjs.org/@bomb.sh/tab/-/tab-0.0.19.tgz. Extracting by manifest.
5043 silly tarball no local data for @dxup/unimport@https://registry.npmjs.org/@dxup/unimport/-/unimport-0.1.2.tgz. Extracting by manifest.
5044 silly tarball no local data for @vue/compiler-dom@https://registry.npmjs.org/@vue/compiler-dom/-/compiler-dom-3.5.42.tgz. Extracting by manifest.
5045 silly tarball no local data for c12@https://registry.npmjs.org/c12/-/c12-3.3.4.tgz. Extracting by manifest.
5046 silly tarball no local data for vue-router@https://registry.npmjs.org/vue-router/-/vue-router-5.3.1.tgz. Extracting by manifest.
5047 silly tarball no local data for vue-component-type-helpers@https://registry.npmjs.org/vue-component-type-helpers/-/vue-component-type-helpers-3.3.11.tgz. Extracting by manifest.
5048 silly tarball no local data for verkit@https://registry.npmjs.org/verkit/-/verkit-0.3.2.tgz. Extracting by manifest.
5049 silly tarball no local data for untyped@https://registry.npmjs.org/untyped/-/untyped-2.0.0.tgz. Extracting by manifest.
5050 silly tarball no local data for unrouting@https://registry.npmjs.org/unrouting/-/unrouting-0.2.3.tgz. Extracting by manifest.
5051 silly tarball no local data for unplugin@https://registry.npmjs.org/unplugin/-/unplugin-3.3.0.tgz. Extracting by manifest.
5052 silly tarball no local data for undici@https://registry.npmjs.org/undici/-/undici-8.10.1.tgz. Extracting by manifest.
5053 silly tarball no local data for unhead@https://registry.npmjs.org/unhead/-/unhead-3.4.0.tgz. Extracting by manifest.
5054 silly tarball no local data for unimport@https://registry.npmjs.org/unimport/-/unimport-6.4.0.tgz. Extracting by manifest.
5055 silly tarball no local data for unctx@https://registry.npmjs.org/unctx/-/unctx-3.0.1.tgz. Extracting by manifest.
5056 silly tarball no local data for uncrypto@https://registry.npmjs.org/uncrypto/-/uncrypto-0.1.3.tgz. Extracting by manifest.
5057 silly tarball no local data for ultrahtml@https://registry.npmjs.org/ultrahtml/-/ultrahtml-1.7.0.tgz. Extracting by manifest.
5058 silly tarball no local data for ufo@https://registry.npmjs.org/ufo/-/ufo-1.6.4.tgz. Extracting by manifest.
5059 silly tarball no local data for scule@https://registry.npmjs.org/scule/-/scule-1.3.0.tgz. Extracting by manifest.
5060 silly tarball no local data for std-env@https://registry.npmjs.org/std-env/-/std-env-4.2.0.tgz. Extracting by manifest.
5061 silly tarball no local data for rou3@https://registry.npmjs.org/rou3/-/rou3-0.9.2.tgz. Extracting by manifest.
5062 silly tarball no local data for rolldown-string@https://registry.npmjs.org/rolldown-string/-/rolldown-string-0.3.1.tgz. Extracting by manifest.
5063 silly tarball no local data for tinyglobby@https://registry.npmjs.org/tinyglobby/-/tinyglobby-0.2.17.tgz. Extracting by manifest.
5064 silly tarball no local data for pkg-types@https://registry.npmjs.org/pkg-types/-/pkg-types-2.3.2.tgz. Extracting by manifest.
5065 silly tarball no local data for perfect-debounce@https://registry.npmjs.org/perfect-debounce/-/perfect-debounce-2.1.0.tgz. Extracting by manifest.
5066 silly tarball no local data for picomatch@https://registry.npmjs.org/picomatch/-/picomatch-4.0.7.tgz. Extracting by manifest.
5067 silly tarball no local data for on-change@https://registry.npmjs.org/on-change/-/on-change-6.0.2.tgz. Extracting by manifest.
5068 silly tarball no local data for pathe@https://registry.npmjs.org/pathe/-/pathe-2.0.3.tgz. Extracting by manifest.
5069 silly tarball no local data for oxc-walker@https://registry.npmjs.org/oxc-walker/-/oxc-walker-1.1.1.tgz. Extracting by manifest.
5070 silly tarball no local data for ohash@https://registry.npmjs.org/ohash/-/ohash-2.0.12.tgz. Extracting by manifest.
5071 silly tarball no local data for object-identity@https://registry.npmjs.org/object-identity/-/object-identity-0.2.3.tgz. Extracting by manifest.
5072 silly tarball no local data for nostics@https://registry.npmjs.org/nostics/-/nostics-1.2.0.tgz. Extracting by manifest.
5073 silly tarball no local data for nypm@https://registry.npmjs.org/nypm/-/nypm-0.6.9.tgz. Extracting by manifest.
5074 silly tarball no local data for magic-string@https://registry.npmjs.org/magic-string/-/magic-string-1.2.3.tgz. Extracting by manifest.
5075 silly tarball no local data for ofetch@https://registry.npmjs.org/ofetch/-/ofetch-1.5.1.tgz. Extracting by manifest.
5076 silly tarball no local data for nanotar@https://registry.npmjs.org/nanotar/-/nanotar-0.3.0.tgz. Extracting by manifest.
5077 silly tarball no local data for mlly@https://registry.npmjs.org/mlly/-/mlly-1.8.2.tgz. Extracting by manifest.
5078 silly tarball no local data for klona@https://registry.npmjs.org/klona/-/klona-2.0.6.tgz. Extracting by manifest.
5079 silly tarball no local data for knitwork@https://registry.npmjs.org/knitwork/-/knitwork-1.3.0.tgz. Extracting by manifest.
5080 silly tarball no local data for jiti@https://registry.npmjs.org/jiti/-/jiti-2.7.0.tgz. Extracting by manifest.
5081 silly tarball no local data for impound@https://registry.npmjs.org/impound/-/impound-1.2.0.tgz. Extracting by manifest.
5082 silly tarball no local data for ignore@https://registry.npmjs.org/ignore/-/ignore-7.0.8.tgz. Extracting by manifest.
5083 silly tarball no local data for hookable@https://registry.npmjs.org/hookable/-/hookable-6.1.1.tgz. Extracting by manifest.
5084 silly tarball no local data for exsolve@https://registry.npmjs.org/exsolve/-/exsolve-1.1.1.tgz. Extracting by manifest.
5085 silly tarball no local data for fnv1a-64@https://registry.npmjs.org/fnv1a-64/-/fnv1a-64-0.1.2.tgz. Extracting by manifest.
5086 silly tarball no local data for escape-string-regexp@https://registry.npmjs.org/escape-string-regexp/-/escape-string-regexp-5.0.0.tgz. Extracting by manifest.
5087 silly tarball no local data for devalue@https://registry.npmjs.org/devalue/-/devalue-5.9.2.tgz. Extracting by manifest.
5088 silly tarball no local data for errx@https://registry.npmjs.org/errx/-/errx-0.1.2.tgz. Extracting by manifest.
5089 silly tarball no local data for defu@https://registry.npmjs.org/defu/-/defu-6.1.7.tgz. Extracting by manifest.
5090 silly tarball no local data for cookie-es@https://registry.npmjs.org/cookie-es/-/cookie-es-3.1.1.tgz. Extracting by manifest.
5091 silly tarball no local data for compatx@https://registry.npmjs.org/compatx/-/compatx-0.2.0.tgz. Extracting by manifest.
5092 silly tarball no local data for consola@https://registry.npmjs.org/consola/-/consola-3.4.2.tgz. Extracting by manifest.
5093 silly tarball no local data for @vue/shared@https://registry.npmjs.org/@vue/shared/-/shared-3.5.42.tgz. Extracting by manifest.
5094 silly tarball no local data for @unhead/vue@https://registry.npmjs.org/@unhead/vue/-/vue-3.4.0.tgz. Extracting by manifest.
5095 silly tarball no local data for vue@https://registry.npmjs.org/vue/-/vue-3.5.42.tgz. Extracting by manifest.
5096 silly tarball no local data for chokidar@https://registry.npmjs.org/chokidar/-/chokidar-5.0.0.tgz. Extracting by manifest.
5097 silly tarball no local data for @nuxt/vite-builder@https://registry.npmjs.org/@nuxt/vite-builder/-/vite-builder-4.5.2.tgz. Extracting by manifest.
5098 silly tarball no local data for @nuxt/telemetry@https://registry.npmjs.org/@nuxt/telemetry/-/telemetry-2.9.1.tgz. Extracting by manifest.
5099 silly tarball no local data for @nuxt/kit@https://registry.npmjs.org/@nuxt/kit/-/kit-4.5.2.tgz. Extracting by manifest.
5100 silly tarball no local data for vite@https://registry.npmjs.org/vite/-/vite-8.2.2.tgz. Extracting by manifest.
5101 silly tarball no local data for @nuxt/nitro-server@https://registry.npmjs.org/@nuxt/nitro-server/-/nitro-server-4.5.2.tgz. Extracting by manifest.
5102 silly tarball no local data for @nuxt/schema@https://registry.npmjs.org/@nuxt/schema/-/schema-4.5.2.tgz. Extracting by manifest.
5103 silly tarball no local data for @dxup/nuxt@https://registry.npmjs.org/@dxup/nuxt/-/nuxt-0.5.10.tgz. Extracting by manifest.
5104 silly tarball no local data for rolldown@https://registry.npmjs.org/rolldown/-/rolldown-1.2.7.tgz. Extracting by manifest.
5105 silly tarball no local data for @nuxt/cli@https://registry.npmjs.org/@nuxt/cli/-/cli-3.37.0.tgz. Extracting by manifest.
5106 silly tarball no local data for @nuxt/devtools@https://registry.npmjs.org/@nuxt/devtools/-/devtools-3.4.2.tgz. Extracting by manifest.
5107 silly tarball no local data for nuxt@https://registry.npmjs.org/nuxt/-/nuxt-4.5.2.tgz. Extracting by manifest.
5108 silly tarball no local data for ansi-regex@https://registry.npmjs.org/ansi-regex/-/ansi-regex-5.0.1.tgz. Extracting by manifest.
5109 silly tarball no local data for ansi-regex@https://registry.npmjs.org/ansi-regex/-/ansi-regex-5.0.1.tgz. Extracting by manifest.
5110 silly tarball no local data for ansi-regex@https://registry.npmjs.org/ansi-regex/-/ansi-regex-5.0.1.tgz. Extracting by manifest.
5111 silly tarball no local data for strip-ansi@https://registry.npmjs.org/strip-ansi/-/strip-ansi-6.0.1.tgz. Extracting by manifest.
5112 silly tarball no local data for ansi-styles@https://registry.npmjs.org/ansi-styles/-/ansi-styles-4.3.0.tgz. Extracting by manifest.
5113 silly tarball no local data for string-width@https://registry.npmjs.org/string-width/-/string-width-4.2.3.tgz. Extracting by manifest.
5114 silly tarball no local data for strip-ansi@https://registry.npmjs.org/strip-ansi/-/strip-ansi-6.0.1.tgz. Extracting by manifest.
5115 silly tarball no local data for is-stream@https://registry.npmjs.org/is-stream/-/is-stream-2.0.1.tgz. Extracting by manifest.
5116 silly tarball no local data for wrap-ansi@https://registry.npmjs.org/wrap-ansi/-/wrap-ansi-8.1.0.tgz. Extracting by manifest.
5117 silly tarball no local data for emoji-regex@https://registry.npmjs.org/emoji-regex/-/emoji-regex-9.2.2.tgz. Extracting by manifest.
5118 silly tarball no local data for string-width@https://registry.npmjs.org/string-width/-/string-width-5.1.2.tgz. Extracting by manifest.
5119 silly tarball no local data for emoji-regex@https://registry.npmjs.org/emoji-regex/-/emoji-regex-10.6.0.tgz. Extracting by manifest.
5120 silly tarball no local data for string-width@https://registry.npmjs.org/string-width/-/string-width-7.2.0.tgz. Extracting by manifest.
5121 silly tarball no local data for magic-string@https://registry.npmjs.org/magic-string/-/magic-string-0.30.21.tgz. Extracting by manifest.
5122 silly tarball no local data for signal-exit@https://registry.npmjs.org/signal-exit/-/signal-exit-3.0.7.tgz. Extracting by manifest.
5123 silly tarball no local data for picomatch@https://registry.npmjs.org/picomatch/-/picomatch-2.3.2.tgz. Extracting by manifest.
5124 silly tarball no local data for source-map@https://registry.npmjs.org/source-map/-/source-map-0.6.1.tgz. Extracting by manifest.
5125 silly tarball no local data for entities@https://registry.npmjs.org/entities/-/entities-4.5.0.tgz. Extracting by manifest.
5126 silly tarball no local data for mdn-data@https://registry.npmjs.org/mdn-data/-/mdn-data-2.0.28.tgz. Extracting by manifest.
5127 silly tarball no local data for emoji-regex@https://registry.npmjs.org/emoji-regex/-/emoji-regex-10.6.0.tgz. Extracting by manifest.
5128 silly tarball no local data for powershell-utils@https://registry.npmjs.org/powershell-utils/-/powershell-utils-0.1.0.tgz. Extracting by manifest.
5129 silly tarball no local data for commander@https://registry.npmjs.org/commander/-/commander-11.1.0.tgz. Extracting by manifest.
5130 silly tarball no local data for picomatch@https://registry.npmjs.org/picomatch/-/picomatch-2.3.2.tgz. Extracting by manifest.
5131 silly tarball no local data for css-tree@https://registry.npmjs.org/css-tree/-/css-tree-2.2.1.tgz. Extracting by manifest.
5132 silly tarball no local data for string_decoder@https://registry.npmjs.org/string_decoder/-/string_decoder-1.1.1.tgz. Extracting by manifest.
5133 silly tarball no local data for string-width@https://registry.npmjs.org/string-width/-/string-width-7.2.0.tgz. Extracting by manifest.
5134 silly tarball no local data for lru-cache@https://registry.npmjs.org/lru-cache/-/lru-cache-11.5.2.tgz. Extracting by manifest.
5135 silly tarball no local data for readable-stream@https://registry.npmjs.org/readable-stream/-/readable-stream-2.3.8.tgz. Extracting by manifest.
5136 silly tarball no local data for brace-expansion@https://registry.npmjs.org/brace-expansion/-/brace-expansion-2.1.4.tgz. Extracting by manifest.
5137 silly tarball no local data for safe-buffer@https://registry.npmjs.org/safe-buffer/-/safe-buffer-5.1.2.tgz. Extracting by manifest.
5138 silly tarball no local data for balanced-match@https://registry.npmjs.org/balanced-match/-/balanced-match-1.0.2.tgz. Extracting by manifest.
5139 silly tarball no local data for minimatch@https://registry.npmjs.org/minimatch/-/minimatch-5.1.9.tgz. Extracting by manifest.
5140 silly tarball no local data for lru-cache@https://registry.npmjs.org/lru-cache/-/lru-cache-10.4.3.tgz. Extracting by manifest.
5141 silly tarball no local data for balanced-match@https://registry.npmjs.org/balanced-match/-/balanced-match-1.0.2.tgz. Extracting by manifest.
5142 silly tarball no local data for path-scurry@https://registry.npmjs.org/path-scurry/-/path-scurry-1.11.1.tgz. Extracting by manifest.
5143 silly tarball no local data for brace-expansion@https://registry.npmjs.org/brace-expansion/-/brace-expansion-2.1.4.tgz. Extracting by manifest.
5144 silly tarball no local data for yallist@https://registry.npmjs.org/yallist/-/yallist-5.0.0.tgz. Extracting by manifest.
5145 silly tarball no local data for is-stream@https://registry.npmjs.org/is-stream/-/is-stream-2.0.1.tgz. Extracting by manifest.
5146 silly tarball no local data for commander@https://registry.npmjs.org/commander/-/commander-2.20.3.tgz. Extracting by manifest.
5147 silly tarball no local data for magic-string@https://registry.npmjs.org/magic-string/-/magic-string-0.30.21.tgz. Extracting by manifest.
5148 silly tarball no local data for error-stack-parser-es@https://registry.npmjs.org/error-stack-parser-es/-/error-stack-parser-es-1.0.5.tgz. Extracting by manifest.
5149 silly tarball no local data for source-map@https://registry.npmjs.org/source-map/-/source-map-0.8.0.tgz. Extracting by manifest.
5150 silly tarball no local data for magic-string@https://registry.npmjs.org/magic-string/-/magic-string-0.30.21.tgz. Extracting by manifest.
5151 silly tarball no local data for magic-string@https://registry.npmjs.org/magic-string/-/magic-string-0.30.21.tgz. Extracting by manifest.
5152 silly tarball no local data for magic-string@https://registry.npmjs.org/magic-string/-/magic-string-0.30.21.tgz. Extracting by manifest.
5153 silly tarball no local data for path-key@https://registry.npmjs.org/path-key/-/path-key-4.0.0.tgz. Extracting by manifest.
5154 silly tarball no local data for isexe@https://registry.npmjs.org/isexe/-/isexe-2.0.0.tgz. Extracting by manifest.
5155 silly tarball no local data for which@https://registry.npmjs.org/which/-/which-2.0.2.tgz. Extracting by manifest.
5156 silly tarball no local data for magic-string@https://registry.npmjs.org/magic-string/-/magic-string-0.30.21.tgz. Extracting by manifest.
5157 silly tarball no local data for semver@https://registry.npmjs.org/semver/-/semver-6.3.1.tgz. Extracting by manifest.
5158 silly tarball no local data for semver@https://registry.npmjs.org/semver/-/semver-6.3.1.tgz. Extracting by manifest.
5159 silly tarball no local data for js-tokens@https://registry.npmjs.org/js-tokens/-/js-tokens-4.0.0.tgz. Extracting by manifest.
5160 silly tarball no local data for semver@https://registry.npmjs.org/semver/-/semver-6.3.1.tgz. Extracting by manifest.
5161 silly tarball no local data for unicorn-magic@https://registry.npmjs.org/unicorn-magic/-/unicorn-magic-0.3.0.tgz. Extracting by manifest.
5162 silly tarball no local data for path-key@https://registry.npmjs.org/path-key/-/path-key-4.0.0.tgz. Extracting by manifest.
5163 silly tarball no local data for npm-run-path@https://registry.npmjs.org/npm-run-path/-/npm-run-path-6.0.0.tgz. Extracting by manifest.
5164 silly tarball no local data for cac@https://registry.npmjs.org/cac/-/cac-7.0.0.tgz. Extracting by manifest.
5165 silly tarball no local data for minimatch@https://registry.npmjs.org/minimatch/-/minimatch-9.0.9.tgz. Extracting by manifest.
5166 silly tarball no local data for glob@https://registry.npmjs.org/glob/-/glob-10.5.0.tgz. Extracting by manifest.
5167 silly tarball no local data for unplugin@https://registry.npmjs.org/unplugin/-/unplugin-2.3.11.tgz. Extracting by manifest.
5168 silly tarball no local data for estree-walker@https://registry.npmjs.org/estree-walker/-/estree-walker-3.0.3.tgz. Extracting by manifest.
5169 silly tarball no local data for magic-string@https://registry.npmjs.org/magic-string/-/magic-string-0.30.21.tgz. Extracting by manifest.
5170 silly tarball no local data for unctx@https://registry.npmjs.org/unctx/-/unctx-2.5.0.tgz. Extracting by manifest.
5171 silly tarball no local data for cookie-es@https://registry.npmjs.org/cookie-es/-/cookie-es-1.2.3.tgz. Extracting by manifest.
5172 silly tarball no local data for estree-walker@https://registry.npmjs.org/estree-walker/-/estree-walker-3.0.3.tgz. Extracting by manifest.
5173 silly tarball no local data for error-stack-parser-es@https://registry.npmjs.org/error-stack-parser-es/-/error-stack-parser-es-1.0.5.tgz. Extracting by manifest.
5174 silly tarball no local data for lru-cache@https://registry.npmjs.org/lru-cache/-/lru-cache-11.5.2.tgz. Extracting by manifest.
5175 silly tarball no local data for cac@https://registry.npmjs.org/cac/-/cac-7.0.0.tgz. Extracting by manifest.
5176 silly tarball no local data for hookable@https://registry.npmjs.org/hookable/-/hookable-5.5.3.tgz. Extracting by manifest.
5177 silly tarball no local data for birpc@https://registry.npmjs.org/birpc/-/birpc-2.9.0.tgz. Extracting by manifest.
5178 silly tarball no local data for crossws@https://registry.npmjs.org/crossws/-/crossws-0.4.12.tgz. Extracting by manifest.
5179 silly tarball no local data for cookie-es@https://registry.npmjs.org/cookie-es/-/cookie-es-2.0.1.tgz. Extracting by manifest.
5180 silly tarball no local data for hookable@https://registry.npmjs.org/hookable/-/hookable-5.5.3.tgz. Extracting by manifest.
5181 silly tarball no local data for magic-string@https://registry.npmjs.org/magic-string/-/magic-string-0.30.21.tgz. Extracting by manifest.
5182 silly tarball no local data for citty@https://registry.npmjs.org/citty/-/citty-0.1.6.tgz. Extracting by manifest.
5183 silly tarball no local data for estree-walker@https://registry.npmjs.org/estree-walker/-/estree-walker-3.0.3.tgz. Extracting by manifest.
5184 silly tarball no local data for confbox@https://registry.npmjs.org/confbox/-/confbox-0.3.1.tgz. Extracting by manifest.
5185 silly tarball no local data for confbox@https://registry.npmjs.org/confbox/-/confbox-0.1.8.tgz. Extracting by manifest.
5186 silly tarball no local data for pkg-types@https://registry.npmjs.org/pkg-types/-/pkg-types-1.3.1.tgz. Extracting by manifest.
5187 http fetch GET 200 https://registry.npmjs.org/color-name/-/color-name-1.1.4.tgz 651ms (cache miss)
5188 http fetch GET 200 https://registry.npmjs.org/process-nextick-args/-/process-nextick-args-2.0.1.tgz 651ms (cache miss)
5189 http fetch GET 200 https://registry.npmjs.org/isarray/-/isarray-1.0.0.tgz 651ms (cache miss)
5190 http fetch GET 200 https://registry.npmjs.org/foreground-child/-/foreground-child-3.3.1.tgz 663ms (cache miss)
5191 http fetch GET 200 https://registry.npmjs.org/package-json-from-dist/-/package-json-from-dist-1.0.1.tgz 666ms (cache miss)
5192 http fetch GET 200 https://registry.npmjs.org/crc32-stream/-/crc32-stream-6.0.0.tgz 672ms (cache miss)
5193 http fetch GET 200 https://registry.npmjs.org/color-convert/-/color-convert-2.0.1.tgz 742ms (cache miss)
5194 http fetch GET 200 https://registry.npmjs.org/crc-32/-/crc-32-1.2.2.tgz 744ms (cache miss)
5195 http fetch GET 200 https://registry.npmjs.org/compress-commons/-/compress-commons-6.0.2.tgz 746ms (cache miss)
5196 http fetch GET 200 https://registry.npmjs.org/core-util-is/-/core-util-is-1.0.3.tgz 779ms (cache miss)
5197 http fetch GET 200 https://registry.npmjs.org/eastasianwidth/-/eastasianwidth-0.2.0.tgz 779ms (cache miss)
5198 http fetch GET 200 https://registry.npmjs.org/wrap-ansi/-/wrap-ansi-7.0.0.tgz 820ms (cache miss)
5199 http fetch GET 200 https://registry.npmjs.org/strip-ansi/-/strip-ansi-6.0.1.tgz 822ms (cache miss)
5200 http fetch GET 200 https://registry.npmjs.org/string-width/-/string-width-4.2.3.tgz 869ms (cache miss)
5201 http fetch GET 200 https://registry.npmjs.org/get-east-asian-width/-/get-east-asian-width-1.6.0.tgz 901ms (cache miss)
5202 http fetch GET 200 https://registry.npmjs.org/is-fullwidth-code-point/-/is-fullwidth-code-point-3.0.0.tgz 919ms (cache miss)
5203 http fetch GET 200 https://registry.npmjs.org/ansi-regex/-/ansi-regex-6.3.0.tgz 1054ms (cache miss)
5204 warn tar TAR_ENTRY_ERROR UNKNOWN: unknown error, open 'C:\Users\Kawinpat\Documents\Codex\2026-09-04\new-chat\node_modules\proper-lockfile\LICENSE'
5205 silly tar TAR_ENTRY_ERROR UNKNOWN: unknown error, open 'C:\Users\Kawinpat\Documents\Codex\2026-09-04\new-chat\node_modules\proper-lockfile\LICENSE' [Error: UNKNOWN: unknown error, open 'C:\Users\Kawinpat\Documents\Codex\2026-09-04\new-chat\node_modules\proper-lockfile\LICENSE'] {
5205 silly tar   errno: -4094,
5205 silly tar   code: 'UNKNOWN',
5205 silly tar   syscall: 'open',
5205 silly tar   path: 'C:\\Users\\Kawinpat\\Documents\\Codex\\2026-09-04\\new-chat\\node_modules\\proper-lockfile\\LICENSE',
5205 silly tar   entry: Ls {
5205 silly tar     _events: [Object: null prototype] {},
5205 silly tar     _eventsCount: 0,
5205 silly tar     _maxListeners: undefined,
5205 silly tar     writable: false,
5205 silly tar     readable: false,
5205 silly tar     extended: undefined,
5205 silly tar     globalExtended: undefined,
5205 silly tar     header: Ns {
5205 silly tar       cksumValid: true,
5205 silly tar       needPax: false,
5205 silly tar       nullBlock: false,
5205 silly tar       block: undefined,
5205 silly tar       path: 'package/LICENSE',
5205 silly tar       mode: 420,
5205 silly tar       uid: undefined,
5205 silly tar       gid: undefined,
5205 silly tar       size: 1105,
5205 silly tar       cksum: 4273,
5205 silly tar       linkpath: '',
5205 silly tar       uname: '',
5205 silly tar       gname: '',
5205 silly tar       devmaj: 0,
5205 silly tar       devmin: 0,
5205 silly tar       atime: undefined,
5205 silly tar       ctime: undefined,
5205 silly tar       mtime: 1985-10-26T08:15:00.000Z,
5205 silly tar       charset: undefined,
5205 silly tar       comment: undefined
5205 silly tar     },
5205 silly tar     startBlockSize: 1536,
5205 silly tar     blockRemain: 0,
5205 silly tar     remain: 0,
5205 silly tar     type: 'File',
5205 silly tar     meta: false,
5205 silly tar     ignore: false,
5205 silly tar     path: 'LICENSE',
5205 silly tar     mode: 438,
5205 silly tar     uid: undefined,
5205 silly tar     gid: undefined,
5205 silly tar     uname: '',
5205 silly tar     gname: '',
5205 silly tar     size: 1105,
5205 silly tar     mtime: 1985-10-26T08:15:00.000Z,
5205 silly tar     atime: undefined,
5205 silly tar     ctime: undefined,
5205 silly tar     linkpath: undefined,
5205 silly tar     dev: undefined,
5205 silly tar     ino: undefined,
5205 silly tar     nlink: undefined,
5205 silly tar     invalid: false,
5205 silly tar     absolute: 'C:/Users/Kawinpat/Documents/Codex/2026-09-04/new-chat/node_modules/proper-lockfile/LICENSE',
5205 silly tar     unsupported: false,
5205 silly tar     Symbol(shapeMode): false,
5205 silly tar     Symbol(kCapture): false,
5205 silly tar     Symbol(flowing): false,
5205 silly tar     Symbol(paused): true,
5205 silly tar     Symbol(pipes): [ [qt] ],
5205 silly tar     Symbol(buffer): [],
5205 silly tar     Symbol(objectMode): false,
5205 silly tar     Symbol(encoding): null,
5205 silly tar     Symbol(async): false,
5205 silly tar     Symbol(decoder): null,
5205 silly tar     Symbol(EOF): true,
5205 silly tar     Symbol(emittedEnd): true,
5205 silly tar     Symbol(emittingEnd): false,
5205 silly tar     Symbol(closed): false,
5205 silly tar     Symbol(emittedError): null,
5205 silly tar     Symbol(bufferLength): 0,
5205 silly tar     Symbol(destroyed): false,
5205 silly tar     Symbol(signal): undefined,
5205 silly tar     Symbol(aborted): false,
5205 silly tar     Symbol(dataListeners): 0,
5205 silly tar     Symbol(discarded): false
5205 silly tar   },
5205 silly tar   cwd: 'C:/Users/Kawinpat/Documents/Codex/2026-09-04/new-chat/node_modules/proper-lockfile',
5205 silly tar   tarCode: 'TAR_ENTRY_ERROR'
5205 silly tar }
5206 http fetch GET 200 https://registry.npmjs.org/get-caller-file/-/get-caller-file-2.0.5.tgz 1134ms (cache miss)
5207 http fetch GET 200 https://registry.npmjs.org/strip-ansi/-/strip-ansi-7.2.0.tgz 1139ms (cache miss)
5208 warn tar TAR_ENTRY_ERROR UNKNOWN: unknown error, open 'C:\Users\Kawinpat\Documents\Codex\2026-09-04\new-chat\node_modules\escalade\license'
5209 silly tar TAR_ENTRY_ERROR UNKNOWN: unknown error, open 'C:\Users\Kawinpat\Documents\Codex\2026-09-04\new-chat\node_modules\escalade\license' [Error: UNKNOWN: unknown error, open 'C:\Users\Kawinpat\Documents\Codex\2026-09-04\new-chat\node_modules\escalade\license'] {
5209 silly tar   errno: -4094,
5209 silly tar   code: 'UNKNOWN',
5209 silly tar   syscall: 'open',
5209 silly tar   path: 'C:\\Users\\Kawinpat\\Documents\\Codex\\2026-09-04\\new-chat\\node_modules\\escalade\\license',
5209 silly tar   entry: Ls {
5209 silly tar     _events: [Object: null prototype] {},
5209 silly tar     _eventsCount: 0,
5209 silly tar     _maxListeners: undefined,
5209 silly tar     writable: false,
5209 silly tar     readable: false,
5209 silly tar     extended: undefined,
5209 silly tar     globalExtended: undefined,
5209 silly tar     header: Ns {
5209 silly tar       cksumValid: true,
5209 silly tar       needPax: false,
5209 silly tar       nullBlock: false,
5209 silly tar       block: undefined,
5209 silly tar       path: 'package/license',
5209 silly tar       mode: 420,
5209 silly tar       uid: undefined,
5209 silly tar       gid: undefined,
5209 silly tar       size: 1104,
5209 silly tar       cksum: 4496,
5209 silly tar       linkpath: '',
5209 silly tar       uname: '',
5209 silly tar       gname: '',
5209 silly tar       devmaj: 0,
5209 silly tar       devmin: 0,
5209 silly tar       atime: undefined,
5209 silly tar       ctime: undefined,
5209 silly tar       mtime: 1985-10-26T08:15:00.000Z,
5209 silly tar       charset: undefined,
5209 silly tar       comment: undefined
5209 silly tar     },
5209 silly tar     startBlockSize: 1536,
5209 silly tar     blockRemain: 0,
5209 silly tar     remain: 0,
5209 silly tar     type: 'File',
5209 silly tar     meta: false,
5209 silly tar     ignore: false,
5209 silly tar     path: 'license',
5209 silly tar     mode: 438,
5209 silly tar     uid: undefined,
5209 silly tar     gid: undefined,
5209 silly tar     uname: '',
5209 silly tar     gname: '',
5209 silly tar     size: 1104,
5209 silly tar     mtime: 1985-10-26T08:15:00.000Z,
5209 silly tar     atime: undefined,
5209 silly tar     ctime: undefined,
5209 silly tar     linkpath: undefined,
5209 silly tar     dev: undefined,
5209 silly tar     ino: undefined,
5209 silly tar     nlink: undefined,
5209 silly tar     invalid: false,
5209 silly tar     absolute: 'C:/Users/Kawinpat/Documents/Codex/2026-09-04/new-chat/node_modules/escalade/license',
5209 silly tar     unsupported: false,
5209 silly tar     Symbol(shapeMode): false,
5209 silly tar     Symbol(kCapture): false,
5209 silly tar     Symbol(flowing): false,
5209 silly tar     Symbol(paused): true,
5209 silly tar     Symbol(pipes): [ [qt] ],
5209 silly tar     Symbol(buffer): [],
5209 silly tar     Symbol(objectMode): false,
5209 silly tar     Symbol(encoding): null,
5209 silly tar     Symbol(async): false,
5209 silly tar     Symbol(decoder): null,
5209 silly tar     Symbol(EOF): true,
5209 silly tar     Symbol(emittedEnd): true,
5209 silly tar     Symbol(emittingEnd): false,
5209 silly tar     Symbol(closed): false,
5209 silly tar     Symbol(emittedError): null,
5209 silly tar     Symbol(bufferLength): 0,
5209 silly tar     Symbol(destroyed): false,
5209 silly tar     Symbol(signal): undefined,
5209 silly tar     Symbol(aborted): false,
5209 silly tar     Symbol(dataListeners): 0,
5209 silly tar     Symbol(discarded): false
5209 silly tar   },
5209 silly tar   cwd: 'C:/Users/Kawinpat/Documents/Codex/2026-09-04/new-chat/node_modules/escalade',
5209 silly tar   tarCode: 'TAR_ENTRY_ERROR'
5209 silly tar }
5210 warn tar TAR_ENTRY_ERROR UNKNOWN: unknown error, open 'C:\Users\Kawinpat\Documents\Codex\2026-09-04\new-chat\node_modules\lightningcss-win32-x64-msvc\LICENSE'
5211 silly tar TAR_ENTRY_ERROR UNKNOWN: unknown error, open 'C:\Users\Kawinpat\Documents\Codex\2026-09-04\new-chat\node_modules\lightningcss-win32-x64-msvc\LICENSE' [Error: UNKNOWN: unknown error, open 'C:\Users\Kawinpat\Documents\Codex\2026-09-04\new-chat\node_modules\lightningcss-win32-x64-msvc\LICENSE'] {
5211 silly tar   errno: -4094,
5211 silly tar   code: 'UNKNOWN',
5211 silly tar   syscall: 'open',
5211 silly tar   path: 'C:\\Users\\Kawinpat\\Documents\\Codex\\2026-09-04\\new-chat\\node_modules\\lightningcss-win32-x64-msvc\\LICENSE',
5211 silly tar   entry: Ls {
5211 silly tar     _events: [Object: null prototype] { end: [Array], drain: [Function] },
5211 silly tar     _eventsCount: 2,
5211 silly tar     _maxListeners: undefined,
5211 silly tar     writable: true,
5211 silly tar     readable: true,
5211 silly tar     extended: undefined,
5211 silly tar     globalExtended: undefined,
5211 silly tar     header: Ns {
5211 silly tar       cksumValid: true,
5211 silly tar       needPax: false,
5211 silly tar       nullBlock: false,
5211 silly tar       block: undefined,
5211 silly tar       path: 'package/LICENSE',
5211 silly tar       mode: 420,
5211 silly tar       uid: undefined,
5211 silly tar       gid: undefined,
5211 silly tar       size: 15648,
5211 silly tar       cksum: 4284,
5211 silly tar       linkpath: '',
5211 silly tar       uname: '',
5211 silly tar       gname: '',
5211 silly tar       devmaj: 0,
5211 silly tar       devmin: 0,
5211 silly tar       atime: undefined,
5211 silly tar       ctime: undefined,
5211 silly tar       mtime: 1985-10-26T08:15:00.000Z,
5211 silly tar       charset: undefined,
5211 silly tar       comment: undefined
5211 silly tar     },
5211 silly tar     startBlockSize: 15872,
5211 silly tar     blockRemain: 8247,
5211 silly tar     remain: 8023,
5211 silly tar     type: 'File',
5211 silly tar     meta: false,
5211 silly tar     ignore: false,
5211 silly tar     path: 'LICENSE',
5211 silly tar     mode: 438,
5211 silly tar     uid: undefined,
5211 silly tar     gid: undefined,
5211 silly tar     uname: '',
5211 silly tar     gname: '',
5211 silly tar     size: 15648,
5211 silly tar     mtime: 1985-10-26T08:15:00.000Z,
5211 silly tar     atime: undefined,
5211 silly tar     ctime: undefined,
5211 silly tar     linkpath: undefined,
5211 silly tar     dev: undefined,
5211 silly tar     ino: undefined,
5211 silly tar     nlink: undefined,
5211 silly tar     invalid: false,
5211 silly tar     absolute: 'C:/Users/Kawinpat/Documents/Codex/2026-09-04/new-chat/node_modules/lightningcss-win32-x64-msvc/LICENSE',
5211 silly tar     unsupported: false,
5211 silly tar     Symbol(shapeMode): false,
5211 silly tar     Symbol(kCapture): false,
5211 silly tar     Symbol(flowing): false,
5211 silly tar     Symbol(paused): true,
5211 silly tar     Symbol(pipes): [ [qt] ],
5211 silly tar     Symbol(buffer): [
5211 silly tar       <Buffer 2c 20 75 73 65 2c 20 73 65 6c 6c 2c 20 6f 66 66 65 72 0a 66 6f 72 20 73 61 6c 65 2c 20 68 61 76 65 20 6d 61 64 65 2c 20 69 6d 70 6f 72 74 2c 20 61 6e ... 4097 more bytes>
5211 silly tar     ],
5211 silly tar     Symbol(objectMode): false,
5211 silly tar     Symbol(encoding): null,
5211 silly tar     Symbol(async): false,
5211 silly tar     Symbol(decoder): null,
5211 silly tar     Symbol(EOF): false,
5211 silly tar     Symbol(emittedEnd): false,
5211 silly tar     Symbol(emittingEnd): false,
5211 silly tar     Symbol(closed): false,
5211 silly tar     Symbol(emittedError): null,
5211 silly tar     Symbol(bufferLength): 4147,
5211 silly tar     Symbol(destroyed): false,
5211 silly tar     Symbol(signal): undefined,
5211 silly tar     Symbol(aborted): false,
5211 silly tar     Symbol(dataListeners): 0,
5211 silly tar     Symbol(discarded): false
5211 silly tar   },
5211 silly tar   cwd: 'C:/Users/Kawinpat/Documents/Codex/2026-09-04/new-chat/node_modules/lightningcss-win32-x64-msvc',
5211 silly tar   tarCode: 'TAR_ENTRY_ERROR'
5211 silly tar }
5212 http fetch GET 200 https://registry.npmjs.org/ansi-styles/-/ansi-styles-6.2.3.tgz 1270ms (cache miss)
5213 warn tar TAR_ENTRY_ERROR UNKNOWN: unknown error, open 'C:\Users\Kawinpat\Documents\Codex\2026-09-04\new-chat\node_modules\strip-literal\LICENSE'
5214 silly tar TAR_ENTRY_ERROR UNKNOWN: unknown error, open 'C:\Users\Kawinpat\Documents\Codex\2026-09-04\new-chat\node_modules\strip-literal\LICENSE' [Error: UNKNOWN: unknown error, open 'C:\Users\Kawinpat\Documents\Codex\2026-09-04\new-chat\node_modules\strip-literal\LICENSE'] {
5214 silly tar   errno: -4094,
5214 silly tar   code: 'UNKNOWN',
5214 silly tar   syscall: 'open',
5214 silly tar   path: 'C:\\Users\\Kawinpat\\Documents\\Codex\\2026-09-04\\new-chat\\node_modules\\strip-literal\\LICENSE',
5214 silly tar   entry: Ls {
5214 silly tar     _events: [Object: null prototype] {},
5214 silly tar     _eventsCount: 0,
5214 silly tar     _maxListeners: undefined,
5214 silly tar     writable: false,
5214 silly tar     readable: false,
5214 silly tar     extended: undefined,
5214 silly tar     globalExtended: undefined,
5214 silly tar     header: Ns {
5214 silly tar       cksumValid: true,
5214 silly tar       needPax: false,
5214 silly tar       nullBlock: false,
5214 silly tar       block: undefined,
5214 silly tar       path: 'package/LICENSE',
5214 silly tar       mode: 420,
5214 silly tar       uid: 0,
5214 silly tar       gid: 0,
5214 silly tar       size: 1094,
5214 silly tar       cksum: 5012,
5214 silly tar       linkpath: '',
5214 silly tar       uname: '',
5214 silly tar       gname: '',
5214 silly tar       devmaj: 0,
5214 silly tar       devmin: 0,
5214 silly tar       atime: undefined,
5214 silly tar       ctime: undefined,
5214 silly tar       mtime: 1985-10-26T08:15:00.000Z,
5214 silly tar       charset: undefined,
5214 silly tar       comment: undefined
5214 silly tar     },
5214 silly tar     startBlockSize: 1536,
5214 silly tar     blockRemain: 0,
5214 silly tar     remain: 0,
5214 silly tar     type: 'File',
5214 silly tar     meta: false,
5214 silly tar     ignore: false,
5214 silly tar     path: 'LICENSE',
5214 silly tar     mode: 438,
5214 silly tar     uid: 0,
5214 silly tar     gid: 0,
5214 silly tar     uname: '',
5214 silly tar     gname: '',
5214 silly tar     size: 1094,
5214 silly tar     mtime: 1985-10-26T08:15:00.000Z,
5214 silly tar     atime: undefined,
5214 silly tar     ctime: undefined,
5214 silly tar     linkpath: undefined,
5214 silly tar     dev: undefined,
5214 silly tar     ino: undefined,
5214 silly tar     nlink: undefined,
5214 silly tar     invalid: false,
5214 silly tar     absolute: 'C:/Users/Kawinpat/Documents/Codex/2026-09-04/new-chat/node_modules/strip-literal/LICENSE',
5214 silly tar     unsupported: false,
5214 silly tar     Symbol(shapeMode): false,
5214 silly tar     Symbol(kCapture): false,
5214 silly tar     Symbol(flowing): false,
5214 silly tar     Symbol(paused): true,
5214 silly tar     Symbol(pipes): [ [qt] ],
5214 silly tar     Symbol(buffer): [],
5214 silly tar     Symbol(objectMode): false,
5214 silly tar     Symbol(encoding): null,
5214 silly tar     Symbol(async): false,
5214 silly tar     Symbol(decoder): null,
5214 silly tar     Symbol(EOF): true,
5214 silly tar     Symbol(emittedEnd): true,
5214 silly tar     Symbol(emittingEnd): false,
5214 silly tar     Symbol(closed): false,
5214 silly tar     Symbol(emittedError): null,
5214 silly tar     Symbol(bufferLength): 0,
5214 silly tar     Symbol(destroyed): false,
5214 silly tar     Symbol(signal): undefined,
5214 silly tar     Symbol(aborted): false,
5214 silly tar     Symbol(dataListeners): 0,
5214 silly tar     Symbol(discarded): false
5214 silly tar   },
5214 silly tar   cwd: 'C:/Users/Kawinpat/Documents/Codex/2026-09-04/new-chat/node_modules/strip-literal',
5214 silly tar   tarCode: 'TAR_ENTRY_ERROR'
5214 silly tar }
5215 warn tar TAR_ENTRY_ERROR UNKNOWN: unknown error, open 'C:\Users\Kawinpat\Documents\Codex\2026-09-04\new-chat\node_modules\is-number\package.json'
5216 silly tar TAR_ENTRY_ERROR UNKNOWN: unknown error, open 'C:\Users\Kawinpat\Documents\Codex\2026-09-04\new-chat\node_modules\is-number\package.json' [Error: UNKNOWN: unknown error, open 'C:\Users\Kawinpat\Documents\Codex\2026-09-04\new-chat\node_modules\is-number\package.json'] {
5216 silly tar   errno: -4094,
5216 silly tar   code: 'UNKNOWN',
5216 silly tar   syscall: 'open',
5216 silly tar   path: 'C:\\Users\\Kawinpat\\Documents\\Codex\\2026-09-04\\new-chat\\node_modules\\is-number\\package.json',
5216 silly tar   entry: Ls {
5216 silly tar     _events: [Object: null prototype] {},
5216 silly tar     _eventsCount: 0,
5216 silly tar     _maxListeners: undefined,
5216 silly tar     writable: false,
5216 silly tar     readable: false,
5216 silly tar     extended: undefined,
5216 silly tar     globalExtended: undefined,
5216 silly tar     header: Ns {
5216 silly tar       cksumValid: true,
5216 silly tar       needPax: false,
5216 silly tar       nullBlock: false,
5216 silly tar       block: undefined,
5216 silly tar       path: 'package/package.json',
5216 silly tar       mode: 420,
5216 silly tar       uid: undefined,
5216 silly tar       gid: undefined,
5216 silly tar       size: 1599,
5216 silly tar       cksum: 4973,
5216 silly tar       linkpath: '',
5216 silly tar       uname: '',
5216 silly tar       gname: '',
5216 silly tar       devmaj: 0,
5216 silly tar       devmin: 0,
5216 silly tar       atime: undefined,
5216 silly tar       ctime: undefined,
5216 silly tar       mtime: 1985-10-26T08:15:00.000Z,
5216 silly tar       charset: undefined,
5216 silly tar       comment: undefined
5216 silly tar     },
5216 silly tar     startBlockSize: 2048,
5216 silly tar     blockRemain: 0,
5216 silly tar     remain: 0,
5216 silly tar     type: 'File',
5216 silly tar     meta: false,
5216 silly tar     ignore: false,
5216 silly tar     path: 'package.json',
5216 silly tar     mode: 438,
5216 silly tar     uid: undefined,
5216 silly tar     gid: undefined,
5216 silly tar     uname: '',
5216 silly tar     gname: '',
5216 silly tar     size: 1599,
5216 silly tar     mtime: 1985-10-26T08:15:00.000Z,
5216 silly tar     atime: undefined,
5216 silly tar     ctime: undefined,
5216 silly tar     linkpath: undefined,
5216 silly tar     dev: undefined,
5216 silly tar     ino: undefined,
5216 silly tar     nlink: undefined,
5216 silly tar     invalid: false,
5216 silly tar     absolute: 'C:/Users/Kawinpat/Documents/Codex/2026-09-04/new-chat/node_modules/is-number/package.json',
5216 silly tar     unsupported: false,
5216 silly tar     Symbol(shapeMode): false,
5216 silly tar     Symbol(kCapture): false,
5216 silly tar     Symbol(flowing): false,
5216 silly tar     Symbol(paused): true,
5216 silly tar     Symbol(pipes): [ [qt] ],
5216 silly tar     Symbol(buffer): [],
5216 silly tar     Symbol(objectMode): false,
5216 silly tar     Symbol(encoding): null,
5216 silly tar     Symbol(async): false,
5216 silly tar     Symbol(decoder): null,
5216 silly tar     Symbol(EOF): true,
5216 silly tar     Symbol(emittedEnd): true,
5216 silly tar     Symbol(emittingEnd): false,
5216 silly tar     Symbol(closed): false,
5216 silly tar     Symbol(emittedError): null,
5216 silly tar     Symbol(bufferLength): 0,
5216 silly tar     Symbol(destroyed): false,
5216 silly tar     Symbol(signal): undefined,
5216 silly tar     Symbol(aborted): false,
5216 silly tar     Symbol(dataListeners): 0,
5216 silly tar     Symbol(discarded): false
5216 silly tar   },
5216 silly tar   cwd: 'C:/Users/Kawinpat/Documents/Codex/2026-09-04/new-chat/node_modules/is-number',
5216 silly tar   tarCode: 'TAR_ENTRY_ERROR'
5216 silly tar }
5217 warn tar TAR_ENTRY_ERROR UNKNOWN: unknown error, open 'C:\Users\Kawinpat\Documents\Codex\2026-09-04\new-chat\node_modules\wrap-ansi\readme.md'
5218 silly tar TAR_ENTRY_ERROR UNKNOWN: unknown error, open 'C:\Users\Kawinpat\Documents\Codex\2026-09-04\new-chat\node_modules\wrap-ansi\readme.md' [Error: UNKNOWN: unknown error, open 'C:\Users\Kawinpat\Documents\Codex\2026-09-04\new-chat\node_modules\wrap-ansi\readme.md'] {
5218 silly tar   errno: -4094,
5218 silly tar   code: 'UNKNOWN',
5218 silly tar   syscall: 'open',
5218 silly tar   path: 'C:\\Users\\Kawinpat\\Documents\\Codex\\2026-09-04\\new-chat\\node_modules\\wrap-ansi\\readme.md',
5218 silly tar   entry: Ls {
5218 silly tar     _events: [Object: null prototype] {},
5218 silly tar     _eventsCount: 0,
5218 silly tar     _maxListeners: undefined,
5218 silly tar     writable: false,
5218 silly tar     readable: false,
5218 silly tar     extended: undefined,
5218 silly tar     globalExtended: undefined,
5218 silly tar     header: Ns {
5218 silly tar       cksumValid: true,
5218 silly tar       needPax: false,
5218 silly tar       nullBlock: false,
5218 silly tar       block: undefined,
5218 silly tar       path: 'package/readme.md',
5218 silly tar       mode: 420,
5218 silly tar       uid: undefined,
5218 silly tar       gid: undefined,
5218 silly tar       size: 1887,
5218 silly tar       cksum: 4647,
5218 silly tar       linkpath: '',
5218 silly tar       uname: '',
5218 silly tar       gname: '',
5218 silly tar       devmaj: 0,
5218 silly tar       devmin: 0,
5218 silly tar       atime: undefined,
5218 silly tar       ctime: undefined,
5218 silly tar       mtime: 1985-10-26T08:15:00.000Z,
5218 silly tar       charset: undefined,
5218 silly tar       comment: undefined
5218 silly tar     },
5218 silly tar     startBlockSize: 2048,
5218 silly tar     blockRemain: 0,
5218 silly tar     remain: 0,
5218 silly tar     type: 'File',
5218 silly tar     meta: false,
5218 silly tar     ignore: false,
5218 silly tar     path: 'readme.md',
5218 silly tar     mode: 438,
5218 silly tar     uid: undefined,
5218 silly tar     gid: undefined,
5218 silly tar     uname: '',
5218 silly tar     gname: '',
5218 silly tar     size: 1887,
5218 silly tar     mtime: 1985-10-26T08:15:00.000Z,
5218 silly tar     atime: undefined,
5218 silly tar     ctime: undefined,
5218 silly tar     linkpath: undefined,
5218 silly tar     dev: undefined,
5218 silly tar     ino: undefined,
5218 silly tar     nlink: undefined,
5218 silly tar     invalid: false,
5218 silly tar     absolute: 'C:/Users/Kawinpat/Documents/Codex/2026-09-04/new-chat/node_modules/wrap-ansi/readme.md',
5218 silly tar     unsupported: false,
5218 silly tar     Symbol(shapeMode): false,
5218 silly tar     Symbol(kCapture): false,
5218 silly tar     Symbol(flowing): false,
5218 silly tar     Symbol(paused): true,
5218 silly tar     Symbol(pipes): [ [qt] ],
5218 silly tar     Symbol(buffer): [],
5218 silly tar     Symbol(objectMode): false,
5218 silly tar     Symbol(encoding): null,
5218 silly tar     Symbol(async): false,
5218 silly tar     Symbol(decoder): null,
5218 silly tar     Symbol(EOF): true,
5218 silly tar     Symbol(emittedEnd): true,
5218 silly tar     Symbol(emittingEnd): false,
5218 silly tar     Symbol(closed): false,
5218 silly tar     Symbol(emittedError): null,
5218 silly tar     Symbol(bufferLength): 0,
5218 silly tar     Symbol(destroyed): false,
5218 silly tar     Symbol(signal): undefined,
5218 silly tar     Symbol(aborted): false,
5218 silly tar     Symbol(dataListeners): 0,
5218 silly tar     Symbol(discarded): false
5218 silly tar   },
5218 silly tar   cwd: 'C:/Users/Kawinpat/Documents/Codex/2026-09-04/new-chat/node_modules/wrap-ansi',
5218 silly tar   tarCode: 'TAR_ENTRY_ERROR'
5218 silly tar }
5219 warn tar TAR_ENTRY_ERROR UNKNOWN: unknown error, open 'C:\Users\Kawinpat\Documents\Codex\2026-09-04\new-chat\node_modules\events-universal\LICENSE'
5220 silly tar TAR_ENTRY_ERROR UNKNOWN: unknown error, open 'C:\Users\Kawinpat\Documents\Codex\2026-09-04\new-chat\node_modules\events-universal\LICENSE' [Error: UNKNOWN: unknown error, open 'C:\Users\Kawinpat\Documents\Codex\2026-09-04\new-chat\node_modules\events-universal\LICENSE'] {
5220 silly tar   errno: -4094,
5220 silly tar   code: 'UNKNOWN',
5220 silly tar   syscall: 'open',
5220 silly tar   path: 'C:\\Users\\Kawinpat\\Documents\\Codex\\2026-09-04\\new-chat\\node_modules\\events-universal\\LICENSE',
5220 silly tar   entry: Ls {
5220 silly tar     _events: [Object: null prototype] { end: [Array] },
5220 silly tar     _eventsCount: 1,
5220 silly tar     _maxListeners: undefined,
5220 silly tar     writable: false,
5220 silly tar     readable: true,
5220 silly tar     extended: undefined,
5220 silly tar     globalExtended: undefined,
5220 silly tar     header: Ns {
5220 silly tar       cksumValid: true,
5220 silly tar       needPax: false,
5220 silly tar       nullBlock: false,
5220 silly tar       block: undefined,
5220 silly tar       path: 'package/LICENSE',
5220 silly tar       mode: 420,
5220 silly tar       uid: undefined,
5220 silly tar       gid: undefined,
5220 silly tar       size: 11357,
5220 silly tar       cksum: 4284,
5220 silly tar       linkpath: '',
5220 silly tar       uname: '',
5220 silly tar       gname: '',
5220 silly tar       devmaj: 0,
5220 silly tar       devmin: 0,
5220 silly tar       atime: undefined,
5220 silly tar       ctime: undefined,
5220 silly tar       mtime: 1985-10-26T08:15:00.000Z,
5220 silly tar       charset: undefined,
5220 silly tar       comment: undefined
5220 silly tar     },
5220 silly tar     startBlockSize: 11776,
5220 silly tar     blockRemain: 0,
5220 silly tar     remain: 0,
5220 silly tar     type: 'File',
5220 silly tar     meta: false,
5220 silly tar     ignore: false,
5220 silly tar     path: 'LICENSE',
5220 silly tar     mode: 438,
5220 silly tar     uid: undefined,
5220 silly tar     gid: undefined,
5220 silly tar     uname: '',
5220 silly tar     gname: '',
5220 silly tar     size: 11357,
5220 silly tar     mtime: 1985-10-26T08:15:00.000Z,
5220 silly tar     atime: undefined,
5220 silly tar     ctime: undefined,
5220 silly tar     linkpath: undefined,
5220 silly tar     dev: undefined,
5220 silly tar     ino: undefined,
5220 silly tar     nlink: undefined,
5220 silly tar     invalid: false,
5220 silly tar     absolute: 'C:/Users/Kawinpat/Documents/Codex/2026-09-04/new-chat/node_modules/events-universal/LICENSE',
5220 silly tar     unsupported: false,
5220 silly tar     Symbol(shapeMode): false,
5220 silly tar     Symbol(kCapture): false,
5220 silly tar     Symbol(flowing): false,
5220 silly tar     Symbol(paused): true,
5220 silly tar     Symbol(pipes): [ [qt] ],
5220 silly tar     Symbol(buffer): [
5220 silly tar       <Buffer 20 6f 66 20 61 6e 79 20 63 68 61 72 61 63 74 65 72 20 61 72 69 73 69 6e 67 20 61 73 20 61 0a 20 20 20 20 20 20 72 65 73 75 6c 74 20 6f 66 20 74 68 69 ... 2240 more bytes>
5220 silly tar     ],
5220 silly tar     Symbol(objectMode): false,
5220 silly tar     Symbol(encoding): null,
5220 silly tar     Symbol(async): false,
5220 silly tar     Symbol(decoder): null,
5220 silly tar     Symbol(EOF): true,
5220 silly tar     Symbol(emittedEnd): false,
5220 silly tar     Symbol(emittingEnd): false,
5220 silly tar     Symbol(closed): false,
5220 silly tar     Symbol(emittedError): null,
5220 silly tar     Symbol(bufferLength): 2290,
5220 silly tar     Symbol(destroyed): false,
5220 silly tar     Symbol(signal): undefined,
5220 silly tar     Symbol(aborted): false,
5220 silly tar     Symbol(dataListeners): 0,
5220 silly tar     Symbol(discarded): false
5220 silly tar   },
5220 silly tar   cwd: 'C:/Users/Kawinpat/Documents/Codex/2026-09-04/new-chat/node_modules/events-universal',
5220 silly tar   tarCode: 'TAR_ENTRY_ERROR'
5220 silly tar }
5221 http fetch GET 200 https://registry.npmjs.org/wrap-ansi/-/wrap-ansi-9.0.2.tgz 1358ms (cache miss)
5222 http fetch GET 200 https://registry.npmjs.org/supports-color/-/supports-color-10.2.2.tgz 1373ms (cache miss)
5223 http fetch GET 200 https://registry.npmjs.org/muggle-string/-/muggle-string-0.4.1.tgz 1368ms (cache miss)
5224 http fetch GET 200 https://registry.npmjs.org/is-wsl/-/is-wsl-3.1.1.tgz 1421ms (cache miss)
5225 http fetch GET 200 https://registry.npmjs.org/string-width/-/string-width-8.2.2.tgz 1427ms (cache miss)
5226 http fetch GET 200 https://registry.npmjs.org/vite-hot-client/-/vite-hot-client-2.2.0.tgz 1501ms (cache miss)
5227 http fetch GET 200 https://registry.npmjs.org/@poppinss/exception/-/exception-1.2.3.tgz 1575ms (cache miss)
5228 warn tar TAR_ENTRY_ERROR UNKNOWN: unknown error, open 'C:\Users\Kawinpat\Documents\Codex\2026-09-04\new-chat\node_modules\domelementtype\LICENSE'
5229 silly tar TAR_ENTRY_ERROR UNKNOWN: unknown error, open 'C:\Users\Kawinpat\Documents\Codex\2026-09-04\new-chat\node_modules\domelementtype\LICENSE' [Error: UNKNOWN: unknown error, open 'C:\Users\Kawinpat\Documents\Codex\2026-09-04\new-chat\node_modules\domelementtype\LICENSE'] {
5229 silly tar   errno: -4094,
5229 silly tar   code: 'UNKNOWN',
5229 silly tar   syscall: 'open',
5229 silly tar   path: 'C:\\Users\\Kawinpat\\Documents\\Codex\\2026-09-04\\new-chat\\node_modules\\domelementtype\\LICENSE',
5229 silly tar   entry: Ls {
5229 silly tar     _events: [Object: null prototype] {},
5229 silly tar     _eventsCount: 0,
5229 silly tar     _maxListeners: undefined,
5229 silly tar     writable: false,
5229 silly tar     readable: false,
5229 silly tar     extended: undefined,
5229 silly tar     globalExtended: undefined,
5229 silly tar     header: Ns {
5229 silly tar       cksumValid: true,
5229 silly tar       needPax: false,
5229 silly tar       nullBlock: false,
5229 silly tar       block: undefined,
5229 silly tar       path: 'package/LICENSE',
5229 silly tar       mode: 420,
5229 silly tar       uid: undefined,
5229 silly tar       gid: undefined,
5229 silly tar       size: 1260,
5229 silly tar       cksum: 4281,
5229 silly tar       linkpath: '',
5229 silly tar       uname: '',
5229 silly tar       gname: '',
5229 silly tar       devmaj: 0,
5229 silly tar       devmin: 0,
5229 silly tar       atime: undefined,
5229 silly tar       ctime: undefined,
5229 silly tar       mtime: 1985-10-26T08:15:00.000Z,
5229 silly tar       charset: undefined,
5229 silly tar       comment: undefined
5229 silly tar     },
5229 silly tar     startBlockSize: 1536,
5229 silly tar     blockRemain: 0,
5229 silly tar     remain: 0,
5229 silly tar     type: 'File',
5229 silly tar     meta: false,
5229 silly tar     ignore: false,
5229 silly tar     path: 'LICENSE',
5229 silly tar     mode: 438,
5229 silly tar     uid: undefined,
5229 silly tar     gid: undefined,
5229 silly tar     uname: '',
5229 silly tar     gname: '',
5229 silly tar     size: 1260,
5229 silly tar     mtime: 1985-10-26T08:15:00.000Z,
5229 silly tar     atime: undefined,
5229 silly tar     ctime: undefined,
5229 silly tar     linkpath: undefined,
5229 silly tar     dev: undefined,
5229 silly tar     ino: undefined,
5229 silly tar     nlink: undefined,
5229 silly tar     invalid: false,
5229 silly tar     absolute: 'C:/Users/Kawinpat/Documents/Codex/2026-09-04/new-chat/node_modules/domelementtype/LICENSE',
5229 silly tar     unsupported: false,
5229 silly tar     Symbol(shapeMode): false,
5229 silly tar     Symbol(kCapture): false,
5229 silly tar     Symbol(flowing): false,
5229 silly tar     Symbol(paused): true,
5229 silly tar     Symbol(pipes): [ [qt] ],
5229 silly tar     Symbol(buffer): [],
5229 silly tar     Symbol(objectMode): false,
5229 silly tar     Symbol(encoding): null,
5229 silly tar     Symbol(async): false,
5229 silly tar     Symbol(decoder): null,
5229 silly tar     Symbol(EOF): true,
5229 silly tar     Symbol(emittedEnd): true,
5229 silly tar     Symbol(emittingEnd): false,
5229 silly tar     Symbol(closed): false,
5229 silly tar     Symbol(emittedError): null,
5229 silly tar     Symbol(bufferLength): 0,
5229 silly tar     Symbol(destroyed): false,
5229 silly tar     Symbol(signal): undefined,
5229 silly tar     Symbol(aborted): false,
5229 silly tar     Symbol(dataListeners): 0,
5229 silly tar     Symbol(discarded): false
5229 silly tar   },
5229 silly tar   cwd: 'C:/Users/Kawinpat/Documents/Codex/2026-09-04/new-chat/node_modules/domelementtype',
5229 silly tar   tarCode: 'TAR_ENTRY_ERROR'
5229 silly tar }
5230 warn tar TAR_ENTRY_ERROR UNKNOWN: unknown error, open 'C:\Users\Kawinpat\Documents\Codex\2026-09-04\new-chat\node_modules\isexe\dist\commonjs\index.min.js'
5231 silly tar TAR_ENTRY_ERROR UNKNOWN: unknown error, open 'C:\Users\Kawinpat\Documents\Codex\2026-09-04\new-chat\node_modules\isexe\dist\commonjs\index.min.js' [Error: UNKNOWN: unknown error, open 'C:\Users\Kawinpat\Documents\Codex\2026-09-04\new-chat\node_modules\isexe\dist\commonjs\index.min.js'] {
5231 silly tar   errno: -4094,
5231 silly tar   code: 'UNKNOWN',
5231 silly tar   syscall: 'open',
5231 silly tar   path: 'C:\\Users\\Kawinpat\\Documents\\Codex\\2026-09-04\\new-chat\\node_modules\\isexe\\dist\\commonjs\\index.min.js',
5231 silly tar   entry: Ls {
5231 silly tar     _events: [Object: null prototype] { end: [Array] },
5231 silly tar     _eventsCount: 1,
5231 silly tar     _maxListeners: undefined,
5231 silly tar     writable: false,
5231 silly tar     readable: true,
5231 silly tar     extended: undefined,
5231 silly tar     globalExtended: undefined,
5231 silly tar     header: Ns {
5231 silly tar       cksumValid: true,
5231 silly tar       needPax: false,
5231 silly tar       nullBlock: false,
5231 silly tar       block: undefined,
5231 silly tar       path: 'package/dist/commonjs/index.min.js',
5231 silly tar       mode: 420,
5231 silly tar       uid: undefined,
5231 silly tar       gid: undefined,
5231 silly tar       size: 3030,
5231 silly tar       cksum: 6345,
5231 silly tar       linkpath: '',
5231 silly tar       uname: '',
5231 silly tar       gname: '',
5231 silly tar       devmaj: 0,
5231 silly tar       devmin: 0,
5231 silly tar       atime: undefined,
5231 silly tar       ctime: undefined,
5231 silly tar       mtime: 1985-10-26T08:15:00.000Z,
5231 silly tar       charset: undefined,
5231 silly tar       comment: undefined
5231 silly tar     },
5231 silly tar     startBlockSize: 3072,
5231 silly tar     blockRemain: 0,
5231 silly tar     remain: 0,
5231 silly tar     type: 'File',
5231 silly tar     meta: false,
5231 silly tar     ignore: false,
5231 silly tar     path: 'dist/commonjs/index.min.js',
5231 silly tar     mode: 438,
5231 silly tar     uid: undefined,
5231 silly tar     gid: undefined,
5231 silly tar     uname: '',
5231 silly tar     gname: '',
5231 silly tar     size: 3030,
5231 silly tar     mtime: 1985-10-26T08:15:00.000Z,
5231 silly tar     atime: undefined,
5231 silly tar     ctime: undefined,
5231 silly tar     linkpath: undefined,
5231 silly tar     dev: undefined,
5231 silly tar     ino: undefined,
5231 silly tar     nlink: undefined,
5231 silly tar     invalid: false,
5231 silly tar     absolute: 'C:/Users/Kawinpat/Documents/Codex/2026-09-04/new-chat/node_modules/isexe/dist/commonjs/index.min.js',
5231 silly tar     unsupported: false,
5231 silly tar     Symbol(shapeMode): false,
5231 silly tar     Symbol(kCapture): false,
5231 silly tar     Symbol(flowing): false,
5231 silly tar     Symbol(paused): true,
5231 silly tar     Symbol(pipes): [ [qt] ],
5231 silly tar     Symbol(buffer): [
5231 silly tar       <Buffer 26 26 65 78 70 6f 72 74 73 2e 5f 5f 63 72 65 61 74 65 42 69 6e 64 69 6e 67 7c 7c 28 4f 62 6a 65 63 74 2e 63 72 65 61 74 65 3f 28 66 75 6e 63 74 69 6f ... 1260 more bytes>
5231 silly tar     ],
5231 silly tar     Symbol(objectMode): false,
5231 silly tar     Symbol(encoding): null,
5231 silly tar     Symbol(async): false,
5231 silly tar     Symbol(decoder): null,
5231 silly tar     Symbol(EOF): true,
5231 silly tar     Symbol(emittedEnd): false,
5231 silly tar     Symbol(emittingEnd): false,
5231 silly tar     Symbol(closed): false,
5231 silly tar     Symbol(emittedError): null,
5231 silly tar     Symbol(bufferLength): 1310,
5231 silly tar     Symbol(destroyed): false,
5231 silly tar     Symbol(signal): undefined,
5231 silly tar     Symbol(aborted): false,
5231 silly tar     Symbol(dataListeners): 0,
5231 silly tar     Symbol(discarded): false
5231 silly tar   },
5231 silly tar   cwd: 'C:/Users/Kawinpat/Documents/Codex/2026-09-04/new-chat/node_modules/isexe',
5231 silly tar   tarCode: 'TAR_ENTRY_ERROR'
5231 silly tar }
5232 http fetch GET 200 https://registry.npmjs.org/emoji-regex/-/emoji-regex-8.0.0.tgz 1741ms (cache miss)
5233 warn tar TAR_ENTRY_ERROR UNKNOWN: unknown error, open 'C:\Users\Kawinpat\Documents\Codex\2026-09-04\new-chat\node_modules\ansis\README.md'
5234 silly tar TAR_ENTRY_ERROR UNKNOWN: unknown error, open 'C:\Users\Kawinpat\Documents\Codex\2026-09-04\new-chat\node_modules\ansis\README.md' [Error: UNKNOWN: unknown error, open 'C:\Users\Kawinpat\Documents\Codex\2026-09-04\new-chat\node_modules\ansis\README.md'] {
5234 silly tar   errno: -4094,
5234 silly tar   code: 'UNKNOWN',
5234 silly tar   syscall: 'open',
5234 silly tar   path: 'C:\\Users\\Kawinpat\\Documents\\Codex\\2026-09-04\\new-chat\\node_modules\\ansis\\README.md',
5234 silly tar   entry: Ls {
5234 silly tar     _events: [Object: null prototype] {},
5234 silly tar     _eventsCount: 0,
5234 silly tar     _maxListeners: undefined,
5234 silly tar     writable: false,
5234 silly tar     readable: false,
5234 silly tar     extended: undefined,
5234 silly tar     globalExtended: undefined,
5234 silly tar     header: Ns {
5234 silly tar       cksumValid: true,
5234 silly tar       needPax: false,
5234 silly tar       nullBlock: false,
5234 silly tar       block: undefined,
5234 silly tar       path: 'package/README.md',
5234 silly tar       mode: 420,
5234 silly tar       uid: undefined,
5234 silly tar       gid: undefined,
5234 silly tar       size: 61,
5234 silly tar       cksum: 4449,
5234 silly tar       linkpath: '',
5234 silly tar       uname: '',
5234 silly tar       gname: '',
5234 silly tar       devmaj: 0,
5234 silly tar       devmin: 0,
5234 silly tar       atime: undefined,
5234 silly tar       ctime: undefined,
5234 silly tar       mtime: 1985-10-26T08:15:00.000Z,
5234 silly tar       charset: undefined,
5234 silly tar       comment: undefined
5234 silly tar     },
5234 silly tar     startBlockSize: 512,
5234 silly tar     blockRemain: 0,
5234 silly tar     remain: 0,
5234 silly tar     type: 'File',
5234 silly tar     meta: false,
5234 silly tar     ignore: false,
5234 silly tar     path: 'README.md',
5234 silly tar     mode: 438,
5234 silly tar     uid: undefined,
5234 silly tar     gid: undefined,
5234 silly tar     uname: '',
5234 silly tar     gname: '',
5234 silly tar     size: 61,
5234 silly tar     mtime: 1985-10-26T08:15:00.000Z,
5234 silly tar     atime: undefined,
5234 silly tar     ctime: undefined,
5234 silly tar     linkpath: undefined,
5234 silly tar     dev: undefined,
5234 silly tar     ino: undefined,
5234 silly tar     nlink: undefined,
5234 silly tar     invalid: false,
5234 silly tar     absolute: 'C:/Users/Kawinpat/Documents/Codex/2026-09-04/new-chat/node_modules/ansis/README.md',
5234 silly tar     unsupported: false,
5234 silly tar     Symbol(shapeMode): false,
5234 silly tar     Symbol(kCapture): false,
5234 silly tar     Symbol(flowing): false,
5234 silly tar     Symbol(paused): true,
5234 silly tar     Symbol(pipes): [ [qt] ],
5234 silly tar     Symbol(buffer): [],
5234 silly tar     Symbol(objectMode): false,
5234 silly tar     Symbol(encoding): null,
5234 silly tar     Symbol(async): false,
5234 silly tar     Symbol(decoder): null,
5234 silly tar     Symbol(EOF): true,
5234 silly tar     Symbol(emittedEnd): true,
5234 silly tar     Symbol(emittingEnd): false,
5234 silly tar     Symbol(closed): false,
5234 silly tar     Symbol(emittedError): null,
5234 silly tar     Symbol(bufferLength): 0,
5234 silly tar     Symbol(destroyed): false,
5234 silly tar     Symbol(signal): undefined,
5234 silly tar     Symbol(aborted): false,
5234 silly tar     Symbol(dataListeners): 0,
5234 silly tar     Symbol(discarded): false
5234 silly tar   },
5234 silly tar   cwd: 'C:/Users/Kawinpat/Documents/Codex/2026-09-04/new-chat/node_modules/ansis',
5234 silly tar   tarCode: 'TAR_ENTRY_ERROR'
5234 silly tar }
5235 http fetch GET 200 https://registry.npmjs.org/webidl-conversions/-/webidl-conversions-3.0.1.tgz 2034ms (cache miss)
5236 http fetch GET 200 https://registry.npmjs.org/escalade/-/escalade-3.2.0.tgz 2130ms (cache miss)
5237 http fetch GET 200 https://registry.npmjs.org/magic-string-ast/-/magic-string-ast-1.0.3.tgz 2208ms (cache miss)
5238 http fetch GET 200 https://registry.npmjs.org/strip-literal/-/strip-literal-4.0.0.tgz 2196ms (cache miss)
5239 http fetch GET 200 https://registry.npmjs.org/anymatch/-/anymatch-3.1.3.tgz 2196ms (cache miss)
5240 http fetch GET 200 https://registry.npmjs.org/ast-walker-scope/-/ast-walker-scope-0.9.0.tgz 2209ms (cache miss)
5241 http fetch GET 200 https://registry.npmjs.org/tagged-tag/-/tagged-tag-1.0.0.tgz 2223ms (cache miss)
5242 http fetch GET 200 https://registry.npmjs.org/text-decoder/-/text-decoder-1.2.7.tgz 2256ms (cache miss)
5243 http fetch GET 200 https://registry.npmjs.org/teex/-/teex-1.0.1.tgz 2370ms (cache miss)
5244 http fetch GET 200 https://registry.npmjs.org/vite-dev-rpc/-/vite-dev-rpc-2.0.0.tgz 2382ms (cache miss)
5245 http fetch GET 200 https://registry.npmjs.org/is-number/-/is-number-7.0.0.tgz 2377ms (cache miss)
5246 http fetch GET 200 https://registry.npmjs.org/fast-fifo/-/fast-fifo-1.3.2.tgz 2452ms (cache miss)
5247 http fetch GET 200 https://registry.npmjs.org/bare-events/-/bare-events-2.9.2.tgz 2452ms (cache miss)
5248 http fetch GET 200 https://registry.npmjs.org/ast-kit/-/ast-kit-2.2.0.tgz 2480ms (cache miss)
5249 http fetch GET 200 https://registry.npmjs.org/buffer-from/-/buffer-from-1.1.2.tgz 2507ms (cache miss)
5250 http fetch GET 200 https://registry.npmjs.org/@vue-macros/common/-/common-3.1.4.tgz 2524ms (cache miss)
5251 http fetch GET 200 https://registry.npmjs.org/kleur/-/kleur-4.1.5.tgz 2538ms (cache miss)
5252 http fetch GET 200 https://registry.npmjs.org/boolbase/-/boolbase-1.0.0.tgz 2505ms (cache miss)
5253 http fetch GET 200 https://registry.npmjs.org/ansis/-/ansis-4.3.1.tgz 2594ms (cache miss)
5254 http fetch GET 200 https://registry.npmjs.org/domelementtype/-/domelementtype-2.3.0.tgz 2605ms (cache miss)
5255 http fetch GET 200 https://registry.npmjs.org/totalist/-/totalist-3.0.1.tgz 2604ms (cache miss)
5256 http fetch GET 200 https://registry.npmjs.org/ee-first/-/ee-first-1.1.1.tgz 2602ms (cache miss)
5257 http fetch GET 200 https://registry.npmjs.org/mrmime/-/mrmime-2.0.1.tgz 2604ms (cache miss)
5258 http fetch GET 200 https://registry.npmjs.org/shebang-regex/-/shebang-regex-3.0.0.tgz 2604ms (cache miss)
5259 http fetch GET 200 https://registry.npmjs.org/@polka/url/-/url-1.0.0-next.29.tgz 2635ms (cache miss)
5260 http fetch GET 200 https://registry.npmjs.org/inherits/-/inherits-2.0.4.tgz 2790ms (cache miss)
5261 http fetch GET 200 https://registry.npmjs.org/setprototypeof/-/setprototypeof-1.2.0.tgz 2790ms (cache miss)
5262 http fetch GET 200 https://registry.npmjs.org/statuses/-/statuses-2.0.2.tgz 2790ms (cache miss)
5263 http fetch GET 200 https://registry.npmjs.org/toidentifier/-/toidentifier-1.0.1.tgz 2792ms (cache miss)
5264 http fetch GET 200 https://registry.npmjs.org/fresh/-/fresh-2.0.0.tgz 2788ms (cache miss)
5265 http fetch GET 200 https://registry.npmjs.org/depd/-/depd-2.0.0.tgz 2786ms (cache miss)
5266 http fetch GET 200 https://registry.npmjs.org/range-parser/-/range-parser-1.3.0.tgz 2793ms (cache miss)
5267 http fetch GET 200 https://registry.npmjs.org/parseurl/-/parseurl-1.3.3.tgz 2907ms (cache miss)
5268 http fetch GET 200 https://registry.npmjs.org/is-docker/-/is-docker-3.0.0.tgz 2907ms (cache miss)
5269 http fetch GET 200 https://registry.npmjs.org/escape-html/-/escape-html-1.0.3.tgz 2910ms (cache miss)
5270 http fetch GET 200 https://registry.npmjs.org/powershell-utils/-/powershell-utils-0.2.1.tgz 2906ms (cache miss)
5271 http fetch GET 200 https://registry.npmjs.org/bundle-name/-/bundle-name-4.1.0.tgz 2908ms (cache miss)
5272 http fetch GET 200 https://registry.npmjs.org/queue-microtask/-/queue-microtask-1.2.3.tgz 2909ms (cache miss)
5273 http fetch GET 200 https://registry.npmjs.org/run-applescript/-/run-applescript-7.1.0.tgz 2908ms (cache miss)
5274 http fetch GET 200 https://registry.npmjs.org/encodeurl/-/encodeurl-2.0.0.tgz 2973ms (cache miss)
5275 http fetch GET 200 https://registry.npmjs.org/wsl-utils/-/wsl-utils-1.0.0.tgz 2976ms (cache miss)
5276 http fetch GET 200 https://registry.npmjs.org/is-in-ssh/-/is-in-ssh-1.0.0.tgz 2976ms (cache miss)
5277 http fetch GET 200 https://registry.npmjs.org/define-lazy-prop/-/define-lazy-prop-3.0.0.tgz 2976ms (cache miss)
5278 http fetch GET 200 https://registry.npmjs.org/is-inside-container/-/is-inside-container-1.0.0.tgz 2979ms (cache miss)
5279 http fetch GET 200 https://registry.npmjs.org/default-browser/-/default-browser-5.5.1.tgz 3003ms (cache miss)
5280 http fetch GET 200 https://registry.npmjs.org/function-bind/-/function-bind-1.1.2.tgz 3076ms (cache miss)
5281 http fetch GET 200 https://registry.npmjs.org/path-parse/-/path-parse-1.0.7.tgz 3159ms (cache miss)
5282 http fetch GET 200 https://registry.npmjs.org/hasown/-/hasown-2.0.4.tgz 3160ms (cache miss)
5283 http fetch GET 200 https://registry.npmjs.org/is-core-module/-/is-core-module-2.16.2.tgz 3158ms (cache miss)
5284 http fetch GET 200 https://registry.npmjs.org/ieee754/-/ieee754-1.2.1.tgz 3158ms (cache miss)
5285 http fetch GET 200 https://registry.npmjs.org/base64-js/-/base64-js-1.5.1.tgz 3159ms (cache miss)
5286 http fetch GET 200 https://registry.npmjs.org/supports-preserve-symlinks-flag/-/supports-preserve-symlinks-flag-1.0.0.tgz 3162ms (cache miss)
5287 http fetch GET 200 https://registry.npmjs.org/string_decoder/-/string_decoder-1.3.0.tgz 3324ms (cache miss)
5288 http fetch GET 200 https://registry.npmjs.org/@kwsites/promise-deferred/-/promise-deferred-1.1.1.tgz 3347ms (cache miss)
5289 http fetch GET 200 https://registry.npmjs.org/process/-/process-0.11.10.tgz 3325ms (cache miss)
5290 http fetch GET 200 https://registry.npmjs.org/default-browser-id/-/default-browser-id-5.0.1.tgz 3335ms (cache miss)
5291 warn tar TAR_ENTRY_ERROR UNKNOWN: unknown error, open 'C:\Users\Kawinpat\Documents\Codex\2026-09-04\new-chat\node_modules\unplugin-utils\LICENSE'
5292 silly tar TAR_ENTRY_ERROR UNKNOWN: unknown error, open 'C:\Users\Kawinpat\Documents\Codex\2026-09-04\new-chat\node_modules\unplugin-utils\LICENSE' [Error: UNKNOWN: unknown error, open 'C:\Users\Kawinpat\Documents\Codex\2026-09-04\new-chat\node_modules\unplugin-utils\LICENSE'] {
5292 silly tar   errno: -4094,
5292 silly tar   code: 'UNKNOWN',
5292 silly tar   syscall: 'open',
5292 silly tar   path: 'C:\\Users\\Kawinpat\\Documents\\Codex\\2026-09-04\\new-chat\\node_modules\\unplugin-utils\\LICENSE',
5292 silly tar   entry: Ls {
5292 silly tar     _events: [Object: null prototype] {},
5292 silly tar     _eventsCount: 0,
5292 silly tar     _maxListeners: undefined,
5292 silly tar     writable: false,
5292 silly tar     readable: false,
5292 silly tar     extended: undefined,
5292 silly tar     globalExtended: undefined,
5292 silly tar     header: Ns {
5292 silly tar       cksumValid: true,
5292 silly tar       needPax: false,
5292 silly tar       nullBlock: false,
5292 silly tar       block: undefined,
5292 silly tar       path: 'package/LICENSE',
5292 silly tar       mode: 420,
5292 silly tar       uid: 0,
5292 silly tar       gid: 0,
5292 silly tar       size: 2262,
5292 silly tar       cksum: 5018,
5292 silly tar       linkpath: '',
5292 silly tar       uname: '',
5292 silly tar       gname: '',
5292 silly tar       devmaj: 0,
5292 silly tar       devmin: 0,
5292 silly tar       atime: undefined,
5292 silly tar       ctime: undefined,
5292 silly tar       mtime: 1985-10-26T08:15:00.000Z,
5292 silly tar       charset: undefined,
5292 silly tar       comment: undefined
5292 silly tar     },
5292 silly tar     startBlockSize: 2560,
5292 silly tar     blockRemain: 0,
5292 silly tar     remain: 0,
5292 silly tar     type: 'File',
5292 silly tar     meta: false,
5292 silly tar     ignore: false,
5292 silly tar     path: 'LICENSE',
5292 silly tar     mode: 438,
5292 silly tar     uid: 0,
5292 silly tar     gid: 0,
5292 silly tar     uname: '',
5292 silly tar     gname: '',
5292 silly tar     size: 2262,
5292 silly tar     mtime: 1985-10-26T08:15:00.000Z,
5292 silly tar     atime: undefined,
5292 silly tar     ctime: undefined,
5292 silly tar     linkpath: undefined,
5292 silly tar     dev: undefined,
5292 silly tar     ino: undefined,
5292 silly tar     nlink: undefined,
5292 silly tar     invalid: false,
5292 silly tar     absolute: 'C:/Users/Kawinpat/Documents/Codex/2026-09-04/new-chat/node_modules/unplugin-utils/LICENSE',
5292 silly tar     unsupported: false,
5292 silly tar     Symbol(shapeMode): false,
5292 silly tar     Symbol(kCapture): false,
5292 silly tar     Symbol(flowing): false,
5292 silly tar     Symbol(paused): true,
5292 silly tar     Symbol(pipes): [ [qt] ],
5292 silly tar     Symbol(buffer): [],
5292 silly tar     Symbol(objectMode): false,
5292 silly tar     Symbol(encoding): null,
5292 silly tar     Symbol(async): false,
5292 silly tar     Symbol(decoder): null,
5292 silly tar     Symbol(EOF): true,
5292 silly tar     Symbol(emittedEnd): true,
5292 silly tar     Symbol(emittingEnd): false,
5292 silly tar     Symbol(closed): false,
5292 silly tar     Symbol(emittedError): null,
5292 silly tar     Symbol(bufferLength): 0,
5292 silly tar     Symbol(destroyed): false,
5292 silly tar     Symbol(signal): undefined,
5292 silly tar     Symbol(aborted): false,
5292 silly tar     Symbol(dataListeners): 0,
5292 silly tar     Symbol(discarded): false
5292 silly tar   },
5292 silly tar   cwd: 'C:/Users/Kawinpat/Documents/Codex/2026-09-04/new-chat/node_modules/unplugin-utils',
5292 silly tar   tarCode: 'TAR_ENTRY_ERROR'
5292 silly tar }
5293 http fetch GET 200 https://registry.npmjs.org/util-deprecate/-/util-deprecate-1.0.2.tgz 3478ms (cache miss)
5294 http fetch GET 200 https://registry.npmjs.org/cssesc/-/cssesc-3.0.0.tgz 3485ms (cache miss)
5295 http fetch GET 200 https://registry.npmjs.org/@kwsites/file-exists/-/file-exists-1.1.1.tgz 3511ms (cache miss)
5296 http fetch GET 200 https://registry.npmjs.org/caniuse-api/-/caniuse-api-4.0.0.tgz 3503ms (cache miss)
5297 http fetch GET 200 https://registry.npmjs.org/abbrev/-/abbrev-3.0.1.tgz 3502ms (cache miss)
5298 http fetch GET 200 https://registry.npmjs.org/mimic-fn/-/mimic-fn-4.0.0.tgz 3503ms (cache miss)
5299 http fetch GET 200 https://registry.npmjs.org/stylehacks/-/stylehacks-8.0.4.tgz 3505ms (cache miss)
5300 http fetch GET 200 https://registry.npmjs.org/nanoid/-/nanoid-3.3.18.tgz 3503ms (cache miss)
5301 http fetch GET 200 https://registry.npmjs.org/@simple-git/args-pathspec/-/args-pathspec-1.0.3.tgz 3509ms (cache miss)
5302 warn tar TAR_ENTRY_ERROR UNKNOWN: unknown error, open 'C:\Users\Kawinpat\Documents\Codex\2026-09-04\new-chat\node_modules\postcss-reduce-transforms\LICENSE-MIT'
5303 silly tar TAR_ENTRY_ERROR UNKNOWN: unknown error, open 'C:\Users\Kawinpat\Documents\Codex\2026-09-04\new-chat\node_modules\postcss-reduce-transforms\LICENSE-MIT' [Error: UNKNOWN: unknown error, open 'C:\Users\Kawinpat\Documents\Codex\2026-09-04\new-chat\node_modules\postcss-reduce-transforms\LICENSE-MIT'] {
5303 silly tar   errno: -4094,
5303 silly tar   code: 'UNKNOWN',
5303 silly tar   syscall: 'open',
5303 silly tar   path: 'C:\\Users\\Kawinpat\\Documents\\Codex\\2026-09-04\\new-chat\\node_modules\\postcss-reduce-transforms\\LICENSE-MIT',
5303 silly tar   entry: Ls {
5303 silly tar     _events: [Object: null prototype] {},
5303 silly tar     _eventsCount: 0,
5303 silly tar     _maxListeners: undefined,
5303 silly tar     writable: false,
5303 silly tar     readable: false,
5303 silly tar     extended: undefined,
5303 silly tar     globalExtended: undefined,
5303 silly tar     header: Ns {
5303 silly tar       cksumValid: true,
5303 silly tar       needPax: false,
5303 silly tar       nullBlock: false,
5303 silly tar       block: undefined,
5303 silly tar       path: 'package/LICENSE-MIT',
5303 silly tar       mode: 420,
5303 silly tar       uid: 0,
5303 silly tar       gid: 0,
5303 silly tar       size: 1093,
5303 silly tar       cksum: 5290,
5303 silly tar       linkpath: '',
5303 silly tar       uname: '',
5303 silly tar       gname: '',
5303 silly tar       devmaj: 0,
5303 silly tar       devmin: 0,
5303 silly tar       atime: undefined,
5303 silly tar       ctime: undefined,
5303 silly tar       mtime: 1985-10-26T08:15:00.000Z,
5303 silly tar       charset: undefined,
5303 silly tar       comment: undefined
5303 silly tar     },
5303 silly tar     startBlockSize: 1536,
5303 silly tar     blockRemain: 0,
5303 silly tar     remain: 0,
5303 silly tar     type: 'File',
5303 silly tar     meta: false,
5303 silly tar     ignore: false,
5303 silly tar     path: 'LICENSE-MIT',
5303 silly tar     mode: 438,
5303 silly tar     uid: 0,
5303 silly tar     gid: 0,
5303 silly tar     uname: '',
5303 silly tar     gname: '',
5303 silly tar     size: 1093,
5303 silly tar     mtime: 1985-10-26T08:15:00.000Z,
5303 silly tar     atime: undefined,
5303 silly tar     ctime: undefined,
5303 silly tar     linkpath: undefined,
5303 silly tar     dev: undefined,
5303 silly tar     ino: undefined,
5303 silly tar     nlink: undefined,
5303 silly tar     invalid: false,
5303 silly tar     absolute: 'C:/Users/Kawinpat/Documents/Codex/2026-09-04/new-chat/node_modules/postcss-reduce-transforms/LICENSE-MIT',
5303 silly tar     unsupported: false,
5303 silly tar     Symbol(shapeMode): false,
5303 silly tar     Symbol(kCapture): false,
5303 silly tar     Symbol(flowing): false,
5303 silly tar     Symbol(paused): true,
5303 silly tar     Symbol(pipes): [ [qt] ],
5303 silly tar     Symbol(buffer): [],
5303 silly tar     Symbol(objectMode): false,
5303 silly tar     Symbol(encoding): null,
5303 silly tar     Symbol(async): false,
5303 silly tar     Symbol(decoder): null,
5303 silly tar     Symbol(EOF): true,
5303 silly tar     Symbol(emittedEnd): true,
5303 silly tar     Symbol(emittingEnd): false,
5303 silly tar     Symbol(closed): false,
5303 silly tar     Symbol(emittedError): null,
5303 silly tar     Symbol(bufferLength): 0,
5303 silly tar     Symbol(destroyed): false,
5303 silly tar     Symbol(signal): undefined,
5303 silly tar     Symbol(aborted): false,
5303 silly tar     Symbol(dataListeners): 0,
5303 silly tar     Symbol(discarded): false
5303 silly tar   },
5303 silly tar   cwd: 'C:/Users/Kawinpat/Documents/Codex/2026-09-04/new-chat/node_modules/postcss-reduce-transforms',
5303 silly tar   tarCode: 'TAR_ENTRY_ERROR'
5303 silly tar }
5304 warn tar TAR_ENTRY_ERROR UNKNOWN: unknown error, open 'C:\Users\Kawinpat\Documents\Codex\2026-09-04\new-chat\node_modules\postcss-normalize-url\LICENSE-MIT'
5305 silly tar TAR_ENTRY_ERROR UNKNOWN: unknown error, open 'C:\Users\Kawinpat\Documents\Codex\2026-09-04\new-chat\node_modules\postcss-normalize-url\LICENSE-MIT' [Error: UNKNOWN: unknown error, open 'C:\Users\Kawinpat\Documents\Codex\2026-09-04\new-chat\node_modules\postcss-normalize-url\LICENSE-MIT'] {
5305 silly tar   errno: -4094,
5305 silly tar   code: 'UNKNOWN',
5305 silly tar   syscall: 'open',
5305 silly tar   path: 'C:\\Users\\Kawinpat\\Documents\\Codex\\2026-09-04\\new-chat\\node_modules\\postcss-normalize-url\\LICENSE-MIT',
5305 silly tar   entry: Ls {
5305 silly tar     _events: [Object: null prototype] {},
5305 silly tar     _eventsCount: 0,
5305 silly tar     _maxListeners: undefined,
5305 silly tar     writable: false,
5305 silly tar     readable: false,
5305 silly tar     extended: undefined,
5305 silly tar     globalExtended: undefined,
5305 silly tar     header: Ns {
5305 silly tar       cksumValid: true,
5305 silly tar       needPax: false,
5305 silly tar       nullBlock: false,
5305 silly tar       block: undefined,
5305 silly tar       path: 'package/LICENSE-MIT',
5305 silly tar       mode: 420,
5305 silly tar       uid: 0,
5305 silly tar       gid: 0,
5305 silly tar       size: 1093,
5305 silly tar       cksum: 5290,
5305 silly tar       linkpath: '',
5305 silly tar       uname: '',
5305 silly tar       gname: '',
5305 silly tar       devmaj: 0,
5305 silly tar       devmin: 0,
5305 silly tar       atime: undefined,
5305 silly tar       ctime: undefined,
5305 silly tar       mtime: 1985-10-26T08:15:00.000Z,
5305 silly tar       charset: undefined,
5305 silly tar       comment: undefined
5305 silly tar     },
5305 silly tar     startBlockSize: 1536,
5305 silly tar     blockRemain: 0,
5305 silly tar     remain: 0,
5305 silly tar     type: 'File',
5305 silly tar     meta: false,
5305 silly tar     ignore: false,
5305 silly tar     path: 'LICENSE-MIT',
5305 silly tar     mode: 438,
5305 silly tar     uid: 0,
5305 silly tar     gid: 0,
5305 silly tar     uname: '',
5305 silly tar     gname: '',
5305 silly tar     size: 1093,
5305 silly tar     mtime: 1985-10-26T08:15:00.000Z,
5305 silly tar     atime: undefined,
5305 silly tar     ctime: undefined,
5305 silly tar     linkpath: undefined,
5305 silly tar     dev: undefined,
5305 silly tar     ino: undefined,
5305 silly tar     nlink: undefined,
5305 silly tar     invalid: false,
5305 silly tar     absolute: 'C:/Users/Kawinpat/Documents/Codex/2026-09-04/new-chat/node_modules/postcss-normalize-url/LICENSE-MIT',
5305 silly tar     unsupported: false,
5305 silly tar     Symbol(shapeMode): false,
5305 silly tar     Symbol(kCapture): false,
5305 silly tar     Symbol(flowing): false,
5305 silly tar     Symbol(paused): true,
5305 silly tar     Symbol(pipes): [ [qt] ],
5305 silly tar     Symbol(buffer): [],
5305 silly tar     Symbol(objectMode): false,
5305 silly tar     Symbol(encoding): null,
5305 silly tar     Symbol(async): false,
5305 silly tar     Symbol(decoder): null,
5305 silly tar     Symbol(EOF): true,
5305 silly tar     Symbol(emittedEnd): true,
5305 silly tar     Symbol(emittingEnd): false,
5305 silly tar     Symbol(closed): false,
5305 silly tar     Symbol(emittedError): null,
5305 silly tar     Symbol(bufferLength): 0,
5305 silly tar     Symbol(destroyed): false,
5305 silly tar     Symbol(signal): undefined,
5305 silly tar     Symbol(aborted): false,
5305 silly tar     Symbol(dataListeners): 0,
5305 silly tar     Symbol(discarded): false
5305 silly tar   },
5305 silly tar   cwd: 'C:/Users/Kawinpat/Documents/Codex/2026-09-04/new-chat/node_modules/postcss-normalize-url',
5305 silly tar   tarCode: 'TAR_ENTRY_ERROR'
5305 silly tar }
5306 warn tar TAR_ENTRY_ERROR UNKNOWN: unknown error, open 'C:\Users\Kawinpat\Documents\Codex\2026-09-04\new-chat\node_modules\postcss-normalize-unicode\LICENSE-MIT'
5307 silly tar TAR_ENTRY_ERROR UNKNOWN: unknown error, open 'C:\Users\Kawinpat\Documents\Codex\2026-09-04\new-chat\node_modules\postcss-normalize-unicode\LICENSE-MIT' [Error: UNKNOWN: unknown error, open 'C:\Users\Kawinpat\Documents\Codex\2026-09-04\new-chat\node_modules\postcss-normalize-unicode\LICENSE-MIT'] {
5307 silly tar   errno: -4094,
5307 silly tar   code: 'UNKNOWN',
5307 silly tar   syscall: 'open',
5307 silly tar   path: 'C:\\Users\\Kawinpat\\Documents\\Codex\\2026-09-04\\new-chat\\node_modules\\postcss-normalize-unicode\\LICENSE-MIT',
5307 silly tar   entry: Ls {
5307 silly tar     _events: [Object: null prototype] {},
5307 silly tar     _eventsCount: 0,
5307 silly tar     _maxListeners: undefined,
5307 silly tar     writable: false,
5307 silly tar     readable: false,
5307 silly tar     extended: undefined,
5307 silly tar     globalExtended: undefined,
5307 silly tar     header: Ns {
5307 silly tar       cksumValid: true,
5307 silly tar       needPax: false,
5307 silly tar       nullBlock: false,
5307 silly tar       block: undefined,
5307 silly tar       path: 'package/LICENSE-MIT',
5307 silly tar       mode: 420,
5307 silly tar       uid: 0,
5307 silly tar       gid: 0,
5307 silly tar       size: 1093,
5307 silly tar       cksum: 5290,
5307 silly tar       linkpath: '',
5307 silly tar       uname: '',
5307 silly tar       gname: '',
5307 silly tar       devmaj: 0,
5307 silly tar       devmin: 0,
5307 silly tar       atime: undefined,
5307 silly tar       ctime: undefined,
5307 silly tar       mtime: 1985-10-26T08:15:00.000Z,
5307 silly tar       charset: undefined,
5307 silly tar       comment: undefined
5307 silly tar     },
5307 silly tar     startBlockSize: 1536,
5307 silly tar     blockRemain: 0,
5307 silly tar     remain: 0,
5307 silly tar     type: 'File',
5307 silly tar     meta: false,
5307 silly tar     ignore: false,
5307 silly tar     path: 'LICENSE-MIT',
5307 silly tar     mode: 438,
5307 silly tar     uid: 0,
5307 silly tar     gid: 0,
5307 silly tar     uname: '',
5307 silly tar     gname: '',
5307 silly tar     size: 1093,
5307 silly tar     mtime: 1985-10-26T08:15:00.000Z,
5307 silly tar     atime: undefined,
5307 silly tar     ctime: undefined,
5307 silly tar     linkpath: undefined,
5307 silly tar     dev: undefined,
5307 silly tar     ino: undefined,
5307 silly tar     nlink: undefined,
5307 silly tar     invalid: false,
5307 silly tar     absolute: 'C:/Users/Kawinpat/Documents/Codex/2026-09-04/new-chat/node_modules/postcss-normalize-unicode/LICENSE-MIT',
5307 silly tar     unsupported: false,
5307 silly tar     Symbol(shapeMode): false,
5307 silly tar     Symbol(kCapture): false,
5307 silly tar     Symbol(flowing): false,
5307 silly tar     Symbol(paused): true,
5307 silly tar     Symbol(pipes): [ [qt] ],
5307 silly tar     Symbol(buffer): [],
5307 silly tar     Symbol(objectMode): false,
5307 silly tar     Symbol(encoding): null,
5307 silly tar     Symbol(async): false,
5307 silly tar     Symbol(decoder): null,
5307 silly tar     Symbol(EOF): true,
5307 silly tar     Symbol(emittedEnd): true,
5307 silly tar     Symbol(emittingEnd): false,
5307 silly tar     Symbol(closed): false,
5307 silly tar     Symbol(emittedError): null,
5307 silly tar     Symbol(bufferLength): 0,
5307 silly tar     Symbol(destroyed): false,
5307 silly tar     Symbol(signal): undefined,
5307 silly tar     Symbol(aborted): false,
5307 silly tar     Symbol(dataListeners): 0,
5307 silly tar     Symbol(discarded): false
5307 silly tar   },
5307 silly tar   cwd: 'C:/Users/Kawinpat/Documents/Codex/2026-09-04/new-chat/node_modules/postcss-normalize-unicode',
5307 silly tar   tarCode: 'TAR_ENTRY_ERROR'
5307 silly tar }
5308 warn tar TAR_ENTRY_ERROR UNKNOWN: unknown error, open 'C:\Users\Kawinpat\Documents\Codex\2026-09-04\new-chat\node_modules\postcss-normalize-string\LICENSE-MIT'
5309 silly tar TAR_ENTRY_ERROR UNKNOWN: unknown error, open 'C:\Users\Kawinpat\Documents\Codex\2026-09-04\new-chat\node_modules\postcss-normalize-string\LICENSE-MIT' [Error: UNKNOWN: unknown error, open 'C:\Users\Kawinpat\Documents\Codex\2026-09-04\new-chat\node_modules\postcss-normalize-string\LICENSE-MIT'] {
5309 silly tar   errno: -4094,
5309 silly tar   code: 'UNKNOWN',
5309 silly tar   syscall: 'open',
5309 silly tar   path: 'C:\\Users\\Kawinpat\\Documents\\Codex\\2026-09-04\\new-chat\\node_modules\\postcss-normalize-string\\LICENSE-MIT',
5309 silly tar   entry: Ls {
5309 silly tar     _events: [Object: null prototype] {},
5309 silly tar     _eventsCount: 0,
5309 silly tar     _maxListeners: undefined,
5309 silly tar     writable: false,
5309 silly tar     readable: false,
5309 silly tar     extended: undefined,
5309 silly tar     globalExtended: undefined,
5309 silly tar     header: Ns {
5309 silly tar       cksumValid: true,
5309 silly tar       needPax: false,
5309 silly tar       nullBlock: false,
5309 silly tar       block: undefined,
5309 silly tar       path: 'package/LICENSE-MIT',
5309 silly tar       mode: 420,
5309 silly tar       uid: 0,
5309 silly tar       gid: 0,
5309 silly tar       size: 1093,
5309 silly tar       cksum: 5290,
5309 silly tar       linkpath: '',
5309 silly tar       uname: '',
5309 silly tar       gname: '',
5309 silly tar       devmaj: 0,
5309 silly tar       devmin: 0,
5309 silly tar       atime: undefined,
5309 silly tar       ctime: undefined,
5309 silly tar       mtime: 1985-10-26T08:15:00.000Z,
5309 silly tar       charset: undefined,
5309 silly tar       comment: undefined
5309 silly tar     },
5309 silly tar     startBlockSize: 1536,
5309 silly tar     blockRemain: 0,
5309 silly tar     remain: 0,
5309 silly tar     type: 'File',
5309 silly tar     meta: false,
5309 silly tar     ignore: false,
5309 silly tar     path: 'LICENSE-MIT',
5309 silly tar     mode: 438,
5309 silly tar     uid: 0,
5309 silly tar     gid: 0,
5309 silly tar     uname: '',
5309 silly tar     gname: '',
5309 silly tar     size: 1093,
5309 silly tar     mtime: 1985-10-26T08:15:00.000Z,
5309 silly tar     atime: undefined,
5309 silly tar     ctime: undefined,
5309 silly tar     linkpath: undefined,
5309 silly tar     dev: undefined,
5309 silly tar     ino: undefined,
5309 silly tar     nlink: undefined,
5309 silly tar     invalid: false,
5309 silly tar     absolute: 'C:/Users/Kawinpat/Documents/Codex/2026-09-04/new-chat/node_modules/postcss-normalize-string/LICENSE-MIT',
5309 silly tar     unsupported: false,
5309 silly tar     Symbol(shapeMode): false,
5309 silly tar     Symbol(kCapture): false,
5309 silly tar     Symbol(flowing): false,
5309 silly tar     Symbol(paused): true,
5309 silly tar     Symbol(pipes): [ [qt] ],
5309 silly tar     Symbol(buffer): [],
5309 silly tar     Symbol(objectMode): false,
5309 silly tar     Symbol(encoding): null,
5309 silly tar     Symbol(async): false,
5309 silly tar     Symbol(decoder): null,
5309 silly tar     Symbol(EOF): true,
5309 silly tar     Symbol(emittedEnd): true,
5309 silly tar     Symbol(emittingEnd): false,
5309 silly tar     Symbol(closed): false,
5309 silly tar     Symbol(emittedError): null,
5309 silly tar     Symbol(bufferLength): 0,
5309 silly tar     Symbol(destroyed): false,
5309 silly tar     Symbol(signal): undefined,
5309 silly tar     Symbol(aborted): false,
5309 silly tar     Symbol(dataListeners): 0,
5309 silly tar     Symbol(discarded): false
5309 silly tar   },
5309 silly tar   cwd: 'C:/Users/Kawinpat/Documents/Codex/2026-09-04/new-chat/node_modules/postcss-normalize-string',
5309 silly tar   tarCode: 'TAR_ENTRY_ERROR'
5309 silly tar }
5310 warn tar TAR_ENTRY_ERROR UNKNOWN: unknown error, open 'C:\Users\Kawinpat\Documents\Codex\2026-09-04\new-chat\node_modules\postcss-ordered-values\LICENSE-MIT'
5311 silly tar TAR_ENTRY_ERROR UNKNOWN: unknown error, open 'C:\Users\Kawinpat\Documents\Codex\2026-09-04\new-chat\node_modules\postcss-ordered-values\LICENSE-MIT' [Error: UNKNOWN: unknown error, open 'C:\Users\Kawinpat\Documents\Codex\2026-09-04\new-chat\node_modules\postcss-ordered-values\LICENSE-MIT'] {
5311 silly tar   errno: -4094,
5311 silly tar   code: 'UNKNOWN',
5311 silly tar   syscall: 'open',
5311 silly tar   path: 'C:\\Users\\Kawinpat\\Documents\\Codex\\2026-09-04\\new-chat\\node_modules\\postcss-ordered-values\\LICENSE-MIT',
5311 silly tar   entry: Ls {
5311 silly tar     _events: [Object: null prototype] {},
5311 silly tar     _eventsCount: 0,
5311 silly tar     _maxListeners: undefined,
5311 silly tar     writable: false,
5311 silly tar     readable: false,
5311 silly tar     extended: undefined,
5311 silly tar     globalExtended: undefined,
5311 silly tar     header: Ns {
5311 silly tar       cksumValid: true,
5311 silly tar       needPax: false,
5311 silly tar       nullBlock: false,
5311 silly tar       block: undefined,
5311 silly tar       path: 'package/LICENSE-MIT',
5311 silly tar       mode: 420,
5311 silly tar       uid: 0,
5311 silly tar       gid: 0,
5311 silly tar       size: 1093,
5311 silly tar       cksum: 5290,
5311 silly tar       linkpath: '',
5311 silly tar       uname: '',
5311 silly tar       gname: '',
5311 silly tar       devmaj: 0,
5311 silly tar       devmin: 0,
5311 silly tar       atime: undefined,
5311 silly tar       ctime: undefined,
5311 silly tar       mtime: 1985-10-26T08:15:00.000Z,
5311 silly tar       charset: undefined,
5311 silly tar       comment: undefined
5311 silly tar     },
5311 silly tar     startBlockSize: 1536,
5311 silly tar     blockRemain: 0,
5311 silly tar     remain: 0,
5311 silly tar     type: 'File',
5311 silly tar     meta: false,
5311 silly tar     ignore: false,
5311 silly tar     path: 'LICENSE-MIT',
5311 silly tar     mode: 438,
5311 silly tar     uid: 0,
5311 silly tar     gid: 0,
5311 silly tar     uname: '',
5311 silly tar     gname: '',
5311 silly tar     size: 1093,
5311 silly tar     mtime: 1985-10-26T08:15:00.000Z,
5311 silly tar     atime: undefined,
5311 silly tar     ctime: undefined,
5311 silly tar     linkpath: undefined,
5311 silly tar     dev: undefined,
5311 silly tar     ino: undefined,
5311 silly tar     nlink: undefined,
5311 silly tar     invalid: false,
5311 silly tar     absolute: 'C:/Users/Kawinpat/Documents/Codex/2026-09-04/new-chat/node_modules/postcss-ordered-values/LICENSE-MIT',
5311 silly tar     unsupported: false,
5311 silly tar     Symbol(shapeMode): false,
5311 silly tar     Symbol(kCapture): false,
5311 silly tar     Symbol(flowing): false,
5311 silly tar     Symbol(paused): true,
5311 silly tar     Symbol(pipes): [ [qt] ],
5311 silly tar     Symbol(buffer): [],
5311 silly tar     Symbol(objectMode): false,
5311 silly tar     Symbol(encoding): null,
5311 silly tar     Symbol(async): false,
5311 silly tar     Symbol(decoder): null,
5311 silly tar     Symbol(EOF): true,
5311 silly tar     Symbol(emittedEnd): true,
5311 silly tar     Symbol(emittingEnd): false,
5311 silly tar     Symbol(closed): false,
5311 silly tar     Symbol(emittedError): null,
5311 silly tar     Symbol(bufferLength): 0,
5311 silly tar     Symbol(destroyed): false,
5311 silly tar     Symbol(signal): undefined,
5311 silly tar     Symbol(aborted): false,
5311 silly tar     Symbol(dataListeners): 0,
5311 silly tar     Symbol(discarded): false
5311 silly tar   },
5311 silly tar   cwd: 'C:/Users/Kawinpat/Documents/Codex/2026-09-04/new-chat/node_modules/postcss-ordered-values',
5311 silly tar   tarCode: 'TAR_ENTRY_ERROR'
5311 silly tar }
5312 warn tar TAR_ENTRY_ERROR UNKNOWN: unknown error, open 'C:\Users\Kawinpat\Documents\Codex\2026-09-04\new-chat\node_modules\postcss-normalize-repeat-style\LICENSE-MIT'
5313 silly tar TAR_ENTRY_ERROR UNKNOWN: unknown error, open 'C:\Users\Kawinpat\Documents\Codex\2026-09-04\new-chat\node_modules\postcss-normalize-repeat-style\LICENSE-MIT' [Error: UNKNOWN: unknown error, open 'C:\Users\Kawinpat\Documents\Codex\2026-09-04\new-chat\node_modules\postcss-normalize-repeat-style\LICENSE-MIT'] {
5313 silly tar   errno: -4094,
5313 silly tar   code: 'UNKNOWN',
5313 silly tar   syscall: 'open',
5313 silly tar   path: 'C:\\Users\\Kawinpat\\Documents\\Codex\\2026-09-04\\new-chat\\node_modules\\postcss-normalize-repeat-style\\LICENSE-MIT',
5313 silly tar   entry: Ls {
5313 silly tar     _events: [Object: null prototype] {},
5313 silly tar     _eventsCount: 0,
5313 silly tar     _maxListeners: undefined,
5313 silly tar     writable: false,
5313 silly tar     readable: false,
5313 silly tar     extended: undefined,
5313 silly tar     globalExtended: undefined,
5313 silly tar     header: Ns {
5313 silly tar       cksumValid: true,
5313 silly tar       needPax: false,
5313 silly tar       nullBlock: false,
5313 silly tar       block: undefined,
5313 silly tar       path: 'package/LICENSE-MIT',
5313 silly tar       mode: 420,
5313 silly tar       uid: 0,
5313 silly tar       gid: 0,
5313 silly tar       size: 1093,
5313 silly tar       cksum: 5290,
5313 silly tar       linkpath: '',
5313 silly tar       uname: '',
5313 silly tar       gname: '',
5313 silly tar       devmaj: 0,
5313 silly tar       devmin: 0,
5313 silly tar       atime: undefined,
5313 silly tar       ctime: undefined,
5313 silly tar       mtime: 1985-10-26T08:15:00.000Z,
5313 silly tar       charset: undefined,
5313 silly tar       comment: undefined
5313 silly tar     },
5313 silly tar     startBlockSize: 1536,
5313 silly tar     blockRemain: 0,
5313 silly tar     remain: 0,
5313 silly tar     type: 'File',
5313 silly tar     meta: false,
5313 silly tar     ignore: false,
5313 silly tar     path: 'LICENSE-MIT',
5313 silly tar     mode: 438,
5313 silly tar     uid: 0,
5313 silly tar     gid: 0,
5313 silly tar     uname: '',
5313 silly tar     gname: '',
5313 silly tar     size: 1093,
5313 silly tar     mtime: 1985-10-26T08:15:00.000Z,
5313 silly tar     atime: undefined,
5313 silly tar     ctime: undefined,
5313 silly tar     linkpath: undefined,
5313 silly tar     dev: undefined,
5313 silly tar     ino: undefined,
5313 silly tar     nlink: undefined,
5313 silly tar     invalid: false,
5313 silly tar     absolute: 'C:/Users/Kawinpat/Documents/Codex/2026-09-04/new-chat/node_modules/postcss-normalize-repeat-style/LICENSE-MIT',
5313 silly tar     unsupported: false,
5313 silly tar     Symbol(shapeMode): false,
5313 silly tar     Symbol(kCapture): false,
5313 silly tar     Symbol(flowing): false,
5313 silly tar     Symbol(paused): true,
5313 silly tar     Symbol(pipes): [ [qt] ],
5313 silly tar     Symbol(buffer): [],
5313 silly tar     Symbol(objectMode): false,
5313 silly tar     Symbol(encoding): null,
5313 silly tar     Symbol(async): false,
5313 silly tar     Symbol(decoder): null,
5313 silly tar     Symbol(EOF): true,
5313 silly tar     Symbol(emittedEnd): true,
5313 silly tar     Symbol(emittingEnd): false,
5313 silly tar     Symbol(closed): false,
5313 silly tar     Symbol(emittedError): null,
5313 silly tar     Symbol(bufferLength): 0,
5313 silly tar     Symbol(destroyed): false,
5313 silly tar     Symbol(signal): undefined,
5313 silly tar     Symbol(aborted): false,
5313 silly tar     Symbol(dataListeners): 0,
5313 silly tar     Symbol(discarded): false
5313 silly tar   },
5313 silly tar   cwd: 'C:/Users/Kawinpat/Documents/Codex/2026-09-04/new-chat/node_modules/postcss-normalize-repeat-style',
5313 silly tar   tarCode: 'TAR_ENTRY_ERROR'
5313 silly tar }
5314 warn tar TAR_ENTRY_ERROR UNKNOWN: unknown error, open 'C:\Users\Kawinpat\Documents\Codex\2026-09-04\new-chat\node_modules\postcss-minify-selectors\LICENSE-MIT'
5315 silly tar TAR_ENTRY_ERROR UNKNOWN: unknown error, open 'C:\Users\Kawinpat\Documents\Codex\2026-09-04\new-chat\node_modules\postcss-minify-selectors\LICENSE-MIT' [Error: UNKNOWN: unknown error, open 'C:\Users\Kawinpat\Documents\Codex\2026-09-04\new-chat\node_modules\postcss-minify-selectors\LICENSE-MIT'] {
5315 silly tar   errno: -4094,
5315 silly tar   code: 'UNKNOWN',
5315 silly tar   syscall: 'open',
5315 silly tar   path: 'C:\\Users\\Kawinpat\\Documents\\Codex\\2026-09-04\\new-chat\\node_modules\\postcss-minify-selectors\\LICENSE-MIT',
5315 silly tar   entry: Ls {
5315 silly tar     _events: [Object: null prototype] {},
5315 silly tar     _eventsCount: 0,
5315 silly tar     _maxListeners: undefined,
5315 silly tar     writable: false,
5315 silly tar     readable: false,
5315 silly tar     extended: undefined,
5315 silly tar     globalExtended: undefined,
5315 silly tar     header: Ns {
5315 silly tar       cksumValid: true,
5315 silly tar       needPax: false,
5315 silly tar       nullBlock: false,
5315 silly tar       block: undefined,
5315 silly tar       path: 'package/LICENSE-MIT',
5315 silly tar       mode: 420,
5315 silly tar       uid: 0,
5315 silly tar       gid: 0,
5315 silly tar       size: 1093,
5315 silly tar       cksum: 5290,
5315 silly tar       linkpath: '',
5315 silly tar       uname: '',
5315 silly tar       gname: '',
5315 silly tar       devmaj: 0,
5315 silly tar       devmin: 0,
5315 silly tar       atime: undefined,
5315 silly tar       ctime: undefined,
5315 silly tar       mtime: 1985-10-26T08:15:00.000Z,
5315 silly tar       charset: undefined,
5315 silly tar       comment: undefined
5315 silly tar     },
5315 silly tar     startBlockSize: 1536,
5315 silly tar     blockRemain: 0,
5315 silly tar     remain: 0,
5315 silly tar     type: 'File',
5315 silly tar     meta: false,
5315 silly tar     ignore: false,
5315 silly tar     path: 'LICENSE-MIT',
5315 silly tar     mode: 438,
5315 silly tar     uid: 0,
5315 silly tar     gid: 0,
5315 silly tar     uname: '',
5315 silly tar     gname: '',
5315 silly tar     size: 1093,
5315 silly tar     mtime: 1985-10-26T08:15:00.000Z,
5315 silly tar     atime: undefined,
5315 silly tar     ctime: undefined,
5315 silly tar     linkpath: undefined,
5315 silly tar     dev: undefined,
5315 silly tar     ino: undefined,
5315 silly tar     nlink: undefined,
5315 silly tar     invalid: false,
5315 silly tar     absolute: 'C:/Users/Kawinpat/Documents/Codex/2026-09-04/new-chat/node_modules/postcss-minify-selectors/LICENSE-MIT',
5315 silly tar     unsupported: false,
5315 silly tar     Symbol(shapeMode): false,
5315 silly tar     Symbol(kCapture): false,
5315 silly tar     Symbol(flowing): false,
5315 silly tar     Symbol(paused): true,
5315 silly tar     Symbol(pipes): [ [qt] ],
5315 silly tar     Symbol(buffer): [],
5315 silly tar     Symbol(objectMode): false,
5315 silly tar     Symbol(encoding): null,
5315 silly tar     Symbol(async): false,
5315 silly tar     Symbol(decoder): null,
5315 silly tar     Symbol(EOF): true,
5315 silly tar     Symbol(emittedEnd): true,
5315 silly tar     Symbol(emittingEnd): false,
5315 silly tar     Symbol(closed): false,
5315 silly tar     Symbol(emittedError): null,
5315 silly tar     Symbol(bufferLength): 0,
5315 silly tar     Symbol(destroyed): false,
5315 silly tar     Symbol(signal): undefined,
5315 silly tar     Symbol(aborted): false,
5315 silly tar     Symbol(dataListeners): 0,
5315 silly tar     Symbol(discarded): false
5315 silly tar   },
5315 silly tar   cwd: 'C:/Users/Kawinpat/Documents/Codex/2026-09-04/new-chat/node_modules/postcss-minify-selectors',
5315 silly tar   tarCode: 'TAR_ENTRY_ERROR'
5315 silly tar }
5316 warn tar TAR_ENTRY_ERROR UNKNOWN: unknown error, open 'C:\Users\Kawinpat\Documents\Codex\2026-09-04\new-chat\node_modules\postcss-merge-rules\LICENSE-MIT'
5317 silly tar TAR_ENTRY_ERROR UNKNOWN: unknown error, open 'C:\Users\Kawinpat\Documents\Codex\2026-09-04\new-chat\node_modules\postcss-merge-rules\LICENSE-MIT' [Error: UNKNOWN: unknown error, open 'C:\Users\Kawinpat\Documents\Codex\2026-09-04\new-chat\node_modules\postcss-merge-rules\LICENSE-MIT'] {
5317 silly tar   errno: -4094,
5317 silly tar   code: 'UNKNOWN',
5317 silly tar   syscall: 'open',
5317 silly tar   path: 'C:\\Users\\Kawinpat\\Documents\\Codex\\2026-09-04\\new-chat\\node_modules\\postcss-merge-rules\\LICENSE-MIT',
5317 silly tar   entry: Ls {
5317 silly tar     _events: [Object: null prototype] {},
5317 silly tar     _eventsCount: 0,
5317 silly tar     _maxListeners: undefined,
5317 silly tar     writable: false,
5317 silly tar     readable: false,
5317 silly tar     extended: undefined,
5317 silly tar     globalExtended: undefined,
5317 silly tar     header: Ns {
5317 silly tar       cksumValid: true,
5317 silly tar       needPax: false,
5317 silly tar       nullBlock: false,
5317 silly tar       block: undefined,
5317 silly tar       path: 'package/LICENSE-MIT',
5317 silly tar       mode: 420,
5317 silly tar       uid: 0,
5317 silly tar       gid: 0,
5317 silly tar       size: 1093,
5317 silly tar       cksum: 5290,
5317 silly tar       linkpath: '',
5317 silly tar       uname: '',
5317 silly tar       gname: '',
5317 silly tar       devmaj: 0,
5317 silly tar       devmin: 0,
5317 silly tar       atime: undefined,
5317 silly tar       ctime: undefined,
5317 silly tar       mtime: 1985-10-26T08:15:00.000Z,
5317 silly tar       charset: undefined,
5317 silly tar       comment: undefined
5317 silly tar     },
5317 silly tar     startBlockSize: 1536,
5317 silly tar     blockRemain: 0,
5317 silly tar     remain: 0,
5317 silly tar     type: 'File',
5317 silly tar     meta: false,
5317 silly tar     ignore: false,
5317 silly tar     path: 'LICENSE-MIT',
5317 silly tar     mode: 438,
5317 silly tar     uid: 0,
5317 silly tar     gid: 0,
5317 silly tar     uname: '',
5317 silly tar     gname: '',
5317 silly tar     size: 1093,
5317 silly tar     mtime: 1985-10-26T08:15:00.000Z,
5317 silly tar     atime: undefined,
5317 silly tar     ctime: undefined,
5317 silly tar     linkpath: undefined,
5317 silly tar     dev: undefined,
5317 silly tar     ino: undefined,
5317 silly tar     nlink: undefined,
5317 silly tar     invalid: false,
5317 silly tar     absolute: 'C:/Users/Kawinpat/Documents/Codex/2026-09-04/new-chat/node_modules/postcss-merge-rules/LICENSE-MIT',
5317 silly tar     unsupported: false,
5317 silly tar     Symbol(shapeMode): false,
5317 silly tar     Symbol(kCapture): false,
5317 silly tar     Symbol(flowing): false,
5317 silly tar     Symbol(paused): true,
5317 silly tar     Symbol(pipes): [ [qt] ],
5317 silly tar     Symbol(buffer): [],
5317 silly tar     Symbol(objectMode): false,
5317 silly tar     Symbol(encoding): null,
5317 silly tar     Symbol(async): false,
5317 silly tar     Symbol(decoder): null,
5317 silly tar     Symbol(EOF): true,
5317 silly tar     Symbol(emittedEnd): true,
5317 silly tar     Symbol(emittingEnd): false,
5317 silly tar     Symbol(closed): false,
5317 silly tar     Symbol(emittedError): null,
5317 silly tar     Symbol(bufferLength): 0,
5317 silly tar     Symbol(destroyed): false,
5317 silly tar     Symbol(signal): undefined,
5317 silly tar     Symbol(aborted): false,
5317 silly tar     Symbol(dataListeners): 0,
5317 silly tar     Symbol(discarded): false
5317 silly tar   },
5317 silly tar   cwd: 'C:/Users/Kawinpat/Documents/Codex/2026-09-04/new-chat/node_modules/postcss-merge-rules',
5317 silly tar   tarCode: 'TAR_ENTRY_ERROR'
5317 silly tar }
5318 warn tar TAR_ENTRY_ERROR UNKNOWN: unknown error, open 'C:\Users\Kawinpat\Documents\Codex\2026-09-04\new-chat\node_modules\postcss-minify-params\LICENSE'
5319 silly tar TAR_ENTRY_ERROR UNKNOWN: unknown error, open 'C:\Users\Kawinpat\Documents\Codex\2026-09-04\new-chat\node_modules\postcss-minify-params\LICENSE' [Error: UNKNOWN: unknown error, open 'C:\Users\Kawinpat\Documents\Codex\2026-09-04\new-chat\node_modules\postcss-minify-params\LICENSE'] {
5319 silly tar   errno: -4094,
5319 silly tar   code: 'UNKNOWN',
5319 silly tar   syscall: 'open',
5319 silly tar   path: 'C:\\Users\\Kawinpat\\Documents\\Codex\\2026-09-04\\new-chat\\node_modules\\postcss-minify-params\\LICENSE',
5319 silly tar   entry: Ls {
5319 silly tar     _events: [Object: null prototype] {},
5319 silly tar     _eventsCount: 0,
5319 silly tar     _maxListeners: undefined,
5319 silly tar     writable: false,
5319 silly tar     readable: false,
5319 silly tar     extended: undefined,
5319 silly tar     globalExtended: undefined,
5319 silly tar     header: Ns {
5319 silly tar       cksumValid: true,
5319 silly tar       needPax: false,
5319 silly tar       nullBlock: false,
5319 silly tar       block: undefined,
5319 silly tar       path: 'package/LICENSE',
5319 silly tar       mode: 420,
5319 silly tar       uid: 0,
5319 silly tar       gid: 0,
5319 silly tar       size: 1098,
5319 silly tar       cksum: 5009,
5319 silly tar       linkpath: '',
5319 silly tar       uname: '',
5319 silly tar       gname: '',
5319 silly tar       devmaj: 0,
5319 silly tar       devmin: 0,
5319 silly tar       atime: undefined,
5319 silly tar       ctime: undefined,
5319 silly tar       mtime: 1985-10-26T08:15:00.000Z,
5319 silly tar       charset: undefined,
5319 silly tar       comment: undefined
5319 silly tar     },
5319 silly tar     startBlockSize: 1536,
5319 silly tar     blockRemain: 0,
5319 silly tar     remain: 0,
5319 silly tar     type: 'File',
5319 silly tar     meta: false,
5319 silly tar     ignore: false,
5319 silly tar     path: 'LICENSE',
5319 silly tar     mode: 438,
5319 silly tar     uid: 0,
5319 silly tar     gid: 0,
5319 silly tar     uname: '',
5319 silly tar     gname: '',
5319 silly tar     size: 1098,
5319 silly tar     mtime: 1985-10-26T08:15:00.000Z,
5319 silly tar     atime: undefined,
5319 silly tar     ctime: undefined,
5319 silly tar     linkpath: undefined,
5319 silly tar     dev: undefined,
5319 silly tar     ino: undefined,
5319 silly tar     nlink: undefined,
5319 silly tar     invalid: false,
5319 silly tar     absolute: 'C:/Users/Kawinpat/Documents/Codex/2026-09-04/new-chat/node_modules/postcss-minify-params/LICENSE',
5319 silly tar     unsupported: false,
5319 silly tar     Symbol(shapeMode): false,
5319 silly tar     Symbol(kCapture): false,
5319 silly tar     Symbol(flowing): false,
5319 silly tar     Symbol(paused): true,
5319 silly tar     Symbol(pipes): [ [qt] ],
5319 silly tar     Symbol(buffer): [],
5319 silly tar     Symbol(objectMode): false,
5319 silly tar     Symbol(encoding): null,
5319 silly tar     Symbol(async): false,
5319 silly tar     Symbol(decoder): null,
5319 silly tar     Symbol(EOF): true,
5319 silly tar     Symbol(emittedEnd): true,
5319 silly tar     Symbol(emittingEnd): false,
5319 silly tar     Symbol(closed): false,
5319 silly tar     Symbol(emittedError): null,
5319 silly tar     Symbol(bufferLength): 0,
5319 silly tar     Symbol(destroyed): false,
5319 silly tar     Symbol(signal): undefined,
5319 silly tar     Symbol(aborted): false,
5319 silly tar     Symbol(dataListeners): 0,
5319 silly tar     Symbol(discarded): false
5319 silly tar   },
5319 silly tar   cwd: 'C:/Users/Kawinpat/Documents/Codex/2026-09-04/new-chat/node_modules/postcss-minify-params',
5319 silly tar   tarCode: 'TAR_ENTRY_ERROR'
5319 silly tar }
5320 warn tar TAR_ENTRY_ERROR UNKNOWN: unknown error, open 'C:\Users\Kawinpat\Documents\Codex\2026-09-04\new-chat\node_modules\postcss-minify-font-values\LICENSE'
5321 silly tar TAR_ENTRY_ERROR UNKNOWN: unknown error, open 'C:\Users\Kawinpat\Documents\Codex\2026-09-04\new-chat\node_modules\postcss-minify-font-values\LICENSE' [Error: UNKNOWN: unknown error, open 'C:\Users\Kawinpat\Documents\Codex\2026-09-04\new-chat\node_modules\postcss-minify-font-values\LICENSE'] {
5321 silly tar   errno: -4094,
5321 silly tar   code: 'UNKNOWN',
5321 silly tar   syscall: 'open',
5321 silly tar   path: 'C:\\Users\\Kawinpat\\Documents\\Codex\\2026-09-04\\new-chat\\node_modules\\postcss-minify-font-values\\LICENSE',
5321 silly tar   entry: Ls {
5321 silly tar     _events: [Object: null prototype] {},
5321 silly tar     _eventsCount: 0,
5321 silly tar     _maxListeners: undefined,
5321 silly tar     writable: false,
5321 silly tar     readable: false,
5321 silly tar     extended: undefined,
5321 silly tar     globalExtended: undefined,
5321 silly tar     header: Ns {
5321 silly tar       cksumValid: true,
5321 silly tar       needPax: false,
5321 silly tar       nullBlock: false,
5321 silly tar       block: undefined,
5321 silly tar       path: 'package/LICENSE',
5321 silly tar       mode: 420,
5321 silly tar       uid: 0,
5321 silly tar       gid: 0,
5321 silly tar       size: 1074,
5321 silly tar       cksum: 5013,
5321 silly tar       linkpath: '',
5321 silly tar       uname: '',
5321 silly tar       gname: '',
5321 silly tar       devmaj: 0,
5321 silly tar       devmin: 0,
5321 silly tar       atime: undefined,
5321 silly tar       ctime: undefined,
5321 silly tar       mtime: 1985-10-26T08:15:00.000Z,
5321 silly tar       charset: undefined,
5321 silly tar       comment: undefined
5321 silly tar     },
5321 silly tar     startBlockSize: 1536,
5321 silly tar     blockRemain: 0,
5321 silly tar     remain: 0,
5321 silly tar     type: 'File',
5321 silly tar     meta: false,
5321 silly tar     ignore: false,
5321 silly tar     path: 'LICENSE',
5321 silly tar     mode: 438,
5321 silly tar     uid: 0,
5321 silly tar     gid: 0,
5321 silly tar     uname: '',
5321 silly tar     gname: '',
5321 silly tar     size: 1074,
5321 silly tar     mtime: 1985-10-26T08:15:00.000Z,
5321 silly tar     atime: undefined,
5321 silly tar     ctime: undefined,
5321 silly tar     linkpath: undefined,
5321 silly tar     dev: undefined,
5321 silly tar     ino: undefined,
5321 silly tar     nlink: undefined,
5321 silly tar     invalid: false,
5321 silly tar     absolute: 'C:/Users/Kawinpat/Documents/Codex/2026-09-04/new-chat/node_modules/postcss-minify-font-values/LICENSE',
5321 silly tar     unsupported: false,
5321 silly tar     Symbol(shapeMode): false,
5321 silly tar     Symbol(kCapture): false,
5321 silly tar     Symbol(flowing): false,
5321 silly tar     Symbol(paused): true,
5321 silly tar     Symbol(pipes): [ [qt] ],
5321 silly tar     Symbol(buffer): [],
5321 silly tar     Symbol(objectMode): false,
5321 silly tar     Symbol(encoding): null,
5321 silly tar     Symbol(async): false,
5321 silly tar     Symbol(decoder): null,
5321 silly tar     Symbol(EOF): true,
5321 silly tar     Symbol(emittedEnd): true,
5321 silly tar     Symbol(emittingEnd): false,
5321 silly tar     Symbol(closed): false,
5321 silly tar     Symbol(emittedError): null,
5321 silly tar     Symbol(bufferLength): 0,
5321 silly tar     Symbol(destroyed): false,
5321 silly tar     Symbol(signal): undefined,
5321 silly tar     Symbol(aborted): false,
5321 silly tar     Symbol(dataListeners): 0,
5321 silly tar     Symbol(discarded): false
5321 silly tar   },
5321 silly tar   cwd: 'C:/Users/Kawinpat/Documents/Codex/2026-09-04/new-chat/node_modules/postcss-minify-font-values',
5321 silly tar   tarCode: 'TAR_ENTRY_ERROR'
5321 silly tar }
5322 warn tar TAR_ENTRY_ERROR UNKNOWN: unknown error, open 'C:\Users\Kawinpat\Documents\Codex\2026-09-04\new-chat\node_modules\postcss-minify-gradients\LICENSE-MIT'
5323 silly tar TAR_ENTRY_ERROR UNKNOWN: unknown error, open 'C:\Users\Kawinpat\Documents\Codex\2026-09-04\new-chat\node_modules\postcss-minify-gradients\LICENSE-MIT' [Error: UNKNOWN: unknown error, open 'C:\Users\Kawinpat\Documents\Codex\2026-09-04\new-chat\node_modules\postcss-minify-gradients\LICENSE-MIT'] {
5323 silly tar   errno: -4094,
5323 silly tar   code: 'UNKNOWN',
5323 silly tar   syscall: 'open',
5323 silly tar   path: 'C:\\Users\\Kawinpat\\Documents\\Codex\\2026-09-04\\new-chat\\node_modules\\postcss-minify-gradients\\LICENSE-MIT',
5323 silly tar   entry: Ls {
5323 silly tar     _events: [Object: null prototype] {},
5323 silly tar     _eventsCount: 0,
5323 silly tar     _maxListeners: undefined,
5323 silly tar     writable: false,
5323 silly tar     readable: false,
5323 silly tar     extended: undefined,
5323 silly tar     globalExtended: undefined,
5323 silly tar     header: Ns {
5323 silly tar       cksumValid: true,
5323 silly tar       needPax: false,
5323 silly tar       nullBlock: false,
5323 silly tar       block: undefined,
5323 silly tar       path: 'package/LICENSE-MIT',
5323 silly tar       mode: 420,
5323 silly tar       uid: 0,
5323 silly tar       gid: 0,
5323 silly tar       size: 1093,
5323 silly tar       cksum: 5290,
5323 silly tar       linkpath: '',
5323 silly tar       uname: '',
5323 silly tar       gname: '',
5323 silly tar       devmaj: 0,
5323 silly tar       devmin: 0,
5323 silly tar       atime: undefined,
5323 silly tar       ctime: undefined,
5323 silly tar       mtime: 1985-10-26T08:15:00.000Z,
5323 silly tar       charset: undefined,
5323 silly tar       comment: undefined
5323 silly tar     },
5323 silly tar     startBlockSize: 1536,
5323 silly tar     blockRemain: 0,
5323 silly tar     remain: 0,
5323 silly tar     type: 'File',
5323 silly tar     meta: false,
5323 silly tar     ignore: false,
5323 silly tar     path: 'LICENSE-MIT',
5323 silly tar     mode: 438,
5323 silly tar     uid: 0,
5323 silly tar     gid: 0,
5323 silly tar     uname: '',
5323 silly tar     gname: '',
5323 silly tar     size: 1093,
5323 silly tar     mtime: 1985-10-26T08:15:00.000Z,
5323 silly tar     atime: undefined,
5323 silly tar     ctime: undefined,
5323 silly tar     linkpath: undefined,
5323 silly tar     dev: undefined,
5323 silly tar     ino: undefined,
5323 silly tar     nlink: undefined,
5323 silly tar     invalid: false,
5323 silly tar     absolute: 'C:/Users/Kawinpat/Documents/Codex/2026-09-04/new-chat/node_modules/postcss-minify-gradients/LICENSE-MIT',
5323 silly tar     unsupported: false,
5323 silly tar     Symbol(shapeMode): false,
5323 silly tar     Symbol(kCapture): false,
5323 silly tar     Symbol(flowing): false,
5323 silly tar     Symbol(paused): true,
5323 silly tar     Symbol(pipes): [ [qt] ],
5323 silly tar     Symbol(buffer): [],
5323 silly tar     Symbol(objectMode): false,
5323 silly tar     Symbol(encoding): null,
5323 silly tar     Symbol(async): false,
5323 silly tar     Symbol(decoder): null,
5323 silly tar     Symbol(EOF): true,
5323 silly tar     Symbol(emittedEnd): true,
5323 silly tar     Symbol(emittingEnd): false,
5323 silly tar     Symbol(closed): false,
5323 silly tar     Symbol(emittedError): null,
5323 silly tar     Symbol(bufferLength): 0,
5323 silly tar     Symbol(destroyed): false,
5323 silly tar     Symbol(signal): undefined,
5323 silly tar     Symbol(aborted): false,
5323 silly tar     Symbol(dataListeners): 0,
5323 silly tar     Symbol(discarded): false
5323 silly tar   },
5323 silly tar   cwd: 'C:/Users/Kawinpat/Documents/Codex/2026-09-04/new-chat/node_modules/postcss-minify-gradients',
5323 silly tar   tarCode: 'TAR_ENTRY_ERROR'
5323 silly tar }
5324 warn tar TAR_ENTRY_ERROR UNKNOWN: unknown error, open 'C:\Users\Kawinpat\Documents\Codex\2026-09-04\new-chat\node_modules\postcss-normalize-charset\LICENSE'
5325 silly tar TAR_ENTRY_ERROR UNKNOWN: unknown error, open 'C:\Users\Kawinpat\Documents\Codex\2026-09-04\new-chat\node_modules\postcss-normalize-charset\LICENSE' [Error: UNKNOWN: unknown error, open 'C:\Users\Kawinpat\Documents\Codex\2026-09-04\new-chat\node_modules\postcss-normalize-charset\LICENSE'] {
5325 silly tar   errno: -4094,
5325 silly tar   code: 'UNKNOWN',
5325 silly tar   syscall: 'open',
5325 silly tar   path: 'C:\\Users\\Kawinpat\\Documents\\Codex\\2026-09-04\\new-chat\\node_modules\\postcss-normalize-charset\\LICENSE',
5325 silly tar   entry: Ls {
5325 silly tar     _events: [Object: null prototype] {},
5325 silly tar     _eventsCount: 0,
5325 silly tar     _maxListeners: undefined,
5325 silly tar     writable: false,
5325 silly tar     readable: false,
5325 silly tar     extended: undefined,
5325 silly tar     globalExtended: undefined,
5325 silly tar     header: Ns {
5325 silly tar       cksumValid: true,
5325 silly tar       needPax: false,
5325 silly tar       nullBlock: false,
5325 silly tar       block: undefined,
5325 silly tar       path: 'package/LICENSE',
5325 silly tar       mode: 420,
5325 silly tar       uid: 0,
5325 silly tar       gid: 0,
5325 silly tar       size: 1098,
5325 silly tar       cksum: 5009,
5325 silly tar       linkpath: '',
5325 silly tar       uname: '',
5325 silly tar       gname: '',
5325 silly tar       devmaj: 0,
5325 silly tar       devmin: 0,
5325 silly tar       atime: undefined,
5325 silly tar       ctime: undefined,
5325 silly tar       mtime: 1985-10-26T08:15:00.000Z,
5325 silly tar       charset: undefined,
5325 silly tar       comment: undefined
5325 silly tar     },
5325 silly tar     startBlockSize: 1536,
5325 silly tar     blockRemain: 0,
5325 silly tar     remain: 0,
5325 silly tar     type: 'File',
5325 silly tar     meta: false,
5325 silly tar     ignore: false,
5325 silly tar     path: 'LICENSE',
5325 silly tar     mode: 438,
5325 silly tar     uid: 0,
5325 silly tar     gid: 0,
5325 silly tar     uname: '',
5325 silly tar     gname: '',
5325 silly tar     size: 1098,
5325 silly tar     mtime: 1985-10-26T08:15:00.000Z,
5325 silly tar     atime: undefined,
5325 silly tar     ctime: undefined,
5325 silly tar     linkpath: undefined,
5325 silly tar     dev: undefined,
5325 silly tar     ino: undefined,
5325 silly tar     nlink: undefined,
5325 silly tar     invalid: false,
5325 silly tar     absolute: 'C:/Users/Kawinpat/Documents/Codex/2026-09-04/new-chat/node_modules/postcss-normalize-charset/LICENSE',
5325 silly tar     unsupported: false,
5325 silly tar     Symbol(shapeMode): false,
5325 silly tar     Symbol(kCapture): false,
5325 silly tar     Symbol(flowing): false,
5325 silly tar     Symbol(paused): true,
5325 silly tar     Symbol(pipes): [ [qt] ],
5325 silly tar     Symbol(buffer): [],
5325 silly tar     Symbol(objectMode): false,
5325 silly tar     Symbol(encoding): null,
5325 silly tar     Symbol(async): false,
5325 silly tar     Symbol(decoder): null,
5325 silly tar     Symbol(EOF): true,
5325 silly tar     Symbol(emittedEnd): true,
5325 silly tar     Symbol(emittingEnd): false,
5325 silly tar     Symbol(closed): false,
5325 silly tar     Symbol(emittedError): null,
5325 silly tar     Symbol(bufferLength): 0,
5325 silly tar     Symbol(destroyed): false,
5325 silly tar     Symbol(signal): undefined,
5325 silly tar     Symbol(aborted): false,
5325 silly tar     Symbol(dataListeners): 0,
5325 silly tar     Symbol(discarded): false
5325 silly tar   },
5325 silly tar   cwd: 'C:/Users/Kawinpat/Documents/Codex/2026-09-04/new-chat/node_modules/postcss-normalize-charset',
5325 silly tar   tarCode: 'TAR_ENTRY_ERROR'
5325 silly tar }
5326 warn tar TAR_ENTRY_ERROR UNKNOWN: unknown error, open 'C:\Users\Kawinpat\Documents\Codex\2026-09-04\new-chat\node_modules\postcss-discard-overridden\LICENSE'
5327 silly tar TAR_ENTRY_ERROR UNKNOWN: unknown error, open 'C:\Users\Kawinpat\Documents\Codex\2026-09-04\new-chat\node_modules\postcss-discard-overridden\LICENSE' [Error: UNKNOWN: unknown error, open 'C:\Users\Kawinpat\Documents\Codex\2026-09-04\new-chat\node_modules\postcss-discard-overridden\LICENSE'] {
5327 silly tar   errno: -4094,
5327 silly tar   code: 'UNKNOWN',
5327 silly tar   syscall: 'open',
5327 silly tar   path: 'C:\\Users\\Kawinpat\\Documents\\Codex\\2026-09-04\\new-chat\\node_modules\\postcss-discard-overridden\\LICENSE',
5327 silly tar   entry: Ls {
5327 silly tar     _events: [Object: null prototype] {},
5327 silly tar     _eventsCount: 0,
5327 silly tar     _maxListeners: undefined,
5327 silly tar     writable: false,
5327 silly tar     readable: false,
5327 silly tar     extended: undefined,
5327 silly tar     globalExtended: undefined,
5327 silly tar     header: Ns {
5327 silly tar       cksumValid: true,
5327 silly tar       needPax: false,
5327 silly tar       nullBlock: false,
5327 silly tar       block: undefined,
5327 silly tar       path: 'package/LICENSE',
5327 silly tar       mode: 420,
5327 silly tar       uid: 0,
5327 silly tar       gid: 0,
5327 silly tar       size: 1094,
5327 silly tar       cksum: 5012,
5327 silly tar       linkpath: '',
5327 silly tar       uname: '',
5327 silly tar       gname: '',
5327 silly tar       devmaj: 0,
5327 silly tar       devmin: 0,
5327 silly tar       atime: undefined,
5327 silly tar       ctime: undefined,
5327 silly tar       mtime: 1985-10-26T08:15:00.000Z,
5327 silly tar       charset: undefined,
5327 silly tar       comment: undefined
5327 silly tar     },
5327 silly tar     startBlockSize: 1536,
5327 silly tar     blockRemain: 0,
5327 silly tar     remain: 0,
5327 silly tar     type: 'File',
5327 silly tar     meta: false,
5327 silly tar     ignore: false,
5327 silly tar     path: 'LICENSE',
5327 silly tar     mode: 438,
5327 silly tar     uid: 0,
5327 silly tar     gid: 0,
5327 silly tar     uname: '',
5327 silly tar     gname: '',
5327 silly tar     size: 1094,
5327 silly tar     mtime: 1985-10-26T08:15:00.000Z,
5327 silly tar     atime: undefined,
5327 silly tar     ctime: undefined,
5327 silly tar     linkpath: undefined,
5327 silly tar     dev: undefined,
5327 silly tar     ino: undefined,
5327 silly tar     nlink: undefined,
5327 silly tar     invalid: false,
5327 silly tar     absolute: 'C:/Users/Kawinpat/Documents/Codex/2026-09-04/new-chat/node_modules/postcss-discard-overridden/LICENSE',
5327 silly tar     unsupported: false,
5327 silly tar     Symbol(shapeMode): false,
5327 silly tar     Symbol(kCapture): false,
5327 silly tar     Symbol(flowing): false,
5327 silly tar     Symbol(paused): true,
5327 silly tar     Symbol(pipes): [ [qt] ],
5327 silly tar     Symbol(buffer): [],
5327 silly tar     Symbol(objectMode): false,
5327 silly tar     Symbol(encoding): null,
5327 silly tar     Symbol(async): false,
5327 silly tar     Symbol(decoder): null,
5327 silly tar     Symbol(EOF): true,
5327 silly tar     Symbol(emittedEnd): true,
5327 silly tar     Symbol(emittingEnd): false,
5327 silly tar     Symbol(closed): false,
5327 silly tar     Symbol(emittedError): null,
5327 silly tar     Symbol(bufferLength): 0,
5327 silly tar     Symbol(destroyed): false,
5327 silly tar     Symbol(signal): undefined,
5327 silly tar     Symbol(aborted): false,
5327 silly tar     Symbol(dataListeners): 0,
5327 silly tar     Symbol(discarded): false
5327 silly tar   },
5327 silly tar   cwd: 'C:/Users/Kawinpat/Documents/Codex/2026-09-04/new-chat/node_modules/postcss-discard-overridden',
5327 silly tar   tarCode: 'TAR_ENTRY_ERROR'
5327 silly tar }
5328 warn tar TAR_ENTRY_ERROR UNKNOWN: unknown error, open 'C:\Users\Kawinpat\Documents\Codex\2026-09-04\new-chat\node_modules\postcss-discard-empty\LICENSE-MIT'
5329 silly tar TAR_ENTRY_ERROR UNKNOWN: unknown error, open 'C:\Users\Kawinpat\Documents\Codex\2026-09-04\new-chat\node_modules\postcss-discard-empty\LICENSE-MIT' [Error: UNKNOWN: unknown error, open 'C:\Users\Kawinpat\Documents\Codex\2026-09-04\new-chat\node_modules\postcss-discard-empty\LICENSE-MIT'] {
5329 silly tar   errno: -4094,
5329 silly tar   code: 'UNKNOWN',
5329 silly tar   syscall: 'open',
5329 silly tar   path: 'C:\\Users\\Kawinpat\\Documents\\Codex\\2026-09-04\\new-chat\\node_modules\\postcss-discard-empty\\LICENSE-MIT',
5329 silly tar   entry: Ls {
5329 silly tar     _events: [Object: null prototype] {},
5329 silly tar     _eventsCount: 0,
5329 silly tar     _maxListeners: undefined,
5329 silly tar     writable: false,
5329 silly tar     readable: false,
5329 silly tar     extended: undefined,
5329 silly tar     globalExtended: undefined,
5329 silly tar     header: Ns {
5329 silly tar       cksumValid: true,
5329 silly tar       needPax: false,
5329 silly tar       nullBlock: false,
5329 silly tar       block: undefined,
5329 silly tar       path: 'package/LICENSE-MIT',
5329 silly tar       mode: 420,
5329 silly tar       uid: 0,
5329 silly tar       gid: 0,
5329 silly tar       size: 1093,
5329 silly tar       cksum: 5290,
5329 silly tar       linkpath: '',
5329 silly tar       uname: '',
5329 silly tar       gname: '',
5329 silly tar       devmaj: 0,
5329 silly tar       devmin: 0,
5329 silly tar       atime: undefined,
5329 silly tar       ctime: undefined,
5329 silly tar       mtime: 1985-10-26T08:15:00.000Z,
5329 silly tar       charset: undefined,
5329 silly tar       comment: undefined
5329 silly tar     },
5329 silly tar     startBlockSize: 1536,
5329 silly tar     blockRemain: 0,
5329 silly tar     remain: 0,
5329 silly tar     type: 'File',
5329 silly tar     meta: false,
5329 silly tar     ignore: false,
5329 silly tar     path: 'LICENSE-MIT',
5329 silly tar     mode: 438,
5329 silly tar     uid: 0,
5329 silly tar     gid: 0,
5329 silly tar     uname: '',
5329 silly tar     gname: '',
5329 silly tar     size: 1093,
5329 silly tar     mtime: 1985-10-26T08:15:00.000Z,
5329 silly tar     atime: undefined,
5329 silly tar     ctime: undefined,
5329 silly tar     linkpath: undefined,
5329 silly tar     dev: undefined,
5329 silly tar     ino: undefined,
5329 silly tar     nlink: undefined,
5329 silly tar     invalid: false,
5329 silly tar     absolute: 'C:/Users/Kawinpat/Documents/Codex/2026-09-04/new-chat/node_modules/postcss-discard-empty/LICENSE-MIT',
5329 silly tar     unsupported: false,
5329 silly tar     Symbol(shapeMode): false,
5329 silly tar     Symbol(kCapture): false,
5329 silly tar     Symbol(flowing): false,
5329 silly tar     Symbol(paused): true,
5329 silly tar     Symbol(pipes): [ [qt] ],
5329 silly tar     Symbol(buffer): [],
5329 silly tar     Symbol(objectMode): false,
5329 silly tar     Symbol(encoding): null,
5329 silly tar     Symbol(async): false,
5329 silly tar     Symbol(decoder): null,
5329 silly tar     Symbol(EOF): true,
5329 silly tar     Symbol(emittedEnd): true,
5329 silly tar     Symbol(emittingEnd): false,
5329 silly tar     Symbol(closed): false,
5329 silly tar     Symbol(emittedError): null,
5329 silly tar     Symbol(bufferLength): 0,
5329 silly tar     Symbol(destroyed): false,
5329 silly tar     Symbol(signal): undefined,
5329 silly tar     Symbol(aborted): false,
5329 silly tar     Symbol(dataListeners): 0,
5329 silly tar     Symbol(discarded): false
5329 silly tar   },
5329 silly tar   cwd: 'C:/Users/Kawinpat/Documents/Codex/2026-09-04/new-chat/node_modules/postcss-discard-empty',
5329 silly tar   tarCode: 'TAR_ENTRY_ERROR'
5329 silly tar }
5330 warn tar TAR_ENTRY_ERROR UNKNOWN: unknown error, open 'C:\Users\Kawinpat\Documents\Codex\2026-09-04\new-chat\node_modules\postcss-merge-longhand\LICENSE-MIT'
5331 silly tar TAR_ENTRY_ERROR UNKNOWN: unknown error, open 'C:\Users\Kawinpat\Documents\Codex\2026-09-04\new-chat\node_modules\postcss-merge-longhand\LICENSE-MIT' [Error: UNKNOWN: unknown error, open 'C:\Users\Kawinpat\Documents\Codex\2026-09-04\new-chat\node_modules\postcss-merge-longhand\LICENSE-MIT'] {
5331 silly tar   errno: -4094,
5331 silly tar   code: 'UNKNOWN',
5331 silly tar   syscall: 'open',
5331 silly tar   path: 'C:\\Users\\Kawinpat\\Documents\\Codex\\2026-09-04\\new-chat\\node_modules\\postcss-merge-longhand\\LICENSE-MIT',
5331 silly tar   entry: Ls {
5331 silly tar     _events: [Object: null prototype] {},
5331 silly tar     _eventsCount: 0,
5331 silly tar     _maxListeners: undefined,
5331 silly tar     writable: false,
5331 silly tar     readable: false,
5331 silly tar     extended: undefined,
5331 silly tar     globalExtended: undefined,
5331 silly tar     header: Ns {
5331 silly tar       cksumValid: true,
5331 silly tar       needPax: false,
5331 silly tar       nullBlock: false,
5331 silly tar       block: undefined,
5331 silly tar       path: 'package/LICENSE-MIT',
5331 silly tar       mode: 420,
5331 silly tar       uid: 0,
5331 silly tar       gid: 0,
5331 silly tar       size: 1093,
5331 silly tar       cksum: 5290,
5331 silly tar       linkpath: '',
5331 silly tar       uname: '',
5331 silly tar       gname: '',
5331 silly tar       devmaj: 0,
5331 silly tar       devmin: 0,
5331 silly tar       atime: undefined,
5331 silly tar       ctime: undefined,
5331 silly tar       mtime: 1985-10-26T08:15:00.000Z,
5331 silly tar       charset: undefined,
5331 silly tar       comment: undefined
5331 silly tar     },
5331 silly tar     startBlockSize: 1536,
5331 silly tar     blockRemain: 0,
5331 silly tar     remain: 0,
5331 silly tar     type: 'File',
5331 silly tar     meta: false,
5331 silly tar     ignore: false,
5331 silly tar     path: 'LICENSE-MIT',
5331 silly tar     mode: 438,
5331 silly tar     uid: 0,
5331 silly tar     gid: 0,
5331 silly tar     uname: '',
5331 silly tar     gname: '',
5331 silly tar     size: 1093,
5331 silly tar     mtime: 1985-10-26T08:15:00.000Z,
5331 silly tar     atime: undefined,
5331 silly tar     ctime: undefined,
5331 silly tar     linkpath: undefined,
5331 silly tar     dev: undefined,
5331 silly tar     ino: undefined,
5331 silly tar     nlink: undefined,
5331 silly tar     invalid: false,
5331 silly tar     absolute: 'C:/Users/Kawinpat/Documents/Codex/2026-09-04/new-chat/node_modules/postcss-merge-longhand/LICENSE-MIT',
5331 silly tar     unsupported: false,
5331 silly tar     Symbol(shapeMode): false,
5331 silly tar     Symbol(kCapture): false,
5331 silly tar     Symbol(flowing): false,
5331 silly tar     Symbol(paused): true,
5331 silly tar     Symbol(pipes): [ [qt] ],
5331 silly tar     Symbol(buffer): [],
5331 silly tar     Symbol(objectMode): false,
5331 silly tar     Symbol(encoding): null,
5331 silly tar     Symbol(async): false,
5331 silly tar     Symbol(decoder): null,
5331 silly tar     Symbol(EOF): true,
5331 silly tar     Symbol(emittedEnd): true,
5331 silly tar     Symbol(emittingEnd): false,
5331 silly tar     Symbol(closed): false,
5331 silly tar     Symbol(emittedError): null,
5331 silly tar     Symbol(bufferLength): 0,
5331 silly tar     Symbol(destroyed): false,
5331 silly tar     Symbol(signal): undefined,
5331 silly tar     Symbol(aborted): false,
5331 silly tar     Symbol(dataListeners): 0,
5331 silly tar     Symbol(discarded): false
5331 silly tar   },
5331 silly tar   cwd: 'C:/Users/Kawinpat/Documents/Codex/2026-09-04/new-chat/node_modules/postcss-merge-longhand',
5331 silly tar   tarCode: 'TAR_ENTRY_ERROR'
5331 silly tar }
5332 warn tar TAR_ENTRY_ERROR UNKNOWN: unknown error, open 'C:\Users\Kawinpat\Documents\Codex\2026-09-04\new-chat\node_modules\postcss-discard-duplicates\LICENSE-MIT'
5333 silly tar TAR_ENTRY_ERROR UNKNOWN: unknown error, open 'C:\Users\Kawinpat\Documents\Codex\2026-09-04\new-chat\node_modules\postcss-discard-duplicates\LICENSE-MIT' [Error: UNKNOWN: unknown error, open 'C:\Users\Kawinpat\Documents\Codex\2026-09-04\new-chat\node_modules\postcss-discard-duplicates\LICENSE-MIT'] {
5333 silly tar   errno: -4094,
5333 silly tar   code: 'UNKNOWN',
5333 silly tar   syscall: 'open',
5333 silly tar   path: 'C:\\Users\\Kawinpat\\Documents\\Codex\\2026-09-04\\new-chat\\node_modules\\postcss-discard-duplicates\\LICENSE-MIT',
5333 silly tar   entry: Ls {
5333 silly tar     _events: [Object: null prototype] {},
5333 silly tar     _eventsCount: 0,
5333 silly tar     _maxListeners: undefined,
5333 silly tar     writable: false,
5333 silly tar     readable: false,
5333 silly tar     extended: undefined,
5333 silly tar     globalExtended: undefined,
5333 silly tar     header: Ns {
5333 silly tar       cksumValid: true,
5333 silly tar       needPax: false,
5333 silly tar       nullBlock: false,
5333 silly tar       block: undefined,
5333 silly tar       path: 'package/LICENSE-MIT',
5333 silly tar       mode: 420,
5333 silly tar       uid: 0,
5333 silly tar       gid: 0,
5333 silly tar       size: 1093,
5333 silly tar       cksum: 5290,
5333 silly tar       linkpath: '',
5333 silly tar       uname: '',
5333 silly tar       gname: '',
5333 silly tar       devmaj: 0,
5333 silly tar       devmin: 0,
5333 silly tar       atime: undefined,
5333 silly tar       ctime: undefined,
5333 silly tar       mtime: 1985-10-26T08:15:00.000Z,
5333 silly tar       charset: undefined,
5333 silly tar       comment: undefined
5333 silly tar     },
5333 silly tar     startBlockSize: 1536,
5333 silly tar     blockRemain: 0,
5333 silly tar     remain: 0,
5333 silly tar     type: 'File',
5333 silly tar     meta: false,
5333 silly tar     ignore: false,
5333 silly tar     path: 'LICENSE-MIT',
5333 silly tar     mode: 438,
5333 silly tar     uid: 0,
5333 silly tar     gid: 0,
5333 silly tar     uname: '',
5333 silly tar     gname: '',
5333 silly tar     size: 1093,
5333 silly tar     mtime: 1985-10-26T08:15:00.000Z,
5333 silly tar     atime: undefined,
5333 silly tar     ctime: undefined,
5333 silly tar     linkpath: undefined,
5333 silly tar     dev: undefined,
5333 silly tar     ino: undefined,
5333 silly tar     nlink: undefined,
5333 silly tar     invalid: false,
5333 silly tar     absolute: 'C:/Users/Kawinpat/Documents/Codex/2026-09-04/new-chat/node_modules/postcss-discard-duplicates/LICENSE-MIT',
5333 silly tar     unsupported: false,
5333 silly tar     Symbol(shapeMode): false,
5333 silly tar     Symbol(kCapture): false,
5333 silly tar     Symbol(flowing): false,
5333 silly tar     Symbol(paused): true,
5333 silly tar     Symbol(pipes): [ [qt] ],
5333 silly tar     Symbol(buffer): [],
5333 silly tar     Symbol(objectMode): false,
5333 silly tar     Symbol(encoding): null,
5333 silly tar     Symbol(async): false,
5333 silly tar     Symbol(decoder): null,
5333 silly tar     Symbol(EOF): true,
5333 silly tar     Symbol(emittedEnd): true,
5333 silly tar     Symbol(emittingEnd): false,
5333 silly tar     Symbol(closed): false,
5333 silly tar     Symbol(emittedError): null,
5333 silly tar     Symbol(bufferLength): 0,
5333 silly tar     Symbol(destroyed): false,
5333 silly tar     Symbol(signal): undefined,
5333 silly tar     Symbol(aborted): false,
5333 silly tar     Symbol(dataListeners): 0,
5333 silly tar     Symbol(discarded): false
5333 silly tar   },
5333 silly tar   cwd: 'C:/Users/Kawinpat/Documents/Codex/2026-09-04/new-chat/node_modules/postcss-discard-duplicates',
5333 silly tar   tarCode: 'TAR_ENTRY_ERROR'
5333 silly tar }
5334 warn tar TAR_ENTRY_ERROR UNKNOWN: unknown error, open 'C:\Users\Kawinpat\Documents\Codex\2026-09-04\new-chat\node_modules\postcss-convert-values\LICENSE-MIT'
5335 silly tar TAR_ENTRY_ERROR UNKNOWN: unknown error, open 'C:\Users\Kawinpat\Documents\Codex\2026-09-04\new-chat\node_modules\postcss-convert-values\LICENSE-MIT' [Error: UNKNOWN: unknown error, open 'C:\Users\Kawinpat\Documents\Codex\2026-09-04\new-chat\node_modules\postcss-convert-values\LICENSE-MIT'] {
5335 silly tar   errno: -4094,
5335 silly tar   code: 'UNKNOWN',
5335 silly tar   syscall: 'open',
5335 silly tar   path: 'C:\\Users\\Kawinpat\\Documents\\Codex\\2026-09-04\\new-chat\\node_modules\\postcss-convert-values\\LICENSE-MIT',
5335 silly tar   entry: Ls {
5335 silly tar     _events: [Object: null prototype] {},
5335 silly tar     _eventsCount: 0,
5335 silly tar     _maxListeners: undefined,
5335 silly tar     writable: false,
5335 silly tar     readable: false,
5335 silly tar     extended: undefined,
5335 silly tar     globalExtended: undefined,
5335 silly tar     header: Ns {
5335 silly tar       cksumValid: true,
5335 silly tar       needPax: false,
5335 silly tar       nullBlock: false,
5335 silly tar       block: undefined,
5335 silly tar       path: 'package/LICENSE-MIT',
5335 silly tar       mode: 420,
5335 silly tar       uid: 0,
5335 silly tar       gid: 0,
5335 silly tar       size: 1093,
5335 silly tar       cksum: 5290,
5335 silly tar       linkpath: '',
5335 silly tar       uname: '',
5335 silly tar       gname: '',
5335 silly tar       devmaj: 0,
5335 silly tar       devmin: 0,
5335 silly tar       atime: undefined,
5335 silly tar       ctime: undefined,
5335 silly tar       mtime: 1985-10-26T08:15:00.000Z,
5335 silly tar       charset: undefined,
5335 silly tar       comment: undefined
5335 silly tar     },
5335 silly tar     startBlockSize: 1536,
5335 silly tar     blockRemain: 0,
5335 silly tar     remain: 0,
5335 silly tar     type: 'File',
5335 silly tar     meta: false,
5335 silly tar     ignore: false,
5335 silly tar     path: 'LICENSE-MIT',
5335 silly tar     mode: 438,
5335 silly tar     uid: 0,
5335 silly tar     gid: 0,
5335 silly tar     uname: '',
5335 silly tar     gname: '',
5335 silly tar     size: 1093,
5335 silly tar     mtime: 1985-10-26T08:15:00.000Z,
5335 silly tar     atime: undefined,
5335 silly tar     ctime: undefined,
5335 silly tar     linkpath: undefined,
5335 silly tar     dev: undefined,
5335 silly tar     ino: undefined,
5335 silly tar     nlink: undefined,
5335 silly tar     invalid: false,
5335 silly tar     absolute: 'C:/Users/Kawinpat/Documents/Codex/2026-09-04/new-chat/node_modules/postcss-convert-values/LICENSE-MIT',
5335 silly tar     unsupported: false,
5335 silly tar     Symbol(shapeMode): false,
5335 silly tar     Symbol(kCapture): false,
5335 silly tar     Symbol(flowing): false,
5335 silly tar     Symbol(paused): true,
5335 silly tar     Symbol(pipes): [ [qt] ],
5335 silly tar     Symbol(buffer): [],
5335 silly tar     Symbol(objectMode): false,
5335 silly tar     Symbol(encoding): null,
5335 silly tar     Symbol(async): false,
5335 silly tar     Symbol(decoder): null,
5335 silly tar     Symbol(EOF): true,
5335 silly tar     Symbol(emittedEnd): true,
5335 silly tar     Symbol(emittingEnd): false,
5335 silly tar     Symbol(closed): false,
5335 silly tar     Symbol(emittedError): null,
5335 silly tar     Symbol(bufferLength): 0,
5335 silly tar     Symbol(destroyed): false,
5335 silly tar     Symbol(signal): undefined,
5335 silly tar     Symbol(aborted): false,
5335 silly tar     Symbol(dataListeners): 0,
5335 silly tar     Symbol(discarded): false
5335 silly tar   },
5335 silly tar   cwd: 'C:/Users/Kawinpat/Documents/Codex/2026-09-04/new-chat/node_modules/postcss-convert-values',
5335 silly tar   tarCode: 'TAR_ENTRY_ERROR'
5335 silly tar }
5336 warn tar TAR_ENTRY_ERROR UNKNOWN: unknown error, open 'C:\Users\Kawinpat\Documents\Codex\2026-09-04\new-chat\node_modules\postcss-calc\LICENSE'
5337 silly tar TAR_ENTRY_ERROR UNKNOWN: unknown error, open 'C:\Users\Kawinpat\Documents\Codex\2026-09-04\new-chat\node_modules\postcss-calc\LICENSE' [Error: UNKNOWN: unknown error, open 'C:\Users\Kawinpat\Documents\Codex\2026-09-04\new-chat\node_modules\postcss-calc\LICENSE'] {
5337 silly tar   errno: -4094,
5337 silly tar   code: 'UNKNOWN',
5337 silly tar   syscall: 'open',
5337 silly tar   path: 'C:\\Users\\Kawinpat\\Documents\\Codex\\2026-09-04\\new-chat\\node_modules\\postcss-calc\\LICENSE',
5337 silly tar   entry: Ls {
5337 silly tar     _events: [Object: null prototype] {},
5337 silly tar     _eventsCount: 0,
5337 silly tar     _maxListeners: undefined,
5337 silly tar     writable: false,
5337 silly tar     readable: false,
5337 silly tar     extended: undefined,
5337 silly tar     globalExtended: undefined,
5337 silly tar     header: Ns {
5337 silly tar       cksumValid: true,
5337 silly tar       needPax: false,
5337 silly tar       nullBlock: false,
5337 silly tar       block: undefined,
5337 silly tar       path: 'package/LICENSE',
5337 silly tar       mode: 420,
5337 silly tar       uid: 0,
5337 silly tar       gid: 0,
5337 silly tar       size: 1082,
5337 silly tar       cksum: 5014,
5337 silly tar       linkpath: '',
5337 silly tar       uname: '',
5337 silly tar       gname: '',
5337 silly tar       devmaj: 0,
5337 silly tar       devmin: 0,
5337 silly tar       atime: undefined,
5337 silly tar       ctime: undefined,
5337 silly tar       mtime: 1985-10-26T08:15:00.000Z,
5337 silly tar       charset: undefined,
5337 silly tar       comment: undefined
5337 silly tar     },
5337 silly tar     startBlockSize: 1536,
5337 silly tar     blockRemain: 0,
5337 silly tar     remain: 0,
5337 silly tar     type: 'File',
5337 silly tar     meta: false,
5337 silly tar     ignore: false,
5337 silly tar     path: 'LICENSE',
5337 silly tar     mode: 438,
5337 silly tar     uid: 0,
5337 silly tar     gid: 0,
5337 silly tar     uname: '',
5337 silly tar     gname: '',
5337 silly tar     size: 1082,
5337 silly tar     mtime: 1985-10-26T08:15:00.000Z,
5337 silly tar     atime: undefined,
5337 silly tar     ctime: undefined,
5337 silly tar     linkpath: undefined,
5337 silly tar     dev: undefined,
5337 silly tar     ino: undefined,
5337 silly tar     nlink: undefined,
5337 silly tar     invalid: false,
5337 silly tar     absolute: 'C:/Users/Kawinpat/Documents/Codex/2026-09-04/new-chat/node_modules/postcss-calc/LICENSE',
5337 silly tar     unsupported: false,
5337 silly tar     Symbol(shapeMode): false,
5337 silly tar     Symbol(kCapture): false,
5337 silly tar     Symbol(flowing): false,
5337 silly tar     Symbol(paused): true,
5337 silly tar     Symbol(pipes): [ [qt] ],
5337 silly tar     Symbol(buffer): [],
5337 silly tar     Symbol(objectMode): false,
5337 silly tar     Symbol(encoding): null,
5337 silly tar     Symbol(async): false,
5337 silly tar     Symbol(decoder): null,
5337 silly tar     Symbol(EOF): true,
5337 silly tar     Symbol(emittedEnd): true,
5337 silly tar     Symbol(emittingEnd): false,
5337 silly tar     Symbol(closed): false,
5337 silly tar     Symbol(emittedError): null,
5337 silly tar     Symbol(bufferLength): 0,
5337 silly tar     Symbol(destroyed): false,
5337 silly tar     Symbol(signal): undefined,
5337 silly tar     Symbol(aborted): false,
5337 silly tar     Symbol(dataListeners): 0,
5337 silly tar     Symbol(discarded): false
5337 silly tar   },
5337 silly tar   cwd: 'C:/Users/Kawinpat/Documents/Codex/2026-09-04/new-chat/node_modules/postcss-calc',
5337 silly tar   tarCode: 'TAR_ENTRY_ERROR'
5337 silly tar }
5338 warn tar TAR_ENTRY_ERROR UNKNOWN: unknown error, open 'C:\Users\Kawinpat\Documents\Codex\2026-09-04\new-chat\node_modules\cssnano-utils\LICENSE'
5339 silly tar TAR_ENTRY_ERROR UNKNOWN: unknown error, open 'C:\Users\Kawinpat\Documents\Codex\2026-09-04\new-chat\node_modules\cssnano-utils\LICENSE' [Error: UNKNOWN: unknown error, open 'C:\Users\Kawinpat\Documents\Codex\2026-09-04\new-chat\node_modules\cssnano-utils\LICENSE'] {
5339 silly tar   errno: -4094,
5339 silly tar   code: 'UNKNOWN',
5339 silly tar   syscall: 'open',
5339 silly tar   path: 'C:\\Users\\Kawinpat\\Documents\\Codex\\2026-09-04\\new-chat\\node_modules\\cssnano-utils\\LICENSE',
5339 silly tar   entry: Ls {
5339 silly tar     _events: [Object: null prototype] {},
5339 silly tar     _eventsCount: 0,
5339 silly tar     _maxListeners: undefined,
5339 silly tar     writable: false,
5339 silly tar     readable: false,
5339 silly tar     extended: undefined,
5339 silly tar     globalExtended: undefined,
5339 silly tar     header: Ns {
5339 silly tar       cksumValid: true,
5339 silly tar       needPax: false,
5339 silly tar       nullBlock: false,
5339 silly tar       block: undefined,
5339 silly tar       path: 'package/LICENSE',
5339 silly tar       mode: 420,
5339 silly tar       uid: 0,
5339 silly tar       gid: 0,
5339 silly tar       size: 1093,
5339 silly tar       cksum: 5011,
5339 silly tar       linkpath: '',
5339 silly tar       uname: '',
5339 silly tar       gname: '',
5339 silly tar       devmaj: 0,
5339 silly tar       devmin: 0,
5339 silly tar       atime: undefined,
5339 silly tar       ctime: undefined,
5339 silly tar       mtime: 1985-10-26T08:15:00.000Z,
5339 silly tar       charset: undefined,
5339 silly tar       comment: undefined
5339 silly tar     },
5339 silly tar     startBlockSize: 1536,
5339 silly tar     blockRemain: 0,
5339 silly tar     remain: 0,
5339 silly tar     type: 'File',
5339 silly tar     meta: false,
5339 silly tar     ignore: false,
5339 silly tar     path: 'LICENSE',
5339 silly tar     mode: 438,
5339 silly tar     uid: 0,
5339 silly tar     gid: 0,
5339 silly tar     uname: '',
5339 silly tar     gname: '',
5339 silly tar     size: 1093,
5339 silly tar     mtime: 1985-10-26T08:15:00.000Z,
5339 silly tar     atime: undefined,
5339 silly tar     ctime: undefined,
5339 silly tar     linkpath: undefined,
5339 silly tar     dev: undefined,
5339 silly tar     ino: undefined,
5339 silly tar     nlink: undefined,
5339 silly tar     invalid: false,
5339 silly tar     absolute: 'C:/Users/Kawinpat/Documents/Codex/2026-09-04/new-chat/node_modules/cssnano-utils/LICENSE',
5339 silly tar     unsupported: false,
5339 silly tar     Symbol(shapeMode): false,
5339 silly tar     Symbol(kCapture): false,
5339 silly tar     Symbol(flowing): false,
5339 silly tar     Symbol(paused): true,
5339 silly tar     Symbol(pipes): [ [qt] ],
5339 silly tar     Symbol(buffer): [],
5339 silly tar     Symbol(objectMode): false,
5339 silly tar     Symbol(encoding): null,
5339 silly tar     Symbol(async): false,
5339 silly tar     Symbol(decoder): null,
5339 silly tar     Symbol(EOF): true,
5339 silly tar     Symbol(emittedEnd): true,
5339 silly tar     Symbol(emittingEnd): false,
5339 silly tar     Symbol(closed): false,
5339 silly tar     Symbol(emittedError): null,
5339 silly tar     Symbol(bufferLength): 0,
5339 silly tar     Symbol(destroyed): false,
5339 silly tar     Symbol(signal): undefined,
5339 silly tar     Symbol(aborted): false,
5339 silly tar     Symbol(dataListeners): 0,
5339 silly tar     Symbol(discarded): false
5339 silly tar   },
5339 silly tar   cwd: 'C:/Users/Kawinpat/Documents/Codex/2026-09-04/new-chat/node_modules/cssnano-utils',
5339 silly tar   tarCode: 'TAR_ENTRY_ERROR'
5339 silly tar }
5340 warn tar TAR_ENTRY_ERROR UNKNOWN: unknown error, open 'C:\Users\Kawinpat\Documents\Codex\2026-09-04\new-chat\node_modules\postcss-discard-comments\LICENSE-MIT'
5341 silly tar TAR_ENTRY_ERROR UNKNOWN: unknown error, open 'C:\Users\Kawinpat\Documents\Codex\2026-09-04\new-chat\node_modules\postcss-discard-comments\LICENSE-MIT' [Error: UNKNOWN: unknown error, open 'C:\Users\Kawinpat\Documents\Codex\2026-09-04\new-chat\node_modules\postcss-discard-comments\LICENSE-MIT'] {
5341 silly tar   errno: -4094,
5341 silly tar   code: 'UNKNOWN',
5341 silly tar   syscall: 'open',
5341 silly tar   path: 'C:\\Users\\Kawinpat\\Documents\\Codex\\2026-09-04\\new-chat\\node_modules\\postcss-discard-comments\\LICENSE-MIT',
5341 silly tar   entry: Ls {
5341 silly tar     _events: [Object: null prototype] {},
5341 silly tar     _eventsCount: 0,
5341 silly tar     _maxListeners: undefined,
5341 silly tar     writable: false,
5341 silly tar     readable: false,
5341 silly tar     extended: undefined,
5341 silly tar     globalExtended: undefined,
5341 silly tar     header: Ns {
5341 silly tar       cksumValid: true,
5341 silly tar       needPax: false,
5341 silly tar       nullBlock: false,
5341 silly tar       block: undefined,
5341 silly tar       path: 'package/LICENSE-MIT',
5341 silly tar       mode: 420,
5341 silly tar       uid: 0,
5341 silly tar       gid: 0,
5341 silly tar       size: 1093,
5341 silly tar       cksum: 5290,
5341 silly tar       linkpath: '',
5341 silly tar       uname: '',
5341 silly tar       gname: '',
5341 silly tar       devmaj: 0,
5341 silly tar       devmin: 0,
5341 silly tar       atime: undefined,
5341 silly tar       ctime: undefined,
5341 silly tar       mtime: 1985-10-26T08:15:00.000Z,
5341 silly tar       charset: undefined,
5341 silly tar       comment: undefined
5341 silly tar     },
5341 silly tar     startBlockSize: 1536,
5341 silly tar     blockRemain: 0,
5341 silly tar     remain: 0,
5341 silly tar     type: 'File',
5341 silly tar     meta: false,
5341 silly tar     ignore: false,
5341 silly tar     path: 'LICENSE-MIT',
5341 silly tar     mode: 438,
5341 silly tar     uid: 0,
5341 silly tar     gid: 0,
5341 silly tar     uname: '',
5341 silly tar     gname: '',
5341 silly tar     size: 1093,
5341 silly tar     mtime: 1985-10-26T08:15:00.000Z,
5341 silly tar     atime: undefined,
5341 silly tar     ctime: undefined,
5341 silly tar     linkpath: undefined,
5341 silly tar     dev: undefined,
5341 silly tar     ino: undefined,
5341 silly tar     nlink: undefined,
5341 silly tar     invalid: false,
5341 silly tar     absolute: 'C:/Users/Kawinpat/Documents/Codex/2026-09-04/new-chat/node_modules/postcss-discard-comments/LICENSE-MIT',
5341 silly tar     unsupported: false,
5341 silly tar     Symbol(shapeMode): false,
5341 silly tar     Symbol(kCapture): false,
5341 silly tar     Symbol(flowing): false,
5341 silly tar     Symbol(paused): true,
5341 silly tar     Symbol(pipes): [ [qt] ],
5341 silly tar     Symbol(buffer): [],
5341 silly tar     Symbol(objectMode): false,
5341 silly tar     Symbol(encoding): null,
5341 silly tar     Symbol(async): false,
5341 silly tar     Symbol(decoder): null,
5341 silly tar     Symbol(EOF): true,
5341 silly tar     Symbol(emittedEnd): true,
5341 silly tar     Symbol(emittingEnd): false,
5341 silly tar     Symbol(closed): false,
5341 silly tar     Symbol(emittedError): null,
5341 silly tar     Symbol(bufferLength): 0,
5341 silly tar     Symbol(destroyed): false,
5341 silly tar     Symbol(signal): undefined,
5341 silly tar     Symbol(aborted): false,
5341 silly tar     Symbol(dataListeners): 0,
5341 silly tar     Symbol(discarded): false
5341 silly tar   },
5341 silly tar   cwd: 'C:/Users/Kawinpat/Documents/Codex/2026-09-04/new-chat/node_modules/postcss-discard-comments',
5341 silly tar   tarCode: 'TAR_ENTRY_ERROR'
5341 silly tar }
5342 warn tar TAR_ENTRY_ERROR UNKNOWN: unknown error, open 'C:\Users\Kawinpat\Documents\Codex\2026-09-04\new-chat\node_modules\postcss-colormin\LICENSE-MIT'
5343 silly tar TAR_ENTRY_ERROR UNKNOWN: unknown error, open 'C:\Users\Kawinpat\Documents\Codex\2026-09-04\new-chat\node_modules\postcss-colormin\LICENSE-MIT' [Error: UNKNOWN: unknown error, open 'C:\Users\Kawinpat\Documents\Codex\2026-09-04\new-chat\node_modules\postcss-colormin\LICENSE-MIT'] {
5343 silly tar   errno: -4094,
5343 silly tar   code: 'UNKNOWN',
5343 silly tar   syscall: 'open',
5343 silly tar   path: 'C:\\Users\\Kawinpat\\Documents\\Codex\\2026-09-04\\new-chat\\node_modules\\postcss-colormin\\LICENSE-MIT',
5343 silly tar   entry: Ls {
5343 silly tar     _events: [Object: null prototype] {},
5343 silly tar     _eventsCount: 0,
5343 silly tar     _maxListeners: undefined,
5343 silly tar     writable: false,
5343 silly tar     readable: false,
5343 silly tar     extended: undefined,
5343 silly tar     globalExtended: undefined,
5343 silly tar     header: Ns {
5343 silly tar       cksumValid: true,
5343 silly tar       needPax: false,
5343 silly tar       nullBlock: false,
5343 silly tar       block: undefined,
5343 silly tar       path: 'package/LICENSE-MIT',
5343 silly tar       mode: 420,
5343 silly tar       uid: 0,
5343 silly tar       gid: 0,
5343 silly tar       size: 1093,
5343 silly tar       cksum: 5290,
5343 silly tar       linkpath: '',
5343 silly tar       uname: '',
5343 silly tar       gname: '',
5343 silly tar       devmaj: 0,
5343 silly tar       devmin: 0,
5343 silly tar       atime: undefined,
5343 silly tar       ctime: undefined,
5343 silly tar       mtime: 1985-10-26T08:15:00.000Z,
5343 silly tar       charset: undefined,
5343 silly tar       comment: undefined
5343 silly tar     },
5343 silly tar     startBlockSize: 1536,
5343 silly tar     blockRemain: 0,
5343 silly tar     remain: 0,
5343 silly tar     type: 'File',
5343 silly tar     meta: false,
5343 silly tar     ignore: false,
5343 silly tar     path: 'LICENSE-MIT',
5343 silly tar     mode: 438,
5343 silly tar     uid: 0,
5343 silly tar     gid: 0,
5343 silly tar     uname: '',
5343 silly tar     gname: '',
5343 silly tar     size: 1093,
5343 silly tar     mtime: 1985-10-26T08:15:00.000Z,
5343 silly tar     atime: undefined,
5343 silly tar     ctime: undefined,
5343 silly tar     linkpath: undefined,
5343 silly tar     dev: undefined,
5343 silly tar     ino: undefined,
5343 silly tar     nlink: undefined,
5343 silly tar     invalid: false,
5343 silly tar     absolute: 'C:/Users/Kawinpat/Documents/Codex/2026-09-04/new-chat/node_modules/postcss-colormin/LICENSE-MIT',
5343 silly tar     unsupported: false,
5343 silly tar     Symbol(shapeMode): false,
5343 silly tar     Symbol(kCapture): false,
5343 silly tar     Symbol(flowing): false,
5343 silly tar     Symbol(paused): true,
5343 silly tar     Symbol(pipes): [ [qt] ],
5343 silly tar     Symbol(buffer): [],
5343 silly tar     Symbol(objectMode): false,
5343 silly tar     Symbol(encoding): null,
5343 silly tar     Symbol(async): false,
5343 silly tar     Symbol(decoder): null,
5343 silly tar     Symbol(EOF): true,
5343 silly tar     Symbol(emittedEnd): true,
5343 silly tar     Symbol(emittingEnd): false,
5343 silly tar     Symbol(closed): false,
5343 silly tar     Symbol(emittedError): null,
5343 silly tar     Symbol(bufferLength): 0,
5343 silly tar     Symbol(destroyed): false,
5343 silly tar     Symbol(signal): undefined,
5343 silly tar     Symbol(aborted): false,
5343 silly tar     Symbol(dataListeners): 0,
5343 silly tar     Symbol(discarded): false
5343 silly tar   },
5343 silly tar   cwd: 'C:/Users/Kawinpat/Documents/Codex/2026-09-04/new-chat/node_modules/postcss-colormin',
5343 silly tar   tarCode: 'TAR_ENTRY_ERROR'
5343 silly tar }
5344 warn tar TAR_ENTRY_ERROR UNKNOWN: unknown error, open 'C:\Users\Kawinpat\Documents\Codex\2026-09-04\new-chat\node_modules\lilconfig\LICENSE'
5345 silly tar TAR_ENTRY_ERROR UNKNOWN: unknown error, open 'C:\Users\Kawinpat\Documents\Codex\2026-09-04\new-chat\node_modules\lilconfig\LICENSE' [Error: UNKNOWN: unknown error, open 'C:\Users\Kawinpat\Documents\Codex\2026-09-04\new-chat\node_modules\lilconfig\LICENSE'] {
5345 silly tar   errno: -4094,
5345 silly tar   code: 'UNKNOWN',
5345 silly tar   syscall: 'open',
5345 silly tar   path: 'C:\\Users\\Kawinpat\\Documents\\Codex\\2026-09-04\\new-chat\\node_modules\\lilconfig\\LICENSE',
5345 silly tar   entry: Ls {
5345 silly tar     _events: [Object: null prototype] {},
5345 silly tar     _eventsCount: 0,
5345 silly tar     _maxListeners: undefined,
5345 silly tar     writable: false,
5345 silly tar     readable: false,
5345 silly tar     extended: undefined,
5345 silly tar     globalExtended: undefined,
5345 silly tar     header: Ns {
5345 silly tar       cksumValid: true,
5345 silly tar       needPax: false,
5345 silly tar       nullBlock: false,
5345 silly tar       block: undefined,
5345 silly tar       path: 'package/LICENSE',
5345 silly tar       mode: 420,
5345 silly tar       uid: undefined,
5345 silly tar       gid: undefined,
5345 silly tar       size: 1074,
5345 silly tar       cksum: 4277,
5345 silly tar       linkpath: '',
5345 silly tar       uname: '',
5345 silly tar       gname: '',
5345 silly tar       devmaj: 0,
5345 silly tar       devmin: 0,
5345 silly tar       atime: undefined,
5345 silly tar       ctime: undefined,
5345 silly tar       mtime: 1985-10-26T08:15:00.000Z,
5345 silly tar       charset: undefined,
5345 silly tar       comment: undefined
5345 silly tar     },
5345 silly tar     startBlockSize: 1536,
5345 silly tar     blockRemain: 0,
5345 silly tar     remain: 0,
5345 silly tar     type: 'File',
5345 silly tar     meta: false,
5345 silly tar     ignore: false,
5345 silly tar     path: 'LICENSE',
5345 silly tar     mode: 438,
5345 silly tar     uid: undefined,
5345 silly tar     gid: undefined,
5345 silly tar     uname: '',
5345 silly tar     gname: '',
5345 silly tar     size: 1074,
5345 silly tar     mtime: 1985-10-26T08:15:00.000Z,
5345 silly tar     atime: undefined,
5345 silly tar     ctime: undefined,
5345 silly tar     linkpath: undefined,
5345 silly tar     dev: undefined,
5345 silly tar     ino: undefined,
5345 silly tar     nlink: undefined,
5345 silly tar     invalid: false,
5345 silly tar     absolute: 'C:/Users/Kawinpat/Documents/Codex/2026-09-04/new-chat/node_modules/lilconfig/LICENSE',
5345 silly tar     unsupported: false,
5345 silly tar     Symbol(shapeMode): false,
5345 silly tar     Symbol(kCapture): false,
5345 silly tar     Symbol(flowing): false,
5345 silly tar     Symbol(paused): true,
5345 silly tar     Symbol(pipes): [ [qt] ],
5345 silly tar     Symbol(buffer): [],
5345 silly tar     Symbol(objectMode): false,
5345 silly tar     Symbol(encoding): null,
5345 silly tar     Symbol(async): false,
5345 silly tar     Symbol(decoder): null,
5345 silly tar     Symbol(EOF): true,
5345 silly tar     Symbol(emittedEnd): true,
5345 silly tar     Symbol(emittingEnd): false,
5345 silly tar     Symbol(closed): false,
5345 silly tar     Symbol(emittedError): null,
5345 silly tar     Symbol(bufferLength): 0,
5345 silly tar     Symbol(destroyed): false,
5345 silly tar     Symbol(signal): undefined,
5345 silly tar     Symbol(aborted): false,
5345 silly tar     Symbol(dataListeners): 0,
5345 silly tar     Symbol(discarded): false
5345 silly tar   },
5345 silly tar   cwd: 'C:/Users/Kawinpat/Documents/Codex/2026-09-04/new-chat/node_modules/lilconfig',
5345 silly tar   tarCode: 'TAR_ENTRY_ERROR'
5345 silly tar }
5346 warn tar TAR_ENTRY_ERROR UNKNOWN: unknown error, open 'C:\Users\Kawinpat\Documents\Codex\2026-09-04\new-chat\node_modules\dotenv\LICENSE'
5347 silly tar TAR_ENTRY_ERROR UNKNOWN: unknown error, open 'C:\Users\Kawinpat\Documents\Codex\2026-09-04\new-chat\node_modules\dotenv\LICENSE' [Error: UNKNOWN: unknown error, open 'C:\Users\Kawinpat\Documents\Codex\2026-09-04\new-chat\node_modules\dotenv\LICENSE'] {
5347 silly tar   errno: -4094,
5347 silly tar   code: 'UNKNOWN',
5347 silly tar   syscall: 'open',
5347 silly tar   path: 'C:\\Users\\Kawinpat\\Documents\\Codex\\2026-09-04\\new-chat\\node_modules\\dotenv\\LICENSE',
5347 silly tar   entry: Ls {
5347 silly tar     _events: [Object: null prototype] {},
5347 silly tar     _eventsCount: 0,
5347 silly tar     _maxListeners: undefined,
5347 silly tar     writable: false,
5347 silly tar     readable: false,
5347 silly tar     extended: undefined,
5347 silly tar     globalExtended: undefined,
5347 silly tar     header: Ns {
5347 silly tar       cksumValid: true,
5347 silly tar       needPax: false,
5347 silly tar       nullBlock: false,
5347 silly tar       block: undefined,
5347 silly tar       path: 'package/LICENSE',
5347 silly tar       mode: 420,
5347 silly tar       uid: undefined,
5347 silly tar       gid: undefined,
5347 silly tar       size: 1294,
5347 silly tar       cksum: 4280,
5347 silly tar       linkpath: '',
5347 silly tar       uname: '',
5347 silly tar       gname: '',
5347 silly tar       devmaj: 0,
5347 silly tar       devmin: 0,
5347 silly tar       atime: undefined,
5347 silly tar       ctime: undefined,
5347 silly tar       mtime: 1985-10-26T08:15:00.000Z,
5347 silly tar       charset: undefined,
5347 silly tar       comment: undefined
5347 silly tar     },
5347 silly tar     startBlockSize: 1536,
5347 silly tar     blockRemain: 0,
5347 silly tar     remain: 0,
5347 silly tar     type: 'File',
5347 silly tar     meta: false,
5347 silly tar     ignore: false,
5347 silly tar     path: 'LICENSE',
5347 silly tar     mode: 438,
5347 silly tar     uid: undefined,
5347 silly tar     gid: undefined,
5347 silly tar     uname: '',
5347 silly tar     gname: '',
5347 silly tar     size: 1294,
5347 silly tar     mtime: 1985-10-26T08:15:00.000Z,
5347 silly tar     atime: undefined,
5347 silly tar     ctime: undefined,
5347 silly tar     linkpath: undefined,
5347 silly tar     dev: undefined,
5347 silly tar     ino: undefined,
5347 silly tar     nlink: undefined,
5347 silly tar     invalid: false,
5347 silly tar     absolute: 'C:/Users/Kawinpat/Documents/Codex/2026-09-04/new-chat/node_modules/dotenv/LICENSE',
5347 silly tar     unsupported: false,
5347 silly tar     Symbol(shapeMode): false,
5347 silly tar     Symbol(kCapture): false,
5347 silly tar     Symbol(flowing): false,
5347 silly tar     Symbol(paused): true,
5347 silly tar     Symbol(pipes): [ [qt] ],
5347 silly tar     Symbol(buffer): [],
5347 silly tar     Symbol(objectMode): false,
5347 silly tar     Symbol(encoding): null,
5347 silly tar     Symbol(async): false,
5347 silly tar     Symbol(decoder): null,
5347 silly tar     Symbol(EOF): true,
5347 silly tar     Symbol(emittedEnd): true,
5347 silly tar     Symbol(emittingEnd): false,
5347 silly tar     Symbol(closed): false,
5347 silly tar     Symbol(emittedError): null,
5347 silly tar     Symbol(bufferLength): 0,
5347 silly tar     Symbol(destroyed): false,
5347 silly tar     Symbol(signal): undefined,
5347 silly tar     Symbol(aborted): false,
5347 silly tar     Symbol(dataListeners): 0,
5347 silly tar     Symbol(discarded): false
5347 silly tar   },
5347 silly tar   cwd: 'C:/Users/Kawinpat/Documents/Codex/2026-09-04/new-chat/node_modules/dotenv',
5347 silly tar   tarCode: 'TAR_ENTRY_ERROR'
5347 silly tar }
5348 warn tar TAR_ENTRY_ERROR UNKNOWN: unknown error, open 'C:\Users\Kawinpat\Documents\Codex\2026-09-04\new-chat\node_modules\readdirp\LICENSE'
5349 silly tar TAR_ENTRY_ERROR UNKNOWN: unknown error, open 'C:\Users\Kawinpat\Documents\Codex\2026-09-04\new-chat\node_modules\readdirp\LICENSE' [Error: UNKNOWN: unknown error, open 'C:\Users\Kawinpat\Documents\Codex\2026-09-04\new-chat\node_modules\readdirp\LICENSE'] {
5349 silly tar   errno: -4094,
5349 silly tar   code: 'UNKNOWN',
5349 silly tar   syscall: 'open',
5349 silly tar   path: 'C:\\Users\\Kawinpat\\Documents\\Codex\\2026-09-04\\new-chat\\node_modules\\readdirp\\LICENSE',
5349 silly tar   entry: Ls {
5349 silly tar     _events: [Object: null prototype] {},
5349 silly tar     _eventsCount: 0,
5349 silly tar     _maxListeners: undefined,
5349 silly tar     writable: false,
5349 silly tar     readable: false,
5349 silly tar     extended: undefined,
5349 silly tar     globalExtended: undefined,
5349 silly tar     header: Ns {
5349 silly tar       cksumValid: true,
5349 silly tar       needPax: false,
5349 silly tar       nullBlock: false,
5349 silly tar       block: undefined,
5349 silly tar       path: 'package/LICENSE',
5349 silly tar       mode: 420,
5349 silly tar       uid: undefined,
5349 silly tar       gid: undefined,
5349 silly tar       size: 1114,
5349 silly tar       cksum: 4275,
5349 silly tar       linkpath: '',
5349 silly tar       uname: '',
5349 silly tar       gname: '',
5349 silly tar       devmaj: 0,
5349 silly tar       devmin: 0,
5349 silly tar       atime: undefined,
5349 silly tar       ctime: undefined,
5349 silly tar       mtime: 1985-10-26T08:15:00.000Z,
5349 silly tar       charset: undefined,
5349 silly tar       comment: undefined
5349 silly tar     },
5349 silly tar     startBlockSize: 1536,
5349 silly tar     blockRemain: 0,
5349 silly tar     remain: 0,
5349 silly tar     type: 'File',
5349 silly tar     meta: false,
5349 silly tar     ignore: false,
5349 silly tar     path: 'LICENSE',
5349 silly tar     mode: 438,
5349 silly tar     uid: undefined,
5349 silly tar     gid: undefined,
5349 silly tar     uname: '',
5349 silly tar     gname: '',
5349 silly tar     size: 1114,
5349 silly tar     mtime: 1985-10-26T08:15:00.000Z,
5349 silly tar     atime: undefined,
5349 silly tar     ctime: undefined,
5349 silly tar     linkpath: undefined,
5349 silly tar     dev: undefined,
5349 silly tar     ino: undefined,
5349 silly tar     nlink: undefined,
5349 silly tar     invalid: false,
5349 silly tar     absolute: 'C:/Users/Kawinpat/Documents/Codex/2026-09-04/new-chat/node_modules/readdirp/LICENSE',
5349 silly tar     unsupported: false,
5349 silly tar     Symbol(shapeMode): false,
5349 silly tar     Symbol(kCapture): false,
5349 silly tar     Symbol(flowing): false,
5349 silly tar     Symbol(paused): true,
5349 silly tar     Symbol(pipes): [ [qt] ],
5349 silly tar     Symbol(buffer): [],
5349 silly tar     Symbol(objectMode): false,
5349 silly tar     Symbol(encoding): null,
5349 silly tar     Symbol(async): false,
5349 silly tar     Symbol(decoder): null,
5349 silly tar     Symbol(EOF): true,
5349 silly tar     Symbol(emittedEnd): true,
5349 silly tar     Symbol(emittingEnd): false,
5349 silly tar     Symbol(closed): false,
5349 silly tar     Symbol(emittedError): null,
5349 silly tar     Symbol(bufferLength): 0,
5349 silly tar     Symbol(destroyed): false,
5349 silly tar     Symbol(signal): undefined,
5349 silly tar     Symbol(aborted): false,
5349 silly tar     Symbol(dataListeners): 0,
5349 silly tar     Symbol(discarded): false
5349 silly tar   },
5349 silly tar   cwd: 'C:/Users/Kawinpat/Documents/Codex/2026-09-04/new-chat/node_modules/readdirp',
5349 silly tar   tarCode: 'TAR_ENTRY_ERROR'
5349 silly tar }
5350 warn tar TAR_ENTRY_ERROR UNKNOWN: unknown error, open 'C:\Users\Kawinpat\Documents\Codex\2026-09-04\new-chat\node_modules\electron-to-chromium\LICENSE'
5351 silly tar TAR_ENTRY_ERROR UNKNOWN: unknown error, open 'C:\Users\Kawinpat\Documents\Codex\2026-09-04\new-chat\node_modules\electron-to-chromium\LICENSE' [Error: UNKNOWN: unknown error, open 'C:\Users\Kawinpat\Documents\Codex\2026-09-04\new-chat\node_modules\electron-to-chromium\LICENSE'] {
5351 silly tar   errno: -4094,
5351 silly tar   code: 'UNKNOWN',
5351 silly tar   syscall: 'open',
5351 silly tar   path: 'C:\\Users\\Kawinpat\\Documents\\Codex\\2026-09-04\\new-chat\\node_modules\\electron-to-chromium\\LICENSE',
5351 silly tar   entry: Ls {
5351 silly tar     _events: [Object: null prototype] {},
5351 silly tar     _eventsCount: 0,
5351 silly tar     _maxListeners: undefined,
5351 silly tar     writable: false,
5351 silly tar     readable: false,
5351 silly tar     extended: undefined,
5351 silly tar     globalExtended: undefined,
5351 silly tar     header: Ns {
5351 silly tar       cksumValid: true,
5351 silly tar       needPax: false,
5351 silly tar       nullBlock: false,
5351 silly tar       block: undefined,
5351 silly tar       path: 'package/LICENSE',
5351 silly tar       mode: 420,
5351 silly tar       uid: undefined,
5351 silly tar       gid: undefined,
5351 silly tar       size: 728,
5351 silly tar       cksum: 4274,
5351 silly tar       linkpath: '',
5351 silly tar       uname: '',
5351 silly tar       gname: '',
5351 silly tar       devmaj: 0,
5351 silly tar       devmin: 0,
5351 silly tar       atime: undefined,
5351 silly tar       ctime: undefined,
5351 silly tar       mtime: 1985-10-26T08:15:00.000Z,
5351 silly tar       charset: undefined,
5351 silly tar       comment: undefined
5351 silly tar     },
5351 silly tar     startBlockSize: 1024,
5351 silly tar     blockRemain: 0,
5351 silly tar     remain: 0,
5351 silly tar     type: 'File',
5351 silly tar     meta: false,
5351 silly tar     ignore: false,
5351 silly tar     path: 'LICENSE',
5351 silly tar     mode: 438,
5351 silly tar     uid: undefined,
5351 silly tar     gid: undefined,
5351 silly tar     uname: '',
5351 silly tar     gname: '',
5351 silly tar     size: 728,
5351 silly tar     mtime: 1985-10-26T08:15:00.000Z,
5351 silly tar     atime: undefined,
5351 silly tar     ctime: undefined,
5351 silly tar     linkpath: undefined,
5351 silly tar     dev: undefined,
5351 silly tar     ino: undefined,
5351 silly tar     nlink: undefined,
5351 silly tar     invalid: false,
5351 silly tar     absolute: 'C:/Users/Kawinpat/Documents/Codex/2026-09-04/new-chat/node_modules/electron-to-chromium/LICENSE',
5351 silly tar     unsupported: false,
5351 silly tar     Symbol(shapeMode): false,
5351 silly tar     Symbol(kCapture): false,
5351 silly tar     Symbol(flowing): false,
5351 silly tar     Symbol(paused): true,
5351 silly tar     Symbol(pipes): [ [qt] ],
5351 silly tar     Symbol(buffer): [],
5351 silly tar     Symbol(objectMode): false,
5351 silly tar     Symbol(encoding): null,
5351 silly tar     Symbol(async): false,
5351 silly tar     Symbol(decoder): null,
5351 silly tar     Symbol(EOF): true,
5351 silly tar     Symbol(emittedEnd): true,
5351 silly tar     Symbol(emittingEnd): false,
5351 silly tar     Symbol(closed): false,
5351 silly tar     Symbol(emittedError): null,
5351 silly tar     Symbol(bufferLength): 0,
5351 silly tar     Symbol(destroyed): false,
5351 silly tar     Symbol(signal): undefined,
5351 silly tar     Symbol(aborted): false,
5351 silly tar     Symbol(dataListeners): 0,
5351 silly tar     Symbol(discarded): false
5351 silly tar   },
5351 silly tar   cwd: 'C:/Users/Kawinpat/Documents/Codex/2026-09-04/new-chat/node_modules/electron-to-chromium',
5351 silly tar   tarCode: 'TAR_ENTRY_ERROR'
5351 silly tar }
5352 warn tar TAR_ENTRY_ERROR UNKNOWN: unknown error, open 'C:\Users\Kawinpat\Documents\Codex\2026-09-04\new-chat\node_modules\cssnano-preset-default\LICENSE-MIT'
5353 silly tar TAR_ENTRY_ERROR UNKNOWN: unknown error, open 'C:\Users\Kawinpat\Documents\Codex\2026-09-04\new-chat\node_modules\cssnano-preset-default\LICENSE-MIT' [Error: UNKNOWN: unknown error, open 'C:\Users\Kawinpat\Documents\Codex\2026-09-04\new-chat\node_modules\cssnano-preset-default\LICENSE-MIT'] {
5353 silly tar   errno: -4094,
5353 silly tar   code: 'UNKNOWN',
5353 silly tar   syscall: 'open',
5353 silly tar   path: 'C:\\Users\\Kawinpat\\Documents\\Codex\\2026-09-04\\new-chat\\node_modules\\cssnano-preset-default\\LICENSE-MIT',
5353 silly tar   entry: Ls {
5353 silly tar     _events: [Object: null prototype] {},
5353 silly tar     _eventsCount: 0,
5353 silly tar     _maxListeners: undefined,
5353 silly tar     writable: false,
5353 silly tar     readable: false,
5353 silly tar     extended: undefined,
5353 silly tar     globalExtended: undefined,
5353 silly tar     header: Ns {
5353 silly tar       cksumValid: true,
5353 silly tar       needPax: false,
5353 silly tar       nullBlock: false,
5353 silly tar       block: undefined,
5353 silly tar       path: 'package/LICENSE-MIT',
5353 silly tar       mode: 420,
5353 silly tar       uid: 0,
5353 silly tar       gid: 0,
5353 silly tar       size: 1093,
5353 silly tar       cksum: 5290,
5353 silly tar       linkpath: '',
5353 silly tar       uname: '',
5353 silly tar       gname: '',
5353 silly tar       devmaj: 0,
5353 silly tar       devmin: 0,
5353 silly tar       atime: undefined,
5353 silly tar       ctime: undefined,
5353 silly tar       mtime: 1985-10-26T08:15:00.000Z,
5353 silly tar       charset: undefined,
5353 silly tar       comment: undefined
5353 silly tar     },
5353 silly tar     startBlockSize: 1536,
5353 silly tar     blockRemain: 0,
5353 silly tar     remain: 0,
5353 silly tar     type: 'File',
5353 silly tar     meta: false,
5353 silly tar     ignore: false,
5353 silly tar     path: 'LICENSE-MIT',
5353 silly tar     mode: 438,
5353 silly tar     uid: 0,
5353 silly tar     gid: 0,
5353 silly tar     uname: '',
5353 silly tar     gname: '',
5353 silly tar     size: 1093,
5353 silly tar     mtime: 1985-10-26T08:15:00.000Z,
5353 silly tar     atime: undefined,
5353 silly tar     ctime: undefined,
5353 silly tar     linkpath: undefined,
5353 silly tar     dev: undefined,
5353 silly tar     ino: undefined,
5353 silly tar     nlink: undefined,
5353 silly tar     invalid: false,
5353 silly tar     absolute: 'C:/Users/Kawinpat/Documents/Codex/2026-09-04/new-chat/node_modules/cssnano-preset-default/LICENSE-MIT',
5353 silly tar     unsupported: false,
5353 silly tar     Symbol(shapeMode): false,
5353 silly tar     Symbol(kCapture): false,
5353 silly tar     Symbol(flowing): false,
5353 silly tar     Symbol(paused): true,
5353 silly tar     Symbol(pipes): [ [qt] ],
5353 silly tar     Symbol(buffer): [],
5353 silly tar     Symbol(objectMode): false,
5353 silly tar     Symbol(encoding): null,
5353 silly tar     Symbol(async): false,
5353 silly tar     Symbol(decoder): null,
5353 silly tar     Symbol(EOF): true,
5353 silly tar     Symbol(emittedEnd): true,
5353 silly tar     Symbol(emittingEnd): false,
5353 silly tar     Symbol(closed): false,
5353 silly tar     Symbol(emittedError): null,
5353 silly tar     Symbol(bufferLength): 0,
5353 silly tar     Symbol(destroyed): false,
5353 silly tar     Symbol(signal): undefined,
5353 silly tar     Symbol(aborted): false,
5353 silly tar     Symbol(dataListeners): 0,
5353 silly tar     Symbol(discarded): false
5353 silly tar   },
5353 silly tar   cwd: 'C:/Users/Kawinpat/Documents/Codex/2026-09-04/new-chat/node_modules/cssnano-preset-default',
5353 silly tar   tarCode: 'TAR_ENTRY_ERROR'
5353 silly tar }
5354 warn tar TAR_ENTRY_ERROR UNKNOWN: unknown error, open 'C:\Users\Kawinpat\Documents\Codex\2026-09-04\new-chat\node_modules\node-releases\LICENSE'
5355 silly tar TAR_ENTRY_ERROR UNKNOWN: unknown error, open 'C:\Users\Kawinpat\Documents\Codex\2026-09-04\new-chat\node_modules\node-releases\LICENSE' [Error: UNKNOWN: unknown error, open 'C:\Users\Kawinpat\Documents\Codex\2026-09-04\new-chat\node_modules\node-releases\LICENSE'] {
5355 silly tar   errno: -4094,
5355 silly tar   code: 'UNKNOWN',
5355 silly tar   syscall: 'open',
5355 silly tar   path: 'C:\\Users\\Kawinpat\\Documents\\Codex\\2026-09-04\\new-chat\\node_modules\\node-releases\\LICENSE',
5355 silly tar   entry: Ls {
5355 silly tar     _events: [Object: null prototype] {},
5355 silly tar     _eventsCount: 0,
5355 silly tar     _maxListeners: undefined,
5355 silly tar     writable: false,
5355 silly tar     readable: false,
5355 silly tar     extended: undefined,
5355 silly tar     globalExtended: undefined,
5355 silly tar     header: Ns {
5355 silly tar       cksumValid: true,
5355 silly tar       needPax: false,
5355 silly tar       nullBlock: false,
5355 silly tar       block: undefined,
5355 silly tar       path: 'package/LICENSE',
5355 silly tar       mode: 420,
5355 silly tar       uid: undefined,
5355 silly tar       gid: undefined,
5355 silly tar       size: 1107,
5355 silly tar       cksum: 4275,
5355 silly tar       linkpath: '',
5355 silly tar       uname: '',
5355 silly tar       gname: '',
5355 silly tar       devmaj: 0,
5355 silly tar       devmin: 0,
5355 silly tar       atime: undefined,
5355 silly tar       ctime: undefined,
5355 silly tar       mtime: 1985-10-26T08:15:00.000Z,
5355 silly tar       charset: undefined,
5355 silly tar       comment: undefined
5355 silly tar     },
5355 silly tar     startBlockSize: 1536,
5355 silly tar     blockRemain: 0,
5355 silly tar     remain: 0,
5355 silly tar     type: 'File',
5355 silly tar     meta: false,
5355 silly tar     ignore: false,
5355 silly tar     path: 'LICENSE',
5355 silly tar     mode: 438,
5355 silly tar     uid: undefined,
5355 silly tar     gid: undefined,
5355 silly tar     uname: '',
5355 silly tar     gname: '',
5355 silly tar     size: 1107,
5355 silly tar     mtime: 1985-10-26T08:15:00.000Z,
5355 silly tar     atime: undefined,
5355 silly tar     ctime: undefined,
5355 silly tar     linkpath: undefined,
5355 silly tar     dev: undefined,
5355 silly tar     ino: undefined,
5355 silly tar     nlink: undefined,
5355 silly tar     invalid: false,
5355 silly tar     absolute: 'C:/Users/Kawinpat/Documents/Codex/2026-09-04/new-chat/node_modules/node-releases/LICENSE',
5355 silly tar     unsupported: false,
5355 silly tar     Symbol(shapeMode): false,
5355 silly tar     Symbol(kCapture): false,
5355 silly tar     Symbol(flowing): false,
5355 silly tar     Symbol(paused): true,
5355 silly tar     Symbol(pipes): [ [qt] ],
5355 silly tar     Symbol(buffer): [],
5355 silly tar     Symbol(objectMode): false,
5355 silly tar     Symbol(encoding): null,
5355 silly tar     Symbol(async): false,
5355 silly tar     Symbol(decoder): null,
5355 silly tar     Symbol(EOF): true,
5355 silly tar     Symbol(emittedEnd): true,
5355 silly tar     Symbol(emittingEnd): false,
5355 silly tar     Symbol(closed): false,
5355 silly tar     Symbol(emittedError): null,
5355 silly tar     Symbol(bufferLength): 0,
5355 silly tar     Symbol(destroyed): false,
5355 silly tar     Symbol(signal): undefined,
5355 silly tar     Symbol(aborted): false,
5355 silly tar     Symbol(dataListeners): 0,
5355 silly tar     Symbol(discarded): false
5355 silly tar   },
5355 silly tar   cwd: 'C:/Users/Kawinpat/Documents/Codex/2026-09-04/new-chat/node_modules/node-releases',
5355 silly tar   tarCode: 'TAR_ENTRY_ERROR'
5355 silly tar }
5356 warn tar TAR_ENTRY_ERROR UNKNOWN: unknown error, open 'C:\Users\Kawinpat\Documents\Codex\2026-09-04\new-chat\node_modules\update-browserslist-db\LICENSE'
5357 silly tar TAR_ENTRY_ERROR UNKNOWN: unknown error, open 'C:\Users\Kawinpat\Documents\Codex\2026-09-04\new-chat\node_modules\update-browserslist-db\LICENSE' [Error: UNKNOWN: unknown error, open 'C:\Users\Kawinpat\Documents\Codex\2026-09-04\new-chat\node_modules\update-browserslist-db\LICENSE'] {
5357 silly tar   errno: -4094,
5357 silly tar   code: 'UNKNOWN',
5357 silly tar   syscall: 'open',
5357 silly tar   path: 'C:\\Users\\Kawinpat\\Documents\\Codex\\2026-09-04\\new-chat\\node_modules\\update-browserslist-db\\LICENSE',
5357 silly tar   entry: Ls {
5357 silly tar     _events: [Object: null prototype] {},
5357 silly tar     _eventsCount: 0,
5357 silly tar     _maxListeners: undefined,
5357 silly tar     writable: false,
5357 silly tar     readable: false,
5357 silly tar     extended: undefined,
5357 silly tar     globalExtended: undefined,
5357 silly tar     header: Ns {
5357 silly tar       cksumValid: true,
5357 silly tar       needPax: false,
5357 silly tar       nullBlock: false,
5357 silly tar       block: undefined,
5357 silly tar       path: 'package/LICENSE',
5357 silly tar       mode: 420,
5357 silly tar       uid: undefined,
5357 silly tar       gid: undefined,
5357 silly tar       size: 1118,
5357 silly tar       cksum: 4279,
5357 silly tar       linkpath: '',
5357 silly tar       uname: '',
5357 silly tar       gname: '',
5357 silly tar       devmaj: 0,
5357 silly tar       devmin: 0,
5357 silly tar       atime: undefined,
5357 silly tar       ctime: undefined,
5357 silly tar       mtime: 1985-10-26T08:15:00.000Z,
5357 silly tar       charset: undefined,
5357 silly tar       comment: undefined
5357 silly tar     },
5357 silly tar     startBlockSize: 1536,
5357 silly tar     blockRemain: 0,
5357 silly tar     remain: 0,
5357 silly tar     type: 'File',
5357 silly tar     meta: false,
5357 silly tar     ignore: false,
5357 silly tar     path: 'LICENSE',
5357 silly tar     mode: 438,
5357 silly tar     uid: undefined,
5357 silly tar     gid: undefined,
5357 silly tar     uname: '',
5357 silly tar     gname: '',
5357 silly tar     size: 1118,
5357 silly tar     mtime: 1985-10-26T08:15:00.000Z,
5357 silly tar     atime: undefined,
5357 silly tar     ctime: undefined,
5357 silly tar     linkpath: undefined,
5357 silly tar     dev: undefined,
5357 silly tar     ino: undefined,
5357 silly tar     nlink: undefined,
5357 silly tar     invalid: false,
5357 silly tar     absolute: 'C:/Users/Kawinpat/Documents/Codex/2026-09-04/new-chat/node_modules/update-browserslist-db/LICENSE',
5357 silly tar     unsupported: false,
5357 silly tar     Symbol(shapeMode): false,
5357 silly tar     Symbol(kCapture): false,
5357 silly tar     Symbol(flowing): false,
5357 silly tar     Symbol(paused): true,
5357 silly tar     Symbol(pipes): [ [qt] ],
5357 silly tar     Symbol(buffer): [],
5357 silly tar     Symbol(objectMode): false,
5357 silly tar     Symbol(encoding): null,
5357 silly tar     Symbol(async): false,
5357 silly tar     Symbol(decoder): null,
5357 silly tar     Symbol(EOF): true,
5357 silly tar     Symbol(emittedEnd): true,
5357 silly tar     Symbol(emittingEnd): false,
5357 silly tar     Symbol(closed): false,
5357 silly tar     Symbol(emittedError): null,
5357 silly tar     Symbol(bufferLength): 0,
5357 silly tar     Symbol(destroyed): false,
5357 silly tar     Symbol(signal): undefined,
5357 silly tar     Symbol(aborted): false,
5357 silly tar     Symbol(dataListeners): 0,
5357 silly tar     Symbol(discarded): false
5357 silly tar   },
5357 silly tar   cwd: 'C:/Users/Kawinpat/Documents/Codex/2026-09-04/new-chat/node_modules/update-browserslist-db',
5357 silly tar   tarCode: 'TAR_ENTRY_ERROR'
5357 silly tar }
5358 http fetch GET 200 https://registry.npmjs.org/whatwg-url/-/whatwg-url-5.0.0.tgz 3939ms (cache miss)
5359 http fetch GET 200 https://registry.npmjs.org/balanced-match/-/balanced-match-4.0.4.tgz 3939ms (cache miss)
5360 http fetch GET 200 https://registry.npmjs.org/to-regex-range/-/to-regex-range-5.0.1.tgz 3943ms (cache miss)
5361 http fetch GET 200 https://registry.npmjs.org/standard-as-callback/-/standard-as-callback-2.1.0.tgz 3944ms (cache miss)
5362 http fetch GET 200 https://registry.npmjs.org/fill-range/-/fill-range-7.1.1.tgz 3969ms (cache miss)
5363 http fetch GET 200 https://registry.npmjs.org/cluster-key-slot/-/cluster-key-slot-1.1.1.tgz 3970ms (cache miss)
5364 http fetch GET 200 https://registry.npmjs.org/redis-errors/-/redis-errors-1.2.0.tgz 3974ms (cache miss)
5365 warn tar TAR_ENTRY_ERROR UNKNOWN: unknown error, open 'C:\Users\Kawinpat\Documents\Codex\2026-09-04\new-chat\node_modules\estree-walker\LICENSE'
5366 silly tar TAR_ENTRY_ERROR UNKNOWN: unknown error, open 'C:\Users\Kawinpat\Documents\Codex\2026-09-04\new-chat\node_modules\estree-walker\LICENSE' [Error: UNKNOWN: unknown error, open 'C:\Users\Kawinpat\Documents\Codex\2026-09-04\new-chat\node_modules\estree-walker\LICENSE'] {
5366 silly tar   errno: -4094,
5366 silly tar   code: 'UNKNOWN',
5366 silly tar   syscall: 'open',
5366 silly tar   path: 'C:\\Users\\Kawinpat\\Documents\\Codex\\2026-09-04\\new-chat\\node_modules\\estree-walker\\LICENSE',
5366 silly tar   entry: Ls {
5366 silly tar     _events: [Object: null prototype] {},
5366 silly tar     _eventsCount: 0,
5366 silly tar     _maxListeners: undefined,
5366 silly tar     writable: false,
5366 silly tar     readable: false,
5366 silly tar     extended: undefined,
5366 silly tar     globalExtended: undefined,
5366 silly tar     header: Ns {
5366 silly tar       cksumValid: true,
5366 silly tar       needPax: false,
5366 silly tar       nullBlock: false,
5366 silly tar       block: undefined,
5366 silly tar       path: 'package/LICENSE',
5366 silly tar       mode: 420,
5366 silly tar       uid: undefined,
5366 silly tar       gid: undefined,
5366 silly tar       size: 1126,
5366 silly tar       cksum: 4280,
5366 silly tar       linkpath: '',
5366 silly tar       uname: '',
5366 silly tar       gname: '',
5366 silly tar       devmaj: 0,
5366 silly tar       devmin: 0,
5366 silly tar       atime: undefined,
5366 silly tar       ctime: undefined,
5366 silly tar       mtime: 1985-10-26T08:15:00.000Z,
5366 silly tar       charset: undefined,
5366 silly tar       comment: undefined
5366 silly tar     },
5366 silly tar     startBlockSize: 1536,
5366 silly tar     blockRemain: 0,
5366 silly tar     remain: 0,
5366 silly tar     type: 'File',
5366 silly tar     meta: false,
5366 silly tar     ignore: false,
5366 silly tar     path: 'LICENSE',
5366 silly tar     mode: 438,
5366 silly tar     uid: undefined,
5366 silly tar     gid: undefined,
5366 silly tar     uname: '',
5366 silly tar     gname: '',
5366 silly tar     size: 1126,
5366 silly tar     mtime: 1985-10-26T08:15:00.000Z,
5366 silly tar     atime: undefined,
5366 silly tar     ctime: undefined,
5366 silly tar     linkpath: undefined,
5366 silly tar     dev: undefined,
5366 silly tar     ino: undefined,
5366 silly tar     nlink: undefined,
5366 silly tar     invalid: false,
5366 silly tar     absolute: 'C:/Users/Kawinpat/Documents/Codex/2026-09-04/new-chat/node_modules/estree-walker/LICENSE',
5366 silly tar     unsupported: false,
5366 silly tar     Symbol(shapeMode): false,
5366 silly tar     Symbol(kCapture): false,
5366 silly tar     Symbol(flowing): false,
5366 silly tar     Symbol(paused): true,
5366 silly tar     Symbol(pipes): [ [qt] ],
5366 silly tar     Symbol(buffer): [],
5366 silly tar     Symbol(objectMode): false,
5366 silly tar     Symbol(encoding): null,
5366 silly tar     Symbol(async): false,
5366 silly tar     Symbol(decoder): null,
5366 silly tar     Symbol(EOF): true,
5366 silly tar     Symbol(emittedEnd): true,
5366 silly tar     Symbol(emittingEnd): false,
5366 silly tar     Symbol(closed): false,
5366 silly tar     Symbol(emittedError): null,
5366 silly tar     Symbol(bufferLength): 0,
5366 silly tar     Symbol(destroyed): false,
5366 silly tar     Symbol(signal): undefined,
5366 silly tar     Symbol(aborted): false,
5366 silly tar     Symbol(dataListeners): 0,
5366 silly tar     Symbol(discarded): false
5366 silly tar   },
5366 silly tar   cwd: 'C:/Users/Kawinpat/Documents/Codex/2026-09-04/new-chat/node_modules/estree-walker',
5366 silly tar   tarCode: 'TAR_ENTRY_ERROR'
5366 silly tar }
5367 warn tar TAR_ENTRY_ERROR UNKNOWN: unknown error, open 'C:\Users\Kawinpat\Documents\Codex\2026-09-04\new-chat\node_modules\postcss-value-parser\LICENSE'
5368 silly tar TAR_ENTRY_ERROR UNKNOWN: unknown error, open 'C:\Users\Kawinpat\Documents\Codex\2026-09-04\new-chat\node_modules\postcss-value-parser\LICENSE' [Error: UNKNOWN: unknown error, open 'C:\Users\Kawinpat\Documents\Codex\2026-09-04\new-chat\node_modules\postcss-value-parser\LICENSE'] {
5368 silly tar   errno: -4094,
5368 silly tar   code: 'UNKNOWN',
5368 silly tar   syscall: 'open',
5368 silly tar   path: 'C:\\Users\\Kawinpat\\Documents\\Codex\\2026-09-04\\new-chat\\node_modules\\postcss-value-parser\\LICENSE',
5368 silly tar   entry: Ls {
5368 silly tar     _events: [Object: null prototype] {},
5368 silly tar     _eventsCount: 0,
5368 silly tar     _maxListeners: undefined,
5368 silly tar     writable: false,
5368 silly tar     readable: false,
5368 silly tar     extended: undefined,
5368 silly tar     globalExtended: undefined,
5368 silly tar     header: Ns {
5368 silly tar       cksumValid: true,
5368 silly tar       needPax: false,
5368 silly tar       nullBlock: false,
5368 silly tar       block: undefined,
5368 silly tar       path: 'package/LICENSE',
5368 silly tar       mode: 420,
5368 silly tar       uid: undefined,
5368 silly tar       gid: undefined,
5368 silly tar       size: 1074,
5368 silly tar       cksum: 4277,
5368 silly tar       linkpath: '',
5368 silly tar       uname: '',
5368 silly tar       gname: '',
5368 silly tar       devmaj: 0,
5368 silly tar       devmin: 0,
5368 silly tar       atime: undefined,
5368 silly tar       ctime: undefined,
5368 silly tar       mtime: 1985-10-26T08:15:00.000Z,
5368 silly tar       charset: undefined,
5368 silly tar       comment: undefined
5368 silly tar     },
5368 silly tar     startBlockSize: 1536,
5368 silly tar     blockRemain: 0,
5368 silly tar     remain: 0,
5368 silly tar     type: 'File',
5368 silly tar     meta: false,
5368 silly tar     ignore: false,
5368 silly tar     path: 'LICENSE',
5368 silly tar     mode: 438,
5368 silly tar     uid: undefined,
5368 silly tar     gid: undefined,
5368 silly tar     uname: '',
5368 silly tar     gname: '',
5368 silly tar     size: 1074,
5368 silly tar     mtime: 1985-10-26T08:15:00.000Z,
5368 silly tar     atime: undefined,
5368 silly tar     ctime: undefined,
5368 silly tar     linkpath: undefined,
5368 silly tar     dev: undefined,
5368 silly tar     ino: undefined,
5368 silly tar     nlink: undefined,
5368 silly tar     invalid: false,
5368 silly tar     absolute: 'C:/Users/Kawinpat/Documents/Codex/2026-09-04/new-chat/node_modules/postcss-value-parser/LICENSE',
5368 silly tar     unsupported: false,
5368 silly tar     Symbol(shapeMode): false,
5368 silly tar     Symbol(kCapture): false,
5368 silly tar     Symbol(flowing): false,
5368 silly tar     Symbol(paused): true,
5368 silly tar     Symbol(pipes): [ [qt] ],
5368 silly tar     Symbol(buffer): [],
5368 silly tar     Symbol(objectMode): false,
5368 silly tar     Symbol(encoding): null,
5368 silly tar     Symbol(async): false,
5368 silly tar     Symbol(decoder): null,
5368 silly tar     Symbol(EOF): true,
5368 silly tar     Symbol(emittedEnd): true,
5368 silly tar     Symbol(emittingEnd): false,
5368 silly tar     Symbol(closed): false,
5368 silly tar     Symbol(emittedError): null,
5368 silly tar     Symbol(bufferLength): 0,
5368 silly tar     Symbol(destroyed): false,
5368 silly tar     Symbol(signal): undefined,
5368 silly tar     Symbol(aborted): false,
5368 silly tar     Symbol(dataListeners): 0,
5368 silly tar     Symbol(discarded): false
5368 silly tar   },
5368 silly tar   cwd: 'C:/Users/Kawinpat/Documents/Codex/2026-09-04/new-chat/node_modules/postcss-value-parser',
5368 silly tar   tarCode: 'TAR_ENTRY_ERROR'
5368 silly tar }
5369 warn tar TAR_ENTRY_ERROR UNKNOWN: unknown error, open 'C:\Users\Kawinpat\Documents\Codex\2026-09-04\new-chat\node_modules\entities\LICENSE'
5370 silly tar TAR_ENTRY_ERROR UNKNOWN: unknown error, open 'C:\Users\Kawinpat\Documents\Codex\2026-09-04\new-chat\node_modules\entities\LICENSE' [Error: UNKNOWN: unknown error, open 'C:\Users\Kawinpat\Documents\Codex\2026-09-04\new-chat\node_modules\entities\LICENSE'] {
5370 silly tar   errno: -4094,
5370 silly tar   code: 'UNKNOWN',
5370 silly tar   syscall: 'open',
5370 silly tar   path: 'C:\\Users\\Kawinpat\\Documents\\Codex\\2026-09-04\\new-chat\\node_modules\\entities\\LICENSE',
5370 silly tar   entry: Ls {
5370 silly tar     _events: [Object: null prototype] {},
5370 silly tar     _eventsCount: 0,
5370 silly tar     _maxListeners: undefined,
5370 silly tar     writable: false,
5370 silly tar     readable: false,
5370 silly tar     extended: undefined,
5370 silly tar     globalExtended: undefined,
5370 silly tar     header: Ns {
5370 silly tar       cksumValid: true,
5370 silly tar       needPax: false,
5370 silly tar       nullBlock: false,
5370 silly tar       block: undefined,
5370 silly tar       path: 'package/LICENSE',
5370 silly tar       mode: 420,
5370 silly tar       uid: undefined,
5370 silly tar       gid: undefined,
5370 silly tar       size: 1260,
5370 silly tar       cksum: 4281,
5370 silly tar       linkpath: '',
5370 silly tar       uname: '',
5370 silly tar       gname: '',
5370 silly tar       devmaj: 0,
5370 silly tar       devmin: 0,
5370 silly tar       atime: undefined,
5370 silly tar       ctime: undefined,
5370 silly tar       mtime: 1985-10-26T08:15:00.000Z,
5370 silly tar       charset: undefined,
5370 silly tar       comment: undefined
5370 silly tar     },
5370 silly tar     startBlockSize: 1536,
5370 silly tar     blockRemain: 0,
5370 silly tar     remain: 0,
5370 silly tar     type: 'File',
5370 silly tar     meta: false,
5370 silly tar     ignore: false,
5370 silly tar     path: 'LICENSE',
5370 silly tar     mode: 438,
5370 silly tar     uid: undefined,
5370 silly tar     gid: undefined,
5370 silly tar     uname: '',
5370 silly tar     gname: '',
5370 silly tar     size: 1260,
5370 silly tar     mtime: 1985-10-26T08:15:00.000Z,
5370 silly tar     atime: undefined,
5370 silly tar     ctime: undefined,
5370 silly tar     linkpath: undefined,
5370 silly tar     dev: undefined,
5370 silly tar     ino: undefined,
5370 silly tar     nlink: undefined,
5370 silly tar     invalid: false,
5370 silly tar     absolute: 'C:/Users/Kawinpat/Documents/Codex/2026-09-04/new-chat/node_modules/entities/LICENSE',
5370 silly tar     unsupported: false,
5370 silly tar     Symbol(shapeMode): false,
5370 silly tar     Symbol(kCapture): false,
5370 silly tar     Symbol(flowing): false,
5370 silly tar     Symbol(paused): true,
5370 silly tar     Symbol(pipes): [ [qt] ],
5370 silly tar     Symbol(buffer): [],
5370 silly tar     Symbol(objectMode): false,
5370 silly tar     Symbol(encoding): null,
5370 silly tar     Symbol(async): false,
5370 silly tar     Symbol(decoder): null,
5370 silly tar     Symbol(EOF): true,
5370 silly tar     Symbol(emittedEnd): true,
5370 silly tar     Symbol(emittingEnd): false,
5370 silly tar     Symbol(closed): false,
5370 silly tar     Symbol(emittedError): null,
5370 silly tar     Symbol(bufferLength): 0,
5370 silly tar     Symbol(destroyed): false,
5370 silly tar     Symbol(signal): undefined,
5370 silly tar     Symbol(aborted): false,
5370 silly tar     Symbol(dataListeners): 0,
5370 silly tar     Symbol(discarded): false
5370 silly tar   },
5370 silly tar   cwd: 'C:/Users/Kawinpat/Documents/Codex/2026-09-04/new-chat/node_modules/entities',
5370 silly tar   tarCode: 'TAR_ENTRY_ERROR'
5370 silly tar }
5371 warn tar TAR_ENTRY_ERROR UNKNOWN: unknown error, open 'C:\Users\Kawinpat\Documents\Codex\2026-09-04\new-chat\node_modules\source-map-js\LICENSE'
5372 silly tar TAR_ENTRY_ERROR UNKNOWN: unknown error, open 'C:\Users\Kawinpat\Documents\Codex\2026-09-04\new-chat\node_modules\source-map-js\LICENSE' [Error: UNKNOWN: unknown error, open 'C:\Users\Kawinpat\Documents\Codex\2026-09-04\new-chat\node_modules\source-map-js\LICENSE'] {
5372 silly tar   errno: -4094,
5372 silly tar   code: 'UNKNOWN',
5372 silly tar   syscall: 'open',
5372 silly tar   path: 'C:\\Users\\Kawinpat\\Documents\\Codex\\2026-09-04\\new-chat\\node_modules\\source-map-js\\LICENSE',
5372 silly tar   entry: Ls {
5372 silly tar     _events: [Object: null prototype] {},
5372 silly tar     _eventsCount: 0,
5372 silly tar     _maxListeners: undefined,
5372 silly tar     writable: false,
5372 silly tar     readable: false,
5372 silly tar     extended: undefined,
5372 silly tar     globalExtended: undefined,
5372 silly tar     header: Ns {
5372 silly tar       cksumValid: true,
5372 silly tar       needPax: false,
5372 silly tar       nullBlock: false,
5372 silly tar       block: undefined,
5372 silly tar       path: 'package/LICENSE',
5372 silly tar       mode: 420,
5372 silly tar       uid: undefined,
5372 silly tar       gid: undefined,
5372 silly tar       size: 1526,
5372 silly tar       cksum: 4288,
5372 silly tar       linkpath: '',
5372 silly tar       uname: '',
5372 silly tar       gname: '',
5372 silly tar       devmaj: 0,
5372 silly tar       devmin: 0,
5372 silly tar       atime: undefined,
5372 silly tar       ctime: undefined,
5372 silly tar       mtime: 1985-10-26T08:15:00.000Z,
5372 silly tar       charset: undefined,
5372 silly tar       comment: undefined
5372 silly tar     },
5372 silly tar     startBlockSize: 1536,
5372 silly tar     blockRemain: 0,
5372 silly tar     remain: 0,
5372 silly tar     type: 'File',
5372 silly tar     meta: false,
5372 silly tar     ignore: false,
5372 silly tar     path: 'LICENSE',
5372 silly tar     mode: 438,
5372 silly tar     uid: undefined,
5372 silly tar     gid: undefined,
5372 silly tar     uname: '',
5372 silly tar     gname: '',
5372 silly tar     size: 1526,
5372 silly tar     mtime: 1985-10-26T08:15:00.000Z,
5372 silly tar     atime: undefined,
5372 silly tar     ctime: undefined,
5372 silly tar     linkpath: undefined,
5372 silly tar     dev: undefined,
5372 silly tar     ino: undefined,
5372 silly tar     nlink: undefined,
5372 silly tar     invalid: false,
5372 silly tar     absolute: 'C:/Users/Kawinpat/Documents/Codex/2026-09-04/new-chat/node_modules/source-map-js/LICENSE',
5372 silly tar     unsupported: false,
5372 silly tar     Symbol(shapeMode): false,
5372 silly tar     Symbol(kCapture): false,
5372 silly tar     Symbol(flowing): false,
5372 silly tar     Symbol(paused): true,
5372 silly tar     Symbol(pipes): [ [qt] ],
5372 silly tar     Symbol(buffer): [],
5372 silly tar     Symbol(objectMode): false,
5372 silly tar     Symbol(encoding): null,
5372 silly tar     Symbol(async): false,
5372 silly tar     Symbol(decoder): null,
5372 silly tar     Symbol(EOF): true,
5372 silly tar     Symbol(emittedEnd): true,
5372 silly tar     Symbol(emittingEnd): false,
5372 silly tar     Symbol(closed): false,
5372 silly tar     Symbol(emittedError): null,
5372 silly tar     Symbol(bufferLength): 0,
5372 silly tar     Symbol(destroyed): false,
5372 silly tar     Symbol(signal): undefined,
5372 silly tar     Symbol(aborted): false,
5372 silly tar     Symbol(dataListeners): 0,
5372 silly tar     Symbol(discarded): false
5372 silly tar   },
5372 silly tar   cwd: 'C:/Users/Kawinpat/Documents/Codex/2026-09-04/new-chat/node_modules/source-map-js',
5372 silly tar   tarCode: 'TAR_ENTRY_ERROR'
5372 silly tar }
5373 warn tar TAR_ENTRY_ERROR UNKNOWN: unknown error, open 'C:\Users\Kawinpat\Documents\Codex\2026-09-04\new-chat\node_modules\caniuse-lite\LICENSE'
5374 silly tar TAR_ENTRY_ERROR UNKNOWN: unknown error, open 'C:\Users\Kawinpat\Documents\Codex\2026-09-04\new-chat\node_modules\caniuse-lite\LICENSE' [Error: UNKNOWN: unknown error, open 'C:\Users\Kawinpat\Documents\Codex\2026-09-04\new-chat\node_modules\caniuse-lite\LICENSE'] {
5374 silly tar   errno: -4094,
5374 silly tar   code: 'UNKNOWN',
5374 silly tar   syscall: 'open',
5374 silly tar   path: 'C:\\Users\\Kawinpat\\Documents\\Codex\\2026-09-04\\new-chat\\node_modules\\caniuse-lite\\LICENSE',
5374 silly tar   entry: Ls {
5374 silly tar     _events: [Object: null prototype] { end: [Array] },
5374 silly tar     _eventsCount: 1,
5374 silly tar     _maxListeners: undefined,
5374 silly tar     writable: false,
5374 silly tar     readable: true,
5374 silly tar     extended: undefined,
5374 silly tar     globalExtended: undefined,
5374 silly tar     header: Ns {
5374 silly tar       cksumValid: true,
5374 silly tar       needPax: false,
5374 silly tar       nullBlock: false,
5374 silly tar       block: undefined,
5374 silly tar       path: 'package/LICENSE',
5374 silly tar       mode: 420,
5374 silly tar       uid: undefined,
5374 silly tar       gid: undefined,
5374 silly tar       size: 18651,
5374 silly tar       cksum: 4284,
5374 silly tar       linkpath: '',
5374 silly tar       uname: '',
5374 silly tar       gname: '',
5374 silly tar       devmaj: 0,
5374 silly tar       devmin: 0,
5374 silly tar       atime: undefined,
5374 silly tar       ctime: undefined,
5374 silly tar       mtime: 1985-10-26T08:15:00.000Z,
5374 silly tar       charset: undefined,
5374 silly tar       comment: undefined
5374 silly tar     },
5374 silly tar     startBlockSize: 18944,
5374 silly tar     blockRemain: 0,
5374 silly tar     remain: 0,
5374 silly tar     type: 'File',
5374 silly tar     meta: false,
5374 silly tar     ignore: false,
5374 silly tar     path: 'LICENSE',
5374 silly tar     mode: 438,
5374 silly tar     uid: undefined,
5374 silly tar     gid: undefined,
5374 silly tar     uname: '',
5374 silly tar     gname: '',
5374 silly tar     size: 18651,
5374 silly tar     mtime: 1985-10-26T08:15:00.000Z,
5374 silly tar     atime: undefined,
5374 silly tar     ctime: undefined,
5374 silly tar     linkpath: undefined,
5374 silly tar     dev: undefined,
5374 silly tar     ino: undefined,
5374 silly tar     nlink: undefined,
5374 silly tar     invalid: false,
5374 silly tar     absolute: 'C:/Users/Kawinpat/Documents/Codex/2026-09-04/new-chat/node_modules/caniuse-lite/LICENSE',
5374 silly tar     unsupported: false,
5374 silly tar     Symbol(shapeMode): false,
5374 silly tar     Symbol(kCapture): false,
5374 silly tar     Symbol(flowing): false,
5374 silly tar     Symbol(paused): true,
5374 silly tar     Symbol(pipes): [ [qt] ],
5374 silly tar     Symbol(buffer): [
5374 silly tar       <Buffer 64 20 4d 61 74 65 72 69 61 6c 20 61 74 20 61 6e 79 20 74 69 6d 65 3b 20 68 6f 77 65 76 65 72 2c 20 64 6f 69 6e 67 20 73 6f 0a 20 20 20 20 20 77 69 6c ... 2729 more bytes>
5374 silly tar     ],
5374 silly tar     Symbol(objectMode): false,
5374 silly tar     Symbol(encoding): null,
5374 silly tar     Symbol(async): false,
5374 silly tar     Symbol(decoder): null,
5374 silly tar     Symbol(EOF): true,
5374 silly tar     Symbol(emittedEnd): false,
5374 silly tar     Symbol(emittingEnd): false,
5374 silly tar     Symbol(closed): false,
5374 silly tar     Symbol(emittedError): null,
5374 silly tar     Symbol(bufferLength): 2779,
5374 silly tar     Symbol(destroyed): false,
5374 silly tar     Symbol(signal): undefined,
5374 silly tar     Symbol(aborted): false,
5374 silly tar     Symbol(dataListeners): 0,
5374 silly tar     Symbol(discarded): false
5374 silly tar   },
5374 silly tar   cwd: 'C:/Users/Kawinpat/Documents/Codex/2026-09-04/new-chat/node_modules/caniuse-lite',
5374 silly tar   tarCode: 'TAR_ENTRY_ERROR'
5374 silly tar }
5375 http fetch GET 200 https://registry.npmjs.org/redis-parser/-/redis-parser-3.0.0.tgz 4097ms (cache miss)
5376 warn tar TAR_ENTRY_ERROR UNKNOWN: unknown error, open 'C:\Users\Kawinpat\Documents\Codex\2026-09-04\new-chat\node_modules\@babel\plugin-syntax-jsx\LICENSE'
5377 silly tar TAR_ENTRY_ERROR UNKNOWN: unknown error, open 'C:\Users\Kawinpat\Documents\Codex\2026-09-04\new-chat\node_modules\@babel\plugin-syntax-jsx\LICENSE' [Error: UNKNOWN: unknown error, open 'C:\Users\Kawinpat\Documents\Codex\2026-09-04\new-chat\node_modules\@babel\plugin-syntax-jsx\LICENSE'] {
5377 silly tar   errno: -4094,
5377 silly tar   code: 'UNKNOWN',
5377 silly tar   syscall: 'open',
5377 silly tar   path: 'C:\\Users\\Kawinpat\\Documents\\Codex\\2026-09-04\\new-chat\\node_modules\\@babel\\plugin-syntax-jsx\\LICENSE',
5377 silly tar   entry: Ls {
5377 silly tar     _events: [Object: null prototype] {},
5377 silly tar     _eventsCount: 0,
5377 silly tar     _maxListeners: undefined,
5377 silly tar     writable: false,
5377 silly tar     readable: false,
5377 silly tar     extended: undefined,
5377 silly tar     globalExtended: undefined,
5377 silly tar     header: Ns {
5377 silly tar       cksumValid: true,
5377 silly tar       needPax: false,
5377 silly tar       nullBlock: false,
5377 silly tar       block: undefined,
5377 silly tar       path: 'package/LICENSE',
5377 silly tar       mode: 420,
5377 silly tar       uid: 0,
5377 silly tar       gid: 0,
5377 silly tar       size: 1106,
5377 silly tar       cksum: 5002,
5377 silly tar       linkpath: '',
5377 silly tar       uname: '',
5377 silly tar       gname: '',
5377 silly tar       devmaj: 0,
5377 silly tar       devmin: 0,
5377 silly tar       atime: undefined,
5377 silly tar       ctime: undefined,
5377 silly tar       mtime: 1984-06-22T21:50:00.000Z,
5377 silly tar       charset: undefined,
5377 silly tar       comment: undefined
5377 silly tar     },
5377 silly tar     startBlockSize: 1536,
5377 silly tar     blockRemain: 0,
5377 silly tar     remain: 0,
5377 silly tar     type: 'File',
5377 silly tar     meta: false,
5377 silly tar     ignore: false,
5377 silly tar     path: 'LICENSE',
5377 silly tar     mode: 438,
5377 silly tar     uid: 0,
5377 silly tar     gid: 0,
5377 silly tar     uname: '',
5377 silly tar     gname: '',
5377 silly tar     size: 1106,
5377 silly tar     mtime: 1984-06-22T21:50:00.000Z,
5377 silly tar     atime: undefined,
5377 silly tar     ctime: undefined,
5377 silly tar     linkpath: undefined,
5377 silly tar     dev: undefined,
5377 silly tar     ino: undefined,
5377 silly tar     nlink: undefined,
5377 silly tar     invalid: false,
5377 silly tar     absolute: 'C:/Users/Kawinpat/Documents/Codex/2026-09-04/new-chat/node_modules/@babel/plugin-syntax-jsx/LICENSE',
5377 silly tar     unsupported: false,
5377 silly tar     Symbol(shapeMode): false,
5377 silly tar     Symbol(kCapture): false,
5377 silly tar     Symbol(flowing): false,
5377 silly tar     Symbol(paused): true,
5377 silly tar     Symbol(pipes): [ [qt] ],
5377 silly tar     Symbol(buffer): [],
5377 silly tar     Symbol(objectMode): false,
5377 silly tar     Symbol(encoding): null,
5377 silly tar     Symbol(async): false,
5377 silly tar     Symbol(decoder): null,
5377 silly tar     Symbol(EOF): true,
5377 silly tar     Symbol(emittedEnd): true,
5377 silly tar     Symbol(emittingEnd): false,
5377 silly tar     Symbol(closed): false,
5377 silly tar     Symbol(emittedError): null,
5377 silly tar     Symbol(bufferLength): 0,
5377 silly tar     Symbol(destroyed): false,
5377 silly tar     Symbol(signal): undefined,
5377 silly tar     Symbol(aborted): false,
5377 silly tar     Symbol(dataListeners): 0,
5377 silly tar     Symbol(discarded): false
5377 silly tar   },
5377 silly tar   cwd: 'C:/Users/Kawinpat/Documents/Codex/2026-09-04/new-chat/node_modules/@babel/plugin-syntax-jsx',
5377 silly tar   tarCode: 'TAR_ENTRY_ERROR'
5377 silly tar }
5378 http fetch GET 200 https://registry.npmjs.org/run-parallel/-/run-parallel-1.2.0.tgz 4125ms (cache miss)
5379 http fetch GET 200 https://registry.npmjs.org/agent-base/-/agent-base-7.1.4.tgz 4128ms (cache miss)
5380 http fetch GET 200 https://registry.npmjs.org/reusify/-/reusify-1.1.0.tgz 4127ms (cache miss)
5381 http fetch GET 200 https://registry.npmjs.org/denque/-/denque-2.1.0.tgz 4129ms (cache miss)
5382 http fetch GET 200 https://registry.npmjs.org/merge2/-/merge2-1.4.1.tgz 4124ms (cache miss)
5383 http fetch GET 200 https://registry.npmjs.org/send/-/send-1.2.1.tgz 4163ms (cache miss)
5384 http fetch GET 200 https://registry.npmjs.org/duplexer/-/duplexer-0.1.2.tgz 4127ms (cache miss)
5385 http fetch GET 200 https://registry.npmjs.org/@ioredis/commands/-/commands-1.10.0.tgz 4133ms (cache miss)
5386 warn tar TAR_ENTRY_ERROR UNKNOWN: unknown error, open 'C:\Users\Kawinpat\Documents\Codex\2026-09-04\new-chat\node_modules\@babel\helper-member-expression-to-functions\LICENSE'
5387 silly tar TAR_ENTRY_ERROR UNKNOWN: unknown error, open 'C:\Users\Kawinpat\Documents\Codex\2026-09-04\new-chat\node_modules\@babel\helper-member-expression-to-functions\LICENSE' [Error: UNKNOWN: unknown error, open 'C:\Users\Kawinpat\Documents\Codex\2026-09-04\new-chat\node_modules\@babel\helper-member-expression-to-functions\LICENSE'] {
5387 silly tar   errno: -4094,
5387 silly tar   code: 'UNKNOWN',
5387 silly tar   syscall: 'open',
5387 silly tar   path: 'C:\\Users\\Kawinpat\\Documents\\Codex\\2026-09-04\\new-chat\\node_modules\\@babel\\helper-member-expression-to-functions\\LICENSE',
5387 silly tar   entry: Ls {
5387 silly tar     _events: [Object: null prototype] {},
5387 silly tar     _eventsCount: 0,
5387 silly tar     _maxListeners: undefined,
5387 silly tar     writable: false,
5387 silly tar     readable: false,
5387 silly tar     extended: undefined,
5387 silly tar     globalExtended: undefined,
5387 silly tar     header: Ns {
5387 silly tar       cksumValid: true,
5387 silly tar       needPax: false,
5387 silly tar       nullBlock: false,
5387 silly tar       block: undefined,
5387 silly tar       path: 'package/LICENSE',
5387 silly tar       mode: 420,
5387 silly tar       uid: 0,
5387 silly tar       gid: 0,
5387 silly tar       size: 1106,
5387 silly tar       cksum: 5002,
5387 silly tar       linkpath: '',
5387 silly tar       uname: '',
5387 silly tar       gname: '',
5387 silly tar       devmaj: 0,
5387 silly tar       devmin: 0,
5387 silly tar       atime: undefined,
5387 silly tar       ctime: undefined,
5387 silly tar       mtime: 1984-06-22T21:50:00.000Z,
5387 silly tar       charset: undefined,
5387 silly tar       comment: undefined
5387 silly tar     },
5387 silly tar     startBlockSize: 1536,
5387 silly tar     blockRemain: 0,
5387 silly tar     remain: 0,
5387 silly tar     type: 'File',
5387 silly tar     meta: false,
5387 silly tar     ignore: false,
5387 silly tar     path: 'LICENSE',
5387 silly tar     mode: 438,
5387 silly tar     uid: 0,
5387 silly tar     gid: 0,
5387 silly tar     uname: '',
5387 silly tar     gname: '',
5387 silly tar     size: 1106,
5387 silly tar     mtime: 1984-06-22T21:50:00.000Z,
5387 silly tar     atime: undefined,
5387 silly tar     ctime: undefined,
5387 silly tar     linkpath: undefined,
5387 silly tar     dev: undefined,
5387 silly tar     ino: undefined,
5387 silly tar     nlink: undefined,
5387 silly tar     invalid: false,
5387 silly tar     absolute: 'C:/Users/Kawinpat/Documents/Codex/2026-09-04/new-chat/node_modules/@babel/helper-member-expression-to-functions/LICENSE',
5387 silly tar     unsupported: false,
5387 silly tar     Symbol(shapeMode): false,
5387 silly tar     Symbol(kCapture): false,
5387 silly tar     Symbol(flowing): false,
5387 silly tar     Symbol(paused): true,
5387 silly tar     Symbol(pipes): [ [qt] ],
5387 silly tar     Symbol(buffer): [],
5387 silly tar     Symbol(objectMode): false,
5387 silly tar     Symbol(encoding): null,
5387 silly tar     Symbol(async): false,
5387 silly tar     Symbol(decoder): null,
5387 silly tar     Symbol(EOF): true,
5387 silly tar     Symbol(emittedEnd): true,
5387 silly tar     Symbol(emittingEnd): false,
5387 silly tar     Symbol(closed): false,
5387 silly tar     Symbol(emittedError): null,
5387 silly tar     Symbol(bufferLength): 0,
5387 silly tar     Symbol(destroyed): false,
5387 silly tar     Symbol(signal): undefined,
5387 silly tar     Symbol(aborted): false,
5387 silly tar     Symbol(dataListeners): 0,
5387 silly tar     Symbol(discarded): false
5387 silly tar   },
5387 silly tar   cwd: 'C:/Users/Kawinpat/Documents/Codex/2026-09-04/new-chat/node_modules/@babel/helper-member-expression-to-functions',
5387 silly tar   tarCode: 'TAR_ENTRY_ERROR'
5387 silly tar }
5388 warn tar TAR_ENTRY_ERROR UNKNOWN: unknown error, open 'C:\Users\Kawinpat\Documents\Codex\2026-09-04\new-chat\node_modules\@babel\helper-optimise-call-expression\LICENSE'
5389 silly tar TAR_ENTRY_ERROR UNKNOWN: unknown error, open 'C:\Users\Kawinpat\Documents\Codex\2026-09-04\new-chat\node_modules\@babel\helper-optimise-call-expression\LICENSE' [Error: UNKNOWN: unknown error, open 'C:\Users\Kawinpat\Documents\Codex\2026-09-04\new-chat\node_modules\@babel\helper-optimise-call-expression\LICENSE'] {
5389 silly tar   errno: -4094,
5389 silly tar   code: 'UNKNOWN',
5389 silly tar   syscall: 'open',
5389 silly tar   path: 'C:\\Users\\Kawinpat\\Documents\\Codex\\2026-09-04\\new-chat\\node_modules\\@babel\\helper-optimise-call-expression\\LICENSE',
5389 silly tar   entry: Ls {
5389 silly tar     _events: [Object: null prototype] {},
5389 silly tar     _eventsCount: 0,
5389 silly tar     _maxListeners: undefined,
5389 silly tar     writable: false,
5389 silly tar     readable: false,
5389 silly tar     extended: undefined,
5389 silly tar     globalExtended: undefined,
5389 silly tar     header: Ns {
5389 silly tar       cksumValid: true,
5389 silly tar       needPax: false,
5389 silly tar       nullBlock: false,
5389 silly tar       block: undefined,
5389 silly tar       path: 'package/LICENSE',
5389 silly tar       mode: 420,
5389 silly tar       uid: 0,
5389 silly tar       gid: 0,
5389 silly tar       size: 1106,
5389 silly tar       cksum: 5002,
5389 silly tar       linkpath: '',
5389 silly tar       uname: '',
5389 silly tar       gname: '',
5389 silly tar       devmaj: 0,
5389 silly tar       devmin: 0,
5389 silly tar       atime: undefined,
5389 silly tar       ctime: undefined,
5389 silly tar       mtime: 1984-06-22T21:50:00.000Z,
5389 silly tar       charset: undefined,
5389 silly tar       comment: undefined
5389 silly tar     },
5389 silly tar     startBlockSize: 1536,
5389 silly tar     blockRemain: 0,
5389 silly tar     remain: 0,
5389 silly tar     type: 'File',
5389 silly tar     meta: false,
5389 silly tar     ignore: false,
5389 silly tar     path: 'LICENSE',
5389 silly tar     mode: 438,
5389 silly tar     uid: 0,
5389 silly tar     gid: 0,
5389 silly tar     uname: '',
5389 silly tar     gname: '',
5389 silly tar     size: 1106,
5389 silly tar     mtime: 1984-06-22T21:50:00.000Z,
5389 silly tar     atime: undefined,
5389 silly tar     ctime: undefined,
5389 silly tar     linkpath: undefined,
5389 silly tar     dev: undefined,
5389 silly tar     ino: undefined,
5389 silly tar     nlink: undefined,
5389 silly tar     invalid: false,
5389 silly tar     absolute: 'C:/Users/Kawinpat/Documents/Codex/2026-09-04/new-chat/node_modules/@babel/helper-optimise-call-expression/LICENSE',
5389 silly tar     unsupported: false,
5389 silly tar     Symbol(shapeMode): false,
5389 silly tar     Symbol(kCapture): false,
5389 silly tar     Symbol(flowing): false,
5389 silly tar     Symbol(paused): true,
5389 silly tar     Symbol(pipes): [ [qt] ],
5389 silly tar     Symbol(buffer): [],
5389 silly tar     Symbol(objectMode): false,
5389 silly tar     Symbol(encoding): null,
5389 silly tar     Symbol(async): false,
5389 silly tar     Symbol(decoder): null,
5389 silly tar     Symbol(EOF): true,
5389 silly tar     Symbol(emittedEnd): true,
5389 silly tar     Symbol(emittingEnd): false,
5389 silly tar     Symbol(closed): false,
5389 silly tar     Symbol(emittedError): null,
5389 silly tar     Symbol(bufferLength): 0,
5389 silly tar     Symbol(destroyed): false,
5389 silly tar     Symbol(signal): undefined,
5389 silly tar     Symbol(aborted): false,
5389 silly tar     Symbol(dataListeners): 0,
5389 silly tar     Symbol(discarded): false
5389 silly tar   },
5389 silly tar   cwd: 'C:/Users/Kawinpat/Documents/Codex/2026-09-04/new-chat/node_modules/@babel/helper-optimise-call-expression',
5389 silly tar   tarCode: 'TAR_ENTRY_ERROR'
5389 silly tar }
5390 warn tar TAR_ENTRY_ERROR UNKNOWN: unknown error, open 'C:\Users\Kawinpat\Documents\Codex\2026-09-04\new-chat\node_modules\@babel\helper-plugin-utils\LICENSE'
5391 silly tar TAR_ENTRY_ERROR UNKNOWN: unknown error, open 'C:\Users\Kawinpat\Documents\Codex\2026-09-04\new-chat\node_modules\@babel\helper-plugin-utils\LICENSE' [Error: UNKNOWN: unknown error, open 'C:\Users\Kawinpat\Documents\Codex\2026-09-04\new-chat\node_modules\@babel\helper-plugin-utils\LICENSE'] {
5391 silly tar   errno: -4094,
5391 silly tar   code: 'UNKNOWN',
5391 silly tar   syscall: 'open',
5391 silly tar   path: 'C:\\Users\\Kawinpat\\Documents\\Codex\\2026-09-04\\new-chat\\node_modules\\@babel\\helper-plugin-utils\\LICENSE',
5391 silly tar   entry: Ls {
5391 silly tar     _events: [Object: null prototype] {},
5391 silly tar     _eventsCount: 0,
5391 silly tar     _maxListeners: undefined,
5391 silly tar     writable: false,
5391 silly tar     readable: false,
5391 silly tar     extended: undefined,
5391 silly tar     globalExtended: undefined,
5391 silly tar     header: Ns {
5391 silly tar       cksumValid: true,
5391 silly tar       needPax: false,
5391 silly tar       nullBlock: false,
5391 silly tar       block: undefined,
5391 silly tar       path: 'package/LICENSE',
5391 silly tar       mode: 420,
5391 silly tar       uid: 0,
5391 silly tar       gid: 0,
5391 silly tar       size: 1106,
5391 silly tar       cksum: 5002,
5391 silly tar       linkpath: '',
5391 silly tar       uname: '',
5391 silly tar       gname: '',
5391 silly tar       devmaj: 0,
5391 silly tar       devmin: 0,
5391 silly tar       atime: undefined,
5391 silly tar       ctime: undefined,
5391 silly tar       mtime: 1984-06-22T21:50:00.000Z,
5391 silly tar       charset: undefined,
5391 silly tar       comment: undefined
5391 silly tar     },
5391 silly tar     startBlockSize: 1536,
5391 silly tar     blockRemain: 0,
5391 silly tar     remain: 0,
5391 silly tar     type: 'File',
5391 silly tar     meta: false,
5391 silly tar     ignore: false,
5391 silly tar     path: 'LICENSE',
5391 silly tar     mode: 438,
5391 silly tar     uid: 0,
5391 silly tar     gid: 0,
5391 silly tar     uname: '',
5391 silly tar     gname: '',
5391 silly tar     size: 1106,
5391 silly tar     mtime: 1984-06-22T21:50:00.000Z,
5391 silly tar     atime: undefined,
5391 silly tar     ctime: undefined,
5391 silly tar     linkpath: undefined,
5391 silly tar     dev: undefined,
5391 silly tar     ino: undefined,
5391 silly tar     nlink: undefined,
5391 silly tar     invalid: false,
5391 silly tar     absolute: 'C:/Users/Kawinpat/Documents/Codex/2026-09-04/new-chat/node_modules/@babel/helper-plugin-utils/LICENSE',
5391 silly tar     unsupported: false,
5391 silly tar     Symbol(shapeMode): false,
5391 silly tar     Symbol(kCapture): false,
5391 silly tar     Symbol(flowing): false,
5391 silly tar     Symbol(paused): true,
5391 silly tar     Symbol(pipes): [ [qt] ],
5391 silly tar     Symbol(buffer): [],
5391 silly tar     Symbol(objectMode): false,
5391 silly tar     Symbol(encoding): null,
5391 silly tar     Symbol(async): false,
5391 silly tar     Symbol(decoder): null,
5391 silly tar     Symbol(EOF): true,
5391 silly tar     Symbol(emittedEnd): true,
5391 silly tar     Symbol(emittingEnd): false,
5391 silly tar     Symbol(closed): false,
5391 silly tar     Symbol(emittedError): null,
5391 silly tar     Symbol(bufferLength): 0,
5391 silly tar     Symbol(destroyed): false,
5391 silly tar     Symbol(signal): undefined,
5391 silly tar     Symbol(aborted): false,
5391 silly tar     Symbol(dataListeners): 0,
5391 silly tar     Symbol(discarded): false
5391 silly tar   },
5391 silly tar   cwd: 'C:/Users/Kawinpat/Documents/Codex/2026-09-04/new-chat/node_modules/@babel/helper-plugin-utils',
5391 silly tar   tarCode: 'TAR_ENTRY_ERROR'
5391 silly tar }
5392 warn tar TAR_ENTRY_ERROR UNKNOWN: unknown error, open 'C:\Users\Kawinpat\Documents\Codex\2026-09-04\new-chat\node_modules\@babel\helper-annotate-as-pure\LICENSE'
5393 silly tar TAR_ENTRY_ERROR UNKNOWN: unknown error, open 'C:\Users\Kawinpat\Documents\Codex\2026-09-04\new-chat\node_modules\@babel\helper-annotate-as-pure\LICENSE' [Error: UNKNOWN: unknown error, open 'C:\Users\Kawinpat\Documents\Codex\2026-09-04\new-chat\node_modules\@babel\helper-annotate-as-pure\LICENSE'] {
5393 silly tar   errno: -4094,
5393 silly tar   code: 'UNKNOWN',
5393 silly tar   syscall: 'open',
5393 silly tar   path: 'C:\\Users\\Kawinpat\\Documents\\Codex\\2026-09-04\\new-chat\\node_modules\\@babel\\helper-annotate-as-pure\\LICENSE',
5393 silly tar   entry: Ls {
5393 silly tar     _events: [Object: null prototype] {},
5393 silly tar     _eventsCount: 0,
5393 silly tar     _maxListeners: undefined,
5393 silly tar     writable: false,
5393 silly tar     readable: false,
5393 silly tar     extended: undefined,
5393 silly tar     globalExtended: undefined,
5393 silly tar     header: Ns {
5393 silly tar       cksumValid: true,
5393 silly tar       needPax: false,
5393 silly tar       nullBlock: false,
5393 silly tar       block: undefined,
5393 silly tar       path: 'package/LICENSE',
5393 silly tar       mode: 420,
5393 silly tar       uid: 0,
5393 silly tar       gid: 0,
5393 silly tar       size: 1106,
5393 silly tar       cksum: 5002,
5393 silly tar       linkpath: '',
5393 silly tar       uname: '',
5393 silly tar       gname: '',
5393 silly tar       devmaj: 0,
5393 silly tar       devmin: 0,
5393 silly tar       atime: undefined,
5393 silly tar       ctime: undefined,
5393 silly tar       mtime: 1984-06-22T21:50:00.000Z,
5393 silly tar       charset: undefined,
5393 silly tar       comment: undefined
5393 silly tar     },
5393 silly tar     startBlockSize: 1536,
5393 silly tar     blockRemain: 0,
5393 silly tar     remain: 0,
5393 silly tar     type: 'File',
5393 silly tar     meta: false,
5393 silly tar     ignore: false,
5393 silly tar     path: 'LICENSE',
5393 silly tar     mode: 438,
5393 silly tar     uid: 0,
5393 silly tar     gid: 0,
5393 silly tar     uname: '',
5393 silly tar     gname: '',
5393 silly tar     size: 1106,
5393 silly tar     mtime: 1984-06-22T21:50:00.000Z,
5393 silly tar     atime: undefined,
5393 silly tar     ctime: undefined,
5393 silly tar     linkpath: undefined,
5393 silly tar     dev: undefined,
5393 silly tar     ino: undefined,
5393 silly tar     nlink: undefined,
5393 silly tar     invalid: false,
5393 silly tar     absolute: 'C:/Users/Kawinpat/Documents/Codex/2026-09-04/new-chat/node_modules/@babel/helper-annotate-as-pure/LICENSE',
5393 silly tar     unsupported: false,
5393 silly tar     Symbol(shapeMode): false,
5393 silly tar     Symbol(kCapture): false,
5393 silly tar     Symbol(flowing): false,
5393 silly tar     Symbol(paused): true,
5393 silly tar     Symbol(pipes): [ [qt] ],
5393 silly tar     Symbol(buffer): [],
5393 silly tar     Symbol(objectMode): false,
5393 silly tar     Symbol(encoding): null,
5393 silly tar     Symbol(async): false,
5393 silly tar     Symbol(decoder): null,
5393 silly tar     Symbol(EOF): true,
5393 silly tar     Symbol(emittedEnd): true,
5393 silly tar     Symbol(emittingEnd): false,
5393 silly tar     Symbol(closed): false,
5393 silly tar     Symbol(emittedError): null,
5393 silly tar     Symbol(bufferLength): 0,
5393 silly tar     Symbol(destroyed): false,
5393 silly tar     Symbol(signal): undefined,
5393 silly tar     Symbol(aborted): false,
5393 silly tar     Symbol(dataListeners): 0,
5393 silly tar     Symbol(discarded): false
5393 silly tar   },
5393 silly tar   cwd: 'C:/Users/Kawinpat/Documents/Codex/2026-09-04/new-chat/node_modules/@babel/helper-annotate-as-pure',
5393 silly tar   tarCode: 'TAR_ENTRY_ERROR'
5393 silly tar }
5394 http fetch GET 200 https://registry.npmjs.org/events-universal/-/events-universal-1.0.1.tgz 4349ms (cache miss)
5395 warn tar TAR_ENTRY_ERROR UNKNOWN: unknown error, open 'C:\Users\Kawinpat\Documents\Codex\2026-09-04\new-chat\node_modules\@babel\helper-validator-option\LICENSE'
5396 silly tar TAR_ENTRY_ERROR UNKNOWN: unknown error, open 'C:\Users\Kawinpat\Documents\Codex\2026-09-04\new-chat\node_modules\@babel\helper-validator-option\LICENSE' [Error: UNKNOWN: unknown error, open 'C:\Users\Kawinpat\Documents\Codex\2026-09-04\new-chat\node_modules\@babel\helper-validator-option\LICENSE'] {
5396 silly tar   errno: -4094,
5396 silly tar   code: 'UNKNOWN',
5396 silly tar   syscall: 'open',
5396 silly tar   path: 'C:\\Users\\Kawinpat\\Documents\\Codex\\2026-09-04\\new-chat\\node_modules\\@babel\\helper-validator-option\\LICENSE',
5396 silly tar   entry: Ls {
5396 silly tar     _events: [Object: null prototype] {},
5396 silly tar     _eventsCount: 0,
5396 silly tar     _maxListeners: undefined,
5396 silly tar     writable: false,
5396 silly tar     readable: false,
5396 silly tar     extended: undefined,
5396 silly tar     globalExtended: undefined,
5396 silly tar     header: Ns {
5396 silly tar       cksumValid: true,
5396 silly tar       needPax: false,
5396 silly tar       nullBlock: false,
5396 silly tar       block: undefined,
5396 silly tar       path: 'package/LICENSE',
5396 silly tar       mode: 420,
5396 silly tar       uid: 0,
5396 silly tar       gid: 0,
5396 silly tar       size: 1106,
5396 silly tar       cksum: 5002,
5396 silly tar       linkpath: '',
5396 silly tar       uname: '',
5396 silly tar       gname: '',
5396 silly tar       devmaj: 0,
5396 silly tar       devmin: 0,
5396 silly tar       atime: undefined,
5396 silly tar       ctime: undefined,
5396 silly tar       mtime: 1984-06-22T21:50:00.000Z,
5396 silly tar       charset: undefined,
5396 silly tar       comment: undefined
5396 silly tar     },
5396 silly tar     startBlockSize: 1536,
5396 silly tar     blockRemain: 0,
5396 silly tar     remain: 0,
5396 silly tar     type: 'File',
5396 silly tar     meta: false,
5396 silly tar     ignore: false,
5396 silly tar     path: 'LICENSE',
5396 silly tar     mode: 438,
5396 silly tar     uid: 0,
5396 silly tar     gid: 0,
5396 silly tar     uname: '',
5396 silly tar     gname: '',
5396 silly tar     size: 1106,
5396 silly tar     mtime: 1984-06-22T21:50:00.000Z,
5396 silly tar     atime: undefined,
5396 silly tar     ctime: undefined,
5396 silly tar     linkpath: undefined,
5396 silly tar     dev: undefined,
5396 silly tar     ino: undefined,
5396 silly tar     nlink: undefined,
5396 silly tar     invalid: false,
5396 silly tar     absolute: 'C:/Users/Kawinpat/Documents/Codex/2026-09-04/new-chat/node_modules/@babel/helper-validator-option/LICENSE',
5396 silly tar     unsupported: false,
5396 silly tar     Symbol(shapeMode): false,
5396 silly tar     Symbol(kCapture): false,
5396 silly tar     Symbol(flowing): false,
5396 silly tar     Symbol(paused): true,
5396 silly tar     Symbol(pipes): [ [qt] ],
5396 silly tar     Symbol(buffer): [],
5396 silly tar     Symbol(objectMode): false,
5396 silly tar     Symbol(encoding): null,
5396 silly tar     Symbol(async): false,
5396 silly tar     Symbol(decoder): null,
5396 silly tar     Symbol(EOF): true,
5396 silly tar     Symbol(emittedEnd): true,
5396 silly tar     Symbol(emittingEnd): false,
5396 silly tar     Symbol(closed): false,
5396 silly tar     Symbol(emittedError): null,
5396 silly tar     Symbol(bufferLength): 0,
5396 silly tar     Symbol(destroyed): false,
5396 silly tar     Symbol(signal): undefined,
5396 silly tar     Symbol(aborted): false,
5396 silly tar     Symbol(dataListeners): 0,
5396 silly tar     Symbol(discarded): false
5396 silly tar   },
5396 silly tar   cwd: 'C:/Users/Kawinpat/Documents/Codex/2026-09-04/new-chat/node_modules/@babel/helper-validator-option',
5396 silly tar   tarCode: 'TAR_ENTRY_ERROR'
5396 silly tar }
5397 warn tar TAR_ENTRY_ERROR UNKNOWN: unknown error, open 'C:\Users\Kawinpat\Documents\Codex\2026-09-04\new-chat\node_modules\picocolors\LICENSE'
5398 silly tar TAR_ENTRY_ERROR UNKNOWN: unknown error, open 'C:\Users\Kawinpat\Documents\Codex\2026-09-04\new-chat\node_modules\picocolors\LICENSE' [Error: UNKNOWN: unknown error, open 'C:\Users\Kawinpat\Documents\Codex\2026-09-04\new-chat\node_modules\picocolors\LICENSE'] {
5398 silly tar   errno: -4094,
5398 silly tar   code: 'UNKNOWN',
5398 silly tar   syscall: 'open',
5398 silly tar   path: 'C:\\Users\\Kawinpat\\Documents\\Codex\\2026-09-04\\new-chat\\node_modules\\picocolors\\LICENSE',
5398 silly tar   entry: Ls {
5398 silly tar     _events: [Object: null prototype] {},
5398 silly tar     _eventsCount: 0,
5398 silly tar     _maxListeners: undefined,
5398 silly tar     writable: false,
5398 silly tar     readable: false,
5398 silly tar     extended: undefined,
5398 silly tar     globalExtended: undefined,
5398 silly tar     header: Ns {
5398 silly tar       cksumValid: true,
5398 silly tar       needPax: false,
5398 silly tar       nullBlock: false,
5398 silly tar       block: undefined,
5398 silly tar       path: 'package/LICENSE',
5398 silly tar       mode: 420,
5398 silly tar       uid: undefined,
5398 silly tar       gid: undefined,
5398 silly tar       size: 787,
5398 silly tar       cksum: 4277,
5398 silly tar       linkpath: '',
5398 silly tar       uname: '',
5398 silly tar       gname: '',
5398 silly tar       devmaj: 0,
5398 silly tar       devmin: 0,
5398 silly tar       atime: undefined,
5398 silly tar       ctime: undefined,
5398 silly tar       mtime: 1985-10-26T08:15:00.000Z,
5398 silly tar       charset: undefined,
5398 silly tar       comment: undefined
5398 silly tar     },
5398 silly tar     startBlockSize: 1024,
5398 silly tar     blockRemain: 0,
5398 silly tar     remain: 0,
5398 silly tar     type: 'File',
5398 silly tar     meta: false,
5398 silly tar     ignore: false,
5398 silly tar     path: 'LICENSE',
5398 silly tar     mode: 438,
5398 silly tar     uid: undefined,
5398 silly tar     gid: undefined,
5398 silly tar     uname: '',
5398 silly tar     gname: '',
5398 silly tar     size: 787,
5398 silly tar     mtime: 1985-10-26T08:15:00.000Z,
5398 silly tar     atime: undefined,
5398 silly tar     ctime: undefined,
5398 silly tar     linkpath: undefined,
5398 silly tar     dev: undefined,
5398 silly tar     ino: undefined,
5398 silly tar     nlink: undefined,
5398 silly tar     invalid: false,
5398 silly tar     absolute: 'C:/Users/Kawinpat/Documents/Codex/2026-09-04/new-chat/node_modules/picocolors/LICENSE',
5398 silly tar     unsupported: false,
5398 silly tar     Symbol(shapeMode): false,
5398 silly tar     Symbol(kCapture): false,
5398 silly tar     Symbol(flowing): false,
5398 silly tar     Symbol(paused): true,
5398 silly tar     Symbol(pipes): [ [qt] ],
5398 silly tar     Symbol(buffer): [],
5398 silly tar     Symbol(objectMode): false,
5398 silly tar     Symbol(encoding): null,
5398 silly tar     Symbol(async): false,
5398 silly tar     Symbol(decoder): null,
5398 silly tar     Symbol(EOF): true,
5398 silly tar     Symbol(emittedEnd): true,
5398 silly tar     Symbol(emittingEnd): false,
5398 silly tar     Symbol(closed): false,
5398 silly tar     Symbol(emittedError): null,
5398 silly tar     Symbol(bufferLength): 0,
5398 silly tar     Symbol(destroyed): false,
5398 silly tar     Symbol(signal): undefined,
5398 silly tar     Symbol(aborted): false,
5398 silly tar     Symbol(dataListeners): 0,
5398 silly tar     Symbol(discarded): false
5398 silly tar   },
5398 silly tar   cwd: 'C:/Users/Kawinpat/Documents/Codex/2026-09-04/new-chat/node_modules/picocolors',
5398 silly tar   tarCode: 'TAR_ENTRY_ERROR'
5398 silly tar }
5399 warn tar TAR_ENTRY_ERROR UNKNOWN: unknown error, open 'C:\Users\Kawinpat\Documents\Codex\2026-09-04\new-chat\node_modules\@babel\helper-validator-identifier\LICENSE'
5400 silly tar TAR_ENTRY_ERROR UNKNOWN: unknown error, open 'C:\Users\Kawinpat\Documents\Codex\2026-09-04\new-chat\node_modules\@babel\helper-validator-identifier\LICENSE' [Error: UNKNOWN: unknown error, open 'C:\Users\Kawinpat\Documents\Codex\2026-09-04\new-chat\node_modules\@babel\helper-validator-identifier\LICENSE'] {
5400 silly tar   errno: -4094,
5400 silly tar   code: 'UNKNOWN',
5400 silly tar   syscall: 'open',
5400 silly tar   path: 'C:\\Users\\Kawinpat\\Documents\\Codex\\2026-09-04\\new-chat\\node_modules\\@babel\\helper-validator-identifier\\LICENSE',
5400 silly tar   entry: Ls {
5400 silly tar     _events: [Object: null prototype] {},
5400 silly tar     _eventsCount: 0,
5400 silly tar     _maxListeners: undefined,
5400 silly tar     writable: false,
5400 silly tar     readable: false,
5400 silly tar     extended: undefined,
5400 silly tar     globalExtended: undefined,
5400 silly tar     header: Ns {
5400 silly tar       cksumValid: true,
5400 silly tar       needPax: false,
5400 silly tar       nullBlock: false,
5400 silly tar       block: undefined,
5400 silly tar       path: 'package/LICENSE',
5400 silly tar       mode: 420,
5400 silly tar       uid: 0,
5400 silly tar       gid: 0,
5400 silly tar       size: 1106,
5400 silly tar       cksum: 5002,
5400 silly tar       linkpath: '',
5400 silly tar       uname: '',
5400 silly tar       gname: '',
5400 silly tar       devmaj: 0,
5400 silly tar       devmin: 0,
5400 silly tar       atime: undefined,
5400 silly tar       ctime: undefined,
5400 silly tar       mtime: 1984-06-22T21:50:00.000Z,
5400 silly tar       charset: undefined,
5400 silly tar       comment: undefined
5400 silly tar     },
5400 silly tar     startBlockSize: 1536,
5400 silly tar     blockRemain: 0,
5400 silly tar     remain: 0,
5400 silly tar     type: 'File',
5400 silly tar     meta: false,
5400 silly tar     ignore: false,
5400 silly tar     path: 'LICENSE',
5400 silly tar     mode: 438,
5400 silly tar     uid: 0,
5400 silly tar     gid: 0,
5400 silly tar     uname: '',
5400 silly tar     gname: '',
5400 silly tar     size: 1106,
5400 silly tar     mtime: 1984-06-22T21:50:00.000Z,
5400 silly tar     atime: undefined,
5400 silly tar     ctime: undefined,
5400 silly tar     linkpath: undefined,
5400 silly tar     dev: undefined,
5400 silly tar     ino: undefined,
5400 silly tar     nlink: undefined,
5400 silly tar     invalid: false,
5400 silly tar     absolute: 'C:/Users/Kawinpat/Documents/Codex/2026-09-04/new-chat/node_modules/@babel/helper-validator-identifier/LICENSE',
5400 silly tar     unsupported: false,
5400 silly tar     Symbol(shapeMode): false,
5400 silly tar     Symbol(kCapture): false,
5400 silly tar     Symbol(flowing): false,
5400 silly tar     Symbol(paused): true,
5400 silly tar     Symbol(pipes): [ [qt] ],
5400 silly tar     Symbol(buffer): [],
5400 silly tar     Symbol(objectMode): false,
5400 silly tar     Symbol(encoding): null,
5400 silly tar     Symbol(async): false,
5400 silly tar     Symbol(decoder): null,
5400 silly tar     Symbol(EOF): true,
5400 silly tar     Symbol(emittedEnd): true,
5400 silly tar     Symbol(emittingEnd): false,
5400 silly tar     Symbol(closed): false,
5400 silly tar     Symbol(emittedError): null,
5400 silly tar     Symbol(bufferLength): 0,
5400 silly tar     Symbol(destroyed): false,
5400 silly tar     Symbol(signal): undefined,
5400 silly tar     Symbol(aborted): false,
5400 silly tar     Symbol(dataListeners): 0,
5400 silly tar     Symbol(discarded): false
5400 silly tar   },
5400 silly tar   cwd: 'C:/Users/Kawinpat/Documents/Codex/2026-09-04/new-chat/node_modules/@babel/helper-validator-identifier',
5400 silly tar   tarCode: 'TAR_ENTRY_ERROR'
5400 silly tar }
5401 warn tar TAR_ENTRY_ERROR UNKNOWN: unknown error, open 'C:\Users\Kawinpat\Documents\Codex\2026-09-04\new-chat\node_modules\@rollup\plugin-alias\dist\index.js'
5402 silly tar TAR_ENTRY_ERROR UNKNOWN: unknown error, open 'C:\Users\Kawinpat\Documents\Codex\2026-09-04\new-chat\node_modules\@rollup\plugin-alias\dist\index.js' [Error: UNKNOWN: unknown error, open 'C:\Users\Kawinpat\Documents\Codex\2026-09-04\new-chat\node_modules\@rollup\plugin-alias\dist\index.js'] {
5402 silly tar   errno: -4094,
5402 silly tar   code: 'UNKNOWN',
5402 silly tar   syscall: 'open',
5402 silly tar   path: 'C:\\Users\\Kawinpat\\Documents\\Codex\\2026-09-04\\new-chat\\node_modules\\@rollup\\plugin-alias\\dist\\index.js',
5402 silly tar   entry: Ls {
5402 silly tar     _events: [Object: null prototype] {},
5402 silly tar     _eventsCount: 0,
5402 silly tar     _maxListeners: undefined,
5402 silly tar     writable: false,
5402 silly tar     readable: false,
5402 silly tar     extended: undefined,
5402 silly tar     globalExtended: undefined,
5402 silly tar     header: Ns {
5402 silly tar       cksumValid: true,
5402 silly tar       needPax: false,
5402 silly tar       nullBlock: false,
5402 silly tar       block: undefined,
5402 silly tar       path: 'package/dist/index.js',
5402 silly tar       mode: 420,
5402 silly tar       uid: 0,
5402 silly tar       gid: 0,
5402 silly tar       size: 3260,
5402 silly tar       cksum: 5793,
5402 silly tar       linkpath: '',
5402 silly tar       uname: '',
5402 silly tar       gname: '',
5402 silly tar       devmaj: 0,
5402 silly tar       devmin: 0,
5402 silly tar       atime: undefined,
5402 silly tar       ctime: undefined,
5402 silly tar       mtime: 1985-10-26T08:15:00.000Z,
5402 silly tar       charset: undefined,
5402 silly tar       comment: undefined
5402 silly tar     },
5402 silly tar     startBlockSize: 3584,
5402 silly tar     blockRemain: 0,
5402 silly tar     remain: 0,
5402 silly tar     type: 'File',
5402 silly tar     meta: false,
5402 silly tar     ignore: false,
5402 silly tar     path: 'dist/index.js',
5402 silly tar     mode: 438,
5402 silly tar     uid: 0,
5402 silly tar     gid: 0,
5402 silly tar     uname: '',
5402 silly tar     gname: '',
5402 silly tar     size: 3260,
5402 silly tar     mtime: 1985-10-26T08:15:00.000Z,
5402 silly tar     atime: undefined,
5402 silly tar     ctime: undefined,
5402 silly tar     linkpath: undefined,
5402 silly tar     dev: undefined,
5402 silly tar     ino: undefined,
5402 silly tar     nlink: undefined,
5402 silly tar     invalid: false,
5402 silly tar     absolute: 'C:/Users/Kawinpat/Documents/Codex/2026-09-04/new-chat/node_modules/@rollup/plugin-alias/dist/index.js',
5402 silly tar     unsupported: false,
5402 silly tar     Symbol(shapeMode): false,
5402 silly tar     Symbol(kCapture): false,
5402 silly tar     Symbol(flowing): false,
5402 silly tar     Symbol(paused): true,
5402 silly tar     Symbol(pipes): [ [qt] ],
5402 silly tar     Symbol(buffer): [],
5402 silly tar     Symbol(objectMode): false,
5402 silly tar     Symbol(encoding): null,
5402 silly tar     Symbol(async): false,
5402 silly tar     Symbol(decoder): null,
5402 silly tar     Symbol(EOF): true,
5402 silly tar     Symbol(emittedEnd): true,
5402 silly tar     Symbol(emittingEnd): false,
5402 silly tar     Symbol(closed): false,
5402 silly tar     Symbol(emittedError): null,
5402 silly tar     Symbol(bufferLength): 0,
5402 silly tar     Symbol(destroyed): false,
5402 silly tar     Symbol(signal): undefined,
5402 silly tar     Symbol(aborted): false,
5402 silly tar     Symbol(dataListeners): 0,
5402 silly tar     Symbol(discarded): false
5402 silly tar   },
5402 silly tar   cwd: 'C:/Users/Kawinpat/Documents/Codex/2026-09-04/new-chat/node_modules/@rollup/plugin-alias',
5402 silly tar   tarCode: 'TAR_ENTRY_ERROR'
5402 silly tar }
5403 http fetch GET 200 https://registry.npmjs.org/braces/-/braces-3.0.3.tgz 4363ms (cache miss)
5404 http fetch GET 200 https://registry.npmjs.org/@nodelib/fs.scandir/-/fs.scandir-2.1.5.tgz 4358ms (cache miss)
5405 http fetch GET 200 https://registry.npmjs.org/glob-parent/-/glob-parent-5.1.2.tgz 4354ms (cache miss)
5406 http fetch GET 200 https://registry.npmjs.org/slash/-/slash-5.1.0.tgz 4349ms (cache miss)
5407 http fetch GET 200 https://registry.npmjs.org/@nodelib/fs.walk/-/fs.walk-1.2.8.tgz 4354ms (cache miss)
5408 http fetch GET 200 https://registry.npmjs.org/micromatch/-/micromatch-4.0.8.tgz 4349ms (cache miss)
5409 http fetch GET 200 https://registry.npmjs.org/@sindresorhus/merge-streams/-/merge-streams-4.0.0.tgz 4353ms (cache miss)
5410 http fetch GET 200 https://registry.npmjs.org/unicorn-magic/-/unicorn-magic-0.4.0.tgz 4354ms (cache miss)
5411 warn tar TAR_ENTRY_ERROR UNKNOWN: unknown error, open 'C:\Users\Kawinpat\Documents\Codex\2026-09-04\new-chat\node_modules\@rollup\pluginutils\dist\cjs\index.js'
5412 silly tar TAR_ENTRY_ERROR UNKNOWN: unknown error, open 'C:\Users\Kawinpat\Documents\Codex\2026-09-04\new-chat\node_modules\@rollup\pluginutils\dist\cjs\index.js' [Error: UNKNOWN: unknown error, open 'C:\Users\Kawinpat\Documents\Codex\2026-09-04\new-chat\node_modules\@rollup\pluginutils\dist\cjs\index.js'] {
5412 silly tar   errno: -4094,
5412 silly tar   code: 'UNKNOWN',
5412 silly tar   syscall: 'open',
5412 silly tar   path: 'C:\\Users\\Kawinpat\\Documents\\Codex\\2026-09-04\\new-chat\\node_modules\\@rollup\\pluginutils\\dist\\cjs\\index.js',
5412 silly tar   entry: Ls {
5412 silly tar     _events: [Object: null prototype] { end: [Array] },
5412 silly tar     _eventsCount: 1,
5412 silly tar     _maxListeners: undefined,
5412 silly tar     writable: false,
5412 silly tar     readable: true,
5412 silly tar     extended: undefined,
5412 silly tar     globalExtended: undefined,
5412 silly tar     header: Ns {
5412 silly tar       cksumValid: true,
5412 silly tar       needPax: false,
5412 silly tar       nullBlock: false,
5412 silly tar       block: undefined,
5412 silly tar       path: 'package/./dist/cjs/index.js',
5412 silly tar       mode: 420,
5412 silly tar       uid: 0,
5412 silly tar       gid: 0,
5412 silly tar       size: 16989,
5412 silly tar       cksum: 6248,
5412 silly tar       linkpath: '',
5412 silly tar       uname: '',
5412 silly tar       gname: '',
5412 silly tar       devmaj: 0,
5412 silly tar       devmin: 0,
5412 silly tar       atime: undefined,
5412 silly tar       ctime: undefined,
5412 silly tar       mtime: 1985-10-26T08:15:00.000Z,
5412 silly tar       charset: undefined,
5412 silly tar       comment: undefined
5412 silly tar     },
5412 silly tar     startBlockSize: 17408,
5412 silly tar     blockRemain: 0,
5412 silly tar     remain: 0,
5412 silly tar     type: 'File',
5412 silly tar     meta: false,
5412 silly tar     ignore: false,
5412 silly tar     path: './dist/cjs/index.js',
5412 silly tar     mode: 438,
5412 silly tar     uid: 0,
5412 silly tar     gid: 0,
5412 silly tar     uname: '',
5412 silly tar     gname: '',
5412 silly tar     size: 16989,
5412 silly tar     mtime: 1985-10-26T08:15:00.000Z,
5412 silly tar     atime: undefined,
5412 silly tar     ctime: undefined,
5412 silly tar     linkpath: undefined,
5412 silly tar     dev: undefined,
5412 silly tar     ino: undefined,
5412 silly tar     nlink: undefined,
5412 silly tar     invalid: false,
5412 silly tar     absolute: 'C:/Users/Kawinpat/Documents/Codex/2026-09-04/new-chat/node_modules/@rollup/pluginutils/dist/cjs/index.js',
5412 silly tar     unsupported: false,
5412 silly tar     Symbol(shapeMode): false,
5412 silly tar     Symbol(kCapture): false,
5412 silly tar     Symbol(flowing): false,
5412 silly tar     Symbol(paused): true,
5412 silly tar     Symbol(pipes): [ [qt] ],
5412 silly tar     Symbol(buffer): [
5412 silly tar       <Buffer 7c 5b 5c 5d 7b 7d 5d 2f 67 3b 0a 66 75 6e 63 74 69 6f 6e 20 65 73 63 61 70 65 52 65 67 65 78 28 73 74 72 29 20 7b 0a 20 20 20 20 72 65 74 75 72 6e 20 ... 1067 more bytes>
5412 silly tar     ],
5412 silly tar     Symbol(objectMode): false,
5412 silly tar     Symbol(encoding): null,
5412 silly tar     Symbol(async): false,
5412 silly tar     Symbol(decoder): null,
5412 silly tar     Symbol(EOF): true,
5412 silly tar     Symbol(emittedEnd): false,
5412 silly tar     Symbol(emittingEnd): false,
5412 silly tar     Symbol(closed): false,
5412 silly tar     Symbol(emittedError): null,
5412 silly tar     Symbol(bufferLength): 1117,
5412 silly tar     Symbol(destroyed): false,
5412 silly tar     Symbol(signal): undefined,
5412 silly tar     Symbol(aborted): false,
5412 silly tar     Symbol(dataListeners): 0,
5412 silly tar     Symbol(discarded): false
5412 silly tar   },
5412 silly tar   cwd: 'C:/Users/Kawinpat/Documents/Codex/2026-09-04/new-chat/node_modules/@rollup/pluginutils',
5412 silly tar   tarCode: 'TAR_ENTRY_ERROR'
5412 silly tar }
5413 warn tar TAR_ENTRY_ERROR UNKNOWN: unknown error, open 'C:\Users\Kawinpat\Documents\Codex\2026-09-04\new-chat\node_modules\unplugin-utils\dist\index.js'
5414 silly tar TAR_ENTRY_ERROR UNKNOWN: unknown error, open 'C:\Users\Kawinpat\Documents\Codex\2026-09-04\new-chat\node_modules\unplugin-utils\dist\index.js' [Error: UNKNOWN: unknown error, open 'C:\Users\Kawinpat\Documents\Codex\2026-09-04\new-chat\node_modules\unplugin-utils\dist\index.js'] {
5414 silly tar   errno: -4094,
5414 silly tar   code: 'UNKNOWN',
5414 silly tar   syscall: 'open',
5414 silly tar   path: 'C:\\Users\\Kawinpat\\Documents\\Codex\\2026-09-04\\new-chat\\node_modules\\unplugin-utils\\dist\\index.js',
5414 silly tar   entry: Ls {
5414 silly tar     _events: [Object: null prototype] {},
5414 silly tar     _eventsCount: 0,
5414 silly tar     _maxListeners: undefined,
5414 silly tar     writable: false,
5414 silly tar     readable: false,
5414 silly tar     extended: undefined,
5414 silly tar     globalExtended: undefined,
5414 silly tar     header: Ns {
5414 silly tar       cksumValid: true,
5414 silly tar       needPax: false,
5414 silly tar       nullBlock: false,
5414 silly tar       block: undefined,
5414 silly tar       path: 'package/dist/index.js',
5414 silly tar       mode: 420,
5414 silly tar       uid: 0,
5414 silly tar       gid: 0,
5414 silly tar       size: 2560,
5414 silly tar       cksum: 5779,
5414 silly tar       linkpath: '',
5414 silly tar       uname: '',
5414 silly tar       gname: '',
5414 silly tar       devmaj: 0,
5414 silly tar       devmin: 0,
5414 silly tar       atime: undefined,
5414 silly tar       ctime: undefined,
5414 silly tar       mtime: 1985-10-26T08:15:00.000Z,
5414 silly tar       charset: undefined,
5414 silly tar       comment: undefined
5414 silly tar     },
5414 silly tar     startBlockSize: 2560,
5414 silly tar     blockRemain: 0,
5414 silly tar     remain: 0,
5414 silly tar     type: 'File',
5414 silly tar     meta: false,
5414 silly tar     ignore: false,
5414 silly tar     path: 'dist/index.js',
5414 silly tar     mode: 438,
5414 silly tar     uid: 0,
5414 silly tar     gid: 0,
5414 silly tar     uname: '',
5414 silly tar     gname: '',
5414 silly tar     size: 2560,
5414 silly tar     mtime: 1985-10-26T08:15:00.000Z,
5414 silly tar     atime: undefined,
5414 silly tar     ctime: undefined,
5414 silly tar     linkpath: undefined,
5414 silly tar     dev: undefined,
5414 silly tar     ino: undefined,
5414 silly tar     nlink: undefined,
5414 silly tar     invalid: false,
5414 silly tar     absolute: 'C:/Users/Kawinpat/Documents/Codex/2026-09-04/new-chat/node_modules/unplugin-utils/dist/index.js',
5414 silly tar     unsupported: false,
5414 silly tar     Symbol(shapeMode): false,
5414 silly tar     Symbol(kCapture): false,
5414 silly tar     Symbol(flowing): false,
5414 silly tar     Symbol(paused): true,
5414 silly tar     Symbol(pipes): [ [qt] ],
5414 silly tar     Symbol(buffer): [],
5414 silly tar     Symbol(objectMode): false,
5414 silly tar     Symbol(encoding): null,
5414 silly tar     Symbol(async): false,
5414 silly tar     Symbol(decoder): null,
5414 silly tar     Symbol(EOF): true,
5414 silly tar     Symbol(emittedEnd): true,
5414 silly tar     Symbol(emittingEnd): false,
5414 silly tar     Symbol(closed): false,
5414 silly tar     Symbol(emittedError): null,
5414 silly tar     Symbol(bufferLength): 0,
5414 silly tar     Symbol(destroyed): false,
5414 silly tar     Symbol(signal): undefined,
5414 silly tar     Symbol(aborted): false,
5414 silly tar     Symbol(dataListeners): 0,
5414 silly tar     Symbol(discarded): false
5414 silly tar   },
5414 silly tar   cwd: 'C:/Users/Kawinpat/Documents/Codex/2026-09-04/new-chat/node_modules/unplugin-utils',
5414 silly tar   tarCode: 'TAR_ENTRY_ERROR'
5414 silly tar }
5415 warn tar TAR_ENTRY_ERROR UNKNOWN: unknown error, open 'C:\Users\Kawinpat\Documents\Codex\2026-09-04\new-chat\node_modules\@babel\parser\CHANGELOG.md'
5416 silly tar TAR_ENTRY_ERROR UNKNOWN: unknown error, open 'C:\Users\Kawinpat\Documents\Codex\2026-09-04\new-chat\node_modules\@babel\parser\CHANGELOG.md' [Error: UNKNOWN: unknown error, open 'C:\Users\Kawinpat\Documents\Codex\2026-09-04\new-chat\node_modules\@babel\parser\CHANGELOG.md'] {
5416 silly tar   errno: -4094,
5416 silly tar   code: 'UNKNOWN',
5416 silly tar   syscall: 'open',
5416 silly tar   path: 'C:\\Users\\Kawinpat\\Documents\\Codex\\2026-09-04\\new-chat\\node_modules\\@babel\\parser\\CHANGELOG.md',
5416 silly tar   entry: Ls {
5416 silly tar     _events: [Object: null prototype] { end: [Array] },
5416 silly tar     _eventsCount: 1,
5416 silly tar     _maxListeners: undefined,
5416 silly tar     writable: false,
5416 silly tar     readable: true,
5416 silly tar     extended: undefined,
5416 silly tar     globalExtended: undefined,
5416 silly tar     header: Ns {
5416 silly tar       cksumValid: true,
5416 silly tar       needPax: false,
5416 silly tar       nullBlock: false,
5416 silly tar       block: undefined,
5416 silly tar       path: 'package/CHANGELOG.md',
5416 silly tar       mode: 420,
5416 silly tar       uid: 0,
5416 silly tar       gid: 0,
5416 silly tar       size: 38238,
5416 silly tar       cksum: 5401,
5416 silly tar       linkpath: '',
5416 silly tar       uname: '',
5416 silly tar       gname: '',
5416 silly tar       devmaj: 0,
5416 silly tar       devmin: 0,
5416 silly tar       atime: undefined,
5416 silly tar       ctime: undefined,
5416 silly tar       mtime: 1984-06-22T21:50:00.000Z,
5416 silly tar       charset: undefined,
5416 silly tar       comment: undefined
5416 silly tar     },
5416 silly tar     startBlockSize: 38400,
5416 silly tar     blockRemain: 0,
5416 silly tar     remain: 0,
5416 silly tar     type: 'File',
5416 silly tar     meta: false,
5416 silly tar     ignore: false,
5416 silly tar     path: 'CHANGELOG.md',
5416 silly tar     mode: 438,
5416 silly tar     uid: 0,
5416 silly tar     gid: 0,
5416 silly tar     uname: '',
5416 silly tar     gname: '',
5416 silly tar     size: 38238,
5416 silly tar     mtime: 1984-06-22T21:50:00.000Z,
5416 silly tar     atime: undefined,
5416 silly tar     ctime: undefined,
5416 silly tar     linkpath: undefined,
5416 silly tar     dev: undefined,
5416 silly tar     ino: undefined,
5416 silly tar     nlink: undefined,
5416 silly tar     invalid: false,
5416 silly tar     absolute: 'C:/Users/Kawinpat/Documents/Codex/2026-09-04/new-chat/node_modules/@babel/parser/CHANGELOG.md',
5416 silly tar     unsupported: false,
5416 silly tar     Symbol(shapeMode): false,
5416 silly tar     Symbol(kCapture): false,
5416 silly tar     Symbol(flowing): false,
5416 silly tar     Symbol(paused): true,
5416 silly tar     Symbol(pipes): [ [qt] ],
5416 silly tar     Symbol(buffer): [
5416 silly tar       <Buffer 20 28 5b 23 32 34 30 5d 28 68 74 74 70 73 3a 2f 2f 67 69 74 68 75 62 2e 63 6f 6d 2f 62 61 62 65 6c 2f 62 61 62 79 6c 6f 6e 2f 70 75 6c 6c 2f 32 34 30 ... 16334 more bytes>,
5416 silly tar       <Buffer 67 46 75 6e 63 74 69 6f 6e 43 6f 6d 6d 61 73 20 70 6c 75 67 69 6e 73 20 61 6e 64 20 65 6e 61 62 6c 65 20 74 68 65 6d 20 62 79 20 64 65 66 61 75 6c 74 ... 5932 more bytes>
5416 silly tar     ],
5416 silly tar     Symbol(objectMode): false,
5416 silly tar     Symbol(encoding): null,
5416 silly tar     Symbol(async): false,
5416 silly tar     Symbol(decoder): null,
5416 silly tar     Symbol(EOF): true,
5416 silly tar     Symbol(emittedEnd): false,
5416 silly tar     Symbol(emittingEnd): false,
5416 silly tar     Symbol(closed): false,
5416 silly tar     Symbol(emittedError): null,
5416 silly tar     Symbol(bufferLength): 22366,
5416 silly tar     Symbol(destroyed): false,
5416 silly tar     Symbol(signal): undefined,
5416 silly tar     Symbol(aborted): false,
5416 silly tar     Symbol(dataListeners): 0,
5416 silly tar     Symbol(discarded): false
5416 silly tar   },
5416 silly tar   cwd: 'C:/Users/Kawinpat/Documents/Codex/2026-09-04/new-chat/node_modules/@babel/parser',
5416 silly tar   tarCode: 'TAR_ENTRY_ERROR'
5416 silly tar }
5417 warn tar TAR_ENTRY_ERROR ENOENT: no such file or directory, rename 'C:\Users\Kawinpat\Documents\Codex\2026-09-04\new-chat\node_modules\@rollup\plugin-json\dist\cjs\index.js' -> 'C:\Users\Kawinpat\Documents\Codex\2026-09-04\new-chat\node_modules\@rollup\plugin-json\dist\cjs\index.js.DELETE.f5bbe2297bb60351ef46f3770558619a'
5418 silly tar TAR_ENTRY_ERROR ENOENT: no such file or directory, rename 'C:\Users\Kawinpat\Documents\Codex\2026-09-04\new-chat\node_modules\@rollup\plugin-json\dist\cjs\index.js' -> 'C:\Users\Kawinpat\Documents\Codex\2026-09-04\new-chat\node_modules\@rollup\plugin-json\dist\cjs\index.js.DELETE.f5bbe2297bb60351ef46f3770558619a' [Error: ENOENT: no such file or directory, rename 'C:\Users\Kawinpat\Documents\Codex\2026-09-04\new-chat\node_modules\@rollup\plugin-json\dist\cjs\index.js' -> 'C:\Users\Kawinpat\Documents\Codex\2026-09-04\new-chat\node_modules\@rollup\plugin-json\dist\cjs\index.js.DELETE.f5bbe2297bb60351ef46f3770558619a'] {
5418 silly tar   errno: -4058,
5418 silly tar   code: 'ENOENT',
5418 silly tar   syscall: 'rename',
5418 silly tar   path: 'C:\\Users\\Kawinpat\\Documents\\Codex\\2026-09-04\\new-chat\\node_modules\\@rollup\\plugin-json\\dist\\cjs\\index.js',
5418 silly tar   dest: 'C:\\Users\\Kawinpat\\Documents\\Codex\\2026-09-04\\new-chat\\node_modules\\@rollup\\plugin-json\\dist\\cjs\\index.js.DELETE.f5bbe2297bb60351ef46f3770558619a',
5418 silly tar   entry: Ls {
5418 silly tar     _events: [Object: null prototype] { end: [Array] },
5418 silly tar     _eventsCount: 1,
5418 silly tar     _maxListeners: undefined,
5418 silly tar     writable: false,
5418 silly tar     readable: true,
5418 silly tar     extended: undefined,
5418 silly tar     globalExtended: undefined,
5418 silly tar     header: Ns {
5418 silly tar       cksumValid: true,
5418 silly tar       needPax: false,
5418 silly tar       nullBlock: false,
5418 silly tar       block: undefined,
5418 silly tar       path: 'package/./dist/cjs/index.js',
5418 silly tar       mode: 420,
5418 silly tar       uid: 0,
5418 silly tar       gid: 0,
5418 silly tar       size: 1213,
5418 silly tar       cksum: 6250,
5418 silly tar       linkpath: '',
5418 silly tar       uname: '',
5418 silly tar       gname: '',
5418 silly tar       devmaj: 0,
5418 silly tar       devmin: 0,
5418 silly tar       atime: undefined,
5418 silly tar       ctime: undefined,
5418 silly tar       mtime: 1985-10-26T08:15:00.000Z,
5418 silly tar       charset: undefined,
5418 silly tar       comment: undefined
5418 silly tar     },
5418 silly tar     startBlockSize: 1536,
5418 silly tar     blockRemain: 0,
5418 silly tar     remain: 0,
5418 silly tar     type: 'File',
5418 silly tar     meta: false,
5418 silly tar     ignore: false,
5418 silly tar     path: './dist/cjs/index.js',
5418 silly tar     mode: 438,
5418 silly tar     uid: 0,
5418 silly tar     gid: 0,
5418 silly tar     uname: '',
5418 silly tar     gname: '',
5418 silly tar     size: 1213,
5418 silly tar     mtime: 1985-10-26T08:15:00.000Z,
5418 silly tar     atime: undefined,
5418 silly tar     ctime: undefined,
5418 silly tar     linkpath: undefined,
5418 silly tar     dev: undefined,
5418 silly tar     ino: undefined,
5418 silly tar     nlink: undefined,
5418 silly tar     invalid: false,
5418 silly tar     absolute: 'C:/Users/Kawinpat/Documents/Codex/2026-09-04/new-chat/node_modules/@rollup/plugin-json/dist/cjs/index.js',
5418 silly tar     unsupported: false,
5418 silly tar     Symbol(shapeMode): false,
5418 silly tar     Symbol(kCapture): false,
5418 silly tar     Symbol(flowing): false,
5418 silly tar     Symbol(paused): true,
5418 silly tar     Symbol(pipes): [],
5418 silly tar     Symbol(buffer): [
5418 silly tar       <Buffer 27 75 73 65 20 73 74 72 69 63 74 27 3b 0a 0a 4f 62 6a 65 63 74 2e 64 65 66 69 6e 65 50 72 6f 70 65 72 74 79 28 65 78 70 6f 72 74 73 2c 20 27 5f 5f 65 ... 1163 more bytes>
5418 silly tar     ],
5418 silly tar     Symbol(objectMode): false,
5418 silly tar     Symbol(encoding): null,
5418 silly tar     Symbol(async): false,
5418 silly tar     Symbol(decoder): null,
5418 silly tar     Symbol(EOF): true,
5418 silly tar     Symbol(emittedEnd): false,
5418 silly tar     Symbol(emittingEnd): false,
5418 silly tar     Symbol(closed): false,
5418 silly tar     Symbol(emittedError): null,
5418 silly tar     Symbol(bufferLength): 1213,
5418 silly tar     Symbol(destroyed): false,
5418 silly tar     Symbol(signal): undefined,
5418 silly tar     Symbol(aborted): false,
5418 silly tar     Symbol(dataListeners): 0,
5418 silly tar     Symbol(discarded): false
5418 silly tar   },
5418 silly tar   cwd: 'C:/Users/Kawinpat/Documents/Codex/2026-09-04/new-chat/node_modules/@rollup/plugin-json',
5418 silly tar   tarCode: 'TAR_ENTRY_ERROR'
5418 silly tar }
5419 http fetch GET 200 https://registry.npmjs.org/sax/-/sax-1.6.1.tgz 4722ms (cache miss)
5420 http fetch GET 200 https://registry.npmjs.org/normalize-path/-/normalize-path-3.0.0.tgz 4732ms (cache miss)
5421 http fetch GET 200 https://registry.npmjs.org/file-uri-to-path/-/file-uri-to-path-1.0.0.tgz 4733ms (cache miss)
5422 http fetch GET 200 https://registry.npmjs.org/lazystream/-/lazystream-1.0.1.tgz 4734ms (cache miss)
5423 http fetch GET 200 https://registry.npmjs.org/archiver-utils/-/archiver-utils-5.0.2.tgz 4775ms (cache miss)
5424 http fetch GET 200 https://registry.npmjs.org/tar-stream/-/tar-stream-3.2.1.tgz 4778ms (cache miss)
5425 http fetch GET 200 https://registry.npmjs.org/nopt/-/nopt-8.1.0.tgz 4896ms (cache miss)
5426 http fetch GET 200 https://registry.npmjs.org/readdir-glob/-/readdir-glob-1.1.3.tgz 4935ms (cache miss)
5427 http fetch GET 200 https://registry.npmjs.org/safe-buffer/-/safe-buffer-5.2.1.tgz 5065ms (cache miss)
5428 http fetch GET 200 https://registry.npmjs.org/http-errors/-/http-errors-2.0.1.tgz 5109ms (cache miss)
5429 http fetch GET 200 https://registry.npmjs.org/resolve-from/-/resolve-from-5.0.0.tgz 5053ms (cache miss)
5430 http fetch GET 200 https://registry.npmjs.org/detect-libc/-/detect-libc-2.1.2.tgz 5055ms (cache miss)
5431 http fetch GET 200 https://registry.npmjs.org/async-sema/-/async-sema-3.1.1.tgz 5052ms (cache miss)
5432 http fetch GET 200 https://registry.npmjs.org/bindings/-/bindings-1.5.0.tgz 5053ms (cache miss)
5433 http fetch GET 200 https://registry.npmjs.org/@types/estree/-/estree-1.0.9.tgz 5054ms (cache miss)
5434 http fetch GET 200 https://registry.npmjs.org/node-gyp-build/-/node-gyp-build-4.8.4.tgz 5059ms (cache miss)
5435 http fetch GET 200 https://registry.npmjs.org/@sindresorhus/is/-/is-7.2.0.tgz 5221ms (cache miss)
5436 http fetch GET 200 https://registry.npmjs.org/@oxc-project/types/-/types-0.148.0.tgz 5161ms (cache miss)
5437 http fetch GET 200 https://registry.npmjs.org/on-finished/-/on-finished-2.4.1.tgz 5224ms (cache miss)
5438 http fetch GET 200 https://registry.npmjs.org/serialize-javascript/-/serialize-javascript-7.1.1.tgz 5168ms (cache miss)
5439 http fetch GET 200 https://registry.npmjs.org/acorn-import-attributes/-/acorn-import-attributes-1.9.5.tgz 5172ms (cache miss)
5440 http fetch GET 200 https://registry.npmjs.org/is-reference/-/is-reference-1.2.1.tgz 5263ms (cache miss)
5441 http fetch GET 200 https://registry.npmjs.org/is-module/-/is-module-1.0.0.tgz 5266ms (cache miss)
5442 http fetch GET 200 https://registry.npmjs.org/youch-core/-/youch-core-0.3.3.tgz 5263ms (cache miss)
5443 http fetch GET 200 https://registry.npmjs.org/@types/resolve/-/resolve-1.20.2.tgz 5267ms (cache miss)
5444 http fetch GET 200 https://registry.npmjs.org/commondir/-/commondir-1.0.1.tgz 5265ms (cache miss)
5445 http fetch GET 200 https://registry.npmjs.org/serve-static/-/serve-static-2.2.1.tgz 5421ms (cache miss)
5446 http fetch GET 200 https://registry.npmjs.org/serve-placeholder/-/serve-placeholder-2.0.2.tgz 5422ms (cache miss)
5447 http fetch GET 200 https://registry.npmjs.org/pretty-bytes/-/pretty-bytes-7.1.3.tgz 5421ms (cache miss)
5448 http fetch GET 200 https://registry.npmjs.org/gzip-size/-/gzip-size-7.0.0.tgz 5424ms (cache miss)
5449 http fetch GET 200 https://registry.npmjs.org/db0/-/db0-0.3.4.tgz 5520ms (cache miss)
5450 http fetch GET 200 https://registry.npmjs.org/dot-prop/-/dot-prop-10.2.0.tgz 5522ms (cache miss)
5451 http fetch GET 200 https://registry.npmjs.org/etag/-/etag-1.8.1.tgz 5524ms (cache miss)
5452 http fetch GET 200 https://registry.npmjs.org/archiver/-/archiver-7.0.1.tgz 5523ms (cache miss)
5453 http fetch GET 200 https://registry.npmjs.org/@rollup/plugin-json/-/plugin-json-6.1.0.tgz 5695ms (cache miss)
5454 http fetch GET 200 https://registry.npmjs.org/yallist/-/yallist-3.1.1.tgz 5692ms (cache miss)
5455 http fetch GET 200 https://registry.npmjs.org/quansync/-/quansync-0.2.11.tgz 5692ms (cache miss)
5456 http fetch GET 200 https://registry.npmjs.org/is-extglob/-/is-extglob-2.1.1.tgz 5691ms (cache miss)
5457 http fetch GET 200 https://registry.npmjs.org/is-glob/-/is-glob-4.0.3.tgz 5691ms (cache miss)
5458 http fetch GET 200 https://registry.npmjs.org/@rollup/plugin-terser/-/plugin-terser-1.0.0.tgz 5699ms (cache miss)
5459 http fetch GET 200 https://registry.npmjs.org/http-shutdown/-/http-shutdown-1.2.2.tgz 5705ms (cache miss)
5460 http fetch GET 200 https://registry.npmjs.org/ini/-/ini-4.1.1.tgz 5715ms (cache miss)
5461 http fetch GET 200 https://registry.npmjs.org/is-path-inside/-/is-path-inside-4.0.0.tgz 5714ms (cache miss)
5462 http fetch GET 200 https://registry.npmjs.org/shell-quote/-/shell-quote-1.10.0.tgz 5720ms (cache miss)
5463 http fetch GET 200 https://registry.npmjs.org/global-directory/-/global-directory-4.0.1.tgz 5721ms (cache miss)
5464 http fetch GET 200 https://registry.npmjs.org/unplugin-utils/-/unplugin-utils-0.3.2.tgz 5721ms (cache miss)
5465 http fetch GET 200 https://registry.npmjs.org/radix3/-/radix3-1.1.2.tgz 5747ms (cache miss)
5466 http fetch GET 200 https://registry.npmjs.org/untun/-/untun-0.2.2.tgz 5811ms (cache miss)
5467 http fetch GET 200 https://registry.npmjs.org/fast-string-truncated-width/-/fast-string-truncated-width-3.0.3.tgz 5812ms (cache miss)
5468 http fetch GET 200 https://registry.npmjs.org/path-key/-/path-key-3.1.1.tgz 5812ms (cache miss)
5469 http fetch GET 200 https://registry.npmjs.org/strip-final-newline/-/strip-final-newline-3.0.0.tgz 5812ms (cache miss)
5470 http fetch GET 200 https://registry.npmjs.org/merge-stream/-/merge-stream-2.0.0.tgz 5815ms (cache miss)
5471 http fetch GET 200 https://registry.npmjs.org/is-stream/-/is-stream-3.0.0.tgz 5815ms (cache miss)
5472 http fetch GET 200 https://registry.npmjs.org/shebang-command/-/shebang-command-2.0.0.tgz 5819ms (cache miss)
5473 http fetch GET 200 https://registry.npmjs.org/onetime/-/onetime-6.0.0.tgz 5817ms (cache miss)
5474 http fetch GET 200 https://registry.npmjs.org/get-stream/-/get-stream-8.0.1.tgz 5815ms (cache miss)
5475 http fetch GET 200 https://registry.npmjs.org/postcss-unique-selectors/-/postcss-unique-selectors-8.0.4.tgz 5814ms (cache miss)
5476 http fetch GET 200 https://registry.npmjs.org/npm-run-path/-/npm-run-path-5.3.0.tgz 5819ms (cache miss)
5477 http fetch GET 200 https://registry.npmjs.org/ms/-/ms-2.1.3.tgz 5816ms (cache miss)
5478 http fetch GET 200 https://registry.npmjs.org/postcss-svgo/-/postcss-svgo-8.0.6.tgz 5815ms (cache miss)
5479 http fetch GET 200 https://registry.npmjs.org/human-signals/-/human-signals-5.0.0.tgz 5816ms (cache miss)
5480 http fetch GET 200 https://registry.npmjs.org/postcss-reduce-transforms/-/postcss-reduce-transforms-8.0.4.tgz 5815ms (cache miss)
5481 http fetch GET 200 https://registry.npmjs.org/postcss-normalize-url/-/postcss-normalize-url-8.0.4.tgz 5814ms (cache miss)
5482 http fetch GET 200 https://registry.npmjs.org/postcss-reduce-initial/-/postcss-reduce-initial-8.0.5.tgz 5815ms (cache miss)
5483 http fetch GET 200 https://registry.npmjs.org/postcss-normalize-unicode/-/postcss-normalize-unicode-8.0.4.tgz 5814ms (cache miss)
5484 http fetch GET 200 https://registry.npmjs.org/postcss-normalize-string/-/postcss-normalize-string-8.0.4.tgz 5853ms (cache miss)
5485 http fetch GET 200 https://registry.npmjs.org/postcss-normalize-repeat-style/-/postcss-normalize-repeat-style-8.0.4.tgz 5853ms (cache miss)
5486 http fetch GET 200 https://registry.npmjs.org/postcss-normalize-charset/-/postcss-normalize-charset-8.0.5.tgz 5897ms (cache miss)
5487 http fetch GET 200 https://registry.npmjs.org/postcss-minify-gradients/-/postcss-minify-gradients-8.0.6.tgz 5894ms (cache miss)
5488 http fetch GET 200 https://registry.npmjs.org/postcss-normalize-timing-functions/-/postcss-normalize-timing-functions-8.0.4.tgz 5900ms (cache miss)
5489 http fetch GET 200 https://registry.npmjs.org/postcss-discard-empty/-/postcss-discard-empty-8.0.5.tgz 5892ms (cache miss)
5490 http fetch GET 200 https://registry.npmjs.org/postcss-minify-params/-/postcss-minify-params-8.0.4.tgz 5897ms (cache miss)
5491 http fetch GET 200 https://registry.npmjs.org/postcss-discard-duplicates/-/postcss-discard-duplicates-8.0.4.tgz 5892ms (cache miss)
5492 http fetch GET 200 https://registry.npmjs.org/postcss-convert-values/-/postcss-convert-values-8.0.4.tgz 5891ms (cache miss)
5493 http fetch GET 200 https://registry.npmjs.org/cssnano-utils/-/cssnano-utils-6.0.4.tgz 5891ms (cache miss)
5494 http fetch GET 200 https://registry.npmjs.org/postcss-discard-comments/-/postcss-discard-comments-8.0.4.tgz 5893ms (cache miss)
5495 http fetch GET 200 https://registry.npmjs.org/postcss-colormin/-/postcss-colormin-8.0.5.tgz 5893ms (cache miss)
5496 http fetch GET 200 https://registry.npmjs.org/postcss-discard-overridden/-/postcss-discard-overridden-8.0.4.tgz 5896ms (cache miss)
5497 http fetch GET 200 https://registry.npmjs.org/lilconfig/-/lilconfig-3.1.3.tgz 5892ms (cache miss)
5498 http fetch GET 200 https://registry.npmjs.org/readdirp/-/readdirp-5.1.1.tgz 5892ms (cache miss)
5499 http fetch GET 200 https://registry.npmjs.org/update-browserslist-db/-/update-browserslist-db-1.3.2.tgz 5891ms (cache miss)
5500 http fetch GET 200 https://registry.npmjs.org/node-releases/-/node-releases-2.0.54.tgz 5892ms (cache miss)
5501 http fetch GET 200 https://registry.npmjs.org/postcss-normalize-positions/-/postcss-normalize-positions-8.0.4.tgz 5905ms (cache miss)
5502 http fetch GET 200 https://registry.npmjs.org/postcss-normalize-display-values/-/postcss-normalize-display-values-8.0.4.tgz 5907ms (cache miss)
5503 http fetch GET 200 https://registry.npmjs.org/@rollup/plugin-alias/-/plugin-alias-6.0.0.tgz 6064ms (cache miss)
5504 http fetch GET 200 https://registry.npmjs.org/@babel/plugin-syntax-jsx/-/plugin-syntax-jsx-7.29.7.tgz 6019ms (cache miss)
5505 http fetch GET 200 https://registry.npmjs.org/postcss-value-parser/-/postcss-value-parser-4.2.0.tgz 6025ms (cache miss)
5506 http fetch GET 200 https://registry.npmjs.org/cssnano-preset-default/-/cssnano-preset-default-8.0.10.tgz 6029ms (cache miss)
5507 http fetch GET 200 https://registry.npmjs.org/zip-stream/-/zip-stream-6.0.1.tgz 6136ms (cache miss)
5508 http fetch GET 200 https://registry.npmjs.org/@babel/helper-optimise-call-expression/-/helper-optimise-call-expression-7.29.7.tgz 6130ms (cache miss)
5509 http fetch GET 200 https://registry.npmjs.org/@babel/helper-skip-transparent-expression-wrappers/-/helper-skip-transparent-expression-wrappers-7.29.7.tgz 6129ms (cache miss)
5510 http fetch GET 200 https://registry.npmjs.org/@babel/helper-plugin-utils/-/helper-plugin-utils-7.29.7.tgz 6130ms (cache miss)
5511 http fetch GET 200 https://registry.npmjs.org/@babel/helper-annotate-as-pure/-/helper-annotate-as-pure-7.29.7.tgz 6131ms (cache miss)
5512 http fetch GET 200 https://registry.npmjs.org/@babel/helper-globals/-/helper-globals-7.29.7.tgz 6140ms (cache miss)
5513 http fetch GET 200 https://registry.npmjs.org/@rollup/plugin-replace/-/plugin-replace-6.0.3.tgz 6192ms (cache miss)
5514 http fetch GET 200 https://registry.npmjs.org/lru-cache/-/lru-cache-5.1.1.tgz 6140ms (cache miss)
5515 http fetch GET 200 https://registry.npmjs.org/cliui/-/cliui-9.0.1.tgz 6329ms (cache miss)
5516 http fetch GET 200 https://registry.npmjs.org/@babel/helper-validator-option/-/helper-validator-option-7.29.7.tgz 6139ms (cache miss)
5517 http fetch GET 200 https://registry.npmjs.org/postcss-normalize-whitespace/-/postcss-normalize-whitespace-8.0.5.tgz 6140ms (cache miss)
5518 http fetch GET 200 https://registry.npmjs.org/picocolors/-/picocolors-1.1.1.tgz 6140ms (cache miss)
5519 http fetch GET 200 https://registry.npmjs.org/@babel/helper-validator-identifier/-/helper-validator-identifier-7.29.7.tgz 6140ms (cache miss)
5520 http fetch GET 200 https://registry.npmjs.org/@rollup/plugin-inject/-/plugin-inject-5.0.5.tgz 6196ms (cache miss)
5521 http fetch GET 200 https://registry.npmjs.org/@babel/helper-module-imports/-/helper-module-imports-7.29.7.tgz 6153ms (cache miss)
5522 http fetch GET 200 https://registry.npmjs.org/@babel/compat-data/-/compat-data-7.29.7.tgz 6150ms (cache miss)
5523 http fetch GET 200 https://registry.npmjs.org/gensync/-/gensync-1.0.0-beta.2.tgz 6196ms (cache miss)
5524 http fetch GET 200 https://registry.npmjs.org/convert-source-map/-/convert-source-map-2.0.0.tgz 6213ms (cache miss)
5525 http fetch GET 200 https://registry.npmjs.org/@vue/babel-plugin-resolve-type/-/babel-plugin-resolve-type-2.0.1.tgz 6275ms (cache miss)
5526 http fetch GET 200 https://registry.npmjs.org/@babel/helper-compilation-targets/-/helper-compilation-targets-7.29.7.tgz 6269ms (cache miss)
5527 http fetch GET 200 https://registry.npmjs.org/@babel/plugin-syntax-typescript/-/plugin-syntax-typescript-7.29.7.tgz 6381ms (cache miss)
5528 http fetch GET 200 https://registry.npmjs.org/mime-types/-/mime-types-3.0.2.tgz 6530ms (cache miss)
5529 http fetch GET 200 https://registry.npmjs.org/@rolldown/pluginutils/-/pluginutils-1.0.1.tgz 6388ms (cache miss)
5530 http fetch GET 200 https://registry.npmjs.org/js-tokens/-/js-tokens-10.0.0.tgz 6387ms (cache miss)
5531 http fetch GET 200 https://registry.npmjs.org/generic-names/-/generic-names-4.0.0.tgz 6386ms (cache miss)
5532 http fetch GET 200 https://registry.npmjs.org/cssnano/-/cssnano-8.0.10.tgz 6387ms (cache miss)
5533 http fetch GET 200 https://registry.npmjs.org/@vue/compiler-ssr/-/compiler-ssr-3.5.42.tgz 6428ms (cache miss)
5534 http fetch GET 200 https://registry.npmjs.org/vue-devtools-stub/-/vue-devtools-stub-0.1.0.tgz 6397ms (cache miss)
5535 http fetch GET 200 https://registry.npmjs.org/mocked-exports/-/mocked-exports-0.1.1.tgz 6432ms (cache miss)
5536 http fetch GET 200 https://registry.npmjs.org/rc9/-/rc9-3.1.0.tgz 6441ms (cache miss)
5537 http fetch GET 200 https://registry.npmjs.org/@isaacs/cliui/-/cliui-8.0.2.tgz 6711ms (cache miss)
5538 http fetch GET 200 https://registry.npmjs.org/which/-/which-6.0.1.tgz 6490ms (cache miss)
5539 http fetch GET 200 https://registry.npmjs.org/@vue/babel-helper-vue-transform-on/-/babel-helper-vue-transform-on-2.0.1.tgz 6523ms (cache miss)
5540 http fetch GET 200 https://registry.npmjs.org/vite-plugin-vue-tracer/-/vite-plugin-vue-tracer-1.5.0.tgz 6491ms (cache miss)
5541 warn tar TAR_ENTRY_ERROR UNKNOWN: unknown error, open 'C:\Users\Kawinpat\Documents\Codex\2026-09-04\new-chat\node_modules\source-map-support\node_modules\source-map\package.json'
5542 silly tar TAR_ENTRY_ERROR UNKNOWN: unknown error, open 'C:\Users\Kawinpat\Documents\Codex\2026-09-04\new-chat\node_modules\source-map-support\node_modules\source-map\package.json' [Error: UNKNOWN: unknown error, open 'C:\Users\Kawinpat\Documents\Codex\2026-09-04\new-chat\node_modules\source-map-support\node_modules\source-map\package.json'] {
5542 silly tar   errno: -4094,
5542 silly tar   code: 'UNKNOWN',
5542 silly tar   syscall: 'open',
5542 silly tar   path: 'C:\\Users\\Kawinpat\\Documents\\Codex\\2026-09-04\\new-chat\\node_modules\\source-map-support\\node_modules\\source-map\\package.json',
5542 silly tar   entry: Ls {
5542 silly tar     _events: [Object: null prototype] {},
5542 silly tar     _eventsCount: 0,
5542 silly tar     _maxListeners: undefined,
5542 silly tar     writable: false,
5542 silly tar     readable: false,
5542 silly tar     extended: undefined,
5542 silly tar     globalExtended: undefined,
5542 silly tar     header: Ns {
5542 silly tar       cksumValid: true,
5542 silly tar       needPax: false,
5542 silly tar       nullBlock: false,
5542 silly tar       block: undefined,
5542 silly tar       path: 'package/package.json',
5542 silly tar       mode: 420,
5542 silly tar       uid: 1000,
5542 silly tar       gid: 1000,
5542 silly tar       size: 2579,
5542 silly tar       cksum: 5663,
5542 silly tar       linkpath: '',
5542 silly tar       uname: '',
5542 silly tar       gname: '',
5542 silly tar       devmaj: 0,
5542 silly tar       devmin: 0,
5542 silly tar       atime: undefined,
5542 silly tar       ctime: undefined,
5542 silly tar       mtime: 2017-09-29T14:41:59.000Z,
5542 silly tar       charset: undefined,
5542 silly tar       comment: undefined
5542 silly tar     },
5542 silly tar     startBlockSize: 3072,
5542 silly tar     blockRemain: 0,
5542 silly tar     remain: 0,
5542 silly tar     type: 'File',
5542 silly tar     meta: false,
5542 silly tar     ignore: false,
5542 silly tar     path: 'package.json',
5542 silly tar     mode: 438,
5542 silly tar     uid: 1000,
5542 silly tar     gid: 1000,
5542 silly tar     uname: '',
5542 silly tar     gname: '',
5542 silly tar     size: 2579,
5542 silly tar     mtime: 2017-09-29T14:41:59.000Z,
5542 silly tar     atime: undefined,
5542 silly tar     ctime: undefined,
5542 silly tar     linkpath: undefined,
5542 silly tar     dev: undefined,
5542 silly tar     ino: undefined,
5542 silly tar     nlink: undefined,
5542 silly tar     invalid: false,
5542 silly tar     absolute: 'C:/Users/Kawinpat/Documents/Codex/2026-09-04/new-chat/node_modules/source-map-support/node_modules/source-map/package.json',
5542 silly tar     unsupported: false,
5542 silly tar     Symbol(shapeMode): false,
5542 silly tar     Symbol(kCapture): false,
5542 silly tar     Symbol(flowing): false,
5542 silly tar     Symbol(paused): true,
5542 silly tar     Symbol(pipes): [ [qt] ],
5542 silly tar     Symbol(buffer): [],
5542 silly tar     Symbol(objectMode): false,
5542 silly tar     Symbol(encoding): null,
5542 silly tar     Symbol(async): false,
5542 silly tar     Symbol(decoder): null,
5542 silly tar     Symbol(EOF): true,
5542 silly tar     Symbol(emittedEnd): true,
5542 silly tar     Symbol(emittingEnd): false,
5542 silly tar     Symbol(closed): false,
5542 silly tar     Symbol(emittedError): null,
5542 silly tar     Symbol(bufferLength): 0,
5542 silly tar     Symbol(destroyed): false,
5542 silly tar     Symbol(signal): undefined,
5542 silly tar     Symbol(aborted): false,
5542 silly tar     Symbol(dataListeners): 0,
5542 silly tar     Symbol(discarded): false
5542 silly tar   },
5542 silly tar   cwd: 'C:/Users/Kawinpat/Documents/Codex/2026-09-04/new-chat/node_modules/source-map-support/node_modules/source-map',
5542 silly tar   tarCode: 'TAR_ENTRY_ERROR'
5542 silly tar }
5543 warn tar TAR_ENTRY_ERROR UNKNOWN: unknown error, open 'C:\Users\Kawinpat\Documents\Codex\2026-09-04\new-chat\node_modules\readdir-glob\node_modules\brace-expansion\LICENSE'
5544 silly tar TAR_ENTRY_ERROR UNKNOWN: unknown error, open 'C:\Users\Kawinpat\Documents\Codex\2026-09-04\new-chat\node_modules\readdir-glob\node_modules\brace-expansion\LICENSE' [Error: UNKNOWN: unknown error, open 'C:\Users\Kawinpat\Documents\Codex\2026-09-04\new-chat\node_modules\readdir-glob\node_modules\brace-expansion\LICENSE'] {
5544 silly tar   errno: -4094,
5544 silly tar   code: 'UNKNOWN',
5544 silly tar   syscall: 'open',
5544 silly tar   path: 'C:\\Users\\Kawinpat\\Documents\\Codex\\2026-09-04\\new-chat\\node_modules\\readdir-glob\\node_modules\\brace-expansion\\LICENSE',
5544 silly tar   entry: Ls {
5544 silly tar     _events: [Object: null prototype] {},
5544 silly tar     _eventsCount: 0,
5544 silly tar     _maxListeners: undefined,
5544 silly tar     writable: false,
5544 silly tar     readable: false,
5544 silly tar     extended: undefined,
5544 silly tar     globalExtended: undefined,
5544 silly tar     header: Ns {
5544 silly tar       cksumValid: true,
5544 silly tar       needPax: false,
5544 silly tar       nullBlock: false,
5544 silly tar       block: undefined,
5544 silly tar       path: 'package/LICENSE',
5544 silly tar       mode: 420,
5544 silly tar       uid: undefined,
5544 silly tar       gid: undefined,
5544 silly tar       size: 1096,
5544 silly tar       cksum: 4271,
5544 silly tar       linkpath: '',
5544 silly tar       uname: '',
5544 silly tar       gname: '',
5544 silly tar       devmaj: 0,
5544 silly tar       devmin: 0,
5544 silly tar       atime: undefined,
5544 silly tar       ctime: undefined,
5544 silly tar       mtime: 1985-10-26T08:15:00.000Z,
5544 silly tar       charset: undefined,
5544 silly tar       comment: undefined
5544 silly tar     },
5544 silly tar     startBlockSize: 1536,
5544 silly tar     blockRemain: 0,
5544 silly tar     remain: 0,
5544 silly tar     type: 'File',
5544 silly tar     meta: false,
5544 silly tar     ignore: false,
5544 silly tar     path: 'LICENSE',
5544 silly tar     mode: 438,
5544 silly tar     uid: undefined,
5544 silly tar     gid: undefined,
5544 silly tar     uname: '',
5544 silly tar     gname: '',
5544 silly tar     size: 1096,
5544 silly tar     mtime: 1985-10-26T08:15:00.000Z,
5544 silly tar     atime: undefined,
5544 silly tar     ctime: undefined,
5544 silly tar     linkpath: undefined,
5544 silly tar     dev: undefined,
5544 silly tar     ino: undefined,
5544 silly tar     nlink: undefined,
5544 silly tar     invalid: false,
5544 silly tar     absolute: 'C:/Users/Kawinpat/Documents/Codex/2026-09-04/new-chat/node_modules/readdir-glob/node_modules/brace-expansion/LICENSE',
5544 silly tar     unsupported: false,
5544 silly tar     Symbol(shapeMode): false,
5544 silly tar     Symbol(kCapture): false,
5544 silly tar     Symbol(flowing): false,
5544 silly tar     Symbol(paused): true,
5544 silly tar     Symbol(pipes): [ [qt] ],
5544 silly tar     Symbol(buffer): [],
5544 silly tar     Symbol(objectMode): false,
5544 silly tar     Symbol(encoding): null,
5544 silly tar     Symbol(async): false,
5544 silly tar     Symbol(decoder): null,
5544 silly tar     Symbol(EOF): true,
5544 silly tar     Symbol(emittedEnd): true,
5544 silly tar     Symbol(emittingEnd): false,
5544 silly tar     Symbol(closed): false,
5544 silly tar     Symbol(emittedError): null,
5544 silly tar     Symbol(bufferLength): 0,
5544 silly tar     Symbol(destroyed): false,
5544 silly tar     Symbol(signal): undefined,
5544 silly tar     Symbol(aborted): false,
5544 silly tar     Symbol(dataListeners): 0,
5544 silly tar     Symbol(discarded): false
5544 silly tar   },
5544 silly tar   cwd: 'C:/Users/Kawinpat/Documents/Codex/2026-09-04/new-chat/node_modules/readdir-glob/node_modules/brace-expansion',
5544 silly tar   tarCode: 'TAR_ENTRY_ERROR'
5544 silly tar }
5545 warn tar TAR_ENTRY_ERROR UNKNOWN: unknown error, open 'C:\Users\Kawinpat\Documents\Codex\2026-09-04\new-chat\node_modules\readdir-glob\node_modules\balanced-match\index.js'
5546 silly tar TAR_ENTRY_ERROR UNKNOWN: unknown error, open 'C:\Users\Kawinpat\Documents\Codex\2026-09-04\new-chat\node_modules\readdir-glob\node_modules\balanced-match\index.js' [Error: UNKNOWN: unknown error, open 'C:\Users\Kawinpat\Documents\Codex\2026-09-04\new-chat\node_modules\readdir-glob\node_modules\balanced-match\index.js'] {
5546 silly tar   errno: -4094,
5546 silly tar   code: 'UNKNOWN',
5546 silly tar   syscall: 'open',
5546 silly tar   path: 'C:\\Users\\Kawinpat\\Documents\\Codex\\2026-09-04\\new-chat\\node_modules\\readdir-glob\\node_modules\\balanced-match\\index.js',
5546 silly tar   entry: Ls {
5546 silly tar     _events: [Object: null prototype] {},
5546 silly tar     _eventsCount: 0,
5546 silly tar     _maxListeners: undefined,
5546 silly tar     writable: false,
5546 silly tar     readable: false,
5546 silly tar     extended: undefined,
5546 silly tar     globalExtended: undefined,
5546 silly tar     header: Ns {
5546 silly tar       cksumValid: true,
5546 silly tar       needPax: false,
5546 silly tar       nullBlock: false,
5546 silly tar       block: undefined,
5546 silly tar       path: 'package/index.js',
5546 silly tar       mode: 420,
5546 silly tar       uid: undefined,
5546 silly tar       gid: undefined,
5546 silly tar       size: 1219,
5546 silly tar       cksum: 4563,
5546 silly tar       linkpath: '',
5546 silly tar       uname: '',
5546 silly tar       gname: '',
5546 silly tar       devmaj: 0,
5546 silly tar       devmin: 0,
5546 silly tar       atime: undefined,
5546 silly tar       ctime: undefined,
5546 silly tar       mtime: 1985-10-26T08:15:00.000Z,
5546 silly tar       charset: undefined,
5546 silly tar       comment: undefined
5546 silly tar     },
5546 silly tar     startBlockSize: 1536,
5546 silly tar     blockRemain: 0,
5546 silly tar     remain: 0,
5546 silly tar     type: 'File',
5546 silly tar     meta: false,
5546 silly tar     ignore: false,
5546 silly tar     path: 'index.js',
5546 silly tar     mode: 438,
5546 silly tar     uid: undefined,
5546 silly tar     gid: undefined,
5546 silly tar     uname: '',
5546 silly tar     gname: '',
5546 silly tar     size: 1219,
5546 silly tar     mtime: 1985-10-26T08:15:00.000Z,
5546 silly tar     atime: undefined,
5546 silly tar     ctime: undefined,
5546 silly tar     linkpath: undefined,
5546 silly tar     dev: undefined,
5546 silly tar     ino: undefined,
5546 silly tar     nlink: undefined,
5546 silly tar     invalid: false,
5546 silly tar     absolute: 'C:/Users/Kawinpat/Documents/Codex/2026-09-04/new-chat/node_modules/readdir-glob/node_modules/balanced-match/index.js',
5546 silly tar     unsupported: false,
5546 silly tar     Symbol(shapeMode): false,
5546 silly tar     Symbol(kCapture): false,
5546 silly tar     Symbol(flowing): false,
5546 silly tar     Symbol(paused): true,
5546 silly tar     Symbol(pipes): [ [qt] ],
5546 silly tar     Symbol(buffer): [],
5546 silly tar     Symbol(objectMode): false,
5546 silly tar     Symbol(encoding): null,
5546 silly tar     Symbol(async): false,
5546 silly tar     Symbol(decoder): null,
5546 silly tar     Symbol(EOF): true,
5546 silly tar     Symbol(emittedEnd): true,
5546 silly tar     Symbol(emittingEnd): false,
5546 silly tar     Symbol(closed): false,
5546 silly tar     Symbol(emittedError): null,
5546 silly tar     Symbol(bufferLength): 0,
5546 silly tar     Symbol(destroyed): false,
5546 silly tar     Symbol(signal): undefined,
5546 silly tar     Symbol(aborted): false,
5546 silly tar     Symbol(dataListeners): 0,
5546 silly tar     Symbol(discarded): false
5546 silly tar   },
5546 silly tar   cwd: 'C:/Users/Kawinpat/Documents/Codex/2026-09-04/new-chat/node_modules/readdir-glob/node_modules/balanced-match',
5546 silly tar   tarCode: 'TAR_ENTRY_ERROR'
5546 silly tar }
5547 warn tar TAR_ENTRY_ERROR UNKNOWN: unknown error, open 'C:\Users\Kawinpat\Documents\Codex\2026-09-04\new-chat\node_modules\readdir-glob\node_modules\minimatch\LICENSE'
5548 silly tar TAR_ENTRY_ERROR UNKNOWN: unknown error, open 'C:\Users\Kawinpat\Documents\Codex\2026-09-04\new-chat\node_modules\readdir-glob\node_modules\minimatch\LICENSE' [Error: UNKNOWN: unknown error, open 'C:\Users\Kawinpat\Documents\Codex\2026-09-04\new-chat\node_modules\readdir-glob\node_modules\minimatch\LICENSE'] {
5548 silly tar   errno: -4094,
5548 silly tar   code: 'UNKNOWN',
5548 silly tar   syscall: 'open',
5548 silly tar   path: 'C:\\Users\\Kawinpat\\Documents\\Codex\\2026-09-04\\new-chat\\node_modules\\readdir-glob\\node_modules\\minimatch\\LICENSE',
5548 silly tar   entry: Ls {
5548 silly tar     _events: [Object: null prototype] {},
5548 silly tar     _eventsCount: 0,
5548 silly tar     _maxListeners: undefined,
5548 silly tar     writable: false,
5548 silly tar     readable: false,
5548 silly tar     extended: undefined,
5548 silly tar     globalExtended: undefined,
5548 silly tar     header: Ns {
5548 silly tar       cksumValid: true,
5548 silly tar       needPax: false,
5548 silly tar       nullBlock: false,
5548 silly tar       block: undefined,
5548 silly tar       path: 'package/LICENSE',
5548 silly tar       mode: 420,
5548 silly tar       uid: undefined,
5548 silly tar       gid: undefined,
5548 silly tar       size: 775,
5548 silly tar       cksum: 4279,
5548 silly tar       linkpath: '',
5548 silly tar       uname: '',
5548 silly tar       gname: '',
5548 silly tar       devmaj: 0,
5548 silly tar       devmin: 0,
5548 silly tar       atime: undefined,
5548 silly tar       ctime: undefined,
5548 silly tar       mtime: 1985-10-26T08:15:00.000Z,
5548 silly tar       charset: undefined,
5548 silly tar       comment: undefined
5548 silly tar     },
5548 silly tar     startBlockSize: 1024,
5548 silly tar     blockRemain: 0,
5548 silly tar     remain: 0,
5548 silly tar     type: 'File',
5548 silly tar     meta: false,
5548 silly tar     ignore: false,
5548 silly tar     path: 'LICENSE',
5548 silly tar     mode: 438,
5548 silly tar     uid: undefined,
5548 silly tar     gid: undefined,
5548 silly tar     uname: '',
5548 silly tar     gname: '',
5548 silly tar     size: 775,
5548 silly tar     mtime: 1985-10-26T08:15:00.000Z,
5548 silly tar     atime: undefined,
5548 silly tar     ctime: undefined,
5548 silly tar     linkpath: undefined,
5548 silly tar     dev: undefined,
5548 silly tar     ino: undefined,
5548 silly tar     nlink: undefined,
5548 silly tar     invalid: false,
5548 silly tar     absolute: 'C:/Users/Kawinpat/Documents/Codex/2026-09-04/new-chat/node_modules/readdir-glob/node_modules/minimatch/LICENSE',
5548 silly tar     unsupported: false,
5548 silly tar     Symbol(shapeMode): false,
5548 silly tar     Symbol(kCapture): false,
5548 silly tar     Symbol(flowing): false,
5548 silly tar     Symbol(paused): true,
5548 silly tar     Symbol(pipes): [ [qt] ],
5548 silly tar     Symbol(buffer): [],
5548 silly tar     Symbol(objectMode): false,
5548 silly tar     Symbol(encoding): null,
5548 silly tar     Symbol(async): false,
5548 silly tar     Symbol(decoder): null,
5548 silly tar     Symbol(EOF): true,
5548 silly tar     Symbol(emittedEnd): true,
5548 silly tar     Symbol(emittingEnd): false,
5548 silly tar     Symbol(closed): false,
5548 silly tar     Symbol(emittedError): null,
5548 silly tar     Symbol(bufferLength): 0,
5548 silly tar     Symbol(destroyed): false,
5548 silly tar     Symbol(signal): undefined,
5548 silly tar     Symbol(aborted): false,
5548 silly tar     Symbol(dataListeners): 0,
5548 silly tar     Symbol(discarded): false
5548 silly tar   },
5548 silly tar   cwd: 'C:/Users/Kawinpat/Documents/Codex/2026-09-04/new-chat/node_modules/readdir-glob/node_modules/minimatch',
5548 silly tar   tarCode: 'TAR_ENTRY_ERROR'
5548 silly tar }
5549 warn tar TAR_ENTRY_ERROR UNKNOWN: unknown error, open 'C:\Users\Kawinpat\Documents\Codex\2026-09-04\new-chat\node_modules\archiver-utils\node_modules\lru-cache\LICENSE'
5550 silly tar TAR_ENTRY_ERROR UNKNOWN: unknown error, open 'C:\Users\Kawinpat\Documents\Codex\2026-09-04\new-chat\node_modules\archiver-utils\node_modules\lru-cache\LICENSE' [Error: UNKNOWN: unknown error, open 'C:\Users\Kawinpat\Documents\Codex\2026-09-04\new-chat\node_modules\archiver-utils\node_modules\lru-cache\LICENSE'] {
5550 silly tar   errno: -4094,
5550 silly tar   code: 'UNKNOWN',
5550 silly tar   syscall: 'open',
5550 silly tar   path: 'C:\\Users\\Kawinpat\\Documents\\Codex\\2026-09-04\\new-chat\\node_modules\\archiver-utils\\node_modules\\lru-cache\\LICENSE',
5550 silly tar   entry: Ls {
5550 silly tar     _events: [Object: null prototype] {},
5550 silly tar     _eventsCount: 0,
5550 silly tar     _maxListeners: undefined,
5550 silly tar     writable: false,
5550 silly tar     readable: false,
5550 silly tar     extended: undefined,
5550 silly tar     globalExtended: undefined,
5550 silly tar     header: Ns {
5550 silly tar       cksumValid: true,
5550 silly tar       needPax: false,
5550 silly tar       nullBlock: false,
5550 silly tar       block: undefined,
5550 silly tar       path: 'package/LICENSE',
5550 silly tar       mode: 420,
5550 silly tar       uid: undefined,
5550 silly tar       gid: undefined,
5550 silly tar       size: 775,
5550 silly tar       cksum: 4279,
5550 silly tar       linkpath: '',
5550 silly tar       uname: '',
5550 silly tar       gname: '',
5550 silly tar       devmaj: 0,
5550 silly tar       devmin: 0,
5550 silly tar       atime: undefined,
5550 silly tar       ctime: undefined,
5550 silly tar       mtime: 1985-10-26T08:15:00.000Z,
5550 silly tar       charset: undefined,
5550 silly tar       comment: undefined
5550 silly tar     },
5550 silly tar     startBlockSize: 1024,
5550 silly tar     blockRemain: 0,
5550 silly tar     remain: 0,
5550 silly tar     type: 'File',
5550 silly tar     meta: false,
5550 silly tar     ignore: false,
5550 silly tar     path: 'LICENSE',
5550 silly tar     mode: 438,
5550 silly tar     uid: undefined,
5550 silly tar     gid: undefined,
5550 silly tar     uname: '',
5550 silly tar     gname: '',
5550 silly tar     size: 775,
5550 silly tar     mtime: 1985-10-26T08:15:00.000Z,
5550 silly tar     atime: undefined,
5550 silly tar     ctime: undefined,
5550 silly tar     linkpath: undefined,
5550 silly tar     dev: undefined,
5550 silly tar     ino: undefined,
5550 silly tar     nlink: undefined,
5550 silly tar     invalid: false,
5550 silly tar     absolute: 'C:/Users/Kawinpat/Documents/Codex/2026-09-04/new-chat/node_modules/archiver-utils/node_modules/lru-cache/LICENSE',
5550 silly tar     unsupported: false,
5550 silly tar     Symbol(shapeMode): false,
5550 silly tar     Symbol(kCapture): false,
5550 silly tar     Symbol(flowing): false,
5550 silly tar     Symbol(paused): true,
5550 silly tar     Symbol(pipes): [ [qt] ],
5550 silly tar     Symbol(buffer): [],
5550 silly tar     Symbol(objectMode): false,
5550 silly tar     Symbol(encoding): null,
5550 silly tar     Symbol(async): false,
5550 silly tar     Symbol(decoder): null,
5550 silly tar     Symbol(EOF): true,
5550 silly tar     Symbol(emittedEnd): true,
5550 silly tar     Symbol(emittingEnd): false,
5550 silly tar     Symbol(closed): false,
5550 silly tar     Symbol(emittedError): null,
5550 silly tar     Symbol(bufferLength): 0,
5550 silly tar     Symbol(destroyed): false,
5550 silly tar     Symbol(signal): undefined,
5550 silly tar     Symbol(aborted): false,
5550 silly tar     Symbol(dataListeners): 0,
5550 silly tar     Symbol(discarded): false
5550 silly tar   },
5550 silly tar   cwd: 'C:/Users/Kawinpat/Documents/Codex/2026-09-04/new-chat/node_modules/archiver-utils/node_modules/lru-cache',
5550 silly tar   tarCode: 'TAR_ENTRY_ERROR'
5550 silly tar }
5551 http fetch GET 200 https://registry.npmjs.org/@vue/babel-plugin-jsx/-/babel-plugin-jsx-2.0.1.tgz 6578ms (cache miss)
5552 warn tar TAR_ENTRY_ERROR UNKNOWN: unknown error, open 'C:\Users\Kawinpat\Documents\Codex\2026-09-04\new-chat\node_modules\archiver-utils\node_modules\brace-expansion\LICENSE'
5553 silly tar TAR_ENTRY_ERROR UNKNOWN: unknown error, open 'C:\Users\Kawinpat\Documents\Codex\2026-09-04\new-chat\node_modules\archiver-utils\node_modules\brace-expansion\LICENSE' [Error: UNKNOWN: unknown error, open 'C:\Users\Kawinpat\Documents\Codex\2026-09-04\new-chat\node_modules\archiver-utils\node_modules\brace-expansion\LICENSE'] {
5553 silly tar   errno: -4094,
5553 silly tar   code: 'UNKNOWN',
5553 silly tar   syscall: 'open',
5553 silly tar   path: 'C:\\Users\\Kawinpat\\Documents\\Codex\\2026-09-04\\new-chat\\node_modules\\archiver-utils\\node_modules\\brace-expansion\\LICENSE',
5553 silly tar   entry: Ls {
5553 silly tar     _events: [Object: null prototype] {},
5553 silly tar     _eventsCount: 0,
5553 silly tar     _maxListeners: undefined,
5553 silly tar     writable: false,
5553 silly tar     readable: false,
5553 silly tar     extended: undefined,
5553 silly tar     globalExtended: undefined,
5553 silly tar     header: Ns {
5553 silly tar       cksumValid: true,
5553 silly tar       needPax: false,
5553 silly tar       nullBlock: false,
5553 silly tar       block: undefined,
5553 silly tar       path: 'package/LICENSE',
5553 silly tar       mode: 420,
5553 silly tar       uid: undefined,
5553 silly tar       gid: undefined,
5553 silly tar       size: 1096,
5553 silly tar       cksum: 4271,
5553 silly tar       linkpath: '',
5553 silly tar       uname: '',
5553 silly tar       gname: '',
5553 silly tar       devmaj: 0,
5553 silly tar       devmin: 0,
5553 silly tar       atime: undefined,
5553 silly tar       ctime: undefined,
5553 silly tar       mtime: 1985-10-26T08:15:00.000Z,
5553 silly tar       charset: undefined,
5553 silly tar       comment: undefined
5553 silly tar     },
5553 silly tar     startBlockSize: 1536,
5553 silly tar     blockRemain: 0,
5553 silly tar     remain: 0,
5553 silly tar     type: 'File',
5553 silly tar     meta: false,
5553 silly tar     ignore: false,
5553 silly tar     path: 'LICENSE',
5553 silly tar     mode: 438,
5553 silly tar     uid: undefined,
5553 silly tar     gid: undefined,
5553 silly tar     uname: '',
5553 silly tar     gname: '',
5553 silly tar     size: 1096,
5553 silly tar     mtime: 1985-10-26T08:15:00.000Z,
5553 silly tar     atime: undefined,
5553 silly tar     ctime: undefined,
5553 silly tar     linkpath: undefined,
5553 silly tar     dev: undefined,
5553 silly tar     ino: undefined,
5553 silly tar     nlink: undefined,
5553 silly tar     invalid: false,
5553 silly tar     absolute: 'C:/Users/Kawinpat/Documents/Codex/2026-09-04/new-chat/node_modules/archiver-utils/node_modules/brace-expansion/LICENSE',
5553 silly tar     unsupported: false,
5553 silly tar     Symbol(shapeMode): false,
5553 silly tar     Symbol(kCapture): false,
5553 silly tar     Symbol(flowing): false,
5553 silly tar     Symbol(paused): true,
5553 silly tar     Symbol(pipes): [ [qt] ],
5553 silly tar     Symbol(buffer): [],
5553 silly tar     Symbol(objectMode): false,
5553 silly tar     Symbol(encoding): null,
5553 silly tar     Symbol(async): false,
5553 silly tar     Symbol(decoder): null,
5553 silly tar     Symbol(EOF): true,
5553 silly tar     Symbol(emittedEnd): true,
5553 silly tar     Symbol(emittingEnd): false,
5553 silly tar     Symbol(closed): false,
5553 silly tar     Symbol(emittedError): null,
5553 silly tar     Symbol(bufferLength): 0,
5553 silly tar     Symbol(destroyed): false,
5553 silly tar     Symbol(signal): undefined,
5553 silly tar     Symbol(aborted): false,
5553 silly tar     Symbol(dataListeners): 0,
5553 silly tar     Symbol(discarded): false
5553 silly tar   },
5553 silly tar   cwd: 'C:/Users/Kawinpat/Documents/Codex/2026-09-04/new-chat/node_modules/archiver-utils/node_modules/brace-expansion',
5553 silly tar   tarCode: 'TAR_ENTRY_ERROR'
5553 silly tar }
5554 warn tar TAR_ENTRY_ERROR UNKNOWN: unknown error, open 'C:\Users\Kawinpat\Documents\Codex\2026-09-04\new-chat\node_modules\archiver-utils\node_modules\is-stream\license'
5555 silly tar TAR_ENTRY_ERROR UNKNOWN: unknown error, open 'C:\Users\Kawinpat\Documents\Codex\2026-09-04\new-chat\node_modules\archiver-utils\node_modules\is-stream\license' [Error: UNKNOWN: unknown error, open 'C:\Users\Kawinpat\Documents\Codex\2026-09-04\new-chat\node_modules\archiver-utils\node_modules\is-stream\license'] {
5555 silly tar   errno: -4094,
5555 silly tar   code: 'UNKNOWN',
5555 silly tar   syscall: 'open',
5555 silly tar   path: 'C:\\Users\\Kawinpat\\Documents\\Codex\\2026-09-04\\new-chat\\node_modules\\archiver-utils\\node_modules\\is-stream\\license',
5555 silly tar   entry: Ls {
5555 silly tar     _events: [Object: null prototype] {},
5555 silly tar     _eventsCount: 0,
5555 silly tar     _maxListeners: undefined,
5555 silly tar     writable: false,
5555 silly tar     readable: false,
5555 silly tar     extended: undefined,
5555 silly tar     globalExtended: undefined,
5555 silly tar     header: Ns {
5555 silly tar       cksumValid: true,
5555 silly tar       needPax: false,
5555 silly tar       nullBlock: false,
5555 silly tar       block: undefined,
5555 silly tar       path: 'package/license',
5555 silly tar       mode: 420,
5555 silly tar       uid: undefined,
5555 silly tar       gid: undefined,
5555 silly tar       size: 1117,
5555 silly tar       cksum: 4502,
5555 silly tar       linkpath: '',
5555 silly tar       uname: '',
5555 silly tar       gname: '',
5555 silly tar       devmaj: 0,
5555 silly tar       devmin: 0,
5555 silly tar       atime: undefined,
5555 silly tar       ctime: undefined,
5555 silly tar       mtime: 1985-10-26T08:15:00.000Z,
5555 silly tar       charset: undefined,
5555 silly tar       comment: undefined
5555 silly tar     },
5555 silly tar     startBlockSize: 1536,
5555 silly tar     blockRemain: 0,
5555 silly tar     remain: 0,
5555 silly tar     type: 'File',
5555 silly tar     meta: false,
5555 silly tar     ignore: false,
5555 silly tar     path: 'license',
5555 silly tar     mode: 438,
5555 silly tar     uid: undefined,
5555 silly tar     gid: undefined,
5555 silly tar     uname: '',
5555 silly tar     gname: '',
5555 silly tar     size: 1117,
5555 silly tar     mtime: 1985-10-26T08:15:00.000Z,
5555 silly tar     atime: undefined,
5555 silly tar     ctime: undefined,
5555 silly tar     linkpath: undefined,
5555 silly tar     dev: undefined,
5555 silly tar     ino: undefined,
5555 silly tar     nlink: undefined,
5555 silly tar     invalid: false,
5555 silly tar     absolute: 'C:/Users/Kawinpat/Documents/Codex/2026-09-04/new-chat/node_modules/archiver-utils/node_modules/is-stream/license',
5555 silly tar     unsupported: false,
5555 silly tar     Symbol(shapeMode): false,
5555 silly tar     Symbol(kCapture): false,
5555 silly tar     Symbol(flowing): false,
5555 silly tar     Symbol(paused): true,
5555 silly tar     Symbol(pipes): [ [qt] ],
5555 silly tar     Symbol(buffer): [],
5555 silly tar     Symbol(objectMode): false,
5555 silly tar     Symbol(encoding): null,
5555 silly tar     Symbol(async): false,
5555 silly tar     Symbol(decoder): null,
5555 silly tar     Symbol(EOF): true,
5555 silly tar     Symbol(emittedEnd): true,
5555 silly tar     Symbol(emittingEnd): false,
5555 silly tar     Symbol(closed): false,
5555 silly tar     Symbol(emittedError): null,
5555 silly tar     Symbol(bufferLength): 0,
5555 silly tar     Symbol(destroyed): false,
5555 silly tar     Symbol(signal): undefined,
5555 silly tar     Symbol(aborted): false,
5555 silly tar     Symbol(dataListeners): 0,
5555 silly tar     Symbol(discarded): false
5555 silly tar   },
5555 silly tar   cwd: 'C:/Users/Kawinpat/Documents/Codex/2026-09-04/new-chat/node_modules/archiver-utils/node_modules/is-stream',
5555 silly tar   tarCode: 'TAR_ENTRY_ERROR'
5555 silly tar }
5556 warn tar TAR_ENTRY_ERROR UNKNOWN: unknown error, open 'C:\Users\Kawinpat\Documents\Codex\2026-09-04\new-chat\node_modules\terser\node_modules\commander\LICENSE'
5557 silly tar TAR_ENTRY_ERROR UNKNOWN: unknown error, open 'C:\Users\Kawinpat\Documents\Codex\2026-09-04\new-chat\node_modules\terser\node_modules\commander\LICENSE' [Error: UNKNOWN: unknown error, open 'C:\Users\Kawinpat\Documents\Codex\2026-09-04\new-chat\node_modules\terser\node_modules\commander\LICENSE'] {
5557 silly tar   errno: -4094,
5557 silly tar   code: 'UNKNOWN',
5557 silly tar   syscall: 'open',
5557 silly tar   path: 'C:\\Users\\Kawinpat\\Documents\\Codex\\2026-09-04\\new-chat\\node_modules\\terser\\node_modules\\commander\\LICENSE',
5557 silly tar   entry: Ls {
5557 silly tar     _events: [Object: null prototype] {},
5557 silly tar     _eventsCount: 0,
5557 silly tar     _maxListeners: undefined,
5557 silly tar     writable: false,
5557 silly tar     readable: false,
5557 silly tar     extended: undefined,
5557 silly tar     globalExtended: undefined,
5557 silly tar     header: Ns {
5557 silly tar       cksumValid: true,
5557 silly tar       needPax: false,
5557 silly tar       nullBlock: false,
5557 silly tar       block: undefined,
5557 silly tar       path: 'package/LICENSE',
5557 silly tar       mode: 420,
5557 silly tar       uid: undefined,
5557 silly tar       gid: undefined,
5557 silly tar       size: 1098,
5557 silly tar       cksum: 4273,
5557 silly tar       linkpath: '',
5557 silly tar       uname: '',
5557 silly tar       gname: '',
5557 silly tar       devmaj: 0,
5557 silly tar       devmin: 0,
5557 silly tar       atime: undefined,
5557 silly tar       ctime: undefined,
5557 silly tar       mtime: 1985-10-26T08:15:00.000Z,
5557 silly tar       charset: undefined,
5557 silly tar       comment: undefined
5557 silly tar     },
5557 silly tar     startBlockSize: 1536,
5557 silly tar     blockRemain: 0,
5557 silly tar     remain: 0,
5557 silly tar     type: 'File',
5557 silly tar     meta: false,
5557 silly tar     ignore: false,
5557 silly tar     path: 'LICENSE',
5557 silly tar     mode: 438,
5557 silly tar     uid: undefined,
5557 silly tar     gid: undefined,
5557 silly tar     uname: '',
5557 silly tar     gname: '',
5557 silly tar     size: 1098,
5557 silly tar     mtime: 1985-10-26T08:15:00.000Z,
5557 silly tar     atime: undefined,
5557 silly tar     ctime: undefined,
5557 silly tar     linkpath: undefined,
5557 silly tar     dev: undefined,
5557 silly tar     ino: undefined,
5557 silly tar     nlink: undefined,
5557 silly tar     invalid: false,
5557 silly tar     absolute: 'C:/Users/Kawinpat/Documents/Codex/2026-09-04/new-chat/node_modules/terser/node_modules/commander/LICENSE',
5557 silly tar     unsupported: false,
5557 silly tar     Symbol(shapeMode): false,
5557 silly tar     Symbol(kCapture): false,
5557 silly tar     Symbol(flowing): false,
5557 silly tar     Symbol(paused): true,
5557 silly tar     Symbol(pipes): [ [qt] ],
5557 silly tar     Symbol(buffer): [],
5557 silly tar     Symbol(objectMode): false,
5557 silly tar     Symbol(encoding): null,
5557 silly tar     Symbol(async): false,
5557 silly tar     Symbol(decoder): null,
5557 silly tar     Symbol(EOF): true,
5557 silly tar     Symbol(emittedEnd): true,
5557 silly tar     Symbol(emittingEnd): false,
5557 silly tar     Symbol(closed): false,
5557 silly tar     Symbol(emittedError): null,
5557 silly tar     Symbol(bufferLength): 0,
5557 silly tar     Symbol(destroyed): false,
5557 silly tar     Symbol(signal): undefined,
5557 silly tar     Symbol(aborted): false,
5557 silly tar     Symbol(dataListeners): 0,
5557 silly tar     Symbol(discarded): false
5557 silly tar   },
5557 silly tar   cwd: 'C:/Users/Kawinpat/Documents/Codex/2026-09-04/new-chat/node_modules/terser/node_modules/commander',
5557 silly tar   tarCode: 'TAR_ENTRY_ERROR'
5557 silly tar }
5558 warn tar TAR_ENTRY_ERROR UNKNOWN: unknown error, open 'C:\Users\Kawinpat\Documents\Codex\2026-09-04\new-chat\node_modules\youch-core\node_modules\error-stack-parser-es\LICENSE'
5559 silly tar TAR_ENTRY_ERROR UNKNOWN: unknown error, open 'C:\Users\Kawinpat\Documents\Codex\2026-09-04\new-chat\node_modules\youch-core\node_modules\error-stack-parser-es\LICENSE' [Error: UNKNOWN: unknown error, open 'C:\Users\Kawinpat\Documents\Codex\2026-09-04\new-chat\node_modules\youch-core\node_modules\error-stack-parser-es\LICENSE'] {
5559 silly tar   errno: -4094,
5559 silly tar   code: 'UNKNOWN',
5559 silly tar   syscall: 'open',
5559 silly tar   path: 'C:\\Users\\Kawinpat\\Documents\\Codex\\2026-09-04\\new-chat\\node_modules\\youch-core\\node_modules\\error-stack-parser-es\\LICENSE',
5559 silly tar   entry: Ls {
5559 silly tar     _events: [Object: null prototype] {},
5559 silly tar     _eventsCount: 0,
5559 silly tar     _maxListeners: undefined,
5559 silly tar     writable: false,
5559 silly tar     readable: false,
5559 silly tar     extended: undefined,
5559 silly tar     globalExtended: undefined,
5559 silly tar     header: Ns {
5559 silly tar       cksumValid: true,
5559 silly tar       needPax: false,
5559 silly tar       nullBlock: false,
5559 silly tar       block: undefined,
5559 silly tar       path: 'package/LICENSE',
5559 silly tar       mode: 420,
5559 silly tar       uid: undefined,
5559 silly tar       gid: undefined,
5559 silly tar       size: 1158,
5559 silly tar       cksum: 4277,
5559 silly tar       linkpath: '',
5559 silly tar       uname: '',
5559 silly tar       gname: '',
5559 silly tar       devmaj: 0,
5559 silly tar       devmin: 0,
5559 silly tar       atime: undefined,
5559 silly tar       ctime: undefined,
5559 silly tar       mtime: 1985-10-26T08:15:00.000Z,
5559 silly tar       charset: undefined,
5559 silly tar       comment: undefined
5559 silly tar     },
5559 silly tar     startBlockSize: 1536,
5559 silly tar     blockRemain: 0,
5559 silly tar     remain: 0,
5559 silly tar     type: 'File',
5559 silly tar     meta: false,
5559 silly tar     ignore: false,
5559 silly tar     path: 'LICENSE',
5559 silly tar     mode: 438,
5559 silly tar     uid: undefined,
5559 silly tar     gid: undefined,
5559 silly tar     uname: '',
5559 silly tar     gname: '',
5559 silly tar     size: 1158,
5559 silly tar     mtime: 1985-10-26T08:15:00.000Z,
5559 silly tar     atime: undefined,
5559 silly tar     ctime: undefined,
5559 silly tar     linkpath: undefined,
5559 silly tar     dev: undefined,
5559 silly tar     ino: undefined,
5559 silly tar     nlink: undefined,
5559 silly tar     invalid: false,
5559 silly tar     absolute: 'C:/Users/Kawinpat/Documents/Codex/2026-09-04/new-chat/node_modules/youch-core/node_modules/error-stack-parser-es/LICENSE',
5559 silly tar     unsupported: false,
5559 silly tar     Symbol(shapeMode): false,
5559 silly tar     Symbol(kCapture): false,
5559 silly tar     Symbol(flowing): false,
5559 silly tar     Symbol(paused): true,
5559 silly tar     Symbol(pipes): [ [qt] ],
5559 silly tar     Symbol(buffer): [],
5559 silly tar     Symbol(objectMode): false,
5559 silly tar     Symbol(encoding): null,
5559 silly tar     Symbol(async): false,
5559 silly tar     Symbol(decoder): null,
5559 silly tar     Symbol(EOF): true,
5559 silly tar     Symbol(emittedEnd): true,
5559 silly tar     Symbol(emittingEnd): false,
5559 silly tar     Symbol(closed): false,
5559 silly tar     Symbol(emittedError): null,
5559 silly tar     Symbol(bufferLength): 0,
5559 silly tar     Symbol(destroyed): false,
5559 silly tar     Symbol(signal): undefined,
5559 silly tar     Symbol(aborted): false,
5559 silly tar     Symbol(dataListeners): 0,
5559 silly tar     Symbol(discarded): false
5559 silly tar   },
5559 silly tar   cwd: 'C:/Users/Kawinpat/Documents/Codex/2026-09-04/new-chat/node_modules/youch-core/node_modules/error-stack-parser-es',
5559 silly tar   tarCode: 'TAR_ENTRY_ERROR'
5559 silly tar }
5560 warn tar TAR_ENTRY_ERROR UNKNOWN: unknown error, open 'C:\Users\Kawinpat\Documents\Codex\2026-09-04\new-chat\node_modules\rollup-plugin-visualizer\node_modules\source-map\LICENSE'
5561 silly tar TAR_ENTRY_ERROR UNKNOWN: unknown error, open 'C:\Users\Kawinpat\Documents\Codex\2026-09-04\new-chat\node_modules\rollup-plugin-visualizer\node_modules\source-map\LICENSE' [Error: UNKNOWN: unknown error, open 'C:\Users\Kawinpat\Documents\Codex\2026-09-04\new-chat\node_modules\rollup-plugin-visualizer\node_modules\source-map\LICENSE'] {
5561 silly tar   errno: -4094,
5561 silly tar   code: 'UNKNOWN',
5561 silly tar   syscall: 'open',
5561 silly tar   path: 'C:\\Users\\Kawinpat\\Documents\\Codex\\2026-09-04\\new-chat\\node_modules\\rollup-plugin-visualizer\\node_modules\\source-map\\LICENSE',
5561 silly tar   entry: Ls {
5561 silly tar     _events: [Object: null prototype] {},
5561 silly tar     _eventsCount: 0,
5561 silly tar     _maxListeners: undefined,
5561 silly tar     writable: false,
5561 silly tar     readable: false,
5561 silly tar     extended: undefined,
5561 silly tar     globalExtended: undefined,
5561 silly tar     header: Ns {
5561 silly tar       cksumValid: true,
5561 silly tar       needPax: false,
5561 silly tar       nullBlock: false,
5561 silly tar       block: undefined,
5561 silly tar       path: 'package/LICENSE',
5561 silly tar       mode: 420,
5561 silly tar       uid: undefined,
5561 silly tar       gid: undefined,
5561 silly tar       size: 1526,
5561 silly tar       cksum: 4288,
5561 silly tar       linkpath: '',
5561 silly tar       uname: '',
5561 silly tar       gname: '',
5561 silly tar       devmaj: 0,
5561 silly tar       devmin: 0,
5561 silly tar       atime: undefined,
5561 silly tar       ctime: undefined,
5561 silly tar       mtime: 1985-10-26T08:15:00.000Z,
5561 silly tar       charset: undefined,
5561 silly tar       comment: undefined
5561 silly tar     },
5561 silly tar     startBlockSize: 1536,
5561 silly tar     blockRemain: 0,
5561 silly tar     remain: 0,
5561 silly tar     type: 'File',
5561 silly tar     meta: false,
5561 silly tar     ignore: false,
5561 silly tar     path: 'LICENSE',
5561 silly tar     mode: 438,
5561 silly tar     uid: undefined,
5561 silly tar     gid: undefined,
5561 silly tar     uname: '',
5561 silly tar     gname: '',
5561 silly tar     size: 1526,
5561 silly tar     mtime: 1985-10-26T08:15:00.000Z,
5561 silly tar     atime: undefined,
5561 silly tar     ctime: undefined,
5561 silly tar     linkpath: undefined,
5561 silly tar     dev: undefined,
5561 silly tar     ino: undefined,
5561 silly tar     nlink: undefined,
5561 silly tar     invalid: false,
5561 silly tar     absolute: 'C:/Users/Kawinpat/Documents/Codex/2026-09-04/new-chat/node_modules/rollup-plugin-visualizer/node_modules/source-map/LICENSE',
5561 silly tar     unsupported: false,
5561 silly tar     Symbol(shapeMode): false,
5561 silly tar     Symbol(kCapture): false,
5561 silly tar     Symbol(flowing): false,
5561 silly tar     Symbol(paused): true,
5561 silly tar     Symbol(pipes): [ [qt] ],
5561 silly tar     Symbol(buffer): [],
5561 silly tar     Symbol(objectMode): false,
5561 silly tar     Symbol(encoding): null,
5561 silly tar     Symbol(async): false,
5561 silly tar     Symbol(decoder): null,
5561 silly tar     Symbol(EOF): true,
5561 silly tar     Symbol(emittedEnd): true,
5561 silly tar     Symbol(emittingEnd): false,
5561 silly tar     Symbol(closed): false,
5561 silly tar     Symbol(emittedError): null,
5561 silly tar     Symbol(bufferLength): 0,
5561 silly tar     Symbol(destroyed): false,
5561 silly tar     Symbol(signal): undefined,
5561 silly tar     Symbol(aborted): false,
5561 silly tar     Symbol(dataListeners): 0,
5561 silly tar     Symbol(discarded): false
5561 silly tar   },
5561 silly tar   cwd: 'C:/Users/Kawinpat/Documents/Codex/2026-09-04/new-chat/node_modules/rollup-plugin-visualizer/node_modules/source-map',
5561 silly tar   tarCode: 'TAR_ENTRY_ERROR'
5561 silly tar }
5562 warn tar TAR_ENTRY_ERROR UNKNOWN: unknown error, open 'C:\Users\Kawinpat\Documents\Codex\2026-09-04\new-chat\node_modules\unwasm\node_modules\magic-string\LICENSE'
5563 silly tar TAR_ENTRY_ERROR UNKNOWN: unknown error, open 'C:\Users\Kawinpat\Documents\Codex\2026-09-04\new-chat\node_modules\unwasm\node_modules\magic-string\LICENSE' [Error: UNKNOWN: unknown error, open 'C:\Users\Kawinpat\Documents\Codex\2026-09-04\new-chat\node_modules\unwasm\node_modules\magic-string\LICENSE'] {
5563 silly tar   errno: -4094,
5563 silly tar   code: 'UNKNOWN',
5563 silly tar   syscall: 'open',
5563 silly tar   path: 'C:\\Users\\Kawinpat\\Documents\\Codex\\2026-09-04\\new-chat\\node_modules\\unwasm\\node_modules\\magic-string\\LICENSE',
5563 silly tar   entry: Ls {
5563 silly tar     _events: [Object: null prototype] {},
5563 silly tar     _eventsCount: 0,
5563 silly tar     _maxListeners: undefined,
5563 silly tar     writable: false,
5563 silly tar     readable: false,
5563 silly tar     extended: undefined,
5563 silly tar     globalExtended: undefined,
5563 silly tar     header: Ns {
5563 silly tar       cksumValid: true,
5563 silly tar       needPax: false,
5563 silly tar       nullBlock: false,
5563 silly tar       block: undefined,
5563 silly tar       path: 'package/LICENSE',
5563 silly tar       mode: 420,
5563 silly tar       uid: 0,
5563 silly tar       gid: 0,
5563 silly tar       size: 1051,
5563 silly tar       cksum: 5011,
5563 silly tar       linkpath: '',
5563 silly tar       uname: '',
5563 silly tar       gname: '',
5563 silly tar       devmaj: 0,
5563 silly tar       devmin: 0,
5563 silly tar       atime: undefined,
5563 silly tar       ctime: undefined,
5563 silly tar       mtime: 1985-10-26T08:15:00.000Z,
5563 silly tar       charset: undefined,
5563 silly tar       comment: undefined
5563 silly tar     },
5563 silly tar     startBlockSize: 1536,
5563 silly tar     blockRemain: 0,
5563 silly tar     remain: 0,
5563 silly tar     type: 'File',
5563 silly tar     meta: false,
5563 silly tar     ignore: false,
5563 silly tar     path: 'LICENSE',
5563 silly tar     mode: 438,
5563 silly tar     uid: 0,
5563 silly tar     gid: 0,
5563 silly tar     uname: '',
5563 silly tar     gname: '',
5563 silly tar     size: 1051,
5563 silly tar     mtime: 1985-10-26T08:15:00.000Z,
5563 silly tar     atime: undefined,
5563 silly tar     ctime: undefined,
5563 silly tar     linkpath: undefined,
5563 silly tar     dev: undefined,
5563 silly tar     ino: undefined,
5563 silly tar     nlink: undefined,
5563 silly tar     invalid: false,
5563 silly tar     absolute: 'C:/Users/Kawinpat/Documents/Codex/2026-09-04/new-chat/node_modules/unwasm/node_modules/magic-string/LICENSE',
5563 silly tar     unsupported: false,
5563 silly tar     Symbol(shapeMode): false,
5563 silly tar     Symbol(kCapture): false,
5563 silly tar     Symbol(flowing): false,
5563 silly tar     Symbol(paused): true,
5563 silly tar     Symbol(pipes): [ [qt] ],
5563 silly tar     Symbol(buffer): [],
5563 silly tar     Symbol(objectMode): false,
5563 silly tar     Symbol(encoding): null,
5563 silly tar     Symbol(async): false,
5563 silly tar     Symbol(decoder): null,
5563 silly tar     Symbol(EOF): true,
5563 silly tar     Symbol(emittedEnd): true,
5563 silly tar     Symbol(emittingEnd): false,
5563 silly tar     Symbol(closed): false,
5563 silly tar     Symbol(emittedError): null,
5563 silly tar     Symbol(bufferLength): 0,
5563 silly tar     Symbol(destroyed): false,
5563 silly tar     Symbol(signal): undefined,
5563 silly tar     Symbol(aborted): false,
5563 silly tar     Symbol(dataListeners): 0,
5563 silly tar     Symbol(discarded): false
5563 silly tar   },
5563 silly tar   cwd: 'C:/Users/Kawinpat/Documents/Codex/2026-09-04/new-chat/node_modules/unwasm/node_modules/magic-string',
5563 silly tar   tarCode: 'TAR_ENTRY_ERROR'
5563 silly tar }
5564 warn tar TAR_ENTRY_ERROR UNKNOWN: unknown error, open 'C:\Users\Kawinpat\Documents\Codex\2026-09-04\new-chat\node_modules\@rollup\plugin-replace\node_modules\magic-string\LICENSE'
5565 silly tar TAR_ENTRY_ERROR UNKNOWN: unknown error, open 'C:\Users\Kawinpat\Documents\Codex\2026-09-04\new-chat\node_modules\@rollup\plugin-replace\node_modules\magic-string\LICENSE' [Error: UNKNOWN: unknown error, open 'C:\Users\Kawinpat\Documents\Codex\2026-09-04\new-chat\node_modules\@rollup\plugin-replace\node_modules\magic-string\LICENSE'] {
5565 silly tar   errno: -4094,
5565 silly tar   code: 'UNKNOWN',
5565 silly tar   syscall: 'open',
5565 silly tar   path: 'C:\\Users\\Kawinpat\\Documents\\Codex\\2026-09-04\\new-chat\\node_modules\\@rollup\\plugin-replace\\node_modules\\magic-string\\LICENSE',
5565 silly tar   entry: Ls {
5565 silly tar     _events: [Object: null prototype] {},
5565 silly tar     _eventsCount: 0,
5565 silly tar     _maxListeners: undefined,
5565 silly tar     writable: false,
5565 silly tar     readable: false,
5565 silly tar     extended: undefined,
5565 silly tar     globalExtended: undefined,
5565 silly tar     header: Ns {
5565 silly tar       cksumValid: true,
5565 silly tar       needPax: false,
5565 silly tar       nullBlock: false,
5565 silly tar       block: undefined,
5565 silly tar       path: 'package/LICENSE',
5565 silly tar       mode: 420,
5565 silly tar       uid: 0,
5565 silly tar       gid: 0,
5565 silly tar       size: 1051,
5565 silly tar       cksum: 5011,
5565 silly tar       linkpath: '',
5565 silly tar       uname: '',
5565 silly tar       gname: '',
5565 silly tar       devmaj: 0,
5565 silly tar       devmin: 0,
5565 silly tar       atime: undefined,
5565 silly tar       ctime: undefined,
5565 silly tar       mtime: 1985-10-26T08:15:00.000Z,
5565 silly tar       charset: undefined,
5565 silly tar       comment: undefined
5565 silly tar     },
5565 silly tar     startBlockSize: 1536,
5565 silly tar     blockRemain: 0,
5565 silly tar     remain: 0,
5565 silly tar     type: 'File',
5565 silly tar     meta: false,
5565 silly tar     ignore: false,
5565 silly tar     path: 'LICENSE',
5565 silly tar     mode: 438,
5565 silly tar     uid: 0,
5565 silly tar     gid: 0,
5565 silly tar     uname: '',
5565 silly tar     gname: '',
5565 silly tar     size: 1051,
5565 silly tar     mtime: 1985-10-26T08:15:00.000Z,
5565 silly tar     atime: undefined,
5565 silly tar     ctime: undefined,
5565 silly tar     linkpath: undefined,
5565 silly tar     dev: undefined,
5565 silly tar     ino: undefined,
5565 silly tar     nlink: undefined,
5565 silly tar     invalid: false,
5565 silly tar     absolute: 'C:/Users/Kawinpat/Documents/Codex/2026-09-04/new-chat/node_modules/@rollup/plugin-replace/node_modules/magic-string/LICENSE',
5565 silly tar     unsupported: false,
5565 silly tar     Symbol(shapeMode): false,
5565 silly tar     Symbol(kCapture): false,
5565 silly tar     Symbol(flowing): false,
5565 silly tar     Symbol(paused): true,
5565 silly tar     Symbol(pipes): [ [qt] ],
5565 silly tar     Symbol(buffer): [],
5565 silly tar     Symbol(objectMode): false,
5565 silly tar     Symbol(encoding): null,
5565 silly tar     Symbol(async): false,
5565 silly tar     Symbol(decoder): null,
5565 silly tar     Symbol(EOF): true,
5565 silly tar     Symbol(emittedEnd): true,
5565 silly tar     Symbol(emittingEnd): false,
5565 silly tar     Symbol(closed): false,
5565 silly tar     Symbol(emittedError): null,
5565 silly tar     Symbol(bufferLength): 0,
5565 silly tar     Symbol(destroyed): false,
5565 silly tar     Symbol(signal): undefined,
5565 silly tar     Symbol(aborted): false,
5565 silly tar     Symbol(dataListeners): 0,
5565 silly tar     Symbol(discarded): false
5565 silly tar   },
5565 silly tar   cwd: 'C:/Users/Kawinpat/Documents/Codex/2026-09-04/new-chat/node_modules/@rollup/plugin-replace/node_modules/magic-string',
5565 silly tar   tarCode: 'TAR_ENTRY_ERROR'
5565 silly tar }
5566 warn tar TAR_ENTRY_ERROR UNKNOWN: unknown error, open 'C:\Users\Kawinpat\Documents\Codex\2026-09-04\new-chat\node_modules\@rollup\plugin-inject\node_modules\magic-string\LICENSE'
5567 silly tar TAR_ENTRY_ERROR UNKNOWN: unknown error, open 'C:\Users\Kawinpat\Documents\Codex\2026-09-04\new-chat\node_modules\@rollup\plugin-inject\node_modules\magic-string\LICENSE' [Error: UNKNOWN: unknown error, open 'C:\Users\Kawinpat\Documents\Codex\2026-09-04\new-chat\node_modules\@rollup\plugin-inject\node_modules\magic-string\LICENSE'] {
5567 silly tar   errno: -4094,
5567 silly tar   code: 'UNKNOWN',
5567 silly tar   syscall: 'open',
5567 silly tar   path: 'C:\\Users\\Kawinpat\\Documents\\Codex\\2026-09-04\\new-chat\\node_modules\\@rollup\\plugin-inject\\node_modules\\magic-string\\LICENSE',
5567 silly tar   entry: Ls {
5567 silly tar     _events: [Object: null prototype] {},
5567 silly tar     _eventsCount: 0,
5567 silly tar     _maxListeners: undefined,
5567 silly tar     writable: false,
5567 silly tar     readable: false,
5567 silly tar     extended: undefined,
5567 silly tar     globalExtended: undefined,
5567 silly tar     header: Ns {
5567 silly tar       cksumValid: true,
5567 silly tar       needPax: false,
5567 silly tar       nullBlock: false,
5567 silly tar       block: undefined,
5567 silly tar       path: 'package/LICENSE',
5567 silly tar       mode: 420,
5567 silly tar       uid: 0,
5567 silly tar       gid: 0,
5567 silly tar       size: 1051,
5567 silly tar       cksum: 5011,
5567 silly tar       linkpath: '',
5567 silly tar       uname: '',
5567 silly tar       gname: '',
5567 silly tar       devmaj: 0,
5567 silly tar       devmin: 0,
5567 silly tar       atime: undefined,
5567 silly tar       ctime: undefined,
5567 silly tar       mtime: 1985-10-26T08:15:00.000Z,
5567 silly tar       charset: undefined,
5567 silly tar       comment: undefined
5567 silly tar     },
5567 silly tar     startBlockSize: 1536,
5567 silly tar     blockRemain: 0,
5567 silly tar     remain: 0,
5567 silly tar     type: 'File',
5567 silly tar     meta: false,
5567 silly tar     ignore: false,
5567 silly tar     path: 'LICENSE',
5567 silly tar     mode: 438,
5567 silly tar     uid: 0,
5567 silly tar     gid: 0,
5567 silly tar     uname: '',
5567 silly tar     gname: '',
5567 silly tar     size: 1051,
5567 silly tar     mtime: 1985-10-26T08:15:00.000Z,
5567 silly tar     atime: undefined,
5567 silly tar     ctime: undefined,
5567 silly tar     linkpath: undefined,
5567 silly tar     dev: undefined,
5567 silly tar     ino: undefined,
5567 silly tar     nlink: undefined,
5567 silly tar     invalid: false,
5567 silly tar     absolute: 'C:/Users/Kawinpat/Documents/Codex/2026-09-04/new-chat/node_modules/@rollup/plugin-inject/node_modules/magic-string/LICENSE',
5567 silly tar     unsupported: false,
5567 silly tar     Symbol(shapeMode): false,
5567 silly tar     Symbol(kCapture): false,
5567 silly tar     Symbol(flowing): false,
5567 silly tar     Symbol(paused): true,
5567 silly tar     Symbol(pipes): [ [qt] ],
5567 silly tar     Symbol(buffer): [],
5567 silly tar     Symbol(objectMode): false,
5567 silly tar     Symbol(encoding): null,
5567 silly tar     Symbol(async): false,
5567 silly tar     Symbol(decoder): null,
5567 silly tar     Symbol(EOF): true,
5567 silly tar     Symbol(emittedEnd): true,
5567 silly tar     Symbol(emittingEnd): false,
5567 silly tar     Symbol(closed): false,
5567 silly tar     Symbol(emittedError): null,
5567 silly tar     Symbol(bufferLength): 0,
5567 silly tar     Symbol(destroyed): false,
5567 silly tar     Symbol(signal): undefined,
5567 silly tar     Symbol(aborted): false,
5567 silly tar     Symbol(dataListeners): 0,
5567 silly tar     Symbol(discarded): false
5567 silly tar   },
5567 silly tar   cwd: 'C:/Users/Kawinpat/Documents/Codex/2026-09-04/new-chat/node_modules/@rollup/plugin-inject/node_modules/magic-string',
5567 silly tar   tarCode: 'TAR_ENTRY_ERROR'
5567 silly tar }
5568 warn tar TAR_ENTRY_ERROR UNKNOWN: unknown error, open 'C:\Users\Kawinpat\Documents\Codex\2026-09-04\new-chat\node_modules\@rollup\plugin-commonjs\node_modules\magic-string\LICENSE'
5569 silly tar TAR_ENTRY_ERROR UNKNOWN: unknown error, open 'C:\Users\Kawinpat\Documents\Codex\2026-09-04\new-chat\node_modules\@rollup\plugin-commonjs\node_modules\magic-string\LICENSE' [Error: UNKNOWN: unknown error, open 'C:\Users\Kawinpat\Documents\Codex\2026-09-04\new-chat\node_modules\@rollup\plugin-commonjs\node_modules\magic-string\LICENSE'] {
5569 silly tar   errno: -4094,
5569 silly tar   code: 'UNKNOWN',
5569 silly tar   syscall: 'open',
5569 silly tar   path: 'C:\\Users\\Kawinpat\\Documents\\Codex\\2026-09-04\\new-chat\\node_modules\\@rollup\\plugin-commonjs\\node_modules\\magic-string\\LICENSE',
5569 silly tar   entry: Ls {
5569 silly tar     _events: [Object: null prototype] {},
5569 silly tar     _eventsCount: 0,
5569 silly tar     _maxListeners: undefined,
5569 silly tar     writable: false,
5569 silly tar     readable: false,
5569 silly tar     extended: undefined,
5569 silly tar     globalExtended: undefined,
5569 silly tar     header: Ns {
5569 silly tar       cksumValid: true,
5569 silly tar       needPax: false,
5569 silly tar       nullBlock: false,
5569 silly tar       block: undefined,
5569 silly tar       path: 'package/LICENSE',
5569 silly tar       mode: 420,
5569 silly tar       uid: 0,
5569 silly tar       gid: 0,
5569 silly tar       size: 1051,
5569 silly tar       cksum: 5011,
5569 silly tar       linkpath: '',
5569 silly tar       uname: '',
5569 silly tar       gname: '',
5569 silly tar       devmaj: 0,
5569 silly tar       devmin: 0,
5569 silly tar       atime: undefined,
5569 silly tar       ctime: undefined,
5569 silly tar       mtime: 1985-10-26T08:15:00.000Z,
5569 silly tar       charset: undefined,
5569 silly tar       comment: undefined
5569 silly tar     },
5569 silly tar     startBlockSize: 1536,
5569 silly tar     blockRemain: 0,
5569 silly tar     remain: 0,
5569 silly tar     type: 'File',
5569 silly tar     meta: false,
5569 silly tar     ignore: false,
5569 silly tar     path: 'LICENSE',
5569 silly tar     mode: 438,
5569 silly tar     uid: 0,
5569 silly tar     gid: 0,
5569 silly tar     uname: '',
5569 silly tar     gname: '',
5569 silly tar     size: 1051,
5569 silly tar     mtime: 1985-10-26T08:15:00.000Z,
5569 silly tar     atime: undefined,
5569 silly tar     ctime: undefined,
5569 silly tar     linkpath: undefined,
5569 silly tar     dev: undefined,
5569 silly tar     ino: undefined,
5569 silly tar     nlink: undefined,
5569 silly tar     invalid: false,
5569 silly tar     absolute: 'C:/Users/Kawinpat/Documents/Codex/2026-09-04/new-chat/node_modules/@rollup/plugin-commonjs/node_modules/magic-string/LICENSE',
5569 silly tar     unsupported: false,
5569 silly tar     Symbol(shapeMode): false,
5569 silly tar     Symbol(kCapture): false,
5569 silly tar     Symbol(flowing): false,
5569 silly tar     Symbol(paused): true,
5569 silly tar     Symbol(pipes): [ [qt] ],
5569 silly tar     Symbol(buffer): [],
5569 silly tar     Symbol(objectMode): false,
5569 silly tar     Symbol(encoding): null,
5569 silly tar     Symbol(async): false,
5569 silly tar     Symbol(decoder): null,
5569 silly tar     Symbol(EOF): true,
5569 silly tar     Symbol(emittedEnd): true,
5569 silly tar     Symbol(emittingEnd): false,
5569 silly tar     Symbol(closed): false,
5569 silly tar     Symbol(emittedError): null,
5569 silly tar     Symbol(bufferLength): 0,
5569 silly tar     Symbol(destroyed): false,
5569 silly tar     Symbol(signal): undefined,
5569 silly tar     Symbol(aborted): false,
5569 silly tar     Symbol(dataListeners): 0,
5569 silly tar     Symbol(discarded): false
5569 silly tar   },
5569 silly tar   cwd: 'C:/Users/Kawinpat/Documents/Codex/2026-09-04/new-chat/node_modules/@rollup/plugin-commonjs/node_modules/magic-string',
5569 silly tar   tarCode: 'TAR_ENTRY_ERROR'
5569 silly tar }
5570 warn tar TAR_ENTRY_ERROR UNKNOWN: unknown error, open 'C:\Users\Kawinpat\Documents\Codex\2026-09-04\new-chat\node_modules\npm-run-path\node_modules\path-key\license'
5571 silly tar TAR_ENTRY_ERROR UNKNOWN: unknown error, open 'C:\Users\Kawinpat\Documents\Codex\2026-09-04\new-chat\node_modules\npm-run-path\node_modules\path-key\license' [Error: UNKNOWN: unknown error, open 'C:\Users\Kawinpat\Documents\Codex\2026-09-04\new-chat\node_modules\npm-run-path\node_modules\path-key\license'] {
5571 silly tar   errno: -4094,
5571 silly tar   code: 'UNKNOWN',
5571 silly tar   syscall: 'open',
5571 silly tar   path: 'C:\\Users\\Kawinpat\\Documents\\Codex\\2026-09-04\\new-chat\\node_modules\\npm-run-path\\node_modules\\path-key\\license',
5571 silly tar   entry: Ls {
5571 silly tar     _events: [Object: null prototype] {},
5571 silly tar     _eventsCount: 0,
5571 silly tar     _maxListeners: undefined,
5571 silly tar     writable: false,
5571 silly tar     readable: false,
5571 silly tar     extended: undefined,
5571 silly tar     globalExtended: undefined,
5571 silly tar     header: Ns {
5571 silly tar       cksumValid: true,
5571 silly tar       needPax: false,
5571 silly tar       nullBlock: false,
5571 silly tar       block: undefined,
5571 silly tar       path: 'package/license',
5571 silly tar       mode: 420,
5571 silly tar       uid: undefined,
5571 silly tar       gid: undefined,
5571 silly tar       size: 1117,
5571 silly tar       cksum: 4502,
5571 silly tar       linkpath: '',
5571 silly tar       uname: '',
5571 silly tar       gname: '',
5571 silly tar       devmaj: 0,
5571 silly tar       devmin: 0,
5571 silly tar       atime: undefined,
5571 silly tar       ctime: undefined,
5571 silly tar       mtime: 1985-10-26T08:15:00.000Z,
5571 silly tar       charset: undefined,
5571 silly tar       comment: undefined
5571 silly tar     },
5571 silly tar     startBlockSize: 1536,
5571 silly tar     blockRemain: 0,
5571 silly tar     remain: 0,
5571 silly tar     type: 'File',
5571 silly tar     meta: false,
5571 silly tar     ignore: false,
5571 silly tar     path: 'license',
5571 silly tar     mode: 438,
5571 silly tar     uid: undefined,
5571 silly tar     gid: undefined,
5571 silly tar     uname: '',
5571 silly tar     gname: '',
5571 silly tar     size: 1117,
5571 silly tar     mtime: 1985-10-26T08:15:00.000Z,
5571 silly tar     atime: undefined,
5571 silly tar     ctime: undefined,
5571 silly tar     linkpath: undefined,
5571 silly tar     dev: undefined,
5571 silly tar     ino: undefined,
5571 silly tar     nlink: undefined,
5571 silly tar     invalid: false,
5571 silly tar     absolute: 'C:/Users/Kawinpat/Documents/Codex/2026-09-04/new-chat/node_modules/npm-run-path/node_modules/path-key/license',
5571 silly tar     unsupported: false,
5571 silly tar     Symbol(shapeMode): false,
5571 silly tar     Symbol(kCapture): false,
5571 silly tar     Symbol(flowing): false,
5571 silly tar     Symbol(paused): true,
5571 silly tar     Symbol(pipes): [ [qt] ],
5571 silly tar     Symbol(buffer): [],
5571 silly tar     Symbol(objectMode): false,
5571 silly tar     Symbol(encoding): null,
5571 silly tar     Symbol(async): false,
5571 silly tar     Symbol(decoder): null,
5571 silly tar     Symbol(EOF): true,
5571 silly tar     Symbol(emittedEnd): true,
5571 silly tar     Symbol(emittingEnd): false,
5571 silly tar     Symbol(closed): false,
5571 silly tar     Symbol(emittedError): null,
5571 silly tar     Symbol(bufferLength): 0,
5571 silly tar     Symbol(destroyed): false,
5571 silly tar     Symbol(signal): undefined,
5571 silly tar     Symbol(aborted): false,
5571 silly tar     Symbol(dataListeners): 0,
5571 silly tar     Symbol(discarded): false
5571 silly tar   },
5571 silly tar   cwd: 'C:/Users/Kawinpat/Documents/Codex/2026-09-04/new-chat/node_modules/npm-run-path/node_modules/path-key',
5571 silly tar   tarCode: 'TAR_ENTRY_ERROR'
5571 silly tar }
5572 warn tar TAR_ENTRY_ERROR UNKNOWN: unknown error, open 'C:\Users\Kawinpat\Documents\Codex\2026-09-04\new-chat\node_modules\cross-spawn\node_modules\isexe\package.json'
5573 silly tar TAR_ENTRY_ERROR UNKNOWN: unknown error, open 'C:\Users\Kawinpat\Documents\Codex\2026-09-04\new-chat\node_modules\cross-spawn\node_modules\isexe\package.json' [Error: UNKNOWN: unknown error, open 'C:\Users\Kawinpat\Documents\Codex\2026-09-04\new-chat\node_modules\cross-spawn\node_modules\isexe\package.json'] {
5573 silly tar   errno: -4094,
5573 silly tar   code: 'UNKNOWN',
5573 silly tar   syscall: 'open',
5573 silly tar   path: 'C:\\Users\\Kawinpat\\Documents\\Codex\\2026-09-04\\new-chat\\node_modules\\cross-spawn\\node_modules\\isexe\\package.json',
5573 silly tar   entry: Ls {
5573 silly tar     _events: [Object: null prototype] {},
5573 silly tar     _eventsCount: 0,
5573 silly tar     _maxListeners: undefined,
5573 silly tar     writable: false,
5573 silly tar     readable: false,
5573 silly tar     extended: undefined,
5573 silly tar     globalExtended: undefined,
5573 silly tar     header: Ns {
5573 silly tar       cksumValid: true,
5573 silly tar       needPax: false,
5573 silly tar       nullBlock: false,
5573 silly tar       block: undefined,
5573 silly tar       path: 'package/package.json',
5573 silly tar       mode: 420,
5573 silly tar       uid: 501,
5573 silly tar       gid: 20,
5573 silly tar       size: 786,
5573 silly tar       cksum: 5649,
5573 silly tar       linkpath: '',
5573 silly tar       uname: '',
5573 silly tar       gname: '',
5573 silly tar       devmaj: 0,
5573 silly tar       devmin: 0,
5573 silly tar       atime: undefined,
5573 silly tar       ctime: undefined,
5573 silly tar       mtime: 2017-03-23T00:53:13.000Z,
5573 silly tar       charset: undefined,
5573 silly tar       comment: undefined
5573 silly tar     },
5573 silly tar     startBlockSize: 1024,
5573 silly tar     blockRemain: 0,
5573 silly tar     remain: 0,
5573 silly tar     type: 'File',
5573 silly tar     meta: false,
5573 silly tar     ignore: false,
5573 silly tar     path: 'package.json',
5573 silly tar     mode: 438,
5573 silly tar     uid: 501,
5573 silly tar     gid: 20,
5573 silly tar     uname: '',
5573 silly tar     gname: '',
5573 silly tar     size: 786,
5573 silly tar     mtime: 2017-03-23T00:53:13.000Z,
5573 silly tar     atime: undefined,
5573 silly tar     ctime: undefined,
5573 silly tar     linkpath: undefined,
5573 silly tar     dev: undefined,
5573 silly tar     ino: undefined,
5573 silly tar     nlink: undefined,
5573 silly tar     invalid: false,
5573 silly tar     absolute: 'C:/Users/Kawinpat/Documents/Codex/2026-09-04/new-chat/node_modules/cross-spawn/node_modules/isexe/package.json',
5573 silly tar     unsupported: false,
5573 silly tar     Symbol(shapeMode): false,
5573 silly tar     Symbol(kCapture): false,
5573 silly tar     Symbol(flowing): false,
5573 silly tar     Symbol(paused): true,
5573 silly tar     Symbol(pipes): [ [qt] ],
5573 silly tar     Symbol(buffer): [],
5573 silly tar     Symbol(objectMode): false,
5573 silly tar     Symbol(encoding): null,
5573 silly tar     Symbol(async): false,
5573 silly tar     Symbol(decoder): null,
5573 silly tar     Symbol(EOF): true,
5573 silly tar     Symbol(emittedEnd): true,
5573 silly tar     Symbol(emittingEnd): false,
5573 silly tar     Symbol(closed): false,
5573 silly tar     Symbol(emittedError): null,
5573 silly tar     Symbol(bufferLength): 0,
5573 silly tar     Symbol(destroyed): false,
5573 silly tar     Symbol(signal): undefined,
5573 silly tar     Symbol(aborted): false,
5573 silly tar     Symbol(dataListeners): 0,
5573 silly tar     Symbol(discarded): false
5573 silly tar   },
5573 silly tar   cwd: 'C:/Users/Kawinpat/Documents/Codex/2026-09-04/new-chat/node_modules/cross-spawn/node_modules/isexe',
5573 silly tar   tarCode: 'TAR_ENTRY_ERROR'
5573 silly tar }
5574 warn tar TAR_ENTRY_ERROR UNKNOWN: unknown error, open 'C:\Users\Kawinpat\Documents\Codex\2026-09-04\new-chat\node_modules\@babel\helper-create-class-features-plugin\node_modules\semver\LICENSE'
5575 silly tar TAR_ENTRY_ERROR UNKNOWN: unknown error, open 'C:\Users\Kawinpat\Documents\Codex\2026-09-04\new-chat\node_modules\@babel\helper-create-class-features-plugin\node_modules\semver\LICENSE' [Error: UNKNOWN: unknown error, open 'C:\Users\Kawinpat\Documents\Codex\2026-09-04\new-chat\node_modules\@babel\helper-create-class-features-plugin\node_modules\semver\LICENSE'] {
5575 silly tar   errno: -4094,
5575 silly tar   code: 'UNKNOWN',
5575 silly tar   syscall: 'open',
5575 silly tar   path: 'C:\\Users\\Kawinpat\\Documents\\Codex\\2026-09-04\\new-chat\\node_modules\\@babel\\helper-create-class-features-plugin\\node_modules\\semver\\LICENSE',
5575 silly tar   entry: Ls {
5575 silly tar     _events: [Object: null prototype] {},
5575 silly tar     _eventsCount: 0,
5575 silly tar     _maxListeners: undefined,
5575 silly tar     writable: false,
5575 silly tar     readable: false,
5575 silly tar     extended: undefined,
5575 silly tar     globalExtended: undefined,
5575 silly tar     header: Ns {
5575 silly tar       cksumValid: true,
5575 silly tar       needPax: false,
5575 silly tar       nullBlock: false,
5575 silly tar       block: undefined,
5575 silly tar       path: 'package/LICENSE',
5575 silly tar       mode: 420,
5575 silly tar       uid: undefined,
5575 silly tar       gid: undefined,
5575 silly tar       size: 765,
5575 silly tar       cksum: 4283,
5575 silly tar       linkpath: '',
5575 silly tar       uname: '',
5575 silly tar       gname: '',
5575 silly tar       devmaj: 0,
5575 silly tar       devmin: 0,
5575 silly tar       atime: undefined,
5575 silly tar       ctime: undefined,
5575 silly tar       mtime: 1985-10-26T08:15:00.000Z,
5575 silly tar       charset: undefined,
5575 silly tar       comment: undefined
5575 silly tar     },
5575 silly tar     startBlockSize: 1024,
5575 silly tar     blockRemain: 0,
5575 silly tar     remain: 0,
5575 silly tar     type: 'File',
5575 silly tar     meta: false,
5575 silly tar     ignore: false,
5575 silly tar     path: 'LICENSE',
5575 silly tar     mode: 438,
5575 silly tar     uid: undefined,
5575 silly tar     gid: undefined,
5575 silly tar     uname: '',
5575 silly tar     gname: '',
5575 silly tar     size: 765,
5575 silly tar     mtime: 1985-10-26T08:15:00.000Z,
5575 silly tar     atime: undefined,
5575 silly tar     ctime: undefined,
5575 silly tar     linkpath: undefined,
5575 silly tar     dev: undefined,
5575 silly tar     ino: undefined,
5575 silly tar     nlink: undefined,
5575 silly tar     invalid: false,
5575 silly tar     absolute: 'C:/Users/Kawinpat/Documents/Codex/2026-09-04/new-chat/node_modules/@babel/helper-create-class-features-plugin/node_modules/semver/LICENSE',
5575 silly tar     unsupported: false,
5575 silly tar     Symbol(shapeMode): false,
5575 silly tar     Symbol(kCapture): false,
5575 silly tar     Symbol(flowing): false,
5575 silly tar     Symbol(paused): true,
5575 silly tar     Symbol(pipes): [ [qt] ],
5575 silly tar     Symbol(buffer): [],
5575 silly tar     Symbol(objectMode): false,
5575 silly tar     Symbol(encoding): null,
5575 silly tar     Symbol(async): false,
5575 silly tar     Symbol(decoder): null,
5575 silly tar     Symbol(EOF): true,
5575 silly tar     Symbol(emittedEnd): true,
5575 silly tar     Symbol(emittingEnd): false,
5575 silly tar     Symbol(closed): false,
5575 silly tar     Symbol(emittedError): null,
5575 silly tar     Symbol(bufferLength): 0,
5575 silly tar     Symbol(destroyed): false,
5575 silly tar     Symbol(signal): undefined,
5575 silly tar     Symbol(aborted): false,
5575 silly tar     Symbol(dataListeners): 0,
5575 silly tar     Symbol(discarded): false
5575 silly tar   },
5575 silly tar   cwd: 'C:/Users/Kawinpat/Documents/Codex/2026-09-04/new-chat/node_modules/@babel/helper-create-class-features-plugin/node_modules/semver',
5575 silly tar   tarCode: 'TAR_ENTRY_ERROR'
5575 silly tar }
5576 warn tar TAR_ENTRY_ERROR UNKNOWN: unknown error, open 'C:\Users\Kawinpat\Documents\Codex\2026-09-04\new-chat\node_modules\@vue\compiler-sfc\node_modules\magic-string\LICENSE'
5577 silly tar TAR_ENTRY_ERROR UNKNOWN: unknown error, open 'C:\Users\Kawinpat\Documents\Codex\2026-09-04\new-chat\node_modules\@vue\compiler-sfc\node_modules\magic-string\LICENSE' [Error: UNKNOWN: unknown error, open 'C:\Users\Kawinpat\Documents\Codex\2026-09-04\new-chat\node_modules\@vue\compiler-sfc\node_modules\magic-string\LICENSE'] {
5577 silly tar   errno: -4094,
5577 silly tar   code: 'UNKNOWN',
5577 silly tar   syscall: 'open',
5577 silly tar   path: 'C:\\Users\\Kawinpat\\Documents\\Codex\\2026-09-04\\new-chat\\node_modules\\@vue\\compiler-sfc\\node_modules\\magic-string\\LICENSE',
5577 silly tar   entry: Ls {
5577 silly tar     _events: [Object: null prototype] {},
5577 silly tar     _eventsCount: 0,
5577 silly tar     _maxListeners: undefined,
5577 silly tar     writable: false,
5577 silly tar     readable: false,
5577 silly tar     extended: undefined,
5577 silly tar     globalExtended: undefined,
5577 silly tar     header: Ns {
5577 silly tar       cksumValid: true,
5577 silly tar       needPax: false,
5577 silly tar       nullBlock: false,
5577 silly tar       block: undefined,
5577 silly tar       path: 'package/LICENSE',
5577 silly tar       mode: 420,
5577 silly tar       uid: 0,
5577 silly tar       gid: 0,
5577 silly tar       size: 1051,
5577 silly tar       cksum: 5011,
5577 silly tar       linkpath: '',
5577 silly tar       uname: '',
5577 silly tar       gname: '',
5577 silly tar       devmaj: 0,
5577 silly tar       devmin: 0,
5577 silly tar       atime: undefined,
5577 silly tar       ctime: undefined,
5577 silly tar       mtime: 1985-10-26T08:15:00.000Z,
5577 silly tar       charset: undefined,
5577 silly tar       comment: undefined
5577 silly tar     },
5577 silly tar     startBlockSize: 1536,
5577 silly tar     blockRemain: 0,
5577 silly tar     remain: 0,
5577 silly tar     type: 'File',
5577 silly tar     meta: false,
5577 silly tar     ignore: false,
5577 silly tar     path: 'LICENSE',
5577 silly tar     mode: 438,
5577 silly tar     uid: 0,
5577 silly tar     gid: 0,
5577 silly tar     uname: '',
5577 silly tar     gname: '',
5577 silly tar     size: 1051,
5577 silly tar     mtime: 1985-10-26T08:15:00.000Z,
5577 silly tar     atime: undefined,
5577 silly tar     ctime: undefined,
5577 silly tar     linkpath: undefined,
5577 silly tar     dev: undefined,
5577 silly tar     ino: undefined,
5577 silly tar     nlink: undefined,
5577 silly tar     invalid: false,
5577 silly tar     absolute: 'C:/Users/Kawinpat/Documents/Codex/2026-09-04/new-chat/node_modules/@vue/compiler-sfc/node_modules/magic-string/LICENSE',
5577 silly tar     unsupported: false,
5577 silly tar     Symbol(shapeMode): false,
5577 silly tar     Symbol(kCapture): false,
5577 silly tar     Symbol(flowing): false,
5577 silly tar     Symbol(paused): true,
5577 silly tar     Symbol(pipes): [ [qt] ],
5577 silly tar     Symbol(buffer): [],
5577 silly tar     Symbol(objectMode): false,
5577 silly tar     Symbol(encoding): null,
5577 silly tar     Symbol(async): false,
5577 silly tar     Symbol(decoder): null,
5577 silly tar     Symbol(EOF): true,
5577 silly tar     Symbol(emittedEnd): true,
5577 silly tar     Symbol(emittingEnd): false,
5577 silly tar     Symbol(closed): false,
5577 silly tar     Symbol(emittedError): null,
5577 silly tar     Symbol(bufferLength): 0,
5577 silly tar     Symbol(destroyed): false,
5577 silly tar     Symbol(signal): undefined,
5577 silly tar     Symbol(aborted): false,
5577 silly tar     Symbol(dataListeners): 0,
5577 silly tar     Symbol(discarded): false
5577 silly tar   },
5577 silly tar   cwd: 'C:/Users/Kawinpat/Documents/Codex/2026-09-04/new-chat/node_modules/@vue/compiler-sfc/node_modules/magic-string',
5577 silly tar   tarCode: 'TAR_ENTRY_ERROR'
5577 silly tar }
5578 warn tar TAR_ENTRY_ERROR UNKNOWN: unknown error, open 'C:\Users\Kawinpat\Documents\Codex\2026-09-04\new-chat\node_modules\@babel\helper-compilation-targets\node_modules\semver\LICENSE'
5579 silly tar TAR_ENTRY_ERROR UNKNOWN: unknown error, open 'C:\Users\Kawinpat\Documents\Codex\2026-09-04\new-chat\node_modules\@babel\helper-compilation-targets\node_modules\semver\LICENSE' [Error: UNKNOWN: unknown error, open 'C:\Users\Kawinpat\Documents\Codex\2026-09-04\new-chat\node_modules\@babel\helper-compilation-targets\node_modules\semver\LICENSE'] {
5579 silly tar   errno: -4094,
5579 silly tar   code: 'UNKNOWN',
5579 silly tar   syscall: 'open',
5579 silly tar   path: 'C:\\Users\\Kawinpat\\Documents\\Codex\\2026-09-04\\new-chat\\node_modules\\@babel\\helper-compilation-targets\\node_modules\\semver\\LICENSE',
5579 silly tar   entry: Ls {
5579 silly tar     _events: [Object: null prototype] {},
5579 silly tar     _eventsCount: 0,
5579 silly tar     _maxListeners: undefined,
5579 silly tar     writable: false,
5579 silly tar     readable: false,
5579 silly tar     extended: undefined,
5579 silly tar     globalExtended: undefined,
5579 silly tar     header: Ns {
5579 silly tar       cksumValid: true,
5579 silly tar       needPax: false,
5579 silly tar       nullBlock: false,
5579 silly tar       block: undefined,
5579 silly tar       path: 'package/LICENSE',
5579 silly tar       mode: 420,
5579 silly tar       uid: undefined,
5579 silly tar       gid: undefined,
5579 silly tar       size: 765,
5579 silly tar       cksum: 4283,
5579 silly tar       linkpath: '',
5579 silly tar       uname: '',
5579 silly tar       gname: '',
5579 silly tar       devmaj: 0,
5579 silly tar       devmin: 0,
5579 silly tar       atime: undefined,
5579 silly tar       ctime: undefined,
5579 silly tar       mtime: 1985-10-26T08:15:00.000Z,
5579 silly tar       charset: undefined,
5579 silly tar       comment: undefined
5579 silly tar     },
5579 silly tar     startBlockSize: 1024,
5579 silly tar     blockRemain: 0,
5579 silly tar     remain: 0,
5579 silly tar     type: 'File',
5579 silly tar     meta: false,
5579 silly tar     ignore: false,
5579 silly tar     path: 'LICENSE',
5579 silly tar     mode: 438,
5579 silly tar     uid: undefined,
5579 silly tar     gid: undefined,
5579 silly tar     uname: '',
5579 silly tar     gname: '',
5579 silly tar     size: 765,
5579 silly tar     mtime: 1985-10-26T08:15:00.000Z,
5579 silly tar     atime: undefined,
5579 silly tar     ctime: undefined,
5579 silly tar     linkpath: undefined,
5579 silly tar     dev: undefined,
5579 silly tar     ino: undefined,
5579 silly tar     nlink: undefined,
5579 silly tar     invalid: false,
5579 silly tar     absolute: 'C:/Users/Kawinpat/Documents/Codex/2026-09-04/new-chat/node_modules/@babel/helper-compilation-targets/node_modules/semver/LICENSE',
5579 silly tar     unsupported: false,
5579 silly tar     Symbol(shapeMode): false,
5579 silly tar     Symbol(kCapture): false,
5579 silly tar     Symbol(flowing): false,
5579 silly tar     Symbol(paused): true,
5579 silly tar     Symbol(pipes): [ [qt] ],
5579 silly tar     Symbol(buffer): [],
5579 silly tar     Symbol(objectMode): false,
5579 silly tar     Symbol(encoding): null,
5579 silly tar     Symbol(async): false,
5579 silly tar     Symbol(decoder): null,
5579 silly tar     Symbol(EOF): true,
5579 silly tar     Symbol(emittedEnd): true,
5579 silly tar     Symbol(emittingEnd): false,
5579 silly tar     Symbol(closed): false,
5579 silly tar     Symbol(emittedError): null,
5579 silly tar     Symbol(bufferLength): 0,
5579 silly tar     Symbol(destroyed): false,
5579 silly tar     Symbol(signal): undefined,
5579 silly tar     Symbol(aborted): false,
5579 silly tar     Symbol(dataListeners): 0,
5579 silly tar     Symbol(discarded): false
5579 silly tar   },
5579 silly tar   cwd: 'C:/Users/Kawinpat/Documents/Codex/2026-09-04/new-chat/node_modules/@babel/helper-compilation-targets/node_modules/semver',
5579 silly tar   tarCode: 'TAR_ENTRY_ERROR'
5579 silly tar }
5580 warn tar TAR_ENTRY_ERROR UNKNOWN: unknown error, open 'C:\Users\Kawinpat\Documents\Codex\2026-09-04\new-chat\node_modules\cross-spawn\node_modules\which\LICENSE'
5581 silly tar TAR_ENTRY_ERROR UNKNOWN: unknown error, open 'C:\Users\Kawinpat\Documents\Codex\2026-09-04\new-chat\node_modules\cross-spawn\node_modules\which\LICENSE' [Error: UNKNOWN: unknown error, open 'C:\Users\Kawinpat\Documents\Codex\2026-09-04\new-chat\node_modules\cross-spawn\node_modules\which\LICENSE'] {
5581 silly tar   errno: -4094,
5581 silly tar   code: 'UNKNOWN',
5581 silly tar   syscall: 'open',
5581 silly tar   path: 'C:\\Users\\Kawinpat\\Documents\\Codex\\2026-09-04\\new-chat\\node_modules\\cross-spawn\\node_modules\\which\\LICENSE',
5581 silly tar   entry: Ls {
5581 silly tar     _events: [Object: null prototype] {},
5581 silly tar     _eventsCount: 0,
5581 silly tar     _maxListeners: undefined,
5581 silly tar     writable: false,
5581 silly tar     readable: false,
5581 silly tar     extended: undefined,
5581 silly tar     globalExtended: undefined,
5581 silly tar     header: Ns {
5581 silly tar       cksumValid: true,
5581 silly tar       needPax: false,
5581 silly tar       nullBlock: false,
5581 silly tar       block: undefined,
5581 silly tar       path: 'package/LICENSE',
5581 silly tar       mode: 420,
5581 silly tar       uid: undefined,
5581 silly tar       gid: undefined,
5581 silly tar       size: 765,
5581 silly tar       cksum: 4283,
5581 silly tar       linkpath: '',
5581 silly tar       uname: '',
5581 silly tar       gname: '',
5581 silly tar       devmaj: 0,
5581 silly tar       devmin: 0,
5581 silly tar       atime: undefined,
5581 silly tar       ctime: undefined,
5581 silly tar       mtime: 1985-10-26T08:15:00.000Z,
5581 silly tar       charset: undefined,
5581 silly tar       comment: undefined
5581 silly tar     },
5581 silly tar     startBlockSize: 1024,
5581 silly tar     blockRemain: 0,
5581 silly tar     remain: 0,
5581 silly tar     type: 'File',
5581 silly tar     meta: false,
5581 silly tar     ignore: false,
5581 silly tar     path: 'LICENSE',
5581 silly tar     mode: 438,
5581 silly tar     uid: undefined,
5581 silly tar     gid: undefined,
5581 silly tar     uname: '',
5581 silly tar     gname: '',
5581 silly tar     size: 765,
5581 silly tar     mtime: 1985-10-26T08:15:00.000Z,
5581 silly tar     atime: undefined,
5581 silly tar     ctime: undefined,
5581 silly tar     linkpath: undefined,
5581 silly tar     dev: undefined,
5581 silly tar     ino: undefined,
5581 silly tar     nlink: undefined,
5581 silly tar     invalid: false,
5581 silly tar     absolute: 'C:/Users/Kawinpat/Documents/Codex/2026-09-04/new-chat/node_modules/cross-spawn/node_modules/which/LICENSE',
5581 silly tar     unsupported: false,
5581 silly tar     Symbol(shapeMode): false,
5581 silly tar     Symbol(kCapture): false,
5581 silly tar     Symbol(flowing): false,
5581 silly tar     Symbol(paused): true,
5581 silly tar     Symbol(pipes): [ [qt] ],
5581 silly tar     Symbol(buffer): [],
5581 silly tar     Symbol(objectMode): false,
5581 silly tar     Symbol(encoding): null,
5581 silly tar     Symbol(async): false,
5581 silly tar     Symbol(decoder): null,
5581 silly tar     Symbol(EOF): true,
5581 silly tar     Symbol(emittedEnd): true,
5581 silly tar     Symbol(emittingEnd): false,
5581 silly tar     Symbol(closed): false,
5581 silly tar     Symbol(emittedError): null,
5581 silly tar     Symbol(bufferLength): 0,
5581 silly tar     Symbol(destroyed): false,
5581 silly tar     Symbol(signal): undefined,
5581 silly tar     Symbol(aborted): false,
5581 silly tar     Symbol(dataListeners): 0,
5581 silly tar     Symbol(discarded): false
5581 silly tar   },
5581 silly tar   cwd: 'C:/Users/Kawinpat/Documents/Codex/2026-09-04/new-chat/node_modules/cross-spawn/node_modules/which',
5581 silly tar   tarCode: 'TAR_ENTRY_ERROR'
5581 silly tar }
5582 warn tar TAR_ENTRY_ERROR UNKNOWN: unknown error, open 'C:\Users\Kawinpat\Documents\Codex\2026-09-04\new-chat\node_modules\@babel\code-frame\node_modules\js-tokens\package.json'
5583 silly tar TAR_ENTRY_ERROR UNKNOWN: unknown error, open 'C:\Users\Kawinpat\Documents\Codex\2026-09-04\new-chat\node_modules\@babel\code-frame\node_modules\js-tokens\package.json' [Error: UNKNOWN: unknown error, open 'C:\Users\Kawinpat\Documents\Codex\2026-09-04\new-chat\node_modules\@babel\code-frame\node_modules\js-tokens\package.json'] {
5583 silly tar   errno: -4094,
5583 silly tar   code: 'UNKNOWN',
5583 silly tar   syscall: 'open',
5583 silly tar   path: 'C:\\Users\\Kawinpat\\Documents\\Codex\\2026-09-04\\new-chat\\node_modules\\@babel\\code-frame\\node_modules\\js-tokens\\package.json',
5583 silly tar   entry: Ls {
5583 silly tar     _events: [Object: null prototype] {},
5583 silly tar     _eventsCount: 0,
5583 silly tar     _maxListeners: undefined,
5583 silly tar     writable: false,
5583 silly tar     readable: false,
5583 silly tar     extended: undefined,
5583 silly tar     globalExtended: undefined,
5583 silly tar     header: Ns {
5583 silly tar       cksumValid: true,
5583 silly tar       needPax: false,
5583 silly tar       nullBlock: false,
5583 silly tar       block: undefined,
5583 silly tar       path: 'package/package.json',
5583 silly tar       mode: 436,
5583 silly tar       uid: undefined,
5583 silly tar       gid: undefined,
5583 silly tar       size: 649,
5583 silly tar       cksum: 4982,
5583 silly tar       linkpath: '',
5583 silly tar       uname: '',
5583 silly tar       gname: '',
5583 silly tar       devmaj: 0,
5583 silly tar       devmin: 0,
5583 silly tar       atime: undefined,
5583 silly tar       ctime: undefined,
5583 silly tar       mtime: 2018-01-28T11:48:06.000Z,
5583 silly tar       charset: undefined,
5583 silly tar       comment: undefined
5583 silly tar     },
5583 silly tar     startBlockSize: 1024,
5583 silly tar     blockRemain: 0,
5583 silly tar     remain: 0,
5583 silly tar     type: 'File',
5583 silly tar     meta: false,
5583 silly tar     ignore: false,
5583 silly tar     path: 'package.json',
5583 silly tar     mode: 438,
5583 silly tar     uid: undefined,
5583 silly tar     gid: undefined,
5583 silly tar     uname: '',
5583 silly tar     gname: '',
5583 silly tar     size: 649,
5583 silly tar     mtime: 2018-01-28T11:48:06.000Z,
5583 silly tar     atime: undefined,
5583 silly tar     ctime: undefined,
5583 silly tar     linkpath: undefined,
5583 silly tar     dev: undefined,
5583 silly tar     ino: undefined,
5583 silly tar     nlink: undefined,
5583 silly tar     invalid: false,
5583 silly tar     absolute: 'C:/Users/Kawinpat/Documents/Codex/2026-09-04/new-chat/node_modules/@babel/code-frame/node_modules/js-tokens/package.json',
5583 silly tar     unsupported: false,
5583 silly tar     Symbol(shapeMode): false,
5583 silly tar     Symbol(kCapture): false,
5583 silly tar     Symbol(flowing): false,
5583 silly tar     Symbol(paused): true,
5583 silly tar     Symbol(pipes): [ [qt] ],
5583 silly tar     Symbol(buffer): [],
5583 silly tar     Symbol(objectMode): false,
5583 silly tar     Symbol(encoding): null,
5583 silly tar     Symbol(async): false,
5583 silly tar     Symbol(decoder): null,
5583 silly tar     Symbol(EOF): true,
5583 silly tar     Symbol(emittedEnd): true,
5583 silly tar     Symbol(emittingEnd): false,
5583 silly tar     Symbol(closed): false,
5583 silly tar     Symbol(emittedError): null,
5583 silly tar     Symbol(bufferLength): 0,
5583 silly tar     Symbol(destroyed): false,
5583 silly tar     Symbol(signal): undefined,
5583 silly tar     Symbol(aborted): false,
5583 silly tar     Symbol(dataListeners): 0,
5583 silly tar     Symbol(discarded): false
5583 silly tar   },
5583 silly tar   cwd: 'C:/Users/Kawinpat/Documents/Codex/2026-09-04/new-chat/node_modules/@babel/code-frame/node_modules/js-tokens',
5583 silly tar   tarCode: 'TAR_ENTRY_ERROR'
5583 silly tar }
5584 warn tar TAR_ENTRY_ERROR UNKNOWN: unknown error, open 'C:\Users\Kawinpat\Documents\Codex\2026-09-04\new-chat\node_modules\vite-plugin-checker\node_modules\unicorn-magic\license'
5585 silly tar TAR_ENTRY_ERROR UNKNOWN: unknown error, open 'C:\Users\Kawinpat\Documents\Codex\2026-09-04\new-chat\node_modules\vite-plugin-checker\node_modules\unicorn-magic\license' [Error: UNKNOWN: unknown error, open 'C:\Users\Kawinpat\Documents\Codex\2026-09-04\new-chat\node_modules\vite-plugin-checker\node_modules\unicorn-magic\license'] {
5585 silly tar   errno: -4094,
5585 silly tar   code: 'UNKNOWN',
5585 silly tar   syscall: 'open',
5585 silly tar   path: 'C:\\Users\\Kawinpat\\Documents\\Codex\\2026-09-04\\new-chat\\node_modules\\vite-plugin-checker\\node_modules\\unicorn-magic\\license',
5585 silly tar   entry: Ls {
5585 silly tar     _events: [Object: null prototype] {},
5585 silly tar     _eventsCount: 0,
5585 silly tar     _maxListeners: undefined,
5585 silly tar     writable: false,
5585 silly tar     readable: false,
5585 silly tar     extended: undefined,
5585 silly tar     globalExtended: undefined,
5585 silly tar     header: Ns {
5585 silly tar       cksumValid: true,
5585 silly tar       needPax: false,
5585 silly tar       nullBlock: false,
5585 silly tar       block: undefined,
5585 silly tar       path: 'package/license',
5585 silly tar       mode: 420,
5585 silly tar       uid: undefined,
5585 silly tar       gid: undefined,
5585 silly tar       size: 1117,
5585 silly tar       cksum: 4502,
5585 silly tar       linkpath: '',
5585 silly tar       uname: '',
5585 silly tar       gname: '',
5585 silly tar       devmaj: 0,
5585 silly tar       devmin: 0,
5585 silly tar       atime: undefined,
5585 silly tar       ctime: undefined,
5585 silly tar       mtime: 1985-10-26T08:15:00.000Z,
5585 silly tar       charset: undefined,
5585 silly tar       comment: undefined
5585 silly tar     },
5585 silly tar     startBlockSize: 1536,
5585 silly tar     blockRemain: 0,
5585 silly tar     remain: 0,
5585 silly tar     type: 'File',
5585 silly tar     meta: false,
5585 silly tar     ignore: false,
5585 silly tar     path: 'license',
5585 silly tar     mode: 438,
5585 silly tar     uid: undefined,
5585 silly tar     gid: undefined,
5585 silly tar     uname: '',
5585 silly tar     gname: '',
5585 silly tar     size: 1117,
5585 silly tar     mtime: 1985-10-26T08:15:00.000Z,
5585 silly tar     atime: undefined,
5585 silly tar     ctime: undefined,
5585 silly tar     linkpath: undefined,
5585 silly tar     dev: undefined,
5585 silly tar     ino: undefined,
5585 silly tar     nlink: undefined,
5585 silly tar     invalid: false,
5585 silly tar     absolute: 'C:/Users/Kawinpat/Documents/Codex/2026-09-04/new-chat/node_modules/vite-plugin-checker/node_modules/unicorn-magic/license',
5585 silly tar     unsupported: false,
5585 silly tar     Symbol(shapeMode): false,
5585 silly tar     Symbol(kCapture): false,
5585 silly tar     Symbol(flowing): false,
5585 silly tar     Symbol(paused): true,
5585 silly tar     Symbol(pipes): [ [qt] ],
5585 silly tar     Symbol(buffer): [],
5585 silly tar     Symbol(objectMode): false,
5585 silly tar     Symbol(encoding): null,
5585 silly tar     Symbol(async): false,
5585 silly tar     Symbol(decoder): null,
5585 silly tar     Symbol(EOF): true,
5585 silly tar     Symbol(emittedEnd): true,
5585 silly tar     Symbol(emittingEnd): false,
5585 silly tar     Symbol(closed): false,
5585 silly tar     Symbol(emittedError): null,
5585 silly tar     Symbol(bufferLength): 0,
5585 silly tar     Symbol(destroyed): false,
5585 silly tar     Symbol(signal): undefined,
5585 silly tar     Symbol(aborted): false,
5585 silly tar     Symbol(dataListeners): 0,
5585 silly tar     Symbol(discarded): false
5585 silly tar   },
5585 silly tar   cwd: 'C:/Users/Kawinpat/Documents/Codex/2026-09-04/new-chat/node_modules/vite-plugin-checker/node_modules/unicorn-magic',
5585 silly tar   tarCode: 'TAR_ENTRY_ERROR'
5585 silly tar }
5586 warn tar TAR_ENTRY_ERROR UNKNOWN: unknown error, open 'C:\Users\Kawinpat\Documents\Codex\2026-09-04\new-chat\node_modules\@babel\core\node_modules\semver\LICENSE'
5587 silly tar TAR_ENTRY_ERROR UNKNOWN: unknown error, open 'C:\Users\Kawinpat\Documents\Codex\2026-09-04\new-chat\node_modules\@babel\core\node_modules\semver\LICENSE' [Error: UNKNOWN: unknown error, open 'C:\Users\Kawinpat\Documents\Codex\2026-09-04\new-chat\node_modules\@babel\core\node_modules\semver\LICENSE'] {
5587 silly tar   errno: -4094,
5587 silly tar   code: 'UNKNOWN',
5587 silly tar   syscall: 'open',
5587 silly tar   path: 'C:\\Users\\Kawinpat\\Documents\\Codex\\2026-09-04\\new-chat\\node_modules\\@babel\\core\\node_modules\\semver\\LICENSE',
5587 silly tar   entry: Ls {
5587 silly tar     _events: [Object: null prototype] {},
5587 silly tar     _eventsCount: 0,
5587 silly tar     _maxListeners: undefined,
5587 silly tar     writable: false,
5587 silly tar     readable: false,
5587 silly tar     extended: undefined,
5587 silly tar     globalExtended: undefined,
5587 silly tar     header: Ns {
5587 silly tar       cksumValid: true,
5587 silly tar       needPax: false,
5587 silly tar       nullBlock: false,
5587 silly tar       block: undefined,
5587 silly tar       path: 'package/LICENSE',
5587 silly tar       mode: 420,
5587 silly tar       uid: undefined,
5587 silly tar       gid: undefined,
5587 silly tar       size: 765,
5587 silly tar       cksum: 4283,
5587 silly tar       linkpath: '',
5587 silly tar       uname: '',
5587 silly tar       gname: '',
5587 silly tar       devmaj: 0,
5587 silly tar       devmin: 0,
5587 silly tar       atime: undefined,
5587 silly tar       ctime: undefined,
5587 silly tar       mtime: 1985-10-26T08:15:00.000Z,
5587 silly tar       charset: undefined,
5587 silly tar       comment: undefined
5587 silly tar     },
5587 silly tar     startBlockSize: 1024,
5587 silly tar     blockRemain: 0,
5587 silly tar     remain: 0,
5587 silly tar     type: 'File',
5587 silly tar     meta: false,
5587 silly tar     ignore: false,
5587 silly tar     path: 'LICENSE',
5587 silly tar     mode: 438,
5587 silly tar     uid: undefined,
5587 silly tar     gid: undefined,
5587 silly tar     uname: '',
5587 silly tar     gname: '',
5587 silly tar     size: 765,
5587 silly tar     mtime: 1985-10-26T08:15:00.000Z,
5587 silly tar     atime: undefined,
5587 silly tar     ctime: undefined,
5587 silly tar     linkpath: undefined,
5587 silly tar     dev: undefined,
5587 silly tar     ino: undefined,
5587 silly tar     nlink: undefined,
5587 silly tar     invalid: false,
5587 silly tar     absolute: 'C:/Users/Kawinpat/Documents/Codex/2026-09-04/new-chat/node_modules/@babel/core/node_modules/semver/LICENSE',
5587 silly tar     unsupported: false,
5587 silly tar     Symbol(shapeMode): false,
5587 silly tar     Symbol(kCapture): false,
5587 silly tar     Symbol(flowing): false,
5587 silly tar     Symbol(paused): true,
5587 silly tar     Symbol(pipes): [ [qt] ],
5587 silly tar     Symbol(buffer): [],
5587 silly tar     Symbol(objectMode): false,
5587 silly tar     Symbol(encoding): null,
5587 silly tar     Symbol(async): false,
5587 silly tar     Symbol(decoder): null,
5587 silly tar     Symbol(EOF): true,
5587 silly tar     Symbol(emittedEnd): true,
5587 silly tar     Symbol(emittingEnd): false,
5587 silly tar     Symbol(closed): false,
5587 silly tar     Symbol(emittedError): null,
5587 silly tar     Symbol(bufferLength): 0,
5587 silly tar     Symbol(destroyed): false,
5587 silly tar     Symbol(signal): undefined,
5587 silly tar     Symbol(aborted): false,
5587 silly tar     Symbol(dataListeners): 0,
5587 silly tar     Symbol(discarded): false
5587 silly tar   },
5587 silly tar   cwd: 'C:/Users/Kawinpat/Documents/Codex/2026-09-04/new-chat/node_modules/@babel/core/node_modules/semver',
5587 silly tar   tarCode: 'TAR_ENTRY_ERROR'
5587 silly tar }
5588 warn tar TAR_ENTRY_ERROR UNKNOWN: unknown error, open 'C:\Users\Kawinpat\Documents\Codex\2026-09-04\new-chat\node_modules\vite-plugin-checker\node_modules\path-key\license'
5589 silly tar TAR_ENTRY_ERROR UNKNOWN: unknown error, open 'C:\Users\Kawinpat\Documents\Codex\2026-09-04\new-chat\node_modules\vite-plugin-checker\node_modules\path-key\license' [Error: UNKNOWN: unknown error, open 'C:\Users\Kawinpat\Documents\Codex\2026-09-04\new-chat\node_modules\vite-plugin-checker\node_modules\path-key\license'] {
5589 silly tar   errno: -4094,
5589 silly tar   code: 'UNKNOWN',
5589 silly tar   syscall: 'open',
5589 silly tar   path: 'C:\\Users\\Kawinpat\\Documents\\Codex\\2026-09-04\\new-chat\\node_modules\\vite-plugin-checker\\node_modules\\path-key\\license',
5589 silly tar   entry: Ls {
5589 silly tar     _events: [Object: null prototype] {},
5589 silly tar     _eventsCount: 0,
5589 silly tar     _maxListeners: undefined,
5589 silly tar     writable: false,
5589 silly tar     readable: false,
5589 silly tar     extended: undefined,
5589 silly tar     globalExtended: undefined,
5589 silly tar     header: Ns {
5589 silly tar       cksumValid: true,
5589 silly tar       needPax: false,
5589 silly tar       nullBlock: false,
5589 silly tar       block: undefined,
5589 silly tar       path: 'package/license',
5589 silly tar       mode: 420,
5589 silly tar       uid: undefined,
5589 silly tar       gid: undefined,
5589 silly tar       size: 1117,
5589 silly tar       cksum: 4502,
5589 silly tar       linkpath: '',
5589 silly tar       uname: '',
5589 silly tar       gname: '',
5589 silly tar       devmaj: 0,
5589 silly tar       devmin: 0,
5589 silly tar       atime: undefined,
5589 silly tar       ctime: undefined,
5589 silly tar       mtime: 1985-10-26T08:15:00.000Z,
5589 silly tar       charset: undefined,
5589 silly tar       comment: undefined
5589 silly tar     },
5589 silly tar     startBlockSize: 1536,
5589 silly tar     blockRemain: 0,
5589 silly tar     remain: 0,
5589 silly tar     type: 'File',
5589 silly tar     meta: false,
5589 silly tar     ignore: false,
5589 silly tar     path: 'license',
5589 silly tar     mode: 438,
5589 silly tar     uid: undefined,
5589 silly tar     gid: undefined,
5589 silly tar     uname: '',
5589 silly tar     gname: '',
5589 silly tar     size: 1117,
5589 silly tar     mtime: 1985-10-26T08:15:00.000Z,
5589 silly tar     atime: undefined,
5589 silly tar     ctime: undefined,
5589 silly tar     linkpath: undefined,
5589 silly tar     dev: undefined,
5589 silly tar     ino: undefined,
5589 silly tar     nlink: undefined,
5589 silly tar     invalid: false,
5589 silly tar     absolute: 'C:/Users/Kawinpat/Documents/Codex/2026-09-04/new-chat/node_modules/vite-plugin-checker/node_modules/path-key/license',
5589 silly tar     unsupported: false,
5589 silly tar     Symbol(shapeMode): false,
5589 silly tar     Symbol(kCapture): false,
5589 silly tar     Symbol(flowing): false,
5589 silly tar     Symbol(paused): true,
5589 silly tar     Symbol(pipes): [ [qt] ],
5589 silly tar     Symbol(buffer): [],
5589 silly tar     Symbol(objectMode): false,
5589 silly tar     Symbol(encoding): null,
5589 silly tar     Symbol(async): false,
5589 silly tar     Symbol(decoder): null,
5589 silly tar     Symbol(EOF): true,
5589 silly tar     Symbol(emittedEnd): true,
5589 silly tar     Symbol(emittingEnd): false,
5589 silly tar     Symbol(closed): false,
5589 silly tar     Symbol(emittedError): null,
5589 silly tar     Symbol(bufferLength): 0,
5589 silly tar     Symbol(destroyed): false,
5589 silly tar     Symbol(signal): undefined,
5589 silly tar     Symbol(aborted): false,
5589 silly tar     Symbol(dataListeners): 0,
5589 silly tar     Symbol(discarded): false
5589 silly tar   },
5589 silly tar   cwd: 'C:/Users/Kawinpat/Documents/Codex/2026-09-04/new-chat/node_modules/vite-plugin-checker/node_modules/path-key',
5589 silly tar   tarCode: 'TAR_ENTRY_ERROR'
5589 silly tar }
5590 warn tar TAR_ENTRY_ERROR UNKNOWN: unknown error, open 'C:\Users\Kawinpat\Documents\Codex\2026-09-04\new-chat\node_modules\nitropack\node_modules\magic-string\LICENSE'
5591 silly tar TAR_ENTRY_ERROR UNKNOWN: unknown error, open 'C:\Users\Kawinpat\Documents\Codex\2026-09-04\new-chat\node_modules\nitropack\node_modules\magic-string\LICENSE' [Error: UNKNOWN: unknown error, open 'C:\Users\Kawinpat\Documents\Codex\2026-09-04\new-chat\node_modules\nitropack\node_modules\magic-string\LICENSE'] {
5591 silly tar   errno: -4094,
5591 silly tar   code: 'UNKNOWN',
5591 silly tar   syscall: 'open',
5591 silly tar   path: 'C:\\Users\\Kawinpat\\Documents\\Codex\\2026-09-04\\new-chat\\node_modules\\nitropack\\node_modules\\magic-string\\LICENSE',
5591 silly tar   entry: Ls {
5591 silly tar     _events: [Object: null prototype] {},
5591 silly tar     _eventsCount: 0,
5591 silly tar     _maxListeners: undefined,
5591 silly tar     writable: false,
5591 silly tar     readable: false,
5591 silly tar     extended: undefined,
5591 silly tar     globalExtended: undefined,
5591 silly tar     header: Ns {
5591 silly tar       cksumValid: true,
5591 silly tar       needPax: false,
5591 silly tar       nullBlock: false,
5591 silly tar       block: undefined,
5591 silly tar       path: 'package/LICENSE',
5591 silly tar       mode: 420,
5591 silly tar       uid: 0,
5591 silly tar       gid: 0,
5591 silly tar       size: 1051,
5591 silly tar       cksum: 5011,
5591 silly tar       linkpath: '',
5591 silly tar       uname: '',
5591 silly tar       gname: '',
5591 silly tar       devmaj: 0,
5591 silly tar       devmin: 0,
5591 silly tar       atime: undefined,
5591 silly tar       ctime: undefined,
5591 silly tar       mtime: 1985-10-26T08:15:00.000Z,
5591 silly tar       charset: undefined,
5591 silly tar       comment: undefined
5591 silly tar     },
5591 silly tar     startBlockSize: 1536,
5591 silly tar     blockRemain: 0,
5591 silly tar     remain: 0,
5591 silly tar     type: 'File',
5591 silly tar     meta: false,
5591 silly tar     ignore: false,
5591 silly tar     path: 'LICENSE',
5591 silly tar     mode: 438,
5591 silly tar     uid: 0,
5591 silly tar     gid: 0,
5591 silly tar     uname: '',
5591 silly tar     gname: '',
5591 silly tar     size: 1051,
5591 silly tar     mtime: 1985-10-26T08:15:00.000Z,
5591 silly tar     atime: undefined,
5591 silly tar     ctime: undefined,
5591 silly tar     linkpath: undefined,
5591 silly tar     dev: undefined,
5591 silly tar     ino: undefined,
5591 silly tar     nlink: undefined,
5591 silly tar     invalid: false,
5591 silly tar     absolute: 'C:/Users/Kawinpat/Documents/Codex/2026-09-04/new-chat/node_modules/nitropack/node_modules/magic-string/LICENSE',
5591 silly tar     unsupported: false,
5591 silly tar     Symbol(shapeMode): false,
5591 silly tar     Symbol(kCapture): false,
5591 silly tar     Symbol(flowing): false,
5591 silly tar     Symbol(paused): true,
5591 silly tar     Symbol(pipes): [ [qt] ],
5591 silly tar     Symbol(buffer): [],
5591 silly tar     Symbol(objectMode): false,
5591 silly tar     Symbol(encoding): null,
5591 silly tar     Symbol(async): false,
5591 silly tar     Symbol(decoder): null,
5591 silly tar     Symbol(EOF): true,
5591 silly tar     Symbol(emittedEnd): true,
5591 silly tar     Symbol(emittingEnd): false,
5591 silly tar     Symbol(closed): false,
5591 silly tar     Symbol(emittedError): null,
5591 silly tar     Symbol(bufferLength): 0,
5591 silly tar     Symbol(destroyed): false,
5591 silly tar     Symbol(signal): undefined,
5591 silly tar     Symbol(aborted): false,
5591 silly tar     Symbol(dataListeners): 0,
5591 silly tar     Symbol(discarded): false
5591 silly tar   },
5591 silly tar   cwd: 'C:/Users/Kawinpat/Documents/Codex/2026-09-04/new-chat/node_modules/nitropack/node_modules/magic-string',
5591 silly tar   tarCode: 'TAR_ENTRY_ERROR'
5591 silly tar }
5592 http fetch GET 200 https://registry.npmjs.org/y18n/-/y18n-5.0.8.tgz 7163ms (cache miss)
5593 warn tar TAR_ENTRY_ERROR UNKNOWN: unknown error, open 'C:\Users\Kawinpat\Documents\Codex\2026-09-04\new-chat\node_modules\pkg-types\node_modules\confbox\LICENSE'
5594 silly tar TAR_ENTRY_ERROR UNKNOWN: unknown error, open 'C:\Users\Kawinpat\Documents\Codex\2026-09-04\new-chat\node_modules\pkg-types\node_modules\confbox\LICENSE' [Error: UNKNOWN: unknown error, open 'C:\Users\Kawinpat\Documents\Codex\2026-09-04\new-chat\node_modules\pkg-types\node_modules\confbox\LICENSE'] {
5594 silly tar   errno: -4094,
5594 silly tar   code: 'UNKNOWN',
5594 silly tar   syscall: 'open',
5594 silly tar   path: 'C:\\Users\\Kawinpat\\Documents\\Codex\\2026-09-04\\new-chat\\node_modules\\pkg-types\\node_modules\\confbox\\LICENSE',
5594 silly tar   entry: Ls {
5594 silly tar     _events: [Object: null prototype] {},
5594 silly tar     _eventsCount: 0,
5594 silly tar     _maxListeners: undefined,
5594 silly tar     writable: false,
5594 silly tar     readable: false,
5594 silly tar     extended: undefined,
5594 silly tar     globalExtended: undefined,
5594 silly tar     header: Ns {
5594 silly tar       cksumValid: true,
5594 silly tar       needPax: false,
5594 silly tar       nullBlock: false,
5594 silly tar       block: undefined,
5594 silly tar       path: 'package/LICENSE',
5594 silly tar       mode: 420,
5594 silly tar       uid: 0,
5594 silly tar       gid: 0,
5594 silly tar       size: 1299,
5594 silly tar       cksum: 5014,
5594 silly tar       linkpath: '',
5594 silly tar       uname: '',
5594 silly tar       gname: '',
5594 silly tar       devmaj: 0,
5594 silly tar       devmin: 0,
5594 silly tar       atime: undefined,
5594 silly tar       ctime: undefined,
5594 silly tar       mtime: 1985-10-26T08:15:00.000Z,
5594 silly tar       charset: undefined,
5594 silly tar       comment: undefined
5594 silly tar     },
5594 silly tar     startBlockSize: 1536,
5594 silly tar     blockRemain: 0,
5594 silly tar     remain: 0,
5594 silly tar     type: 'File',
5594 silly tar     meta: false,
5594 silly tar     ignore: false,
5594 silly tar     path: 'LICENSE',
5594 silly tar     mode: 438,
5594 silly tar     uid: 0,
5594 silly tar     gid: 0,
5594 silly tar     uname: '',
5594 silly tar     gname: '',
5594 silly tar     size: 1299,
5594 silly tar     mtime: 1985-10-26T08:15:00.000Z,
5594 silly tar     atime: undefined,
5594 silly tar     ctime: undefined,
5594 silly tar     linkpath: undefined,
5594 silly tar     dev: undefined,
5594 silly tar     ino: undefined,
5594 silly tar     nlink: undefined,
5594 silly tar     invalid: false,
5594 silly tar     absolute: 'C:/Users/Kawinpat/Documents/Codex/2026-09-04/new-chat/node_modules/pkg-types/node_modules/confbox/LICENSE',
5594 silly tar     unsupported: false,
5594 silly tar     Symbol(shapeMode): false,
5594 silly tar     Symbol(kCapture): false,
5594 silly tar     Symbol(flowing): false,
5594 silly tar     Symbol(paused): true,
5594 silly tar     Symbol(pipes): [ [qt] ],
5594 silly tar     Symbol(buffer): [],
5594 silly tar     Symbol(objectMode): false,
5594 silly tar     Symbol(encoding): null,
5594 silly tar     Symbol(async): false,
5594 silly tar     Symbol(decoder): null,
5594 silly tar     Symbol(EOF): true,
5594 silly tar     Symbol(emittedEnd): true,
5594 silly tar     Symbol(emittingEnd): false,
5594 silly tar     Symbol(closed): false,
5594 silly tar     Symbol(emittedError): null,
5594 silly tar     Symbol(bufferLength): 0,
5594 silly tar     Symbol(destroyed): false,
5594 silly tar     Symbol(signal): undefined,
5594 silly tar     Symbol(aborted): false,
5594 silly tar     Symbol(dataListeners): 0,
5594 silly tar     Symbol(discarded): false
5594 silly tar   },
5594 silly tar   cwd: 'C:/Users/Kawinpat/Documents/Codex/2026-09-04/new-chat/node_modules/pkg-types/node_modules/confbox',
5594 silly tar   tarCode: 'TAR_ENTRY_ERROR'
5594 silly tar }
5595 http fetch GET 200 https://registry.npmjs.org/sirv/-/sirv-3.0.2.tgz 7011ms (cache miss)
5596 http fetch GET 200 https://registry.npmjs.org/is-installed-globally/-/is-installed-globally-1.0.0.tgz 7008ms (cache miss)
5597 http fetch GET 200 https://registry.npmjs.org/@nuxt/devalue/-/devalue-2.0.2.tgz 7018ms (cache miss)
5598 http fetch GET 200 https://registry.npmjs.org/@vitejs/plugin-vue-jsx/-/plugin-vue-jsx-5.1.6.tgz 7016ms (cache miss)
5599 http fetch GET 200 https://registry.npmjs.org/launch-editor/-/launch-editor-2.14.1.tgz 7010ms (cache miss)
5600 http fetch GET 200 https://registry.npmjs.org/structured-clone-es/-/structured-clone-es-2.0.1.tgz 7014ms (cache miss)
5601 http fetch GET 200 https://registry.npmjs.org/local-pkg/-/local-pkg-1.2.1.tgz 7011ms (cache miss)
5602 http fetch GET 200 https://registry.npmjs.org/@vue/devtools-shared/-/devtools-shared-8.2.1.tgz 7056ms (cache miss)
5603 http fetch GET 200 https://registry.npmjs.org/proper-lockfile/-/proper-lockfile-4.1.2.tgz 7222ms (cache miss)
5604 http fetch GET 200 https://registry.npmjs.org/get-port-please/-/get-port-please-3.2.0.tgz 7149ms (cache miss)
5605 http fetch GET 200 https://registry.npmjs.org/image-meta/-/image-meta-0.2.2.tgz 7150ms (cache miss)
5606 http fetch GET 200 https://registry.npmjs.org/fast-npm-meta/-/fast-npm-meta-2.2.0.tgz 7149ms (cache miss)
5607 http fetch GET 200 https://registry.npmjs.org/error-stack-parser-es/-/error-stack-parser-es-2.0.1.tgz 7166ms (cache miss)
5608 http fetch GET 200 https://registry.npmjs.org/birpc/-/birpc-4.2.0.tgz 7239ms (cache miss)
5609 http fetch GET 200 https://registry.npmjs.org/fast-wrap-ansi/-/fast-wrap-ansi-0.2.2.tgz 7239ms (cache miss)
5610 http fetch GET 200 https://registry.npmjs.org/sisteransi/-/sisteransi-1.0.5.tgz 7239ms (cache miss)
5611 http fetch GET 200 https://registry.npmjs.org/fast-string-width/-/fast-string-width-3.0.2.tgz 7380ms (cache miss)
5612 http fetch GET 200 https://registry.npmjs.org/tinyclip/-/tinyclip-0.1.15.tgz 7378ms (cache miss)
5613 http fetch GET 200 https://registry.npmjs.org/tinyexec/-/tinyexec-1.3.1.tgz 7379ms (cache miss)
5614 http fetch GET 200 https://registry.npmjs.org/debug/-/debug-4.4.3.tgz 7410ms (cache miss)
5615 http fetch GET 200 https://registry.npmjs.org/citty/-/citty-0.2.2.tgz 7488ms (cache miss)
5616 http fetch GET 200 https://registry.npmjs.org/@dxup/unimport/-/unimport-0.1.2.tgz 7500ms (cache miss)
5617 http fetch GET 200 https://registry.npmjs.org/open/-/open-11.0.2.tgz 7678ms (cache miss)
5618 http fetch GET 200 https://registry.npmjs.org/@vue/devtools-core/-/devtools-core-8.2.1.tgz 7520ms (cache miss)
5619 http fetch GET 200 https://registry.npmjs.org/vue-component-type-helpers/-/vue-component-type-helpers-3.3.11.tgz 7652ms (cache miss)
5620 http fetch GET 200 https://registry.npmjs.org/rolldown-string/-/rolldown-string-0.3.1.tgz 7644ms (cache miss)
5621 http fetch GET 200 https://registry.npmjs.org/verkit/-/verkit-0.3.2.tgz 7653ms (cache miss)
5622 http fetch GET 200 https://registry.npmjs.org/@nuxt/devtools-wizard/-/devtools-wizard-3.4.2.tgz 7689ms (cache miss)
5623 http fetch GET 200 https://registry.npmjs.org/buffer/-/buffer-6.0.3.tgz 7871ms (cache miss)
5624 http fetch GET 200 https://registry.npmjs.org/scule/-/scule-1.3.0.tgz 7698ms (cache miss)
5625 http fetch GET 200 https://registry.npmjs.org/uncrypto/-/uncrypto-0.1.3.tgz 7701ms (cache miss)
5626 http fetch GET 200 https://registry.npmjs.org/mime-db/-/mime-db-1.54.0.tgz 7900ms (cache miss)
5627 http fetch GET 200 https://registry.npmjs.org/std-env/-/std-env-4.2.0.tgz 7701ms (cache miss)
5628 http fetch GET 200 https://registry.npmjs.org/perfect-debounce/-/perfect-debounce-2.1.0.tgz 7737ms (cache miss)
5629 http fetch GET 200 https://registry.npmjs.org/pathe/-/pathe-2.0.3.tgz 7734ms (cache miss)
5630 http fetch GET 200 https://registry.npmjs.org/pkg-types/-/pkg-types-2.3.2.tgz 7740ms (cache miss)
5631 http fetch GET 200 https://registry.npmjs.org/object-identity/-/object-identity-0.2.3.tgz 7738ms (cache miss)
5632 http fetch GET 200 https://registry.npmjs.org/knitwork/-/knitwork-1.3.0.tgz 7828ms (cache miss)
5633 http fetch GET 200 https://registry.npmjs.org/klona/-/klona-2.0.6.tgz 7829ms (cache miss)
5634 http fetch GET 200 https://registry.npmjs.org/nanotar/-/nanotar-0.3.0.tgz 7830ms (cache miss)
5635 http fetch GET 200 https://registry.npmjs.org/impound/-/impound-1.2.0.tgz 7830ms (cache miss)
5636 http fetch GET 200 https://registry.npmjs.org/fnv1a-64/-/fnv1a-64-0.1.2.tgz 7909ms (cache miss)
5637 http fetch GET 200 https://registry.npmjs.org/exsolve/-/exsolve-1.1.1.tgz 7911ms (cache miss)
5638 http fetch GET 200 https://registry.npmjs.org/hookable/-/hookable-6.1.1.tgz 7919ms (cache miss)
5639 http fetch GET 200 https://registry.npmjs.org/escape-string-regexp/-/escape-string-regexp-5.0.0.tgz 7918ms (cache miss)
5640 http fetch GET 200 https://registry.npmjs.org/defu/-/defu-6.1.7.tgz 7917ms (cache miss)
5641 http fetch GET 200 https://registry.npmjs.org/cookie-es/-/cookie-es-3.1.1.tgz 7917ms (cache miss)
5642 http fetch GET 200 https://registry.npmjs.org/compatx/-/compatx-0.2.0.tgz 7917ms (cache miss)
5643 http fetch GET 200 https://registry.npmjs.org/errx/-/errx-0.1.2.tgz 7918ms (cache miss)
5644 http fetch GET 200 https://registry.npmjs.org/@vue/shared/-/shared-3.5.42.tgz 7977ms (cache miss)
5645 http fetch GET 200 https://registry.npmjs.org/@dxup/nuxt/-/nuxt-0.5.10.tgz 7970ms (cache miss)
5646 http fetch GET 200 https://registry.npmjs.org/ansi-regex/-/ansi-regex-5.0.1.tgz 8038ms (cache miss)
5647 http fetch GET 200 https://registry.npmjs.org/ansi-regex/-/ansi-regex-5.0.1.tgz 8039ms (cache miss)
5648 http fetch GET 200 https://registry.npmjs.org/ansi-regex/-/ansi-regex-5.0.1.tgz 8038ms (cache miss)
5649 http fetch GET 200 https://registry.npmjs.org/ansi-styles/-/ansi-styles-4.3.0.tgz 8087ms (cache miss)
5650 http fetch GET 200 https://registry.npmjs.org/strip-ansi/-/strip-ansi-6.0.1.tgz 8087ms (cache miss)
5651 http fetch GET 200 https://registry.npmjs.org/strip-ansi/-/strip-ansi-6.0.1.tgz 8089ms (cache miss)
5652 http fetch GET 200 https://registry.npmjs.org/is-stream/-/is-stream-2.0.1.tgz 8086ms (cache miss)
5653 http fetch GET 200 https://registry.npmjs.org/is-stream/-/is-stream-2.0.1.tgz 8070ms (cache miss)
5654 http fetch GET 200 https://registry.npmjs.org/string-width/-/string-width-4.2.3.tgz 8089ms (cache miss)
5655 http fetch GET 200 https://registry.npmjs.org/string-width/-/string-width-5.1.2.tgz 8084ms (cache miss)
5656 http fetch GET 200 https://registry.npmjs.org/wrap-ansi/-/wrap-ansi-8.1.0.tgz 8087ms (cache miss)
5657 http fetch GET 200 https://registry.npmjs.org/emoji-regex/-/emoji-regex-10.6.0.tgz 8084ms (cache miss)
5658 http fetch GET 200 https://registry.npmjs.org/emoji-regex/-/emoji-regex-10.6.0.tgz 8080ms (cache miss)
5659 http fetch GET 200 https://registry.npmjs.org/string-width/-/string-width-7.2.0.tgz 8085ms (cache miss)
5660 http fetch GET 200 https://registry.npmjs.org/string-width/-/string-width-7.2.0.tgz 8091ms (cache miss)
5661 http fetch GET 200 https://registry.npmjs.org/signal-exit/-/signal-exit-3.0.7.tgz 8097ms (cache miss)
5662 http fetch GET 200 https://registry.npmjs.org/powershell-utils/-/powershell-utils-0.1.0.tgz 8093ms (cache miss)
5663 http fetch GET 200 https://registry.npmjs.org/string_decoder/-/string_decoder-1.1.1.tgz 8094ms (cache miss)
5664 http fetch GET 200 https://registry.npmjs.org/brace-expansion/-/brace-expansion-2.1.4.tgz 8093ms (cache miss)
5665 http fetch GET 200 https://registry.npmjs.org/brace-expansion/-/brace-expansion-2.1.4.tgz 8090ms (cache miss)
5666 http fetch GET 200 https://registry.npmjs.org/balanced-match/-/balanced-match-1.0.2.tgz 8092ms (cache miss)
5667 http fetch GET 200 https://registry.npmjs.org/balanced-match/-/balanced-match-1.0.2.tgz 8092ms (cache miss)
5668 http fetch GET 200 https://registry.npmjs.org/safe-buffer/-/safe-buffer-5.1.2.tgz 8094ms (cache miss)
5669 http fetch GET 200 https://registry.npmjs.org/error-stack-parser-es/-/error-stack-parser-es-1.0.5.tgz 8092ms (cache miss)
5670 http fetch GET 200 https://registry.npmjs.org/error-stack-parser-es/-/error-stack-parser-es-1.0.5.tgz 8078ms (cache miss)
5671 http fetch GET 200 https://registry.npmjs.org/path-key/-/path-key-4.0.0.tgz 8092ms (cache miss)
5672 http fetch GET 200 https://registry.npmjs.org/path-key/-/path-key-4.0.0.tgz 8088ms (cache miss)
5673 http fetch GET 200 https://registry.npmjs.org/isexe/-/isexe-2.0.0.tgz 8092ms (cache miss)
5674 http fetch GET 200 https://registry.npmjs.org/yallist/-/yallist-5.0.0.tgz 8098ms (cache miss)
5675 http fetch GET 200 https://registry.npmjs.org/which/-/which-2.0.2.tgz 8093ms (cache miss)
5676 http fetch GET 200 https://registry.npmjs.org/js-tokens/-/js-tokens-4.0.0.tgz 8091ms (cache miss)
5677 http fetch GET 200 https://registry.npmjs.org/unicorn-magic/-/unicorn-magic-0.3.0.tgz 8091ms (cache miss)
5678 http fetch GET 200 https://registry.npmjs.org/npm-run-path/-/npm-run-path-6.0.0.tgz 8100ms (cache miss)
5679 http fetch GET 200 https://registry.npmjs.org/cac/-/cac-7.0.0.tgz 8100ms (cache miss)
5680 http fetch GET 200 https://registry.npmjs.org/cac/-/cac-7.0.0.tgz 8095ms (cache miss)
5681 http fetch GET 200 https://registry.npmjs.org/unctx/-/unctx-2.5.0.tgz 8098ms (cache miss)
5682 http fetch GET 200 https://registry.npmjs.org/estree-walker/-/estree-walker-3.0.3.tgz 8098ms (cache miss)
5683 http fetch GET 200 https://registry.npmjs.org/estree-walker/-/estree-walker-3.0.3.tgz 8100ms (cache miss)
5684 http fetch GET 200 https://registry.npmjs.org/estree-walker/-/estree-walker-3.0.3.tgz 8092ms (cache miss)
5685 http fetch GET 200 https://registry.npmjs.org/cookie-es/-/cookie-es-1.2.3.tgz 8099ms (cache miss)
5686 http fetch GET 200 https://registry.npmjs.org/hookable/-/hookable-5.5.3.tgz 8097ms (cache miss)
5687 http fetch GET 200 https://registry.npmjs.org/hookable/-/hookable-5.5.3.tgz 8096ms (cache miss)
5688 http fetch GET 200 https://registry.npmjs.org/cookie-es/-/cookie-es-2.0.1.tgz 8111ms (cache miss)
5689 http fetch GET 200 https://registry.npmjs.org/birpc/-/birpc-2.9.0.tgz 8115ms (cache miss)
5690 http fetch GET 200 https://registry.npmjs.org/citty/-/citty-0.1.6.tgz 8140ms (cache miss)
5691 http fetch GET 200 https://registry.npmjs.org/@babel/helper-member-expression-to-functions/-/helper-member-expression-to-functions-7.29.7.tgz 8381ms (cache miss)
5692 http fetch GET 200 https://registry.npmjs.org/source-map-support/-/source-map-support-0.5.21.tgz 8553ms (cache miss)
5693 http fetch GET 200 https://registry.npmjs.org/@babel/helper-string-parser/-/helper-string-parser-7.29.7.tgz 8547ms (cache miss)
5694 http fetch GET 200 https://registry.npmjs.org/graceful-fs/-/graceful-fs-4.2.11.tgz 8679ms (cache miss)
5695 http fetch GET 200 https://registry.npmjs.org/httpxy/-/httpxy-0.5.5.tgz 8667ms (cache miss)
5696 http fetch GET 200 https://registry.npmjs.org/tr46/-/tr46-0.0.3.tgz 8860ms (cache miss)
5697 http fetch GET 200 https://registry.npmjs.org/@babel/helper-replace-supers/-/helper-replace-supers-7.29.7.tgz 8680ms (cache miss)
5698 http fetch GET 200 https://registry.npmjs.org/bare-stream/-/bare-stream-2.13.4.tgz 8957ms (cache miss)
5699 http fetch GET 200 https://registry.npmjs.org/@babel/code-frame/-/code-frame-7.29.7.tgz 8785ms (cache miss)
5700 http fetch GET 200 https://registry.npmjs.org/streamx/-/streamx-2.28.1.tgz 8971ms (cache miss)
5701 http fetch GET 200 https://registry.npmjs.org/jsesc/-/jsesc-3.1.0.tgz 9163ms (cache miss)
5702 http fetch GET 200 https://registry.npmjs.org/@vitejs/plugin-vue/-/plugin-vue-6.0.8.tgz 9290ms (cache miss)
5703 http fetch GET 200 https://registry.npmjs.org/yargs-parser/-/yargs-parser-22.0.0.tgz 9502ms (cache miss)
5704 http fetch GET 200 https://registry.npmjs.org/buffer-crc32/-/buffer-crc32-1.0.0.tgz 9493ms (cache miss)
5705 http fetch GET 200 https://registry.npmjs.org/globby/-/globby-16.2.4.tgz 9500ms (cache miss)
5706 http fetch GET 200 https://registry.npmjs.org/oxc-walker/-/oxc-walker-1.1.1.tgz 9463ms (cache miss)
5707 http fetch GET 200 https://registry.npmjs.org/obug/-/obug-2.1.4.tgz 9713ms (cache miss)
5708 http fetch GET 200 https://registry.npmjs.org/unrouting/-/unrouting-0.2.3.tgz 9484ms (cache miss)
5709 http fetch GET 200 https://registry.npmjs.org/fdir/-/fdir-6.5.0.tgz 9609ms (cache miss)
5710 http fetch GET 200 https://registry.npmjs.org/@poppinss/colors/-/colors-4.1.6.tgz 9752ms (cache miss)
5711 http fetch GET 200 https://registry.npmjs.org/commander/-/commander-2.20.3.tgz 9446ms (cache miss)
5712 http fetch GET 200 https://registry.npmjs.org/minimatch/-/minimatch-5.1.9.tgz 9467ms (cache miss)
5713 http fetch GET 200 https://registry.npmjs.org/magic-string/-/magic-string-1.2.3.tgz 9597ms (cache miss)
5714 http fetch GET 200 https://registry.npmjs.org/@clack/core/-/core-1.4.3.tgz 9628ms (cache miss)
5715 http fetch GET 200 https://registry.npmjs.org/node-fetch/-/node-fetch-2.7.0.tgz 9761ms (cache miss)
5716 http fetch GET 200 https://registry.npmjs.org/semver/-/semver-6.3.1.tgz 9593ms (cache miss)
5717 http fetch GET 200 https://registry.npmjs.org/semver/-/semver-6.3.1.tgz 9596ms (cache miss)
5718 http fetch GET 200 https://registry.npmjs.org/semver/-/semver-6.3.1.tgz 9599ms (cache miss)
5719 http fetch GET 200 https://registry.npmjs.org/@clack/prompts/-/prompts-1.7.0.tgz 9764ms (cache miss)
5720 http fetch GET 200 https://registry.npmjs.org/esbuild/-/esbuild-0.28.2.tgz 9877ms (cache miss)
5721 http fetch GET 200 https://registry.npmjs.org/ignore/-/ignore-7.0.8.tgz 9747ms (cache miss)
5722 http fetch GET 200 https://registry.npmjs.org/webpack-virtual-modules/-/webpack-virtual-modules-0.6.2.tgz 10069ms (cache miss)
5723 http fetch GET 200 https://registry.npmjs.org/iron-webcrypto/-/iron-webcrypto-1.2.1.tgz 10045ms (cache miss)
5724 http fetch GET 200 https://registry.npmjs.org/c12/-/c12-3.3.4.tgz 9958ms (cache miss)
5725 http fetch GET 200 https://registry.npmjs.org/chokidar/-/chokidar-5.0.0.tgz 10018ms (cache miss)
5726 http fetch GET 200 https://registry.npmjs.org/uqr/-/uqr-0.1.3.tgz 10149ms (cache miss)
5727 http fetch GET 200 https://registry.npmjs.org/@rollup/pluginutils/-/pluginutils-5.4.0.tgz 10192ms (cache miss)
5728 http fetch GET 200 https://registry.npmjs.org/b4a/-/b4a-1.8.1.tgz 10311ms (cache miss)
5729 http fetch GET 200 https://registry.npmjs.org/smob/-/smob-1.6.2.tgz 10273ms (cache miss)
5730 http fetch GET 200 https://registry.npmjs.org/@jridgewell/resolve-uri/-/resolve-uri-3.1.2.tgz 10215ms (cache miss)
5731 http fetch GET 200 https://registry.npmjs.org/tinyglobby/-/tinyglobby-0.2.17.tgz 10155ms (cache miss)
5732 http fetch GET 200 https://registry.npmjs.org/@nuxt/kit/-/kit-4.5.2.tgz 10133ms (cache miss)
5733 http fetch GET 200 https://registry.npmjs.org/nypm/-/nypm-0.6.9.tgz 10160ms (cache miss)
5734 http fetch GET 200 https://registry.npmjs.org/tiny-invariant/-/tiny-invariant-1.3.3.tgz 10411ms (cache miss)
5735 http fetch GET 200 https://registry.npmjs.org/croner/-/croner-10.0.1.tgz 10300ms (cache miss)
5736 http fetch GET 200 https://registry.npmjs.org/@jridgewell/source-map/-/source-map-0.3.11.tgz 10678ms (cache miss)
5737 http fetch GET 200 https://registry.npmjs.org/rou3/-/rou3-0.9.2.tgz 10456ms (cache miss)
5738 http fetch GET 200 https://registry.npmjs.org/deepmerge/-/deepmerge-4.3.1.tgz 10724ms (cache miss)
5739 http fetch GET 200 https://registry.npmjs.org/@cloudflare/kv-asset-handler/-/kv-asset-handler-0.4.2.tgz 10745ms (cache miss)
5740 http fetch GET 200 https://registry.npmjs.org/cross-spawn/-/cross-spawn-7.0.6.tgz 11097ms (cache miss)
5741 http fetch GET 200 https://registry.npmjs.org/browserslist/-/browserslist-4.28.8.tgz 11223ms (cache miss)
5742 http fetch GET 200 https://registry.npmjs.org/commander/-/commander-15.0.0.tgz 11384ms (cache miss)
5743 http fetch GET 200 https://registry.npmjs.org/event-target-shim/-/event-target-shim-5.0.1.tgz 11370ms (cache miss)
5744 http fetch GET 200 https://registry.npmjs.org/destr/-/destr-2.0.5.tgz 11580ms (cache miss)
5745 http fetch GET 200 https://registry.npmjs.org/@rollup/plugin-node-resolve/-/plugin-node-resolve-16.0.3.tgz 11679ms (cache miss)
5746 http fetch GET 200 https://registry.npmjs.org/@vue/server-renderer/-/server-renderer-3.5.42.tgz 11824ms (cache miss)
5747 http fetch GET 200 https://registry.npmjs.org/ufo/-/ufo-1.6.4.tgz 11929ms (cache miss)
5748 http fetch GET 200 https://registry.npmjs.org/baseline-browser-mapping/-/baseline-browser-mapping-2.11.21.tgz 12057ms (cache miss)
5749 http fetch GET 200 https://registry.npmjs.org/unctx/-/unctx-3.0.1.tgz 11992ms (cache miss)
5750 http fetch GET 200 https://registry.npmjs.org/pkg-types/-/pkg-types-1.3.1.tgz 12251ms (cache miss)
5751 http fetch GET 200 https://registry.npmjs.org/@rollup/plugin-commonjs/-/plugin-commonjs-29.0.3.tgz 12505ms (cache miss)
5752 http fetch GET 200 https://registry.npmjs.org/electron-to-chromium/-/electron-to-chromium-1.5.422.tgz 12643ms (cache miss)
5753 http fetch GET 200 https://registry.npmjs.org/@pkgjs/parseargs/-/parseargs-0.11.0.tgz 12842ms (cache miss)
5754 http fetch GET 200 https://registry.npmjs.org/https-proxy-agent/-/https-proxy-agent-7.0.6.tgz 12721ms (cache miss)
5755 http fetch GET 200 https://registry.npmjs.org/fastq/-/fastq-1.20.3.tgz 12901ms (cache miss)
5756 http fetch GET 200 https://registry.npmjs.org/picomatch/-/picomatch-2.3.2.tgz 12702ms (cache miss)
5757 http fetch GET 200 https://registry.npmjs.org/@nuxt/schema/-/schema-4.5.2.tgz 12723ms (cache miss)
5758 http fetch GET 200 https://registry.npmjs.org/picomatch/-/picomatch-2.3.2.tgz 12716ms (cache miss)
5759 http fetch GET 200 https://registry.npmjs.org/abort-controller/-/abort-controller-3.0.0.tgz 13053ms (cache miss)
5760 http fetch GET 200 https://registry.npmjs.org/mlly/-/mlly-1.8.2.tgz 12869ms (cache miss)
5761 http fetch GET 200 https://registry.npmjs.org/picomatch/-/picomatch-4.0.7.tgz 12875ms (cache miss)
5762 http fetch GET 200 https://registry.npmjs.org/retry/-/retry-0.12.0.tgz 13268ms (cache miss)
5763 http fetch GET 200 https://registry.npmjs.org/csstype/-/csstype-3.2.3.tgz 13602ms (cache miss)
5764 http fetch GET 200 https://registry.npmjs.org/@vue/devtools-api/-/devtools-api-8.2.1.tgz 13714ms (cache miss)
5765 http fetch GET 200 https://registry.npmjs.org/chownr/-/chownr-3.0.0.tgz 13689ms (cache miss)
5766 http fetch GET 200 https://registry.npmjs.org/@vue/devtools-kit/-/devtools-kit-8.2.1.tgz 13510ms (cache miss)
5767 http fetch GET 200 https://registry.npmjs.org/es-module-lexer/-/es-module-lexer-2.3.2.tgz 13604ms (cache miss)
5768 http fetch GET 200 https://registry.npmjs.org/@isaacs/fs-minipass/-/fs-minipass-4.0.1.tgz 13775ms (cache miss)
5769 http fetch GET 200 https://registry.npmjs.org/h3/-/h3-1.15.11.tgz 13633ms (cache miss)
5770 http fetch GET 200 https://registry.npmjs.org/dotenv/-/dotenv-17.4.2.tgz 13780ms (cache miss)
5771 http fetch GET 200 https://registry.npmjs.org/execa/-/execa-8.0.1.tgz 13736ms (cache miss)
5772 http fetch GET 200 https://registry.npmjs.org/lightningcss/-/lightningcss-1.33.0.tgz 13960ms (cache miss)
5773 http fetch GET 200 https://registry.npmjs.org/@vue/compiler-core/-/compiler-core-3.5.42.tgz 13799ms (cache miss)
5774 http fetch GET 200 https://registry.npmjs.org/@vue/reactivity/-/reactivity-3.5.42.tgz 13981ms (cache miss)
5775 http fetch GET 200 https://registry.npmjs.org/vue-bundle-renderer/-/vue-bundle-renderer-2.3.2.tgz 13826ms (cache miss)
5776 http fetch GET 200 https://registry.npmjs.org/@babel/plugin-transform-typescript/-/plugin-transform-typescript-7.29.7.tgz 13856ms (cache miss)
5777 http fetch GET 200 https://registry.npmjs.org/brace-expansion/-/brace-expansion-5.0.9.tgz 13997ms (cache miss)
5778 http fetch GET 200 https://registry.npmjs.org/loader-utils/-/loader-utils-3.3.1.tgz 13973ms (cache miss)
5779 http fetch GET 200 https://registry.npmjs.org/cac/-/cac-6.7.14.tgz 13974ms (cache miss)
5780 http fetch GET 200 https://registry.npmjs.org/magicast/-/magicast-0.5.4.tgz 13914ms (cache miss)
5781 http fetch GET 200 https://registry.npmjs.org/acorn/-/acorn-8.18.0.tgz 13999ms (cache miss)
5782 http fetch GET 200 https://registry.npmjs.org/dom-serializer/-/dom-serializer-2.0.0.tgz 14286ms (cache miss)
5783 http fetch GET 200 https://registry.npmjs.org/domhandler/-/domhandler-5.0.3.tgz 14430ms (cache miss)
5784 http fetch GET 200 https://registry.npmjs.org/@nodelib/fs.stat/-/fs.stat-2.0.5.tgz 14620ms (cache miss)
5785 http fetch GET 200 https://registry.npmjs.org/@nuxt/vite-builder/-/vite-builder-4.5.2.tgz 14450ms (cache miss)
5786 http fetch GET 200 https://registry.npmjs.org/emoji-regex/-/emoji-regex-9.2.2.tgz 14452ms (cache miss)
5787 http fetch GET 200 https://registry.npmjs.org/es-errors/-/es-errors-1.3.0.tgz 14673ms (cache miss)
5788 http fetch GET 200 https://registry.npmjs.org/magic-string/-/magic-string-0.30.21.tgz 14471ms (cache miss)
5789 http fetch GET 200 https://registry.npmjs.org/magic-string/-/magic-string-0.30.21.tgz 14531ms (cache miss)
5790 http fetch GET 200 https://registry.npmjs.org/magic-string/-/magic-string-0.30.21.tgz 14535ms (cache miss)
5791 http fetch GET 200 https://registry.npmjs.org/commander/-/commander-11.1.0.tgz 14563ms (cache miss)
5792 http fetch GET 200 https://registry.npmjs.org/seroval/-/seroval-1.6.4.tgz 14683ms (cache miss)
5793 http fetch GET 200 https://registry.npmjs.org/magic-string/-/magic-string-0.30.21.tgz 14573ms (cache miss)
5794 http fetch GET 200 https://registry.npmjs.org/magic-string/-/magic-string-0.30.21.tgz 14592ms (cache miss)
5795 http fetch GET 200 https://registry.npmjs.org/magic-string/-/magic-string-0.30.21.tgz 14604ms (cache miss)
5796 http fetch GET 200 https://registry.npmjs.org/magic-string/-/magic-string-0.30.21.tgz 14683ms (cache miss)
5797 http fetch GET 200 https://registry.npmjs.org/minipass/-/minipass-7.1.3.tgz 14896ms (cache miss)
5798 http fetch GET 200 https://registry.npmjs.org/magic-string/-/magic-string-0.30.21.tgz 14676ms (cache miss)
5799 http fetch GET 200 https://registry.npmjs.org/@vue/runtime-core/-/runtime-core-3.5.42.tgz 15030ms (cache miss)
5800 http fetch GET 200 https://registry.npmjs.org/estree-walker/-/estree-walker-2.0.2.tgz 14908ms (cache miss)
5801 http fetch GET 200 https://registry.npmjs.org/@bomb.sh/tab/-/tab-0.0.19.tgz 14850ms (cache miss)
5802 http fetch GET 200 https://registry.npmjs.org/postcss-calc/-/postcss-calc-10.1.1.tgz 14920ms (cache miss)
5803 http fetch GET 200 https://registry.npmjs.org/ohash/-/ohash-2.0.12.tgz 14944ms (cache miss)
5804 http fetch GET 200 https://registry.npmjs.org/unwasm/-/unwasm-0.5.3.tgz 15149ms (cache miss)
5805 http fetch GET 200 https://registry.npmjs.org/@vue/compiler-dom/-/compiler-dom-3.5.42.tgz 15059ms (cache miss)
5806 http fetch GET 200 https://registry.npmjs.org/source-map-js/-/source-map-js-1.2.1.tgz 15123ms (cache miss)
5807 http fetch GET 200 https://registry.npmjs.org/@babel/helper-module-transforms/-/helper-module-transforms-7.29.7.tgz 15168ms (cache miss)
5808 http fetch GET 200 https://registry.npmjs.org/path-scurry/-/path-scurry-2.0.2.tgz 15325ms (cache miss)
5809 http fetch GET 200 https://registry.npmjs.org/devalue/-/devalue-5.9.2.tgz 15216ms (cache miss)
5810 http fetch GET 200 https://registry.npmjs.org/untyped/-/untyped-2.0.0.tgz 15256ms (cache miss)
5811 http fetch GET 200 https://registry.npmjs.org/giget/-/giget-3.3.1.tgz 15471ms (cache miss)
5812 http fetch GET 200 https://registry.npmjs.org/source-map/-/source-map-0.7.6.tgz 15584ms (cache miss)
5813 http fetch GET 200 https://registry.npmjs.org/ws/-/ws-8.21.3.tgz 15527ms (cache miss)
5814 http fetch GET 200 https://registry.npmjs.org/unimport/-/unimport-6.4.0.tgz 15524ms (cache miss)
5815 http fetch GET 200 https://registry.npmjs.org/@nuxt/telemetry/-/telemetry-2.9.1.tgz 15550ms (cache miss)
5816 http fetch GET 200 https://registry.npmjs.org/@babel/template/-/template-7.29.7.tgz 15688ms (cache miss)
5817 http fetch GET 200 https://registry.npmjs.org/postcss-minify-font-values/-/postcss-minify-font-values-8.0.4.tgz 15944ms (cache miss)
5818 http fetch GET 200 https://registry.npmjs.org/@babel/helper-create-class-features-plugin/-/helper-create-class-features-plugin-7.29.7.tgz 15937ms (cache miss)
5819 http fetch GET 200 https://registry.npmjs.org/fraction.js/-/fraction.js-5.3.4.tgz 15969ms (cache miss)
5820 http fetch GET 200 https://registry.npmjs.org/source-map/-/source-map-0.8.0.tgz 15892ms (cache miss)
5821 http fetch GET 200 https://registry.npmjs.org/json5/-/json5-2.2.3.tgz 16061ms (cache miss)
5822 http fetch GET 200 https://registry.npmjs.org/ofetch/-/ofetch-1.5.1.tgz 15999ms (cache miss)
5823 http fetch GET 200 https://registry.npmjs.org/postcss-merge-rules/-/postcss-merge-rules-8.0.5.tgz 16111ms (cache miss)
5824 http fetch GET 200 https://registry.npmjs.org/path-scurry/-/path-scurry-1.11.1.tgz 16007ms (cache miss)
5825 http fetch GET 200 https://registry.npmjs.org/@rollup/rollup-win32-x64-gnu/-/rollup-win32-x64-gnu-4.63.1.tgz 16282ms (cache miss)
5826 http fetch GET 200 https://registry.npmjs.org/fzf/-/fzf-0.5.2.tgz 16120ms (cache miss)
5827 http fetch GET 200 https://registry.npmjs.org/jackspeak/-/jackspeak-3.4.3.tgz 16422ms (cache miss)
5828 http fetch GET 200 https://registry.npmjs.org/@vue/runtime-dom/-/runtime-dom-3.5.42.tgz 16409ms (cache miss)
5829 http fetch GET 200 https://registry.npmjs.org/minizlib/-/minizlib-3.1.0.tgz 16400ms (cache miss)
5830 http fetch GET 200 https://registry.npmjs.org/unplugin/-/unplugin-3.3.0.tgz 16219ms (cache miss)
5831 http fetch GET 200 https://registry.npmjs.org/@babel/parser/-/parser-7.29.8.tgz 16311ms (cache miss)
5832 http fetch GET 200 https://registry.npmjs.org/postcss-minify-selectors/-/postcss-minify-selectors-8.0.5.tgz 16363ms (cache miss)
5833 http fetch GET 200 https://registry.npmjs.org/fuse.js/-/fuse.js-7.5.0.tgz 16386ms (cache miss)
5834 http fetch GET 200 https://registry.npmjs.org/@rollup/rollup-win32-x64-msvc/-/rollup-win32-x64-msvc-4.63.1.tgz 16738ms (cache miss)
5835 http fetch GET 200 https://registry.npmjs.org/readable-stream/-/readable-stream-2.3.8.tgz 16506ms (cache miss)
5836 http fetch GET 200 https://registry.npmjs.org/mime/-/mime-4.1.0.tgz 16783ms (cache miss)
5837 http fetch GET 200 https://registry.npmjs.org/listhen/-/listhen-1.10.1.tgz 16677ms (cache miss)
5838 http fetch GET 200 https://registry.npmjs.org/@nuxt/devtools-kit/-/devtools-kit-3.4.2.tgz 16684ms (cache miss)
5839 http fetch GET 200 https://registry.npmjs.org/vite-node/-/vite-node-6.0.0.tgz 16714ms (cache miss)
5840 http fetch GET 200 https://registry.npmjs.org/@vue/compiler-sfc/-/compiler-sfc-3.5.42.tgz 16978ms (cache miss)
5841 http fetch GET 200 https://registry.npmjs.org/source-map/-/source-map-0.6.1.tgz 16882ms (cache miss)
5842 http fetch GET 200 https://registry.npmjs.org/nth-check/-/nth-check-2.1.1.tgz 17140ms (cache miss)
5843 http fetch GET 200 https://registry.npmjs.org/lru-cache/-/lru-cache-10.4.3.tgz 17137ms (cache miss)
5844 http fetch GET 200 https://registry.npmjs.org/mdn-data/-/mdn-data-2.27.1.tgz 17416ms (cache miss)
5845 http fetch GET 200 https://registry.npmjs.org/bare-path/-/bare-path-3.1.2.tgz 17437ms (cache miss)
5846 http fetch GET 200 https://registry.npmjs.org/ultrahtml/-/ultrahtml-1.7.0.tgz 17211ms (cache miss)
5847 http fetch GET 200 https://registry.npmjs.org/events/-/events-3.3.0.tgz 17394ms (cache miss)
5848 http fetch GET 200 https://registry.npmjs.org/@simple-git/argv-parser/-/argv-parser-1.1.1.tgz 17691ms (cache miss)
5849 http fetch GET 200 https://registry.npmjs.org/@poppinss/dumper/-/dumper-0.7.0.tgz 17777ms (cache miss)
5850 http fetch GET 200 https://registry.npmjs.org/confbox/-/confbox-0.2.4.tgz 17570ms (cache miss)
5851 http fetch GET 200 https://registry.npmjs.org/jiti/-/jiti-2.7.0.tgz 17552ms (cache miss)
5852 http fetch GET 200 https://registry.npmjs.org/@jridgewell/remapping/-/remapping-2.3.5.tgz 17676ms (cache miss)
5853 http fetch GET 200 https://registry.npmjs.org/mdn-data/-/mdn-data-2.0.28.tgz 17618ms (cache miss)
5854 http fetch GET 200 https://registry.npmjs.org/@jridgewell/sourcemap-codec/-/sourcemap-codec-1.6.0.tgz 17729ms (cache miss)
5855 http fetch GET 200 https://registry.npmjs.org/@jridgewell/gen-mapping/-/gen-mapping-0.3.13.tgz 17744ms (cache miss)
5856 http fetch GET 200 https://registry.npmjs.org/nostics/-/nostics-1.2.0.tgz 17686ms (cache miss)
5857 http fetch GET 200 https://registry.npmjs.org/confbox/-/confbox-0.3.1.tgz 17745ms (cache miss)
5858 http fetch GET 200 https://registry.npmjs.org/signal-exit/-/signal-exit-4.1.0.tgz 17989ms (cache miss)
5859 http fetch GET 200 https://registry.npmjs.org/bare-fs/-/bare-fs-4.8.1.tgz 18214ms (cache miss)
5860 http fetch GET 200 https://registry.npmjs.org/node-fetch-native/-/node-fetch-native-1.6.7.tgz 18143ms (cache miss)
5861 http fetch GET 200 https://registry.npmjs.org/node-mock-http/-/node-mock-http-1.0.5.tgz 18226ms (cache miss)
5862 http fetch GET 200 https://registry.npmjs.org/on-change/-/on-change-6.0.2.tgz 18268ms (cache miss)
5863 http fetch GET 200 https://registry.npmjs.org/postcss-selector-parser/-/postcss-selector-parser-7.1.6.tgz 18590ms (cache miss)
5864 http fetch GET 200 https://registry.npmjs.org/consola/-/consola-3.4.2.tgz 18521ms (cache miss)
5865 http fetch GET 200 https://registry.npmjs.org/confbox/-/confbox-0.1.8.tgz 18552ms (cache miss)
5866 http fetch GET 200 https://registry.npmjs.org/unplugin/-/unplugin-2.3.11.tgz 18584ms (cache miss)
5867 http fetch GET 200 https://registry.npmjs.org/isexe/-/isexe-4.0.0.tgz 18913ms (cache miss)
5868 http fetch GET 200 https://registry.npmjs.org/@mapbox/node-pre-gyp/-/node-pre-gyp-2.0.3.tgz 18882ms (cache miss)
5869 http fetch GET 200 https://registry.npmjs.org/readable-stream/-/readable-stream-4.7.0.tgz 19280ms (cache miss)
5870 http fetch GET 200 https://registry.npmjs.org/css-what/-/css-what-7.0.0.tgz 19365ms (cache miss)
5871 http fetch GET 200 https://registry.npmjs.org/@nuxt/cli/-/cli-3.37.0.tgz 19280ms (cache miss)
5872 http fetch GET 200 https://registry.npmjs.org/srvx/-/srvx-0.11.22.tgz 19385ms (cache miss)
5873 http fetch GET 200 https://registry.npmjs.org/@nuxt/nitro-server/-/nitro-server-4.5.2.tgz 19445ms (cache miss)
5874 http fetch GET 200 https://registry.npmjs.org/@vercel/nft/-/nft-1.11.0.tgz 19728ms (cache miss)
5875 http fetch GET 200 https://registry.npmjs.org/semver/-/semver-7.8.5.tgz 19819ms (cache miss)
5876 http fetch GET 200 https://registry.npmjs.org/@jridgewell/trace-mapping/-/trace-mapping-0.3.31.tgz 19907ms (cache miss)
5877 http fetch GET 200 https://registry.npmjs.org/rollup/-/rollup-4.63.1.tgz 20136ms (cache miss)
5878 http fetch GET 200 https://registry.npmjs.org/postcss-ordered-values/-/postcss-ordered-values-8.0.5.tgz 20146ms (cache miss)
5879 http fetch GET 200 https://registry.npmjs.org/postcss/-/postcss-8.5.28.tgz 20147ms (cache miss)
5880 http fetch GET 200 https://registry.npmjs.org/@babel/generator/-/generator-7.29.8.tgz 20166ms (cache miss)
5881 http fetch GET 200 https://registry.npmjs.org/bare-url/-/bare-url-2.5.4.tgz 20411ms (cache miss)
5882 http fetch GET 200 https://registry.npmjs.org/youch/-/youch-4.1.1.tgz 20264ms (cache miss)
5883 http fetch GET 200 https://registry.npmjs.org/vue/-/vue-3.5.42.tgz 20308ms (cache miss)
5884 http fetch GET 200 https://registry.npmjs.org/crossws/-/crossws-0.3.5.tgz 20465ms (cache miss)
5885 http fetch GET 200 https://registry.npmjs.org/vite/-/vite-8.2.2.tgz 20551ms (cache miss)
5886 http fetch GET 200 https://registry.npmjs.org/terser/-/terser-5.51.2.tgz 20785ms (cache miss)
5887 http fetch GET 200 https://registry.npmjs.org/yargs/-/yargs-18.1.0.tgz 20859ms (cache miss)
5888 http fetch GET 200 https://registry.npmjs.org/minimatch/-/minimatch-10.2.6.tgz 21063ms (cache miss)
5889 http fetch GET 200 https://registry.npmjs.org/rolldown/-/rolldown-1.2.7.tgz 20894ms (cache miss)
5890 http fetch GET 200 https://registry.npmjs.org/fast-glob/-/fast-glob-3.3.3.tgz 21104ms (cache miss)
5891 http fetch GET 200 https://registry.npmjs.org/vite-plugin-inspect/-/vite-plugin-inspect-11.4.1.tgz 21069ms (cache miss)
5892 http fetch GET 200 https://registry.npmjs.org/minimatch/-/minimatch-9.0.9.tgz 20997ms (cache miss)
5893 http fetch GET 200 https://registry.npmjs.org/@unhead/vue/-/vue-3.4.0.tgz 21168ms (cache miss)
5894 http fetch GET 200 https://registry.npmjs.org/domutils/-/domutils-3.2.2.tgz 21414ms (cache miss)
5895 http fetch GET 200 https://registry.npmjs.org/node-forge/-/node-forge-1.4.0.tgz 21314ms (cache miss)
5896 http fetch GET 200 https://registry.npmjs.org/@babel/traverse/-/traverse-7.29.8.tgz 21884ms (cache miss)
5897 http fetch GET 200 https://registry.npmjs.org/glob/-/glob-10.5.0.tgz 21784ms (cache miss)
5898 warn deprecated glob@10.5.0: Old versions of glob are not supported, and contain widely publicized security vulnerabilities, which have been fixed in the current version. Please update. Support for old versions may be purchased (at exorbitant rates) by contacting i@izs.me
5899 http fetch GET 200 https://registry.npmjs.org/rollup-plugin-visualizer/-/rollup-plugin-visualizer-7.1.1.tgz 21994ms (cache miss)
5900 http fetch GET 200 https://registry.npmjs.org/entities/-/entities-4.5.0.tgz 21901ms (cache miss)
5901 http fetch GET 200 https://registry.npmjs.org/lightningcss-win32-x64-msvc/-/lightningcss-win32-x64-msvc-1.33.0.tgz 22205ms (cache miss)
5902 http fetch GET 200 https://registry.npmjs.org/vue-router/-/vue-router-5.3.1.tgz 22054ms (cache miss)
5903 http fetch GET 200 https://registry.npmjs.org/crossws/-/crossws-0.4.12.tgz 22168ms (cache miss)
5904 http fetch GET 200 https://registry.npmjs.org/glob/-/glob-13.0.6.tgz 22580ms (cache miss)
5905 http fetch GET 200 https://registry.npmjs.org/autoprefixer/-/autoprefixer-10.5.4.tgz 22736ms (cache miss)
5906 http fetch GET 200 https://registry.npmjs.org/@esbuild/win32-x64/-/win32-x64-0.28.2.tgz 23040ms (cache miss)
5907 http fetch GET 200 https://registry.npmjs.org/ioredis/-/ioredis-5.11.1.tgz 23411ms (cache miss)
5908 http fetch GET 200 https://registry.npmjs.org/csso/-/csso-5.0.5.tgz 23540ms (cache miss)
5909 http fetch GET 200 https://registry.npmjs.org/async/-/async-3.2.6.tgz 23518ms (cache miss)
5910 http fetch GET 200 https://registry.npmjs.org/unhead/-/unhead-3.4.0.tgz 23602ms (cache miss)
5911 http fetch GET 200 https://registry.npmjs.org/@unhead/bundler/-/bundler-3.4.0.tgz 23934ms (cache miss)
5912 http fetch GET 200 https://registry.npmjs.org/postcss-merge-longhand/-/postcss-merge-longhand-8.0.4.tgz 24073ms (cache miss)
5913 http fetch GET 200 https://registry.npmjs.org/vite-plugin-checker/-/vite-plugin-checker-0.14.5.tgz 24100ms (cache miss)
5914 http fetch GET 200 https://registry.npmjs.org/resolve/-/resolve-1.22.12.tgz 24228ms (cache miss)
5915 http fetch GET 200 https://registry.npmjs.org/entities/-/entities-7.0.1.tgz 24405ms (cache miss)
5916 http fetch GET 200 https://registry.npmjs.org/lru-cache/-/lru-cache-11.5.2.tgz 24353ms (cache miss)
5917 http fetch GET 200 https://registry.npmjs.org/lru-cache/-/lru-cache-11.5.2.tgz 24379ms (cache miss)
5918 http fetch GET 200 https://registry.npmjs.org/@colordx/core/-/core-5.8.0.tgz 24822ms (cache miss)
5919 http fetch GET 200 https://registry.npmjs.org/diff/-/diff-8.0.4.tgz 24798ms (cache miss)
5920 http fetch GET 200 https://registry.npmjs.org/css-select/-/css-select-6.0.0.tgz 24980ms (cache miss)
5921 http fetch GET 200 https://registry.npmjs.org/@babel/core/-/core-7.29.7.tgz 24838ms (cache miss)
5922 http fetch GET 200 https://registry.npmjs.org/@rolldown/binding-win32-x64-msvc/-/binding-win32-x64-msvc-1.2.7.tgz 25113ms (cache miss)
5923 http fetch GET 200 https://registry.npmjs.org/svgo/-/svgo-4.1.0.tgz 25164ms (cache miss)
5924 http fetch GET 200 https://registry.npmjs.org/simple-git/-/simple-git-3.36.0.tgz 25108ms (cache miss)
5925 http fetch GET 200 https://registry.npmjs.org/unstorage/-/unstorage-1.17.5.tgz 25365ms (cache miss)
5926 http fetch GET 200 https://registry.npmjs.org/type-fest/-/type-fest-5.9.0.tgz 25711ms (cache miss)
5927 http fetch GET 200 https://registry.npmjs.org/@babel/types/-/types-7.29.8.tgz 25910ms (cache miss)
5928 http fetch GET 200 https://registry.npmjs.org/undici/-/undici-8.10.1.tgz 26260ms (cache miss)
5929 http fetch GET 200 https://registry.npmjs.org/@babel/helpers/-/helpers-7.29.7.tgz 26613ms (cache miss)
5930 http fetch GET 200 https://registry.npmjs.org/@nuxt/devtools/-/devtools-3.4.2.tgz 26560ms (cache miss)
5931 http fetch GET 200 https://registry.npmjs.org/tar/-/tar-7.5.22.tgz 26739ms (cache miss)
5932 http fetch GET 200 https://registry.npmjs.org/@speed-highlight/core/-/core-1.2.24.tgz 27016ms (cache miss)
5933 http fetch GET 200 https://registry.npmjs.org/css-tree/-/css-tree-2.2.1.tgz 26724ms (cache miss)
5934 http fetch GET 200 https://registry.npmjs.org/css-tree/-/css-tree-3.2.1.tgz 27272ms (cache miss)
5935 http fetch GET 200 https://registry.npmjs.org/nuxt/-/nuxt-4.5.2.tgz 27311ms (cache miss)
5936 http fetch GET 200 https://registry.npmjs.org/nitropack/-/nitropack-2.13.4.tgz 27571ms (cache miss)
5937 http fetch GET 200 https://registry.npmjs.org/unenv/-/unenv-2.0.0-rc.24.tgz 27776ms (cache miss)
5938 http fetch GET 200 https://registry.npmjs.org/lodash/-/lodash-4.18.1.tgz 31073ms (cache miss)
5939 http fetch GET 200 https://registry.npmjs.org/caniuse-lite/-/caniuse-lite-1.0.30001810.tgz 31328ms (cache miss)
5940 info run esbuild@0.28.2 postinstall node_modules/esbuild node install.js
5941 info run esbuild@0.28.2 postinstall { code: 0, signal: null }
5942 verbose audit error FetchError: network timeout at: https://registry.npmjs.org/-/npm/v1/security/advisories/bulk
5942 verbose audit error     at Timeout.<anonymous> (C:\Users\Kawinpat\AppData\Roaming\nvm\v24.14.1\node_modules\npm\node_modules\minipass-fetch\lib\index.js:108:18)
5942 verbose audit error     at listOnTimeout (node:internal/timers:605:17)
5942 verbose audit error     at process.processTimers (node:internal/timers:541:7) {
5942 verbose audit error   code: 'FETCH_ERROR',
5942 verbose audit error   errno: 'FETCH_ERROR',
5942 verbose audit error   type: 'request-timeout'
5942 verbose audit error }
5943 silly audit error undefined
5944 silly audit report null
5945 silly ADD node_modules/color-name
5946 silly ADD node_modules/color-convert
5947 silly ADD node_modules/process-nextick-args
5948 silly ADD node_modules/isarray
5949 silly ADD node_modules/core-util-is
5950 silly ADD node_modules/eastasianwidth
5951 silly ADD node_modules/is-fullwidth-code-point
5952 silly ADD node_modules/emoji-regex
5953 silly ADD node_modules/wrap-ansi-cjs
5954 silly ADD node_modules/wrap-ansi-cjs/node_modules/ansi-regex
5955 silly ADD node_modules/wrap-ansi-cjs/node_modules/strip-ansi
5956 silly ADD node_modules/wrap-ansi-cjs/node_modules/string-width
5957 silly ADD node_modules/wrap-ansi-cjs/node_modules/ansi-styles
5958 silly ADD node_modules/strip-ansi-cjs
5959 silly ADD node_modules/strip-ansi-cjs/node_modules/ansi-regex
5960 silly ADD node_modules/string-width-cjs
5961 silly ADD node_modules/string-width-cjs/node_modules/ansi-regex
5962 silly ADD node_modules/string-width-cjs/node_modules/strip-ansi
5963 silly ADD node_modules/@pkgjs/parseargs
5964 silly ADD node_modules/@isaacs/cliui
5965 silly ADD node_modules/@isaacs/cliui/node_modules/emoji-regex
5966 silly ADD node_modules/@isaacs/cliui/node_modules/wrap-ansi
5967 silly ADD node_modules/@isaacs/cliui/node_modules/string-width
5968 silly ADD node_modules/package-json-from-dist
5969 silly ADD node_modules/jackspeak
5970 silly ADD node_modules/foreground-child
5971 silly ADD node_modules/crc32-stream
5972 silly ADD node_modules/crc-32
5973 silly ADD node_modules/compress-commons
5974 silly ADD node_modules/compress-commons/node_modules/is-stream
5975 silly ADD node_modules/@poppinss/exception
5976 silly ADD node_modules/supports-color
5977 silly ADD node_modules/@sindresorhus/is
5978 silly ADD node_modules/kleur
5979 silly ADD node_modules/@speed-highlight/core
5980 silly ADD node_modules/@poppinss/dumper
5981 silly ADD node_modules/@poppinss/colors
5982 silly ADD node_modules/ansi-styles
5983 silly ADD node_modules/ansi-regex
5984 silly ADD node_modules/get-east-asian-width
5985 silly ADD node_modules/wrap-ansi
5986 silly ADD node_modules/wrap-ansi/node_modules/emoji-regex
5987 silly ADD node_modules/wrap-ansi/node_modules/string-width
5988 silly ADD node_modules/strip-ansi
5989 silly ADD node_modules/yargs-parser
5990 silly ADD node_modules/y18n
5991 silly ADD node_modules/string-width
5992 silly ADD node_modules/get-caller-file
5993 silly ADD node_modules/cliui
5994 silly ADD node_modules/cliui/node_modules/emoji-regex
5995 silly ADD node_modules/cliui/node_modules/string-width
5996 silly ADD node_modules/is-wsl
5997 silly ADD node_modules/isexe
5998 silly ADD node_modules/webidl-conversions
5999 silly ADD node_modules/tr46
6000 silly ADD node_modules/magic-string-ast
6001 silly ADD node_modules/magic-string-ast/node_modules/magic-string
6002 silly ADD node_modules/ast-kit
6003 silly ADD node_modules/muggle-string
6004 silly ADD node_modules/ast-walker-scope
6005 silly ADD node_modules/@vue/devtools-api
6006 silly ADD node_modules/@vue-macros/common
6007 silly ADD node_modules/csstype
6008 silly ADD node_modules/@vue/runtime-core
6009 silly ADD node_modules/@vue/reactivity
6010 silly ADD node_modules/@vue/server-renderer
6011 silly ADD node_modules/@vue/runtime-dom
6012 silly ADD node_modules/vite-hot-client
6013 silly ADD node_modules/vite-dev-rpc
6014 silly ADD node_modules/ansis
6015 silly ADD node_modules/retry
6016 silly ADD node_modules/tiny-invariant
6017 silly ADD node_modules/proper-lockfile
6018 silly ADD node_modules/proper-lockfile/node_modules/signal-exit
6019 silly ADD node_modules/obug
6020 silly ADD node_modules/lightningcss-win32-x64-msvc
6021 silly ADD node_modules/lightningcss
6022 silly ADD node_modules/escalade
6023 silly ADD node_modules/anymatch
6024 silly ADD node_modules/anymatch/node_modules/picomatch
6025 silly ADD node_modules/webpack-virtual-modules
6026 silly ADD node_modules/strip-literal
6027 silly ADD node_modules/tagged-tag
6028 silly ADD node_modules/is-number
6029 silly ADD node_modules/buffer-from
6030 silly ADD node_modules/source-map-support
6031 silly ADD node_modules/source-map-support/node_modules/source-map
6032 silly ADD node_modules/@jridgewell/source-map
6033 silly ADD node_modules/text-decoder
6034 silly ADD node_modules/events-universal
6035 silly ADD node_modules/teex
6036 silly ADD node_modules/bare-url
6037 silly ADD node_modules/bare-stream
6038 silly ADD node_modules/bare-path
6039 silly ADD node_modules/bare-events
6040 silly ADD node_modules/streamx
6041 silly ADD node_modules/fast-fifo
6042 silly ADD node_modules/bare-fs
6043 silly ADD node_modules/b4a
6044 silly ADD node_modules/minizlib
6045 silly ADD node_modules/chownr
6046 silly ADD node_modules/@isaacs/fs-minipass
6047 silly ADD node_modules/dom-serializer
6048 silly ADD node_modules/dom-serializer/node_modules/entities
6049 silly ADD node_modules/domelementtype
6050 silly ADD node_modules/mdn-data
6051 silly ADD node_modules/nth-check
6052 silly ADD node_modules/domutils
6053 silly ADD node_modules/domhandler
6054 silly ADD node_modules/boolbase
6055 silly ADD node_modules/commander
6056 silly ADD node_modules/sax
6057 silly ADD node_modules/csso
6058 silly ADD node_modules/csso/node_modules/mdn-data
6059 silly ADD node_modules/csso/node_modules/css-tree
6060 silly ADD node_modules/css-what
6061 silly ADD node_modules/css-tree
6062 silly ADD node_modules/css-select
6063 silly ADD node_modules/safe-buffer
6064 silly ADD node_modules/totalist
6065 silly ADD node_modules/mrmime
6066 silly ADD node_modules/@polka/url
6067 silly ADD node_modules/@simple-git/argv-parser
6068 silly ADD node_modules/@simple-git/args-pathspec
6069 silly ADD node_modules/@kwsites/promise-deferred
6070 silly ADD node_modules/@kwsites/file-exists
6071 silly ADD node_modules/shebang-regex
6072 silly ADD node_modules/ee-first
6073 silly ADD node_modules/mime-db
6074 silly ADD node_modules/toidentifier
6075 silly ADD node_modules/setprototypeof
6076 silly ADD node_modules/inherits
6077 silly ADD node_modules/depd
6078 silly ADD node_modules/statuses
6079 silly ADD node_modules/range-parser
6080 silly ADD node_modules/on-finished
6081 silly ADD node_modules/mime-types
6082 silly ADD node_modules/http-errors
6083 silly ADD node_modules/fresh
6084 silly ADD node_modules/send
6085 silly ADD node_modules/parseurl
6086 silly ADD node_modules/escape-html
6087 silly ADD node_modules/encodeurl
6088 silly ADD node_modules/queue-microtask
6089 silly ADD node_modules/is-docker
6090 silly ADD node_modules/run-applescript
6091 silly ADD node_modules/default-browser-id
6092 silly ADD node_modules/bundle-name
6093 silly ADD node_modules/wsl-utils
6094 silly ADD node_modules/wsl-utils/node_modules/powershell-utils
6095 silly ADD node_modules/powershell-utils
6096 silly ADD node_modules/is-inside-container
6097 silly ADD node_modules/is-in-ssh
6098 silly ADD node_modules/define-lazy-prop
6099 silly ADD node_modules/default-browser
6100 silly ADD node_modules/yargs
6101 silly ADD node_modules/open
6102 silly ADD node_modules/@rollup/rollup-win32-x64-msvc
6103 silly ADD node_modules/@rollup/rollup-win32-x64-gnu
6104 silly ADD node_modules/@rolldown/binding-win32-x64-msvc
6105 silly ADD node_modules/@oxc-project/types
6106 silly ADD node_modules/function-bind
6107 silly ADD node_modules/hasown
6108 silly ADD node_modules/supports-preserve-symlinks-flag
6109 silly ADD node_modules/path-parse
6110 silly ADD node_modules/is-core-module
6111 silly ADD node_modules/es-errors
6112 silly ADD node_modules/ieee754
6113 silly ADD node_modules/base64-js
6114 silly ADD node_modules/event-target-shim
6115 silly ADD node_modules/string_decoder
6116 silly ADD node_modules/process
6117 silly ADD node_modules/events
6118 silly ADD node_modules/buffer
6119 silly ADD node_modules/abort-controller
6120 silly ADD node_modules/svgo
6121 silly ADD node_modules/svgo/node_modules/commander
6122 silly ADD node_modules/util-deprecate
6123 silly ADD node_modules/cssesc
6124 silly ADD node_modules/stylehacks
6125 silly ADD node_modules/caniuse-api
6126 silly ADD node_modules/@colordx/core
6127 silly ADD node_modules/postcss-selector-parser
6128 silly ADD node_modules/nanoid
6129 silly ADD node_modules/mimic-fn
6130 silly ADD node_modules/abbrev
6131 silly ADD node_modules/whatwg-url
6132 silly ADD node_modules/balanced-match
6133 silly ADD node_modules/brace-expansion
6134 silly ADD node_modules/to-regex-range
6135 silly ADD node_modules/fill-range
6136 silly ADD node_modules/braces
6137 silly ADD node_modules/standard-as-callback
6138 silly ADD node_modules/redis-parser
6139 silly ADD node_modules/redis-errors
6140 silly ADD node_modules/denque
6141 silly ADD node_modules/cluster-key-slot
6142 silly ADD node_modules/@ioredis/commands
6143 silly ADD node_modules/agent-base
6144 silly ADD node_modules/duplexer
6145 silly ADD node_modules/reusify
6146 silly ADD node_modules/run-parallel
6147 silly ADD node_modules/fastq
6148 silly ADD node_modules/@nodelib/fs.scandir
6149 silly ADD node_modules/merge2
6150 silly ADD node_modules/glob-parent
6151 silly ADD node_modules/@nodelib/fs.walk
6152 silly ADD node_modules/@nodelib/fs.stat
6153 silly ADD node_modules/unicorn-magic
6154 silly ADD node_modules/slash
6155 silly ADD node_modules/micromatch
6156 silly ADD node_modules/micromatch/node_modules/picomatch
6157 silly ADD node_modules/fast-glob
6158 silly ADD node_modules/@sindresorhus/merge-streams
6159 silly ADD node_modules/path-scurry
6160 silly ADD node_modules/path-scurry/node_modules/lru-cache
6161 silly ADD node_modules/minipass
6162 silly ADD node_modules/minimatch
6163 silly ADD node_modules/@esbuild/win32-x64
6164 silly ADD node_modules/type-fest
6165 silly ADD node_modules/file-uri-to-path
6166 silly ADD node_modules/normalize-path
6167 silly ADD node_modules/lodash
6168 silly ADD node_modules/lazystream
6169 silly ADD node_modules/lazystream/node_modules/string_decoder
6170 silly ADD node_modules/lazystream/node_modules/safe-buffer
6171 silly ADD node_modules/lazystream/node_modules/readable-stream
6172 silly ADD node_modules/zip-stream
6173 silly ADD node_modules/tar-stream
6174 silly ADD node_modules/readdir-glob
6175 silly ADD node_modules/readdir-glob/node_modules/balanced-match
6176 silly ADD node_modules/readdir-glob/node_modules/brace-expansion
6177 silly ADD node_modules/readdir-glob/node_modules/minimatch
6178 silly ADD node_modules/readable-stream
6179 silly ADD node_modules/buffer-crc32
6180 silly ADD node_modules/async
6181 silly ADD node_modules/archiver-utils
6182 silly ADD node_modules/archiver-utils/node_modules/lru-cache
6183 silly ADD node_modules/archiver-utils/node_modules/balanced-match
6184 silly ADD node_modules/archiver-utils/node_modules/brace-expansion
6185 silly ADD node_modules/archiver-utils/node_modules/path-scurry
6186 silly ADD node_modules/archiver-utils/node_modules/minimatch
6187 silly ADD node_modules/archiver-utils/node_modules/is-stream
6188 silly ADD node_modules/archiver-utils/node_modules/glob
6189 silly ADD node_modules/tar
6190 silly ADD node_modules/tar/node_modules/yallist
6191 silly ADD node_modules/nopt
6192 silly ADD node_modules/node-fetch
6193 silly ADD node_modules/https-proxy-agent
6194 silly ADD node_modules/detect-libc
6195 silly ADD node_modules/resolve-from
6196 silly ADD node_modules/node-gyp-build
6197 silly ADD node_modules/graceful-fs
6198 silly ADD node_modules/glob
6199 silly ADD node_modules/bindings
6200 silly ADD node_modules/async-sema
6201 silly ADD node_modules/acorn-import-attributes
6202 silly ADD node_modules/@mapbox/node-pre-gyp
6203 silly ADD node_modules/@types/estree
6204 silly ADD node_modules/terser
6205 silly ADD node_modules/terser/node_modules/commander
6206 silly ADD node_modules/smob
6207 silly ADD node_modules/serialize-javascript
6208 silly ADD node_modules/resolve
6209 silly ADD node_modules/is-module
6210 silly ADD node_modules/deepmerge
6211 silly ADD node_modules/@types/resolve
6212 silly ADD node_modules/is-reference
6213 silly ADD node_modules/fdir
6214 silly ADD node_modules/commondir
6215 silly ADD node_modules/@rollup/pluginutils
6216 silly ADD node_modules/youch-core
6217 silly ADD node_modules/youch-core/node_modules/error-stack-parser-es
6218 silly ADD node_modules/unwasm
6219 silly ADD node_modules/unwasm/node_modules/magic-string
6220 silly ADD node_modules/source-map
6221 silly ADD node_modules/serve-static
6222 silly ADD node_modules/serve-placeholder
6223 silly ADD node_modules/rollup-plugin-visualizer
6224 silly ADD node_modules/rollup-plugin-visualizer/node_modules/source-map
6225 silly ADD node_modules/rollup
6226 silly ADD node_modules/pretty-bytes
6227 silly ADD node_modules/node-fetch-native
6228 silly ADD node_modules/mime
6229 silly ADD node_modules/ioredis
6230 silly ADD node_modules/httpxy
6231 silly ADD node_modules/gzip-size
6232 silly ADD node_modules/globby
6233 silly ADD node_modules/etag
6234 silly ADD node_modules/esbuild
6235 silly ADD node_modules/dot-prop
6236 silly ADD node_modules/db0
6237 silly ADD node_modules/croner
6238 silly ADD node_modules/archiver
6239 silly ADD node_modules/@vercel/nft
6240 silly ADD node_modules/@rollup/plugin-terser
6241 silly ADD node_modules/@rollup/plugin-replace
6242 silly ADD node_modules/@rollup/plugin-replace/node_modules/magic-string
6243 silly ADD node_modules/@rollup/plugin-node-resolve
6244 silly ADD node_modules/@rollup/plugin-json
6245 silly ADD node_modules/@rollup/plugin-inject
6246 silly ADD node_modules/@rollup/plugin-inject/node_modules/magic-string
6247 silly ADD node_modules/@rollup/plugin-commonjs
6248 silly ADD node_modules/@rollup/plugin-commonjs/node_modules/magic-string
6249 silly ADD node_modules/@rollup/plugin-alias
6250 silly ADD node_modules/@cloudflare/kv-asset-handler
6251 silly ADD node_modules/acorn
6252 silly ADD node_modules/yallist
6253 silly ADD node_modules/quansync
6254 silly ADD node_modules/is-extglob
6255 silly ADD node_modules/is-glob
6256 silly ADD node_modules/uqr
6257 silly ADD node_modules/untun
6258 silly ADD node_modules/node-forge
6259 silly ADD node_modules/http-shutdown
6260 silly ADD node_modules/@parcel/watcher-wasm
6261 silly ADD node_modules/shell-quote
6262 silly ADD node_modules/ini
6263 silly ADD node_modules/is-path-inside
6264 silly ADD node_modules/global-directory
6265 silly ADD node_modules/unplugin-utils
6266 silly ADD node_modules/es-module-lexer
6267 silly ADD node_modules/radix3
6268 silly ADD node_modules/node-mock-http
6269 silly ADD node_modules/iron-webcrypto
6270 silly ADD node_modules/crossws
6271 silly ADD node_modules/loader-utils
6272 silly ADD node_modules/fast-string-truncated-width
6273 silly ADD node_modules/cac
6274 silly ADD node_modules/shebang-command
6275 silly ADD node_modules/path-key
6276 silly ADD node_modules/strip-final-newline
6277 silly ADD node_modules/signal-exit
6278 silly ADD node_modules/onetime
6279 silly ADD node_modules/npm-run-path
6280 silly ADD node_modules/npm-run-path/node_modules/path-key
6281 silly ADD node_modules/merge-stream
6282 silly ADD node_modules/is-stream
6283 silly ADD node_modules/human-signals
6284 silly ADD node_modules/get-stream
6285 silly ADD node_modules/cross-spawn
6286 silly ADD node_modules/cross-spawn/node_modules/isexe
6287 silly ADD node_modules/cross-spawn/node_modules/which
6288 silly ADD node_modules/ms
6289 silly ADD node_modules/postcss-unique-selectors
6290 silly ADD node_modules/postcss-svgo
6291 silly ADD node_modules/postcss-reduce-transforms
6292 silly ADD node_modules/postcss-reduce-initial
6293 silly ADD node_modules/postcss-ordered-values
6294 silly ADD node_modules/postcss-normalize-whitespace
6295 silly ADD node_modules/postcss-normalize-url
6296 silly ADD node_modules/postcss-normalize-unicode
6297 silly ADD node_modules/postcss-normalize-timing-functions
6298 silly ADD node_modules/postcss-normalize-string
6299 silly ADD node_modules/postcss-normalize-repeat-style
6300 silly ADD node_modules/postcss-normalize-positions
6301 silly ADD node_modules/postcss-normalize-display-values
6302 silly ADD node_modules/postcss-normalize-charset
6303 silly ADD node_modules/postcss-minify-selectors
6304 silly ADD node_modules/postcss-minify-params
6305 silly ADD node_modules/postcss-minify-gradients
6306 silly ADD node_modules/postcss-minify-font-values
6307 silly ADD node_modules/postcss-merge-rules
6308 silly ADD node_modules/postcss-merge-longhand
6309 silly ADD node_modules/postcss-discard-overridden
6310 silly ADD node_modules/postcss-discard-empty
6311 silly ADD node_modules/postcss-discard-duplicates
6312 silly ADD node_modules/postcss-discard-comments
6313 silly ADD node_modules/postcss-convert-values
6314 silly ADD node_modules/postcss-colormin
6315 silly ADD node_modules/postcss-calc
6316 silly ADD node_modules/cssnano-utils
6317 silly ADD node_modules/lilconfig
6318 silly ADD node_modules/cssnano-preset-default
6319 silly ADD node_modules/readdirp
6320 silly ADD node_modules/dotenv
6321 silly ADD node_modules/update-browserslist-db
6322 silly ADD node_modules/node-releases
6323 silly ADD node_modules/electron-to-chromium
6324 silly ADD node_modules/baseline-browser-mapping
6325 silly ADD node_modules/postcss-value-parser
6326 silly ADD node_modules/fraction.js
6327 silly ADD node_modules/caniuse-lite
6328 silly ADD node_modules/@vue/devtools-shared
6329 silly ADD node_modules/@vue/compiler-ssr
6330 silly ADD node_modules/source-map-js
6331 silly ADD node_modules/estree-walker
6332 silly ADD node_modules/entities
6333 silly ADD node_modules/@vue/compiler-core
6334 silly ADD node_modules/@vue/compiler-sfc
6335 silly ADD node_modules/@vue/compiler-sfc/node_modules/magic-string
6336 silly ADD node_modules/@vue/babel-plugin-resolve-type
6337 silly ADD node_modules/@vue/babel-helper-vue-transform-on
6338 silly ADD node_modules/@babel/plugin-syntax-jsx
6339 silly ADD node_modules/@jridgewell/resolve-uri
6340 silly ADD node_modules/@jridgewell/sourcemap-codec
6341 silly ADD node_modules/@babel/helper-string-parser
6342 silly ADD node_modules/@babel/helper-globals
6343 silly ADD node_modules/@babel/helper-replace-supers
6344 silly ADD node_modules/@babel/helper-optimise-call-expression
6345 silly ADD node_modules/@babel/helper-member-expression-to-functions
6346 silly ADD node_modules/@babel/helper-skip-transparent-expression-wrappers
6347 silly ADD node_modules/@babel/helper-create-class-features-plugin
6348 silly ADD node_modules/@babel/helper-create-class-features-plugin/node_modules/semver
6349 silly ADD node_modules/@babel/helper-annotate-as-pure
6350 silly ADD node_modules/@babel/helper-plugin-utils
6351 silly ADD node_modules/@babel/helper-module-imports
6352 silly ADD node_modules/lru-cache
6353 silly ADD node_modules/browserslist
6354 silly ADD node_modules/@babel/helper-validator-option
6355 silly ADD node_modules/@babel/compat-data
6356 silly ADD node_modules/jsesc
6357 silly ADD node_modules/@jridgewell/trace-mapping
6358 silly ADD node_modules/@jridgewell/gen-mapping
6359 silly ADD node_modules/picocolors
6360 silly ADD node_modules/@babel/helper-validator-identifier
6361 silly ADD node_modules/json5
6362 silly ADD node_modules/gensync
6363 silly ADD node_modules/convert-source-map
6364 silly ADD node_modules/@jridgewell/remapping
6365 silly ADD node_modules/@babel/types
6366 silly ADD node_modules/@babel/traverse
6367 silly ADD node_modules/@babel/template
6368 silly ADD node_modules/@babel/parser
6369 silly ADD node_modules/@babel/helpers
6370 silly ADD node_modules/@babel/helper-module-transforms
6371 silly ADD node_modules/@babel/helper-compilation-targets
6372 silly ADD node_modules/@babel/helper-compilation-targets/node_modules/semver
6373 silly ADD node_modules/@babel/generator
6374 silly ADD node_modules/@babel/code-frame
6375 silly ADD node_modules/@babel/code-frame/node_modules/js-tokens
6376 silly ADD node_modules/@vue/babel-plugin-jsx
6377 silly ADD node_modules/@babel/plugin-transform-typescript
6378 silly ADD node_modules/@babel/plugin-syntax-typescript
6379 silly ADD node_modules/@babel/core
6380 silly ADD node_modules/@babel/core/node_modules/semver
6381 silly ADD node_modules/@rolldown/pluginutils
6382 silly ADD node_modules/@unhead/bundler
6383 silly ADD node_modules/vite-plugin-checker
6384 silly ADD node_modules/vite-plugin-checker/node_modules/unicorn-magic
6385 silly ADD node_modules/vite-plugin-checker/node_modules/path-key
6386 silly ADD node_modules/vite-plugin-checker/node_modules/npm-run-path
6387 silly ADD node_modules/vite-node
6388 silly ADD node_modules/vite-node/node_modules/cac
6389 silly ADD node_modules/unenv
6390 silly ADD node_modules/seroval
6391 silly ADD node_modules/js-tokens
6392 silly ADD node_modules/generic-names
6393 silly ADD node_modules/cssnano
6394 silly ADD node_modules/postcss
6395 silly ADD node_modules/autoprefixer
6396 silly ADD node_modules/@vitejs/plugin-vue-jsx
6397 silly ADD node_modules/@vitejs/plugin-vue
6398 silly ADD node_modules/vue-devtools-stub
6399 silly ADD node_modules/vue-bundle-renderer
6400 silly ADD node_modules/nitropack
6401 silly ADD node_modules/nitropack/node_modules/unplugin
6402 silly ADD node_modules/nitropack/node_modules/estree-walker
6403 silly ADD node_modules/nitropack/node_modules/unctx
6404 silly ADD node_modules/nitropack/node_modules/magic-string
6405 silly ADD node_modules/nitropack/node_modules/hookable
6406 silly ADD node_modules/nitropack/node_modules/cookie-es
6407 silly ADD node_modules/mocked-exports
6408 silly ADD node_modules/h3
6409 silly ADD node_modules/h3/node_modules/cookie-es
6410 silly ADD node_modules/@nuxt/devalue
6411 silly ADD node_modules/rc9
6412 silly ADD node_modules/diff
6413 silly ADD node_modules/ws
6414 silly ADD node_modules/which
6415 silly ADD node_modules/vite-plugin-vue-tracer
6416 silly ADD node_modules/vite-plugin-vue-tracer/node_modules/estree-walker
6417 silly ADD node_modules/vite-plugin-inspect
6418 silly ADD node_modules/vite-plugin-inspect/node_modules/error-stack-parser-es
6419 silly ADD node_modules/unstorage
6420 silly ADD node_modules/unstorage/node_modules/lru-cache
6421 silly ADD node_modules/structured-clone-es
6422 silly ADD node_modules/sirv
6423 silly ADD node_modules/simple-git
6424 silly ADD node_modules/magicast
6425 silly ADD node_modules/local-pkg
6426 silly ADD node_modules/launch-editor
6427 silly ADD node_modules/is-installed-globally
6428 silly ADD node_modules/image-meta
6429 silly ADD node_modules/get-port-please
6430 silly ADD node_modules/fast-npm-meta
6431 silly ADD node_modules/fast-npm-meta/node_modules/cac
6432 silly ADD node_modules/execa
6433 silly ADD node_modules/error-stack-parser-es
6434 silly ADD node_modules/destr
6435 silly ADD node_modules/birpc
6436 silly ADD node_modules/@vue/devtools-kit
6437 silly ADD node_modules/@vue/devtools-kit/node_modules/hookable
6438 silly ADD node_modules/@vue/devtools-kit/node_modules/birpc
6439 silly ADD node_modules/@vue/devtools-core
6440 silly ADD node_modules/@nuxt/devtools-wizard
6441 silly ADD node_modules/@nuxt/devtools-kit
6442 silly ADD node_modules/sisteransi
6443 silly ADD node_modules/fast-wrap-ansi
6444 silly ADD node_modules/fast-string-width
6445 silly ADD node_modules/@clack/core
6446 silly ADD node_modules/youch
6447 silly ADD node_modules/tinyexec
6448 silly ADD node_modules/tinyclip
6449 silly ADD node_modules/srvx
6450 silly ADD node_modules/semver
6451 silly ADD node_modules/listhen
6452 silly ADD node_modules/listhen/node_modules/crossws
6453 silly ADD node_modules/giget
6454 silly ADD node_modules/fzf
6455 silly ADD node_modules/fuse.js
6456 silly ADD node_modules/debug
6457 silly ADD node_modules/confbox
6458 silly ADD node_modules/citty
6459 silly ADD node_modules/c12
6460 silly ADD node_modules/@clack/prompts
6461 silly ADD node_modules/@bomb.sh/tab
6462 silly ADD node_modules/@vue/compiler-dom
6463 silly ADD node_modules/@dxup/unimport
6464 silly ADD node_modules/vue-router
6465 silly ADD node_modules/vue-router/node_modules/magic-string
6466 silly ADD node_modules/vue-component-type-helpers
6467 silly ADD node_modules/verkit
6468 silly ADD node_modules/untyped
6469 silly ADD node_modules/untyped/node_modules/citty
6470 silly ADD node_modules/unrouting
6471 silly ADD node_modules/unplugin
6472 silly ADD node_modules/unimport
6473 silly ADD node_modules/unimport/node_modules/estree-walker
6474 silly ADD node_modules/unhead
6475 silly ADD node_modules/undici
6476 silly ADD node_modules/unctx
6477 silly ADD node_modules/uncrypto
6478 silly ADD node_modules/ultrahtml
6479 silly ADD node_modules/ufo
6480 silly ADD node_modules/tinyglobby
6481 silly ADD node_modules/std-env
6482 silly ADD node_modules/scule
6483 silly ADD node_modules/rou3
6484 silly ADD node_modules/rolldown-string
6485 silly ADD node_modules/pkg-types
6486 silly ADD node_modules/pkg-types/node_modules/confbox
6487 silly ADD node_modules/picomatch
6488 silly ADD node_modules/perfect-debounce
6489 silly ADD node_modules/pathe
6490 silly ADD node_modules/oxc-walker
6491 silly ADD node_modules/on-change
6492 silly ADD node_modules/ohash
6493 silly ADD node_modules/ofetch
6494 silly ADD node_modules/object-identity
6495 silly ADD node_modules/nypm
6496 silly ADD node_modules/nostics
6497 silly ADD node_modules/nanotar
6498 silly ADD node_modules/mlly
6499 silly ADD node_modules/mlly/node_modules/confbox
6500 silly ADD node_modules/mlly/node_modules/pkg-types
6501 silly ADD node_modules/magic-string
6502 silly ADD node_modules/knitwork
6503 silly ADD node_modules/klona
6504 silly ADD node_modules/jiti
6505 silly ADD node_modules/impound
6506 silly ADD node_modules/ignore
6507 silly ADD node_modules/hookable
6508 silly ADD node_modules/fnv1a-64
6509 silly ADD node_modules/exsolve
6510 silly ADD node_modules/escape-string-regexp
6511 silly ADD node_modules/errx
6512 silly ADD node_modules/devalue
6513 silly ADD node_modules/defu
6514 silly ADD node_modules/cookie-es
6515 silly ADD node_modules/consola
6516 silly ADD node_modules/compatx
6517 silly ADD node_modules/chokidar
6518 silly ADD node_modules/@vue/shared
6519 silly ADD node_modules/@unhead/vue
6520 silly ADD node_modules/vue
6521 silly ADD node_modules/@nuxt/vite-builder
6522 silly ADD node_modules/@nuxt/telemetry
6523 silly ADD node_modules/@nuxt/schema
6524 silly ADD node_modules/@nuxt/nitro-server
6525 silly ADD node_modules/@nuxt/kit
6526 silly ADD node_modules/vite
6527 silly ADD node_modules/@nuxt/devtools
6528 silly ADD node_modules/@nuxt/cli
6529 silly ADD node_modules/@dxup/nuxt
6530 silly ADD node_modules/rolldown
6531 silly ADD node_modules/nuxt
6532 verbose cwd C:\Users\Kawinpat\Documents\Codex\2026-09-04\new-chat
6533 verbose os Windows_NT 10.0.19045
6534 verbose node v24.14.1
6535 verbose npm  v11.12.1
6536 verbose exit 0
6537 info ok
